ST_CASE,VEH_NO,PER_NO,YEAR,P1,P2,P3,P4,P5,P6,P7,P8,P9,P10
40286,1,1,1997,0,0,0,0,0,0,0,0,0,0
40287,1,1,1997,18,11,0,18,0,0,19,0,0,0
40287,2,1,1997,0,0,0,0,29,0,0,0,0,12
40288,1,1,1997,0,0,15,0,0,0,0,0,0,0
40289,1,1,1997,18,28,31,21,25,23,17,30,17,8
40290,1,1,1997,0,0,0,0,0,0,0,6,0,0
40291,1,1,1997,0,0,0,0,0,0,0,0,0,0
40291,2,1,1997,0,0,0,5,0,0,0,0,0,0
40292,1,1,1997,0,0,0,0,0,0,12,0,24,0
40293,1,1,1997,0,0,0,0,0,0,0,0,0,0
40294,1,1,1997,0,0,0,0,0,0,0,0,0,0
40294,2,1,1997,0,0,0,0,0,0,0,0,0,0
40295,1,1,1997,0,0,0,0,0,0,0,0,0,0
40296,1,1,1997,0,11,0,0,0,19,0,0,0,11
40296,2,1,1997,0,0,0,0,0,0,0,0,0,0
40296,3,1,1997,0,0,0,0,0,0,0,0,0,0
40297,1,1,1997,11,11,11,11,11,11,11,11,11,11
40298,0,1,1997,0,17,0,0,0,27,17,29,0,0
40298,1,1,1997,0,23,4,0,0,0,0,0,0,0
40299,1,1,1997,27,27,27,27,27,27,27,27,27,27
40300,1,1,1997,16,16,16,16,16,16,16,16,16,16
40300,2,1,1997,12,12,12,12,12,12,12,12,12,12
40301,0,1,1997,18,27,17,11,24,22,32,23,1,16
40301,1,1,1997,0,0,0,0,0,0,0,0,0,0
40302,1,1,1997,20,20,20,20,20,20,20,20,20,20
40303,1,1,1997,0,0,0,0,0,0,0,0,0,0
40303,2,1,1997,0,0,12,0,14,0,10,27,0,10
40304,1,1,1997,27,27,27,27,27,27,27,27,27,27
40305,0,1,1997,0,0,0,0,0,0,0,0,0,0
40305,1,1,1997,0,0,0,12,0,0,0,0,0,0
40306,1,1,1997,7,9,25,15,12,0,17,0,11,23
40307,1,1,1997,0,0,0,0,0,0,0,0,0,0
40308,1,1,1997,14,12,17,30,0,0,0,14,0,22
40308,2,1,1997,0,0,0,0,0,0,0,0,0,0
40309,1,1,1997,7,7,7,7,7,7,7,7,7,7
40310,0,1,1997,23,23,23,23,23,23,23,23,23,23
40310,1,1,1997,0,0,0,0,0,0,0,0,0,0
40311,1,1,1997,0,0,0,0,0,0,0,0,0,0
40311,2,1,1997,0,0,0,0,0,0,0,0,0,0
40312,1,1,1997,0,0,0,0,0,0,0,0,0,0
40313,1,1,1997,0,35,21,0,25,4,19,39,20,17
40313,2,1,1997,0,0,0,0,0,9,0,0,0,0
40314,1,1,1997,0,0,0,0,0,0,0,0,0,0
40315,1,1,1997,10,0,15,19,5,0,12,10,0,6
40316,1,1,1997,0,0,0,0,0,0,0,0,0,0
40316,2,1,1997,0,0,0,0,0,0,0,0,0,0
40317,1,1,1997,0,0,0,0,0,0,0,0,0,0
40317,2,1,1997,0,0,0,0,0,0,0,0,0,0
40318,0,1,1997,37,18,14,12,28,28,27,22,27,6
40318,1,1,1997,0,0,0,0,0,0,0,0,0,0
40319,1,1,1997,0,0,0,0,0,0,0,0,0,0
40320,1,1,1997,0,0,0,0,0,0,0,0,0,0
40320,2,1,1997,0,0,0,0,0,0,0,0,0,0
40321,1,1,1997,15,7,10,14,36,3,20,33,13,11
40321,2,1,1997,16,0,0,0,22,0,0,0,0,0
40322,1,1,1997,0,0,0,0,0,0,0,0,0,0
40323,1,1,1997,0,0,0,0,0,0,0,0,0,0
40324,1,1,1997,0,0,0,0,0,0,0,0,0,0
40325,1,1,1997,22,10,15,26,12,43,15,33,9,18
40326,0,1,1997,28,28,28,28,28,28,28,28,28,28
40326,1,1,1997,0,0,0,0,0,0,0,0,0,0
40327,1,1,1997,11,35,11,13,15,11,25,26,10,14
40327,2,1,1997,0,0,0,19,7,0,0,9,0,20
40328,1,1,1997,0,0,0,0,0,0,0,0,0,0
40328,2,1,1997,0,0,0,0,0,0,0,0,0,0
40328,3,1,1997,0,0,0,0,0,0,0,0,0,0
40329,0,1,1997,0,0,0,0,0,0,0,0,0,0
40329,1,1,1997,0,0,0,0,0,0,0,0,0,0
40330,1,1,1997,0,0,0,0,0,0,0,0,0,0
40330,2,1,1997,0,0,11,0,0,0,0,0,0,0
40331,1,1,1997,0,0,0,0,0,0,0,0,0,0
40331,2,1,1997,0,0,0,0,0,0,0,0,0,0
40332,1,1,1997,0,0,0,14,0,16,19,0,0,22
40333,1,1,1997,4,41,14,13,5,3,0,11,5,16
40334,1,1,1997,0,0,0,0,0,0,0,0,0,0
40334,2,1,1997,14,18,5,8,0,0,0,0,0,8
40335,0,1,1997,0,21,15,2,6,20,21,19,33,24
40335,1,1,1997,0,0,0,0,0,0,0,0,0,0
40336,1,1,1997,12,12,12,12,12,12,12,12,12,12
40336,2,1,1997,0,0,0,0,0,0,0,0,6,0
40337,1,1,1997,21,21,21,21,21,21,21,21,21,21
40338,1,1,1997,0,0,0,0,0,15,0,0,0,0
40339,1,1,1997,0,0,0,0,0,22,8,17,16,15
40340,1,1,1997,0,0,0,0,0,0,0,0,0,0
40340,2,1,1997,0,0,0,0,0,0,0,0,0,0
40340,3,1,1997,0,0,0,0,0,0,0,0,0,0
40340,4,1,1997,0,0,0,0,0,0,0,0,0,0
40341,1,1,1997,0,0,0,0,0,0,0,0,0,7
40341,2,1,1997,0,0,0,0,0,0,0,0,0,0
40341,3,1,1997,20,0,0,0,0,0,0,0,0,0
40342,0,1,1997,8,20,23,14,22,17,13,14,16,12
40342,1,1,1997,0,0,26,0,0,0,28,21,0,0
40343,1,1,1997,9,8,0,0,6,0,23,6,18,13
40344,1,1,1997,4,26,13,13,10,13,4,16,0,17
40345,1,1,1997,0,0,7,0,0,0,0,0,0,0
40345,2,1,1997,2,0,0,0,0,0,0,3,0,0
40346,1,1,1997,0,13,14,0,0,0,14,22,0,9
40347,1,1,1997,0,5,0,0,12,0,9,0,0,0
40348,1,1,1997,17,17,17,17,17,17,17,17,17,17
40349,1,1,1997,0,0,0,0,0,0,0,0,0,0
40349,2,1,1997,0,0,0,0,0,0,0,0,0,0
40350,1,1,1997,21,21,21,21,21,21,21,21,21,21
40350,2,1,1997,0,0,0,0,0,0,0,0,0,0
40351,1,1,1997,23,4,21,7,9,4,12,13,10,15
40351,2,1,1997,0,0,0,0,0,0,0,0,0,0
40352,1,1,1997,9,18,6,14,19,14,11,11,10,0
40353,1,1,1997,0,0,0,0,0,0,0,0,0,0
40353,2,1,1997,11,11,11,11,11,11,11,11,11,11
40354,1,1,1997,0,0,0,0,0,0,0,0,0,0
40354,2,1,1997,0,0,0,0,0,0,0,0,0,0
40355,1,1,1997,25,9,0,16,15,0,0,0,25,0
40355,2,1,1997,0,0,0,0,0,0,0,0,0,0
40356,1,1,1997,22,0,12,14,0,19,0,15,22,14
40357,0,1,1997,44,0,0,0,0,27,0,0,27,0
40357,1,1,1997,0,0,0,0,0,0,0,0,0,28
40358,1,1,1997,0,0,0,0,0,0,0,0,0,0
40358,2,1,1997,0,0,0,0,0,0,0,0,0,0
40359,1,1,1997,0,0,0,19,34,15,25,21,0,20
40360,0,1,1997,36,40,17,38,17,11,39,24,17,22
40360,1,1,1997,0,0,0,0,0,0,0,0,0,0
40361,1,1,1997,0,0,0,0,0,0,0,0,0,0
40361,2,1,1997,0,0,0,0,0,0,0,0,0,0
40361,3,1,1997,0,0,0,0,0,0,0,0,0,0
40362,1,1,1997,16,11,22,14,22,10,14,14,17,11
40363,1,1,1997,14,28,23,15,0,8,13,46,14,13
40363,2,1,1997,0,0,0,0,0,0,0,0,0,0
40363,3,1,1997,14,15,0,9,5,0,13,10,18,24
40364,1,1,1997,0,0,0,0,0,0,0,0,0,0
40365,1,1,1997,0,0,12,22,18,11,15,0,3,0
40365,2,1,1997,0,0,0,0,0,0,0,0,0,0
40365,3,1,1997,0,0,0,0,0,0,0,0,0,0
40366,1,1,1997,0,0,0,0,25,0,0,9,0,0
40366,2,1,1997,0,0,0,0,0,6,0,0,0,0
40367,1,1,1997,0,0,0,0,0,0,0,0,0,0
40367,2,1,1997,0,0,0,0,0,0,0,0,0,0
40368,0,1,1997,25,25,25,25,25,25,25,25,25,25
40368,1,1,1997,3,0,3,14,18,14,11,0,0,16
40369,1,1,1997,0,0,0,0,0,0,0,0,0,0
40370,1,1,1997,0,0,7,0,0,0,0,0,0,0
40370,2,1,1997,0,0,0,0,0,0,0,0,0,0
40371,0,1,1997,0,0,0,0,0,0,0,0,0,0
40371,1,1,1997,0,0,0,0,0,0,0,0,0,0
40372,1,1,1997,0,0,0,0,0,0,0,0,0,0
40373,1,1,1997,0,0,0,0,0,0,0,0,0,0
40373,2,1,1997,0,0,0,0,0,0,0,0,0,0
40374,1,1,1997,0,0,11,11,16,18,0,4,12,21
40374,2,1,1997,0,0,0,0,0,0,0,0,0,0
40375,1,1,1997,0,0,0,28,0,15,0,0,0,25
40376,1,1,1997,0,0,0,0,0,0,0,0,0,0
40377,1,1,1997,14,0,6,0,0,0,16,0,16,0
40378,0,1,1997,28,28,28,28,28,28,28,28,28,28
40378,1,1,1997,0,0,0,0,0,0,0,0,0,0
40379,1,1,1997,0,0,0,0,0,0,0,0,0,0
40379,2,1,1997,0,0,0,0,0,0,0,0,0,0
40380,1,1,1997,0,0,0,0,0,0,0,0,0,0
40380,2,1,1997,0,0,0,0,0,0,0,0,0,0
40381,1,1,1997,25,25,25,25,25,25,25,25,25,25
40381,2,1,1997,0,0,6,0,0,0,0,0,0,0
40382,0,1,1997,0,0,0,11,0,12,0,0,0,0
40382,1,1,1997,26,17,19,20,29,0,27,15,0,14
40383,1,1,1997,0,0,0,0,0,0,0,0,0,0
40383,2,1,1997,0,0,0,0,0,0,0,0,0,0
40384,1,1,1997,0,25,22,0,24,17,0,0,17,24
40385,1,1,1997,0,0,0,0,0,0,0,0,0,0
40386,0,1,1997,29,29,29,29,29,29,29,29,29,29
40386,1,1,1997,18,18,18,18,18,18,18,18,18,18
40387,1,1,1997,0,0,0,0,0,0,0,0,0,0
40387,2,1,1997,0,0,0,0,0,0,0,0,0,0
40387,3,1,1997,0,0,0,0,0,0,0,0,0,0
40388,0,1,1997,18,0,0,0,0,0,0,0,0,0
40388,1,1,1997,0,0,0,0,0,0,0,0,0,0
40388,2,1,1997,14,0,18,26,5,31,6,12,18,15
40389,1,1,1997,0,0,0,0,21,0,0,0,0,0
40390,1,1,1997,0,0,0,0,0,0,0,0,0,0
40390,2,1,1997,0,0,0,0,0,0,0,0,0,0
40390,3,1,1997,0,0,0,0,0,0,0,0,0,0
40391,1,1,1997,0,0,0,0,0,0,0,0,0,0
40392,1,1,1997,0,11,0,0,0,0,0,0,0,0
40392,2,1,1997,0,0,0,0,0,0,0,0,0,0
40393,1,1,1997,13,21,25,16,7,21,12,28,25,28
40394,1,1,1997,13,0,15,26,0,20,24,18,0,12
40395,1,1,1997,19,19,19,19,19,19,19,19,19,19
40396,1,1,1997,0,0,0,0,0,0,0,0,0,0
40396,2,1,1997,0,0,0,0,0,0,0,0,0,0
40397,1,1,1997,0,0,0,0,0,0,0,0,0,0
40397,2,1,1997,0,0,0,16,0,12,0,0,11,0
40398,1,1,1997,0,0,0,0,0,0,0,0,0,0
40398,2,1,1997,0,0,0,0,0,0,0,0,0,0
40398,3,1,1997,0,0,0,0,0,0,0,0,0,0
40399,0,1,1997,0,0,0,0,0,4,0,0,29,0
40399,1,1,1997,0,23,0,0,0,0,0,0,0,0
40400,1,1,1997,19,0,0,0,34,0,0,0,0,11
40401,0,1,1997,0,0,4,0,0,0,0,0,0,0
40401,1,1,1997,0,0,0,0,0,0,0,0,0,0
40402,1,1,1997,0,0,0,0,0,0,0,0,0,0
40402,2,1,1997,0,0,0,0,0,0,0,0,0,0
40403,1,1,1997,16,14,10,14,19,16,15,26,21,15
40404,1,1,1997,17,14,27,15,18,36,22,25,17,29
40404,2,1,1997,0,0,0,0,0,8,0,0,0,0
40405,1,1,1997,0,0,0,0,0,0,0,0,0,0
40405,2,1,1997,15,15,15,15,15,15,15,15,15,15
40406,1,1,1997,12,10,0,12,0,0,0,20,0,0
40406,2,1,1997,0,0,0,0,0,0,0,0,0,8
40407,1,1,1997,28,0,0,0,0,0,0,0,0,0
40408,1,1,1997,0,0,0,0,0,0,16,0,0,0
40408,2,1,1997,0,0,0,0,0,0,22,0,0,0
40408,3,1,1997,0,0,0,0,0,0,0,0,0,0
40409,1,1,1997,0,0,0,0,0,0,0,0,0,0
40410,1,1,1997,10,0,0,16,17,21,0,31,0,24
40411,0,1,1997,33,12,15,6,25,39,22,24,12,18
40411,1,1,1997,0,0,0,0,0,0,0,0,0,0
40412,1,1,1997,30,28,18,7,12,19,15,8,18,28
40412,2,1,1997,19,0,0,0,0,0,0,0,0,0
40414,0,1,1997,26,0,0,0,21,28,0,15,16,0
40414,1,1,1997,0,0,0,0,0,0,0,0,0,0
40415,1,1,1997,13,13,13,13,13,13,13,13,13,13
40416,1,1,1997,0,0,24,0,5,16,9,0,22,8
40417,1,1,1997,0,0,0,0,0,0,0,0,0,0
40417,2,1,1997,0,0,0,0,0,0,0,0,0,0
40418,1,1,1997,2,21,9,0,12,35,16,12,18,0
40419,1,1,1997,0,0,0,0,0,0,0,0,14,0
40420,1,1,1997,0,0,0,0,0,0,0,0,0,0
40420,2,1,1997,0,0,0,0,0,16,0,15,0,0
40421,1,1,1997,25,23,25,21,16,19,18,24,10,19
40421,2,1,1997,16,0,0,16,0,0,0,0,0,0
40422,1,1,1997,0,0,0,0,0,0,0,0,0,0
40423,1,1,1997,4,15,23,27,19,9,20,6,12,12
40424,1,1,1997,0,13,0,0,0,0,0,0,0,0
40424,2,1,1997,8,19,0,9,0,0,0,0,10,14
40424,3,1,1997,0,0,0,5,0,0,0,0,0,0
40425,1,1,1997,15,15,15,15,15,15,15,15,15,15
40425,2,1,1997,0,0,0,0,0,0,0,0,0,0
40426,1,1,1997,0,0,0,16,0,0,0,0,0,0
40426,2,1,1997,0,0,0,0,0,0,0,0,0,0
40427,1,1,1997,14,0,20,21,7,17,24,14,8,13
40428,1,1,1997,10,15,18,21,6,30,26,8,15,6
40429,0,1,1997,34,34,34,34,34,34,34,34,34,34
40429,1,1,1997,13,13,13,13,13,13,13,13,13,13
40430,1,1,1997,8,22,6,8,15,8,22,15,16,18
40430,2,1,1997,19,6,16,25,16,3,24,20,17,8
40431,1,1,1997,0,0,0,0,0,0,0,0,0,0
40431,2,1,1997,0,0,7,0,0,0,0,0,0,0
40431,3,1,1997,0,0,0,0,0,0,0,0,0,0
40432,0,1,1997,34,7,24,23,0,15,45,17,19,27
40432,1,1,1997,0,0,0,0,0,0,0,0,0,0
40433,1,1,1997,33,0,0,13,0,0,9,0,0,0
40434,1,1,1997,0,0,0,0,0,0,0,0,0,0
40435,1,1,1997,19,17,25,25,15,12,23,38,15,0
40436,1,1,1997,0,0,0,0,0,0,0,0,0,0
40437,1,1,1997,0,0,0,0,0,0,0,0,0,0
40438,1,1,1997,0,0,0,0,19,0,0,0,0,0
40438,2,1,1997,0,0,0,0,0,0,0,0,0,0
40438,3,1,1997,0,0,0,0,0,0,0,0,0,0
40439,1,1,1997,0,0,0,0,32,0,0,31,0,31
40440,0,1,1997,0,0,0,0,0,0,0,0,0,0
40441,1,1,1997,0,0,0,0,0,0,0,14,0,0
40441,2,1,1997,0,0,0,0,0,0,0,0,0,0
40441,3,1,1997,0,0,0,0,0,0,0,0,0,0
40442,1,1,1997,0,0,0,0,0,0,0,0,0,21
40443,1,1,1997,21,10,0,19,8,16,0,0,16,16
40443,2,1,1997,0,0,0,0,0,0,0,0,0,9
40444,1,1,1997,18,5,14,6,22,11,11,16,0,2
40445,0,1,1997,11,11,7,0,0,23,27,41,12,26
40445,1,1,1997,0,0,19,29,29,0,15,0,0,0
40446,0,1,1997,22,26,9,22,20,27,14,15,14,32
40446,1,1,1997,0,0,0,0,0,0,0,0,0,0
40447,0,1,1997,20,22,27,24,26,20,9,18,8,26
40447,1,1,1997,0,0,0,0,0,0,0,0,0,10
40448,0,1,1997,0,0,0,0,0,0,0,0,0,0
40448,1,1,1997,0,0,0,0,0,0,0,0,0,0
40449,1,1,1997,0,0,12,0,0,0,9,0,13,6
40450,0,1,1997,0,0,0,13,14,0,0,19,0,0
40450,1,1,1997,0,0,0,0,0,0,0,0,0,0
40450,2,1,1997,0,0,0,0,0,0,0,0,0,0
40450,3,1,1997,0,0,0,0,0,0,0,0,0,0
40451,1,1,1997,0,0,0,0,0,0,0,0,0,0
40451,2,1,1997,0,0,0,0,0,0,0,0,0,0
40451,3,1,1997,0,0,0,0,0,0,0,0,0,0
40451,4,1,1997,0,0,0,0,0,19,0,0,0,0
40452,1,1,1997,6,15,17,3,19,16,10,5,17,22
40453,1,1,1997,3,11,18,0,12,6,4,0,2,23
40454,1,1,1997,5,5,5,5,5,5,5,5,5,5
40455,1,1,1997,0,9,0,3,8,0,0,0,9,0
40455,2,1,1997,21,0,17,11,0,0,14,28,0,0
40456,1,1,1997,0,0,21,0,0,0,0,0,0,0
40456,2,1,1997,0,13,0,0,0,0,0,0,0,0
40457,1,1,1997,0,0,0,0,0,0,0,0,0,0
40457,2,1,1997,10,0,0,0,0,0,0,0,0,0
40457,3,1,1997,0,0,0,0,0,0,0,0,0,6
40457,4,1,1997,0,0,0,0,0,0,0,0,0,0
40457,5,1,1997,0,0,0,0,0,0,0,0,0,0
40458,0,1,1997,0,0,0,0,0,0,0,19,0,0
40458,1,1,1997,0,0,0,0,0,0,0,0,0,0
40459,1,1,1997,0,0,0,0,0,0,0,8,0,0
40459,2,1,1997,0,0,0,0,0,0,0,0,0,0
40460,0,1,1997,0,0,0,0,0,0,0,0,0,0
40460,1,1,1997,0,0,0,0,0,0,0,0,0,0
40461,1,1,1997,0,0,8,24,0,0,0,0,0,0
40462,1,1,1997,0,0,0,0,0,0,0,0,0,0
40463,1,1,1997,7,0,5,20,9,0,22,18,5,23
40463,2,1,1997,0,0,0,0,0,0,0,0,0,0
40464,0,1,1997,0,16,12,0,17,41,46,18,34,0
40464,1,1,1997,0,0,0,0,0,0,0,9,0,0
40465,1,1,1997,8,0,0,22,7,0,0,17,6,13
40465,2,1,1997,0,0,0,0,0,0,0,0,0,0
40466,0,1,1997,33,17,18,20,27,14,10,10,13,11
40466,1,1,1997,0,0,0,0,0,0,0,0,0,0
40467,1,1,1997,12,12,12,12,12,12,12,12,12,12
40467,2,1,1997,0,0,17,0,0,0,0,0,0,0
40468,1,1,1997,14,25,14,19,20,17,13,10,10,10
40468,2,1,1997,0,12,0,0,0,0,0,0,0,0
40469,1,1,1997,0,0,0,0,0,0,0,10,0,0
40469,2,1,1997,12,21,2,12,16,19,32,9,13,8
40470,1,1,1997,0,0,0,0,0,0,0,0,0,0
40470,2,1,1997,0,0,0,0,0,0,0,0,0,0
40471,1,1,1997,23,4,26,20,23,22,22,14,19,25
40472,1,1,1997,0,0,0,24,0,0,0,0,0,0
40473,1,1,1997,0,0,0,0,0,0,0,0,0,0
40474,1,1,1997,0,0,0,0,0,0,0,0,0,0
40474,2,1,1997,0,0,0,0,0,0,0,0,0,0
40475,1,1,1997,21,0,0,0,0,0,0,0,8,0
40476,0,1,1997,11,20,11,17,10,0,0,0,0,29
40476,1,1,1997,0,9,0,0,0,0,0,0,9,0
40477,1,1,1997,17,17,17,17,17,17,17,17,17,17
40477,2,1,1997,0,0,0,0,0,0,0,11,0,0
40478,0,1,1997,30,22,13,2,32,24,28,12,22,21
40478,1,1,1997,0,11,0,0,5,5,0,0,16,0
40479,1,1,1997,12,10,0,21,0,15,0,7,0,0
40480,0,1,1997,0,14,0,23,31,39,11,21,0,0
40480,1,1,1997,0,0,0,0,0,24,9,0,0,16
40481,1,1,1997,14,14,14,14,14,14,14,14,14,14
40482,1,1,1997,24,23,8,11,18,14,21,11,0,0
40482,2,1,1997,20,13,16,0,14,0,19,0,16,17
40482,3,1,1997,0,0,0,0,0,0,0,0,0,0
40483,1,1,1997,11,19,25,12,25,7,0,0,0,10
40483,2,1,1997,0,0,0,0,0,0,0,0,0,0
40483,3,1,1997,0,0,0,0,0,0,0,0,0,0
40484,1,8,1997,12,24,23,20,0,21,20,0,35,7
40485,1,1,1997,0,0,0,0,0,0,0,0,0,0
40485,2,1,1997,0,0,0,0,0,0,0,0,0,0
40486,0,1,1997,0,0,0,0,14,0,0,0,0,11
40486,1,1,1997,0,0,0,0,0,0,0,0,0,0
40487,1,1,1997,0,0,0,0,0,0,0,0,0,0
40487,2,1,1997,0,0,0,0,0,0,0,0,0,0
40488,0,1,1997,18,0,0,9,0,0,0,0,0,0
40488,1,1,1997,21,14,22,8,12,6,0,15,13,19
40489,1,1,1997,0,0,6,0,0,0,0,24,0,10
40489,2,1,1997,0,0,0,0,0,0,0,0,0,0
40489,3,1,1997,0,0,0,0,0,0,0,0,0,0
40489,4,1,1997,0,0,0,0,0,0,0,0,0,0
40490,1,1,1997,20,7,20,8,41,28,0,11,0,12
40491,1,1,1997,11,11,11,11,11,11,11,11,11,11
40492,1,1,1997,0,0,0,0,0,0,0,0,0,0
40492,2,1,1997,14,0,0,0,7,0,0,10,0,0
40494,1,1,1997,11,0,0,0,0,0,0,0,0,0
40494,2,1,1997,0,0,0,0,0,0,0,0,26,0
40495,1,1,1997,11,26,16,20,20,14,14,6,25,19
40495,2,1,1997,0,0,0,18,0,0,0,0,0,0
40496,1,1,1997,14,6,20,17,21,22,28,12,14,7
40496,2,1,1997,0,0,0,0,0,0,0,0,0,0
40497,1,1,1997,10,10,10,10,10,10,10,10,10,10
40498,0,1,1997,37,18,37,0,34,18,26,0,4,21
40498,1,1,1997,0,0,5,0,0,0,0,0,27,0
40499,1,1,1997,0,30,0,0,0,0,0,15,22,0
40499,2,1,1997,0,0,0,0,0,0,0,0,0,0
40500,1,1,1997,14,0,0,0,0,0,14,0,0,0
40501,1,1,1997,6,10,3,0,0,10,16,12,11,0
40501,2,1,1997,0,0,0,0,0,0,0,0,0,0
40502,1,1,1997,10,27,17,23,22,26,23,19,15,4
40503,1,1,1997,0,0,0,0,0,10,0,0,0,0
40503,2,1,1997,0,0,0,0,0,0,0,0,0,0
40504,1,1,1997,0,10,0,0,0,0,0,20,0,28
40504,2,1,1997,0,0,0,0,0,0,0,0,0,0
40505,1,1,1997,0,0,0,0,0,0,0,0,0,0
40505,2,1,1997,0,0,0,0,0,0,0,0,0,0
40506,1,1,1997,0,0,0,0,0,0,0,0,0,0
40506,2,1,1997,0,0,0,0,0,0,0,0,0,0
40507,0,1,1997,0,0,0,0,0,0,0,0,0,0
40507,1,1,1997,0,0,0,0,0,0,0,0,0,0
40508,1,1,1997,0,0,0,0,0,0,0,0,0,0
40508,2,1,1997,0,0,0,0,0,0,0,0,0,0
40508,3,1,1997,0,0,0,0,0,0,0,0,0,0
40509,1,1,1997,0,0,0,0,13,0,0,0,0,11
40510,1,1,1997,0,0,0,0,0,0,0,18,0,0
40511,1,1,1997,0,0,0,0,0,0,0,0,0,0
40511,2,1,1997,0,0,0,0,0,0,0,0,0,0
40512,0,1,1997,20,11,43,28,24,28,8,31,15,21
40512,1,1,1997,2,0,0,0,20,0,0,0,0,0
40513,0,1,1997,0,27,28,0,25,11,0,12,0,0
40513,1,1,1997,0,0,0,0,0,0,0,0,0,0
40514,1,1,1997,0,17,28,21,0,25,27,22,34,15
40515,1,1,1997,8,12,13,10,12,0,7,7,21,14
40515,2,1,1997,0,0,0,0,0,0,0,0,0,0
40516,1,1,1997,19,28,31,17,16,13,8,14,9,18
40517,1,1,1997,42,0,0,0,0,0,0,0,0,0
40518,0,1,1997,0,0,0,0,0,0,0,0,0,0
40518,1,1,1997,0,0,0,0,0,0,0,0,0,25
40519,0,1,1997,19,0,6,8,15,44,15,14,23,49
40519,1,1,1997,0,0,0,14,0,0,0,5,0,0
40520,0,1,1997,14,0,9,26,0,7,0,29,0,0
40520,0,2,1997,13,0,31,0,0,0,12,0,13,4
40520,0,3,1997,0,30,6,16,0,0,17,33,11,12
40520,2,1,1997,0,0,0,3,0,8,0,0,0,0
40521,1,1,1997,15,17,20,15,19,18,22,25,19,17
40522,1,1,1997,0,0,0,10,2,20,0,23,0,0
40522,2,1,1997,0,7,0,0,0,0,0,0,0,0
40523,1,1,1997,0,11,0,4,0,4,0,15,0,0
40523,2,1,1997,0,0,0,8,0,0,0,0,0,0
40524,0,1,1997,0,0,20,0,0,7,0,0,0,0
40524,1,1,1997,0,0,0,0,0,0,0,0,0,0
40525,1,1,1997,0,0,0,0,0,0,0,0,0,0
40525,2,1,1997,0,0,0,0,0,0,0,0,0,0
40526,1,1,1997,17,25,18,30,0,0,30,14,20,37
40527,1,1,1997,15,26,8,13,25,30,7,13,15,5
40528,1,1,1997,0,0,0,0,0,0,0,0,0,0
40528,2,1,1997,0,12,0,0,0,0,0,0,0,0
40529,0,1,1997,0,0,0,0,0,0,0,0,0,0
40529,1,1,1997,0,0,0,0,0,0,0,0,0,0
40530,1,1,1997,0,0,0,0,0,0,0,0,0,0
40530,2,1,1997,0,0,0,0,0,0,0,0,0,0
40530,3,1,1997,0,0,0,0,0,0,0,0,0,0
40530,4,1,1997,0,0,0,0,0,0,0,0,0,0
40531,1,1,1997,0,16,0,19,0,15,13,9,0,0
40532,1,1,1997,0,0,0,14,0,24,19,0,0,0
40532,2,1,1997,0,21,19,15,0,0,0,0,27,0
40533,1,1,1997,0,0,12,0,0,0,0,0,0,19
40533,2,1,1997,0,0,0,0,0,0,0,0,0,0
40534,0,1,1997,0,0,0,10,0,0,0,0,0,0
40534,1,1,1997,0,0,0,0,0,0,0,0,0,0
40535,0,1,1997,0,0,0,0,0,0,0,0,22,0
40535,1,1,1997,0,8,0,0,0,10,0,0,0,0
40536,0,1,1997,16,16,16,16,16,16,16,16,16,16
40536,1,1,1997,0,0,0,0,0,0,0,0,0,0
40537,0,1,1997,0,28,0,0,0,18,0,12,0,13
40537,1,1,1997,8,0,0,0,0,0,0,0,0,0
40538,1,1,1997,13,16,9,10,16,20,8,15,19,10
40538,2,1,1997,0,10,29,18,23,13,17,11,18,10
40539,1,1,1997,5,8,12,2,18,0,20,21,19,4
40540,1,1,1997,0,0,0,0,0,0,0,0,0,0
40541,0,1,1997,2,2,2,2,2,2,2,2,2,2
40541,1,1,1997,6,0,9,0,11,0,11,17,0,4
40542,1,1,1997,0,0,0,0,0,0,0,0,0,0
40542,2,1,1997,0,0,0,0,0,0,0,0,0,0
40543,0,1,1997,0,0,0,0,0,0,0,0,0,0
40543,1,1,1997,0,0,0,0,0,0,0,0,0,0
40544,1,1,1997,7,0,0,0,14,0,0,0,0,11
40545,0,1,1997,0,0,0,0,0,0,0,0,0,0
40545,1,1,1997,0,0,0,0,0,0,0,0,0,0
40546,1,1,1997,0,0,0,0,0,0,0,0,0,0
40546,2,1,1997,11,0,0,0,0,0,0,0,6,0
40547,1,1,1997,0,0,0,0,23,0,12,0,0,20
40548,1,1,1997,6,12,21,7,0,0,6,0,0,0
40548,2,1,1997,0,0,0,0,0,0,0,0,0,0
40549,1,1,1997,25,25,25,25,25,25,25,25,25,25
40550,1,1,1997,0,0,0,0,0,0,0,0,0,0
40550,2,1,1997,0,0,0,0,0,0,0,0,0,0
40551,1,1,1997,11,20,0,17,7,25,32,16,18,11
40551,2,1,1997,0,0,0,0,0,0,0,0,0,0
40551,3,1,1997,0,0,13,0,0,0,0,0,0,0
40552,1,1,1997,0,0,0,0,0,9,0,0,0,0
40552,2,1,1997,0,0,0,0,0,0,0,0,17,15
40553,0,1,1997,49,39,0,16,0,30,45,23,8,0
40553,1,1,1997,0,13,10,0,0,28,23,0,0,0