ST_CASE,VEH_NO,PER_NO,YEAR,P1,P2,P3,P4,P5,P6,P7,P8,P9,P10
40554,1,1,1997,20,20,20,20,20,20,20,20,20,20
40555,1,1,1997,7,8,12,0,13,16,8,10,19,11
40555,2,1,1997,0,0,0,0,0,0,0,0,0,0
40555,3,1,1997,0,0,0,0,0,0,0,0,0,0
40556,1,1,1997,0,9,17,0,0,21,6,24,29,20
40556,2,1,1997,8,0,0,0,0,13,0,0,0,0
40557,1,1,1997,0,0,0,0,0,0,0,0,0,0
40557,2,1,1997,0,0,0,0,0,0,0,0,0,0
40558,1,1,1997,12,17,11,16,0,13,21,26,11,11
40559,1,1,1997,6,17,11,13,12,23,6,11,11,24
40559,2,1,1997,0,0,0,0,0,0,0,0,0,0
40560,0,1,1997,0,0,0,0,0,0,0,0,0,0
40560,1,1,1997,0,0,0,0,10,0,0,0,0,0
40561,1,1,1997,0,0,0,0,0,0,0,0,0,0
40561,2,1,1997,0,0,0,0,0,0,0,0,0,0
40562,1,1,1997,20,20,20,20,20,20,20,20,20,20
40563,1,1,1997,7,7,30,3,13,7,11,3,17,6
40563,2,1,1997,0,0,0,0,0,0,0,0,0,0
40563,3,1,1997,0,0,0,0,5,0,0,0,0,18
40564,1,1,1997,0,0,0,11,0,0,0,0,0,0
40564,2,1,1997,0,0,0,0,0,0,0,0,0,0
40565,1,1,1997,0,0,0,0,0,0,0,0,0,0
40566,0,1,1997,0,0,0,0,0,0,11,0,0,0
40566,1,1,1997,12,19,11,9,9,12,11,18,20,0
40567,1,1,1997,0,0,0,0,0,0,0,6,0,0
40568,1,1,1997,26,26,26,26,26,26,26,26,26,26
40569,1,1,1997,0,0,0,0,0,0,0,0,15,0
40569,2,1,1997,0,0,0,0,0,0,0,0,0,0
40570,1,1,1997,19,12,23,19,19,22,26,33,17,6
40571,1,1,1997,0,30,25,21,6,10,9,18,12,6
40571,2,1,1997,0,0,8,0,18,0,0,0,11,18
40571,3,1,1997,0,0,0,0,0,0,19,0,0,0
40572,1,1,1997,20,0,10,23,22,14,0,7,18,27
40573,1,1,1997,13,0,7,34,9,10,0,8,19,19
40573,2,1,1997,0,0,0,0,0,0,0,0,0,0
40573,3,1,1997,0,0,0,0,0,0,0,0,0,0
40574,1,1,1997,16,19,11,20,14,14,14,0,8,19
40574,2,1,1997,0,0,0,0,0,0,0,0,0,0
40575,0,1,1997,4,0,0,0,0,0,0,0,0,0
40575,1,1,1997,0,22,30,0,0,0,0,0,0,0
40576,1,1,1997,11,0,0,0,0,0,0,0,0,0
40577,1,1,1997,0,0,0,0,0,0,0,0,0,0
40577,2,1,1997,0,0,0,0,0,0,0,0,0,0
40578,1,1,1997,0,0,0,0,0,0,0,0,0,0
40578,2,1,1997,0,0,0,0,0,0,0,0,0,0
40579,1,1,1997,8,12,20,18,0,0,11,0,23,14
40580,1,1,1997,0,0,0,16,0,0,0,0,3,0
40580,2,1,1997,0,0,0,0,0,0,0,0,0,0
40581,1,1,1997,14,14,14,14,14,14,14,14,14,14
40582,1,1,1997,39,14,26,22,9,26,18,35,0,41
40583,1,1,1997,17,0,0,0,0,12,24,12,29,14
40584,1,1,1997,2,19,0,0,0,0,0,0,0,0
40585,1,1,1997,28,14,9,0,0,0,21,28,0,0
40586,1,1,1997,18,18,30,4,18,21,0,16,38,13
40587,1,1,1997,16,16,16,16,16,16,16,16,16,16
40588,0,1,1997,0,11,20,30,20,19,31,20,0,22
40588,1,1,1997,19,14,25,38,9,18,22,11,16,12
40589,0,1,1997,0,0,0,3,10,0,0,0,0,0
40589,1,1,1997,0,0,0,0,0,0,0,0,0,0
40590,1,1,1997,15,20,23,16,12,10,8,18,14,12
40591,1,1,1997,9,30,23,15,12,38,0,14,20,0
40592,1,1,1997,8,9,0,0,0,15,0,0,45,0
40593,1,1,1997,0,21,28,0,8,4,0,15,0,7
40593,2,1,1997,0,0,0,0,0,0,0,0,6,8
40594,1,1,1997,0,0,0,0,0,0,0,0,0,0
40595,1,1,1997,20,18,30,24,23,16,50,28,31,15
40596,0,1,1997,0,0,0,0,0,0,0,0,0,0
40596,1,1,1997,0,0,0,11,0,0,0,0,0,0
40597,0,1,1997,0,0,0,0,0,0,0,0,0,0
40597,1,1,1997,0,0,0,0,0,0,0,0,0,0
40598,0,1,1997,0,0,0,0,0,0,0,0,0,0
40598,1,1,1997,0,0,0,0,0,0,0,0,0,0
40599,1,1,1997,0,0,0,0,0,0,0,0,0,0
40599,2,1,1997,0,0,0,0,0,0,0,0,0,0
40599,3,1,1997,0,0,0,0,0,0,0,0,0,0
40599,4,1,1997,0,0,0,0,0,0,0,0,0,0
40600,0,1,1997,0,0,0,0,0,0,0,0,0,0
40600,1,1,1997,0,0,0,0,0,0,0,0,0,0
40601,1,1,1997,31,31,31,31,31,31,31,31,31,31
40602,1,1,1997,22,22,22,22,22,22,22,22,22,22
40603,1,1,1997,24,9,0,9,0,18,0,0,0,6
40604,1,1,1997,14,0,0,33,30,17,0,0,22,0
40604,2,1,1997,22,18,0,18,0,0,34,2,0,7
40605,0,1,1997,13,2,17,12,17,8,10,27,29,18
40605,1,1,1997,0,0,0,0,0,10,11,0,0,0
40606,1,2,1997,0,0,0,0,11,3,26,17,0,0
40607,1,1,1997,0,16,0,13,10,7,0,0,0,24
40608,0,1,1997,6,20,8,0,17,19,26,0,4,13
40608,1,1,1997,30,0,13,8,0,18,9,2,8,0
40609,1,1,1997,10,17,6,17,21,23,11,17,16,16
40609,2,1,1997,17,20,9,16,10,17,13,13,16,17
40610,1,1,1997,9,0,0,0,0,20,7,0,0,11
40611,0,1,1997,0,19,19,32,0,19,0,6,0,15
40611,1,1,1997,0,6,0,24,28,26,0,5,27,26
40612,1,1,1997,29,0,24,27,14,0,0,10,0,24
40613,1,1,1997,0,0,0,17,0,10,0,0,6,0
40614,1,2,1997,0,11,0,0,32,0,0,35,11,0
40615,1,1,1997,32,21,20,24,7,13,19,15,14,10
40616,1,1,1997,21,21,21,21,21,21,21,21,21,21
40617,1,1,1997,28,28,28,28,28,28,28,28,28,28
40617,2,1,1997,0,0,0,0,0,0,0,0,0,0
40618,1,1,1997,0,19,23,0,0,17,0,0,23,15
40619,1,1,1997,12,25,9,22,11,21,18,9,19,2
40620,1,1,1997,0,5,14,24,9,20,9,20,23,21
40620,2,1,1997,11,17,24,12,8,14,12,13,5,24
40621,1,1,1997,19,19,19,19,19,19,19,19,19,19
40621,2,1,1997,0,0,28,0,0,0,0,0,0,0
40622,1,1,1997,22,22,22,22,22,22,22,22,22,22
40623,1,1,1997,0,0,16,11,0,0,16,20,25,38
40624,1,2,1997,0,16,9,0,13,11,4,0,0,0
40625,1,1,1997,20,20,20,20,20,20,20,20,20,20
40626,1,1,1997,21,11,17,33,0,0,0,16,0,0
40626,2,1,1997,0,0,0,0,0,15,0,8,0,0
40627,0,1,1997,0,0,0,0,14,0,12,0,0,28
40627,1,1,1997,19,19,19,19,19,19,19,19,19,19
40628,0,1,1997,36,26,0,20,22,17,22,24,39,19
40628,1,1,1997,28,0,15,0,0,0,27,20,0,0
40629,0,1,1997,26,26,24,34,19,37,18,0,25,32
40629,1,1,1997,0,0,0,0,0,0,0,0,0,0
40630,1,1,1997,18,18,18,18,18,18,18,18,18,18
40631,1,1,1997,22,22,22,22,22,22,22,22,22,22
40631,2,1,1997,0,0,0,0,0,0,0,20,0,8
40632,1,1,1997,0,0,0,0,0,0,0,0,0,0
40633,1,1,1997,0,20,0,14,18,17,35,15,0,24
40634,1,1,1997,0,0,0,0,0,0,0,0,0,0
40635,1,1,1997,0,0,0,0,0,0,0,0,0,0
40635,2,1,1997,0,0,0,0,0,0,0,4,0,0
40636,1,1,1997,16,28,11,24,18,15,28,21,14,22
40637,1,1,1997,0,0,0,0,0,0,0,0,0,0
40638,1,1,1997,12,12,12,12,12,12,12,12,12,12
40639,1,1,1997,0,19,0,13,0,0,17,27,20,14
40640,1,1,1997,0,0,0,0,0,0,0,0,0,0
40640,2,1,1997,0,0,0,0,0,0,0,14,0,0
40641,1,1,1997,0,0,0,0,0,0,0,0,0,0
40641,2,1,1997,0,0,0,0,0,0,0,0,0,0
40641,3,1,1997,0,0,0,0,0,0,9,0,0,0
40642,1,1,1997,15,15,15,15,15,15,15,15,15,15
40643,1,1,1997,0,0,0,0,0,0,0,0,0,0
40644,1,1,1997,0,0,0,0,0,0,0,0,0,0
40644,2,1,1997,0,0,0,0,0,0,0,0,0,0
40645,0,1,1997,0,0,0,0,0,0,0,0,0,0
40645,1,1,1997,0,0,0,0,0,0,0,0,0,0
40646,1,1,1997,0,0,0,0,0,0,0,0,0,0
40647,1,1,1997,18,0,0,0,0,0,26,0,0,0
40647,2,1,1997,0,0,0,0,0,0,0,0,0,0
40648,1,1,1997,16,18,29,13,21,16,28,14,15,29
40649,1,1,1997,0,0,0,0,0,0,0,0,0,0
40650,1,1,1997,22,6,7,12,0,14,14,23,14,20
40650,2,1,1997,0,0,0,0,0,0,0,0,0,0
40651,1,1,1997,0,0,0,0,0,12,0,0,0,0
40652,1,1,1997,0,0,0,0,0,0,0,0,0,24
40653,1,1,1997,0,0,0,0,0,0,0,0,0,0
40654,1,1,1997,0,0,0,0,0,0,0,0,0,0
40654,2,1,1997,0,0,0,0,0,0,10,0,0,0
40655,1,1,1997,0,0,0,0,0,0,0,0,0,0
40655,2,1,1997,0,0,0,0,0,0,0,0,0,0
40656,1,1,1997,18,23,19,19,12,8,19,34,19,23
40657,1,1,1997,5,0,0,0,0,0,0,0,0,0
40658,1,1,1997,0,0,0,0,0,0,0,0,0,0
40658,2,1,1997,0,0,0,0,0,0,0,0,0,0
40659,1,1,1997,0,0,0,0,10,0,0,0,0,0
40659,2,1,1997,0,0,0,0,0,0,0,0,0,0
40660,1,1,1997,2,2,2,2,2,2,2,2,2,2
40660,2,1,1997,0,0,0,0,0,0,0,0,0,0
40661,1,1,1997,0,0,0,0,0,0,0,0,0,0
40661,2,1,1997,0,0,0,0,0,0,0,0,0,0
40662,0,1,1997,0,0,0,0,0,0,0,0,0,0
40662,1,1,1997,0,0,0,0,0,0,0,0,0,0
40663,1,1,1997,0,0,0,0,0,0,0,0,0,0
40663,2,1,1997,0,0,0,0,0,0,0,0,0,0
40664,0,1,1997,0,28,12,14,29,19,18,18,12,8
40664,1,1,1997,0,0,20,0,0,0,0,24,0,0
40665,1,1,1997,0,0,0,0,0,0,0,0,16,0
40666,1,1,1997,0,0,0,0,0,0,0,0,0,0
40666,2,1,1997,0,0,0,0,0,0,0,0,0,0
40667,1,1,1997,0,0,0,0,0,0,11,21,0,0
40667,2,1,1997,0,0,0,0,0,0,0,17,0,0
40668,1,1,1997,0,0,0,0,0,0,0,0,0,0
40668,2,1,1997,0,0,0,0,0,0,0,0,0,0
40669,1,1,1997,0,0,0,0,0,0,0,0,0,0
40670,0,1,1997,8,24,15,13,12,0,0,36,0,0
40670,1,1,1997,0,0,0,0,0,0,0,0,0,0
40671,0,1,1997,0,0,0,0,0,0,0,0,50,0
40671,1,1,1997,0,0,0,0,0,0,0,0,0,0
40671,2,1,1997,0,0,0,0,0,0,0,0,0,0
40672,1,1,1997,0,0,0,0,0,0,0,0,0,0
40672,2,1,1997,0,0,0,0,0,0,0,0,0,0
40673,0,1,1997,0,0,0,0,0,0,0,0,0,0
40673,1,1,1997,0,0,0,0,0,0,0,0,0,0
40674,1,1,1997,0,0,0,0,0,0,0,0,0,27
40675,1,1,1997,4,20,0,0,0,0,27,22,8,34
40675,2,1,1997,25,0,0,0,0,0,0,0,0,0
40676,1,1,1997,13,0,0,0,0,11,0,0,0,6
40676,2,1,1997,0,0,0,0,0,0,0,0,0,0
40677,1,1,1997,22,12,0,9,6,14,15,11,15,22
40678,0,1,1997,27,27,27,27,27,27,27,27,27,27
40678,1,1,1997,0,12,0,0,27,0,0,0,26,0
40678,2,1,1997,0,0,0,0,0,0,0,0,0,0
40678,3,1,1997,23,0,0,0,0,0,0,0,0,0
40679,1,1,1997,0,0,0,0,0,0,0,0,0,0
40679,2,1,1997,0,0,39,16,0,0,0,0,0,0
40680,0,1,1997,0,0,0,0,0,0,0,0,0,0
40680,1,1,1997,15,0,8,19,18,15,28,5,17,19
40681,0,1,1997,17,17,17,17,17,17,17,17,17,17
40681,1,1,1997,0,16,0,0,0,0,0,0,0,0
40682,1,1,1997,0,0,0,0,0,0,0,0,0,0
40683,1,1,1997,12,0,12,0,13,0,0,0,0,8
40684,1,1,1997,17,0,19,0,15,28,0,18,28,21
40685,1,1,1997,0,0,0,0,0,7,0,0,0,0
40686,1,1,1997,0,0,0,0,0,0,0,0,0,0
40686,2,1,1997,0,7,0,0,0,0,0,0,0,0
40687,1,1,1997,0,0,0,11,0,0,0,0,0,0
40688,1,1,1997,24,6,8,15,9,8,10,18,61,18
40688,2,1,1997,0,0,0,26,0,24,0,0,0,20
40689,1,1,1997,0,0,0,0,0,0,0,0,0,0
40689,2,1,1997,0,0,0,0,0,0,0,0,0,0
40690,1,1,1997,0,0,0,0,0,0,0,0,0,0
40690,2,1,1997,0,0,0,0,0,0,0,8,0,0
40691,0,1,1997,26,0,13,28,23,26,32,0,25,13
40691,1,1,1997,5,0,0,0,13,5,45,0,0,11
40692,1,1,1997,0,0,0,0,0,0,0,0,27,19
40692,2,1,1997,0,30,27,0,16,12,0,3,0,0
40693,0,1,1997,9,0,26,0,0,0,0,0,0,13
40693,1,1,1997,10,0,36,2,18,18,0,0,0,0
40694,1,1,1997,12,11,0,0,0,8,0,0,0,0
40694,2,1,1997,0,0,0,0,0,0,0,0,0,0
40695,1,1,1997,0,27,0,16,0,0,0,0,0,0
40696,1,2,1997,0,0,0,0,19,0,14,0,0,0
40697,1,2,1997,25,0,0,21,0,0,0,0,0,12
40698,1,1,1997,0,0,16,15,0,0,16,20,0,13
40699,1,5,1997,0,0,13,0,0,0,0,0,2,0
40700,1,1,1997,0,0,0,0,0,0,0,0,0,0
40700,2,1,1997,0,0,0,0,0,0,0,11,0,24
40701,1,1,1997,0,0,0,0,0,0,0,0,0,10
40702,1,1,1997,12,0,0,0,0,0,0,0,0,11
40703,1,1,1997,26,14,9,20,9,34,14,6,12,10
40704,1,1,1997,0,0,0,0,0,0,0,0,0,0
40704,2,1,1997,12,9,0,0,14,0,0,0,4,14
40705,1,1,1997,0,0,0,11,0,0,9,0,0,8
40705,2,1,1997,11,0,9,6,9,19,22,0,11,0
40706,1,1,1997,18,0,0,0,0,14,0,0,0,0
40707,1,2,1997,0,0,0,0,0,0,0,0,0,0
40708,0,1,1997,0,0,0,0,28,0,14,0,0,0
40709,1,1,1997,0,0,0,0,0,0,0,0,0,0
40710,1,1,1997,0,24,23,14,18,9,31,32,21,16
40710,2,1,1997,8,20,5,0,0,0,2,9,0,18
40711,1,1,1997,2,2,2,2,2,2,2,2,2,2
40711,2,1,1997,0,0,0,10,0,0,0,0,0,0
40712,0,1,1997,28,21,17,7,0,27,15,33,25,0
40712,1,1,1997,6,0,0,0,0,15,16,0,0,18
40713,0,4,1997,0,0,0,17,0,0,0,0,0,11
40713,1,1,1997,23,17,10,12,15,8,16,18,6,12
40714,0,1,1997,18,17,0,43,14,21,33,3,20,41
40714,1,1,1997,22,0,19,0,0,0,0,0,0,0
40715,0,1,1997,0,0,0,0,21,0,0,15,28,0
40715,1,1,1997,0,0,0,0,0,0,0,0,0,0
40716,1,1,1997,0,0,0,0,0,0,0,0,0,0
40716,2,1,1997,0,0,22,0,0,0,0,0,0,0
40717,1,1,1997,0,0,0,7,0,0,0,0,0,0
40718,1,2,1997,0,0,0,0,0,0,0,0,0,0
40719,1,1,1997,30,20,8,11,17,24,10,19,41,20
40720,1,1,1997,0,0,0,0,0,0,0,0,23,0
40721,1,1,1997,26,3,10,28,15,16,13,18,19,17
40722,1,2,1997,0,0,0,0,0,0,0,0,0,0
40723,1,1,1997,0,0,0,0,0,6,8,14,0,0
40724,0,1,1997,0,0,0,0,0,0,0,0,0,0
40724,1,1,1997,0,11,0,0,0,0,0,2,0,0
40725,1,1,1997,9,21,22,0,0,23,0,23,27,28
40725,2,1,1997,0,0,0,0,27,0,0,0,3,0
40726,1,1,1997,0,0,0,0,0,0,0,0,0,0
40726,2,1,1997,0,0,0,0,0,0,0,0,0,0
40727,1,2,1997,0,0,0,0,0,0,0,0,0,0
40728,1,1,1997,3,23,22,44,0,0,0,0,0,18
40729,0,1,1997,0,0,24,0,18,0,21,5,0,39
40729,1,1,1997,0,0,0,0,0,23,0,0,0,13
40730,1,2,1997,0,0,0,0,0,0,0,0,0,0
40731,1,1,1997,16,16,18,13,21,14,19,17,26,7
40732,1,1,1997,10,25,26,12,0,8,11,16,18,20
40733,1,1,1997,29,29,29,29,29,29,29,29,29,29
40734,1,1,1997,0,0,0,0,0,0,0,0,0,0
40734,2,1,1997,4,0,0,0,0,0,0,0,0,0
40735,1,1,1997,0,0,0,0,0,0,0,0,0,0
40736,1,1,1997,0,0,0,0,0,0,0,0,0,0
40736,2,1,1997,0,0,0,0,0,0,0,0,0,0
40737,1,1,1997,0,0,0,0,0,0,0,0,0,0
40737,2,1,1997,0,0,0,0,0,0,0,0,0,0
40738,1,1,1997,17,17,17,17,17,17,17,17,17,17
40739,1,1,1997,0,0,0,0,0,0,0,0,0,0
40739,2,1,1997,0,0,0,0,0,0,0,0,0,0
40740,1,1,1997,0,0,0,0,0,0,0,0,0,0
40740,2,1,1997,0,0,0,0,0,0,0,0,0,0
40741,1,1,1997,0,0,0,0,0,0,0,0,0,0
40741,2,1,1997,0,0,0,0,0,0,0,0,0,0
40742,1,1,1997,0,0,0,0,1,0,0,0,0,0
40742,2,1,1997,0,0,0,0,0,0,0,0,0,0
40743,1,1,1997,0,0,0,0,0,0,0,0,0,0
40743,2,1,1997,0,0,0,0,0,0,0,0,0,0
40744,1,1,1997,0,0,0,0,0,0,0,0,0,0
40744,2,1,1997,0,0,0,0,0,0,0,0,0,0
40745,1,1,1997,16,27,24,21,0,23,16,30,32,34
40746,0,1,1997,0,0,10,0,0,0,0,2,17,0
40746,1,1,1997,3,16,15,23,12,5,13,0,4,8
40747,1,1,1997,0,19,8,0,0,0,9,0,0,11
40748,1,1,1997,0,0,0,0,0,0,0,0,0,0
40748,2,1,1997,0,0,0,0,0,0,0,0,0,0
40749,1,1,1997,22,5,32,13,18,2,22,9,18,24
40750,0,1,1997,23,22,26,0,18,27,49,24,20,0
40750,1,1,1997,0,0,0,0,0,0,0,0,0,9
40751,0,1,1997,0,5,0,0,22,0,0,12,0,0
40751,1,1,1997,0,0,0,0,0,0,0,0,0,0
40752,0,1,1997,14,14,14,14,14,14,14,14,14,14
40752,0,2,1997,17,14,11,0,23,0,0,28,0,35
40752,1,1,1997,15,15,15,15,15,15,15,15,15,15
40753,1,1,1997,0,0,0,0,0,0,0,0,0,0
40753,2,1,1997,0,0,0,25,0,0,0,0,3,0
40753,3,1,1997,0,0,0,0,0,0,0,0,0,0
40754,0,1,1997,0,0,0,0,0,14,26,13,0,0
40754,1,1,1997,0,0,0,0,0,0,0,0,0,0
40755,1,1,1997,14,7,5,9,17,4,19,0,13,24
40756,0,1,1997,0,0,0,0,0,0,0,0,0,0
40756,1,1,1997,0,0,0,0,0,0,0,0,0,0
40757,0,1,1997,22,9,26,21,26,14,21,25,30,15
40757,1,1,1997,13,0,0,0,0,10,0,7,3,0
40758,1,1,1997,14,14,14,14,14,14,14,14,14,14
40759,1,1,1997,16,5,22,20,0,9,0,10,0,0
40760,0,1,1997,0,0,0,0,27,0,0,0,0,0
40760,1,1,1997,0,0,0,0,0,0,0,0,0,0
40761,1,1,1997,0,0,0,0,0,0,0,0,0,0
40761,2,1,1997,0,0,0,0,0,0,0,0,0,0
40761,3,1,1997,0,0,0,0,0,0,0,0,0,0
40762,1,1,1997,0,0,0,0,0,0,0,0,0,0
40762,2,1,1997,12,12,12,12,12,12,12,12,12,12
40763,1,1,1997,0,0,16,0,32,0,19,0,14,0
40763,2,1,1997,0,0,0,0,0,0,0,0,0,0
40764,1,1,1997,0,0,0,0,0,0,0,0,0,0
40764,2,1,1997,0,0,0,0,0,0,0,0,0,0
40765,1,1,1997,14,14,14,14,14,14,14,14,14,14
40766,1,1,1997,0,0,0,0,0,0,0,0,0,0
40766,2,1,1997,0,0,0,0,0,0,0,0,0,0
40767,1,1,1997,0,0,0,0,0,0,0,0,0,0
40767,2,1,1997,1,1,1,1,1,1,1,1,1,1
40768,1,1,1997,0,0,0,0,0,0,0,0,0,0
40768,2,1,1997,0,0,0,0,0,0,0,0,0,0
40768,3,1,1997,0,0,0,0,0,0,0,0,0,0
40768,4,1,1997,0,0,0,0,0,0,0,0,0,0
40769,1,1,1997,14,14,14,14,14,14,14,14,14,14
40769,2,1,1997,0,0,0,0,0,0,0,0,0,0
40770,1,1,1997,19,19,19,19,19,19,19,19,19,19
40771,0,1,1997,0,0,0,0,0,0,0,0,0,0
40771,1,1,1997,0,0,0,0,0,0,0,0,0,0
40772,1,1,1997,10,32,22,26,34,14,6,16,9,0
40773,1,1,1997,12,10,11,11,11,11,11,2,6,0
40773,2,1,1997,0,0,0,0,0,0,0,0,0,0
40773,3,1,1997,0,0,0,0,0,0,0,0,0,0
40774,1,1,1997,0,0,0,0,0,0,0,0,0,0
40774,2,1,1997,0,15,0,0,0,0,0,0,0,0
40775,1,1,1997,0,0,0,0,0,0,0,0,0,0
40775,2,1,1997,0,0,0,0,0,0,0,0,0,0
40776,0,1,1997,0,0,0,0,0,0,0,0,0,0
40776,1,1,1997,7,25,0,0,0,0,0,0,0,0
40777,1,1,1997,22,22,22,22,22,22,22,22,22,22
40778,0,1,1997,0,0,0,0,0,0,0,0,0,0
40778,1,1,1997,11,22,20,0,0,12,0,17,16,15
40778,2,1,1997,0,0,0,0,0,0,0,0,0,0
40779,1,1,1997,0,0,24,0,11,0,0,0,0,11
40779,2,1,1997,0,0,0,0,0,0,0,0,0,0
40780,0,1,1997,0,0,0,9,0,0,0,0,0,24
40780,1,1,1997,0,0,0,26,0,0,17,0,0,0
40781,1,1,1997,21,29,0,26,25,18,31,17,13,23
40782,1,1,1997,4,38,0,12,9,0,10,14,0,6
40783,1,1,1997,0,0,0,0,0,0,0,0,0,0
40783,2,1,1997,0,0,0,0,0,0,0,0,0,0
40784,0,1,1997,0,0,0,0,0,0,0,0,0,0
40784,1,1,1997,0,0,0,0,0,0,0,0,0,0
40785,1,1,1997,16,16,16,16,16,16,16,16,16,16
40785,2,1,1997,0,0,0,0,0,0,0,0,0,0
40786,1,1,1997,1,1,1,1,1,1,1,1,1,1
40786,2,1,1997,0,0,0,0,0,0,0,0,0,0
40787,1,1,1997,14,6,23,35,30,22,0,12,6,6
40787,2,1,1997,0,0,0,0,0,0,0,0,0,0
40787,3,1,1997,0,0,0,0,0,0,0,0,0,0
40788,1,1,1997,0,0,0,0,0,0,0,0,0,0
40788,2,1,1997,0,0,0,0,0,0,0,0,0,0
40789,1,1,1997,0,0,0,0,0,0,0,0,0,0
40789,2,1,1997,0,0,0,0,0,0,0,0,0,0
40790,0,1,1997,0,0,0,0,0,0,0,0,0,0
40790,1,1,1997,0,0,0,0,0,0,0,0,0,0
40791,1,1,1997,0,0,0,0,0,0,0,0,0,0
40791,2,1,1997,0,0,0,0,0,0,0,0,0,0
40792,0,1,1997,2,2,2,2,2,2,2,2,2,2
40792,1,1,1997,0,5,0,0,0,0,0,0,0,0
40793,0,1,1997,0,0,0,25,18,0,0,0,0,0
40793,1,1,1997,0,0,0,0,0,0,0,0,0,0
40794,1,1,1997,11,29,11,11,25,7,16,13,11,14
40795,1,1,1997,0,0,0,0,0,0,0,0,0,0
40796,1,1,1997,0,0,0,0,0,0,0,0,0,0
40796,2,1,1997,0,0,0,0,0,0,0,0,7,0
40797,0,1,1997,24,30,20,23,14,28,0,14,29,40
40797,1,1,1997,0,0,0,0,0,0,0,0,0,0
40798,1,1,1997,25,0,0,0,0,0,0,0,0,0
40799,1,1,1997,47,0,23,0,20,16,0,0,17,0
40800,1,1,1997,0,0,0,0,0,0,0,0,0,0
40800,2,1,1997,0,0,0,0,0,0,0,0,0,0
40801,0,1,1997,0,5,23,0,22,33,15,0,19,0
40801,1,1,1997,0,0,17,0,0,0,0,0,0,0
40801,2,1,1997,0,0,0,0,12,0,0,0,0,0
40802,0,1,1997,0,0,0,0,0,0,0,0,0,0
40802,0,2,1997,0,0,0,0,0,0,0,0,0,0
40802,1,1,1997,0,0,0,0,0,0,0,0,0,0
40803,0,1,1997,22,22,22,22,22,22,22,22,22,22
40803,1,1,1997,10,13,13,10,0,13,8,15,0,6
40804,1,1,1997,0,0,0,0,0,0,0,14,0,0
40805,1,1,1997,24,24,24,24,24,24,24,24,24,24
40805,2,1,1997,0,0,0,0,0,0,0,0,0,0
40806,1,1,1997,21,21,21,21,21,21,21,21,21,21
40807,1,1,1997,0,0,0,0,0,0,0,0,0,0
40808,0,1,1997,47,0,0,24,42,0,44,25,19,25
40808,1,1,1997,0,0,0,0,0,0,0,0,0,0
40808,2,1,1997,0,0,0,0,0,0,0,0,34,24
40809,0,1,1997,33,20,21,25,13,25,34,30,16,28
40809,1,1,1997,0,0,0,0,0,0,0,0,0,0
40810,1,1,1997,0,0,0,0,0,16,0,0,0,0
40810,2,1,1997,0,0,0,0,0,0,0,0,0,0
40810,3,1,1997,0,0,0,0,0,0,0,0,0,0
40811,1,1,1997,0,0,0,0,0,0,0,0,0,0
40811,2,1,1997,0,0,0,0,0,0,0,0,12,0
40812,1,1,1997,13,0,0,2,9,11,0,6,0,6
40813,1,1,1997,0,0,0,0,0,0,0,0,0,0
40813,2,1,1997,0,0,0,0,0,0,0,0,0,0
40814,1,1,1997,35,13,9,12,19,17,9,19,14,27
40815,1,1,1997,0,0,0,0,0,0,0,0,0,0
40816,1,1,1997,0,0,0,0,0,0,0,0,0,0
40817,1,1,1997,0,0,0,0,0,0,0,0,0,0
40817,2,1,1997,0,0,0,0,0,0,0,0,0,0
40818,1,1,1997,15,16,16,0,21,36,14,13,0,18
40819,2,1,1997,0,8,0,0,8,0,0,0,34,0
40819,3,1,1997,0,8,0,0,0,0,0,0,0,0
40820,1,1,1997,0,29,0,0,0,0,0,0,0,0
40820,2,1,1997,0,0,0,0,0,0,0,0,0,0
40821,1,1,1997,0,0,19,0,0,0,0,5,34,0
40821,2,1,1997,0,0,0,0,0,0,0,0,0,0
40822,0,1,1997,35,35,35,35,35,35,35,35,35,35
40822,1,1,1997,0,0,0,0,0,0,0,0,0,0
40823,1,1,1997,0,0,0,0,0,0,0,0,0,0
40823,2,1,1997,0,0,0,0,0,0,0,0,0,16
40824,1,1,1997,0,0,0,0,0,0,0,0,0,0
40825,1,1,1997,0,0,0,0,0,0,0,0,0,0
40825,2,1,1997,0,0,0,0,0,0,0,0,0,0
40826,0,1,1997,0,0,0,0,0,0,0,0,0,0
40826,1,1,1997,0,0,0,0,0,0,0,0,0,0
40827,0,1,1997,0,0,0,0,0,0,0,0,0,0
40827,0,2,1997,0,0,0,0,0,0,0,0,0,0
40827,1,1,1997,0,0,0,0,0,0,0,0,0,0
40828,1,1,1997,0,3,21,19,0,9,0,0,0,16
40829,1,1,1997,8,19,29,17,32,13,22,46,13,36
40830,1,1,1997,0,0,0,0,0,0,0,0,0,0
40831,0,1,1997,9,27,7,26,17,17,0,0,16,9
40831,1,1,1997,0,0,0,0,0,0,0,0,0,0
40831,2,1,1997,0,0,0,0,0,0,0,0,0,0
40832,1,1,1997,0,0,0,0,0,0,0,0,0,0
40833,1,1,1997,0,0,0,0,0,0,0,0,0,0
40834,1,1,1997,31,22,30,22,9,0,30,29,15,7