ST_CASE,VEH_NO,PER_NO,YEAR,P1,P2,P3,P4,P5,P6,P7,P8,P9,P10
80003,2,1,1997,0,0,0,0,0,0,0,0,0,0
80004,1,1,1997,20,20,20,20,20,20,20,20,20,20
80005,1,1,1997,0,0,0,0,0,0,0,13,0,0
80006,1,1,1997,0,0,0,0,0,0,0,0,0,0
80006,2,1,1997,0,0,0,0,0,0,0,0,0,0
80007,1,1,1997,0,0,0,0,0,0,0,0,0,0
80007,2,1,1997,0,0,0,0,0,0,0,0,0,0
80008,1,1,1997,28,28,28,28,28,28,28,28,28,28
80008,2,1,1997,0,0,0,0,0,0,0,0,0,0
80009,1,1,1997,0,0,0,0,0,0,0,0,0,0
80010,1,1,1997,0,0,0,0,0,0,0,0,0,0
80011,1,1,1997,0,0,0,5,0,0,0,0,0,0
80011,2,1,1997,0,0,0,0,0,0,0,0,0,0
80012,1,1,1997,0,0,0,0,0,0,0,0,0,0
80013,1,1,1997,0,0,0,0,0,0,0,0,0,0
80014,1,1,1997,13,13,13,13,13,13,13,13,13,13
80014,2,1,1997,0,0,0,0,0,0,0,0,0,0
80015,1,1,1997,17,0,0,0,0,0,0,0,0,0
80015,2,1,1997,0,0,0,0,0,0,0,0,0,0
80015,3,1,1997,0,0,0,0,0,0,0,0,0,0
80015,4,1,1997,0,0,0,0,0,0,0,0,0,0
80016,1,1,1997,8,8,8,8,8,8,8,8,8,8
80017,1,1,1997,0,0,0,0,0,0,0,0,0,0
80018,1,1,1997,0,0,0,0,0,0,0,0,0,0
80019,1,1,1997,0,0,0,0,0,0,0,0,0,21
80019,2,1,1997,0,0,0,0,0,0,0,0,0,0
80020,1,1,1997,0,0,0,0,0,0,0,0,0,0
80021,1,1,1997,0,0,0,0,0,0,0,0,0,0
80021,2,1,1997,0,0,0,0,0,0,0,0,0,0
80022,1,1,1997,19,19,19,19,19,19,19,19,19,19
80022,2,1,1997,11,11,11,11,11,11,11,11,11,11
80023,0,1,1997,0,0,0,0,0,0,0,0,0,0
80023,1,1,1997,2,2,2,2,2,2,2,2,2,2
80024,1,1,1997,16,16,16,16,16,16,16,16,16,16
80025,1,1,1997,22,22,22,22,22,22,22,22,22,22
80025,2,1,1997,0,0,0,0,0,0,0,0,0,0
80025,3,1,1997,0,0,0,0,0,0,0,0,0,0
80026,0,1,1997,10,10,10,10,10,10,10,10,10,10
80026,1,1,1997,15,15,15,15,15,15,15,15,15,15
80027,0,1,1997,0,0,0,0,0,0,0,0,0,0
80027,1,1,1997,0,0,0,0,0,0,0,0,0,0
80028,1,1,1997,0,7,0,0,0,0,0,0,0,0
80028,2,1,1997,0,0,0,0,0,0,0,0,0,0
80029,1,1,1997,0,0,0,0,0,0,0,0,0,0
80030,1,1,1997,0,0,0,0,0,0,0,0,0,0
80031,1,1,1997,0,0,0,0,0,0,0,0,0,0
80031,2,1,1997,0,0,0,0,0,0,0,0,0,22
80032,1,1,1997,5,5,5,5,5,5,5,5,5,5
80033,1,1,1997,0,0,0,0,0,0,0,0,0,0
80033,2,1,1997,0,0,0,0,0,0,0,0,0,0
80033,3,1,1997,0,0,22,0,10,0,0,0,0,0
80033,4,1,1997,0,0,0,0,8,5,0,0,2,0
80034,1,1,1997,24,24,24,24,24,24,24,24,24,24
80035,1,1,1997,0,0,0,0,0,0,0,0,0,0
80036,1,1,1997,5,5,5,5,5,5,5,5,5,5
80037,1,1,1997,17,17,17,17,17,17,17,17,17,17
80038,1,1,1997,0,0,0,13,21,0,0,0,0,0
80038,2,1,1997,0,0,0,0,0,0,0,0,0,0
80039,1,1,1997,0,0,0,0,0,0,0,0,0,0
80039,2,1,1997,0,0,0,0,0,0,0,0,0,0
80040,1,1,1997,20,20,20,20,20,20,20,20,20,20
80041,1,1,1997,20,20,20,20,20,20,20,20,20,20
80041,2,1,1997,0,0,0,0,0,0,0,0,0,0
80042,1,1,1997,0,0,0,0,0,0,0,0,0,0
80043,1,1,1997,0,0,0,0,0,13,0,0,0,0
80043,2,1,1997,0,0,0,0,0,0,0,0,0,0
80044,1,1,1997,12,12,12,12,12,12,12,12,12,12
80044,2,1,1997,15,15,15,15,15,15,15,15,15,15
80045,1,1,1997,31,31,31,31,31,31,31,31,31,31
80046,1,1,1997,0,0,0,0,0,0,0,0,0,0
80047,1,1,1997,0,0,0,0,0,0,0,0,0,0
80048,1,1,1997,0,0,0,0,0,0,0,0,0,0
80048,2,1,1997,0,0,0,0,0,0,0,0,0,0
80049,1,1,1997,0,0,0,0,0,0,0,0,0,0
80049,2,1,1997,0,0,0,0,0,0,0,0,0,0
80050,1,1,1997,0,0,0,0,0,0,0,0,0,0
80050,2,1,1997,0,0,0,0,0,0,0,0,0,0
80050,3,1,1997,0,0,0,0,0,0,13,0,0,0
80051,1,1,1997,14,14,14,14,14,14,14,14,14,14
80052,0,1,1997,0,0,0,0,0,0,0,0,0,0
80052,1,1,1997,0,0,0,0,0,0,0,0,0,0
80053,1,1,1997,0,0,0,0,0,0,0,0,0,0
80054,1,1,1997,18,0,2,0,22,0,0,0,0,39
80055,1,1,1997,30,30,30,30,30,30,30,30,30,30
80055,2,1,1997,0,0,0,0,0,0,0,0,10,0
80055,3,1,1997,0,0,0,0,0,0,0,0,0,0
80056,1,1,1997,0,0,0,0,0,0,0,0,0,0
80056,2,1,1997,0,0,0,0,0,0,0,0,0,0
80057,1,1,1997,0,0,0,0,0,0,0,0,0,0
80057,2,1,1997,0,0,14,0,0,0,0,0,0,0
80058,0,1,1997,22,22,22,22,22,22,22,22,22,22
80058,1,1,1997,0,0,0,0,0,0,0,0,0,0
80059,1,1,1997,0,0,0,0,0,0,0,0,0,0
80059,2,1,1997,0,0,0,0,0,0,0,0,0,0
80059,3,1,1997,0,0,7,0,0,0,0,0,0,0
80060,1,1,1997,0,0,0,0,0,0,0,0,0,0
80061,1,1,1997,0,13,19,0,0,0,28,0,0,0
80062,1,1,1997,0,0,0,0,0,0,0,0,0,0
80063,1,1,1997,0,0,0,0,0,0,0,0,0,0
80064,1,1,1997,0,0,0,0,0,0,0,0,0,0
80065,0,1,1997,0,0,0,0,0,0,0,0,0,0
80065,1,1,1997,0,0,0,0,0,0,0,0,0,0
80066,1,1,1997,0,0,0,0,0,0,0,0,0,0
80066,2,1,1997,0,0,0,0,0,0,0,11,0,0
80067,1,1,1997,17,17,17,17,17,17,17,17,17,17
80067,2,1,1997,0,0,0,0,0,0,0,0,0,0
80068,1,1,1997,0,0,0,0,0,0,0,0,0,0
80068,2,1,1997,0,0,0,0,0,0,0,0,0,0
80069,1,1,1997,0,0,0,0,0,0,0,0,0,0
80069,2,1,1997,0,0,0,0,0,0,0,0,0,0
80070,1,1,1997,0,0,0,0,0,0,0,0,0,0
80070,2,1,1997,0,0,0,0,0,0,0,0,0,0
80071,1,1,1997,10,10,10,10,10,10,10,10,10,10
80072,1,1,1997,0,0,0,0,0,0,0,0,0,0
80073,1,1,1997,0,0,0,0,0,0,0,0,0,0
80073,2,1,1997,0,0,0,0,0,0,0,0,0,0
80074,1,1,1997,0,0,0,0,0,0,0,0,29,0
80075,1,1,1997,0,0,0,0,0,0,0,0,0,0
80075,2,1,1997,0,0,0,0,0,0,0,0,0,0
80076,0,1,1997,0,0,0,0,0,0,0,0,0,0
80076,1,1,1997,0,0,0,0,7,0,0,0,0,0
80077,1,1,1997,0,0,0,0,0,0,0,0,0,0
80078,1,1,1997,0,0,0,0,0,0,0,0,0,0
80079,1,1,1997,0,0,0,0,0,0,0,0,0,0
80079,2,1,1997,0,0,0,0,0,0,0,0,0,0
80080,1,1,1997,21,21,21,21,21,21,21,21,21,21
80081,1,1,1997,17,17,17,17,17,17,17,17,17,17
80082,1,1,1997,32,32,32,32,32,32,32,32,32,32
80083,1,1,1997,0,0,0,0,0,0,0,0,0,0
80083,2,1,1997,0,0,0,0,0,0,0,0,0,0
80084,1,1,1997,23,23,23,23,23,23,23,23,23,23
80085,1,1,1997,0,0,0,0,0,0,0,0,0,0
80086,1,1,1997,0,0,0,0,0,0,0,0,0,0
80087,1,1,1997,21,21,21,21,21,21,21,21,21,21
80088,1,1,1997,25,25,25,25,25,25,25,25,25,25
80089,1,1,1997,8,8,8,8,8,8,8,8,8,8
80089,2,1,1997,0,0,0,0,0,0,0,0,0,0
80090,1,1,1997,0,0,0,0,0,0,0,0,0,0
80090,2,1,1997,0,0,0,0,0,0,0,0,0,0
80091,1,1,1997,12,11,18,24,9,6,18,13,31,8
80092,1,1,1997,0,0,0,0,0,0,0,0,0,0
80092,2,1,1997,0,0,10,0,0,9,0,0,0,0
80093,1,1,1997,0,0,0,0,0,0,0,0,0,0
80093,2,1,1997,0,0,0,0,0,0,0,11,0,0
80093,3,1,1997,6,0,0,0,0,0,0,0,15,8
80094,1,1,1997,1,1,1,1,1,1,1,1,1,1
80095,1,1,1997,17,17,17,17,17,17,17,17,17,17
80096,0,1,1997,0,0,0,0,0,0,0,0,0,0
80096,1,1,1997,0,0,0,0,0,0,0,0,0,0
80097,1,1,1997,0,0,0,0,0,0,0,0,0,0
80097,2,1,1997,0,0,0,0,0,0,0,0,0,0
80098,1,1,1997,2,2,2,2,2,2,2,2,2,2
80098,2,1,1997,0,0,0,0,0,0,0,0,0,0
80099,0,1,1997,0,0,0,0,0,0,0,0,0,0
80099,1,1,1997,0,0,0,0,0,0,0,0,0,0
80100,1,1,1997,0,0,0,0,0,0,0,0,0,0
80101,1,1,1997,13,13,13,13,13,13,13,13,13,13
80101,2,1,1997,0,0,0,0,0,0,0,0,0,0
80102,1,1,1997,0,0,0,0,0,0,0,0,0,0
80102,2,1,1997,0,0,0,0,12,25,0,0,0,0
80103,0,1,1997,0,0,0,0,0,0,0,0,0,0
80103,0,2,1997,0,0,0,0,0,0,0,0,0,10
80103,1,1,1997,0,17,0,12,0,0,0,7,9,21
80104,1,1,1997,6,6,6,6,6,6,6,6,6,6
80105,1,1,1997,5,0,0,0,0,0,0,0,0,0
80105,2,1,1997,0,0,0,0,0,0,0,0,0,0
80106,1,1,1997,0,0,0,0,0,0,0,0,0,0
80106,2,1,1997,0,0,0,0,0,0,0,0,0,0
80107,1,1,1997,0,0,0,0,0,0,0,0,0,0
80107,2,1,1997,0,0,0,0,0,0,0,0,0,0
80108,1,1,1997,0,0,0,0,0,0,0,0,0,0
80108,2,1,1997,11,11,11,11,11,11,11,11,11,11
80109,1,1,1997,8,8,8,8,8,8,8,8,8,8
80110,1,1,1997,24,24,24,24,24,24,24,24,24,24
80111,1,1,1997,0,0,0,0,0,0,0,0,0,0
80112,1,1,1997,0,0,0,0,0,0,0,0,0,0
80113,1,1,1997,0,0,0,0,0,0,0,0,0,0
80114,1,1,1997,0,0,0,0,0,0,0,0,0,0
80115,1,1,1997,0,0,0,0,0,0,0,0,0,0
80115,2,1,1997,0,0,0,0,0,0,0,0,0,0
80116,1,1,1997,0,0,0,0,0,0,0,0,0,0
80117,1,1,1997,28,28,28,28,28,28,28,28,28,28
80117,2,1,1997,0,0,0,0,0,0,0,0,0,0
80118,0,1,1997,22,22,22,22,22,22,22,22,22,22
80118,1,1,1997,0,0,26,0,0,7,0,0,0,0
80119,1,1,1997,13,13,13,13,13,13,13,13,13,13
80120,1,1,1997,0,0,0,0,0,0,0,0,0,0
80120,2,1,1997,0,0,0,0,0,0,0,0,0,0
80121,1,1,1997,16,16,16,16,16,16,16,16,16,16
80122,1,1,1997,0,0,0,0,0,0,0,0,0,0
80122,2,1,1997,0,0,0,0,0,0,0,0,0,0
80123,1,1,1997,0,0,0,0,0,0,0,0,0,0
80124,1,1,1997,0,0,0,0,0,0,0,0,0,0
80125,1,1,1997,0,0,0,0,0,0,0,0,0,0
80126,1,1,1997,3,3,3,3,3,3,3,3,3,3
80126,2,1,1997,0,0,0,0,0,0,0,0,0,0
80127,1,1,1997,14,14,14,14,14,14,14,14,14,14
80127,2,1,1997,3,3,3,3,3,3,3,3,3,3
80128,1,1,1997,0,0,0,0,0,0,0,0,0,0
80129,1,1,1997,0,0,0,0,0,0,0,0,0,0
80130,1,1,1997,27,27,27,27,27,27,27,27,27,27
80131,1,1,1997,0,0,0,0,0,0,0,0,0,0
80131,2,1,1997,0,0,0,0,0,0,0,0,0,0
80132,1,1,1997,0,0,0,0,0,0,0,0,0,0
80133,1,1,1997,0,0,0,0,0,0,0,0,0,0
80133,2,1,1997,0,0,0,0,0,0,0,0,0,0
80134,1,1,1997,0,0,0,0,0,0,0,0,0,0
80135,1,1,1997,12,12,12,12,12,12,12,12,12,12
80135,2,1,1997,0,0,0,0,0,0,0,0,0,0
80136,1,1,1997,16,16,16,16,16,16,16,16,16,16
80137,0,1,1997,42,20,22,13,22,22,31,16,14,9
80137,1,1,1997,11,0,0,0,0,0,14,12,16,10
80138,1,1,1997,23,23,23,23,23,23,23,23,23,23
80139,1,1,1997,25,25,25,25,25,25,25,25,25,25
80139,2,1,1997,0,0,0,0,0,0,0,0,0,0
80140,1,1,1997,28,28,28,28,28,28,28,28,28,28
80142,1,1,1997,0,0,0,0,0,0,0,0,0,0
80143,1,1,1997,0,0,0,0,0,0,0,0,0,0
80143,2,1,1997,0,0,0,0,0,0,0,0,0,0
80144,0,1,1997,0,0,0,0,0,0,0,0,0,0
80144,1,1,1997,0,0,0,0,0,0,0,0,0,0
80145,0,1,1997,0,0,0,0,0,0,0,0,0,0
80145,0,2,1997,0,0,0,0,0,0,0,0,0,0
80145,1,1,1997,14,14,14,14,14,14,14,14,14,14
80146,1,1,1997,18,18,18,18,18,18,18,18,18,18
80147,1,1,1997,21,21,21,21,21,21,21,21,21,21
80147,2,1,1997,0,0,0,0,0,0,0,0,0,0
80147,3,1,1997,0,0,0,0,0,0,0,0,0,0
80147,4,1,1997,0,3,0,0,0,0,0,0,0,0
80147,5,1,1997,0,0,0,0,19,15,0,0,0,0
80148,1,1,1997,0,0,0,14,0,0,0,19,0,0
80148,2,1,1997,0,0,0,0,0,0,0,0,0,0
80149,1,1,1997,0,0,0,0,0,0,0,0,0,0
80149,2,1,1997,0,0,0,0,0,0,0,0,0,0
80150,1,1,1997,0,0,0,0,0,0,0,0,0,0
80150,2,1,1997,0,0,0,0,0,0,0,0,0,0
80151,1,1,1997,13,13,13,13,13,13,13,13,13,13
80152,0,1,1997,0,0,0,0,0,0,0,0,0,0
80152,1,1,1997,0,0,0,0,0,0,0,0,0,0
80153,1,1,1997,0,0,0,0,0,0,0,0,0,0
80154,1,1,1997,0,0,0,0,0,0,0,0,0,0
80154,2,1,1997,0,0,0,0,0,0,0,0,0,0
80155,1,1,1997,0,0,0,0,0,0,0,0,0,0
80155,2,1,1997,0,0,0,0,0,0,0,0,0,0
80156,0,1,1997,0,0,0,0,0,0,0,0,0,0
80156,1,1,1997,0,0,0,0,0,0,0,0,0,0
80157,1,1,1997,10,10,10,10,10,10,10,10,10,10
80158,1,1,1997,0,0,0,0,0,0,0,0,0,0
80159,1,1,1997,24,24,24,24,24,24,24,24,24,24
80160,1,1,1997,0,0,0,0,0,0,0,0,0,0
80160,2,1,1997,0,0,0,0,0,0,0,0,0,0
80160,3,1,1997,0,0,0,0,0,0,0,0,0,0
80161,1,1,1997,0,0,0,0,0,0,0,0,0,0
80162,0,1,1997,5,5,5,5,5,5,5,5,5,5
80162,1,1,1997,5,5,5,5,5,5,5,5,5,5
80163,1,1,1997,54,54,54,54,54,54,54,54,54,54
80163,2,1,1997,0,0,0,0,0,0,0,0,0,0
80164,1,1,1997,1,1,1,1,1,1,1,1,1,1
80164,2,1,1997,0,0,0,0,0,0,0,0,0,0
80165,1,1,1997,0,0,0,0,0,0,0,0,0,0
80165,2,1,1997,0,0,0,0,0,0,0,0,0,0
80165,3,1,1997,0,0,0,0,0,0,0,0,0,0
80166,1,1,1997,0,0,0,0,0,0,0,19,0,0
80166,2,1,1997,0,0,0,0,0,0,0,0,0,0
80167,1,1,1997,9,9,9,9,9,9,9,9,9,9
80168,0,1,1997,28,28,28,28,28,28,28,28,28,28
80168,1,1,1997,0,0,0,0,0,0,0,0,0,0
80169,1,1,1997,0,0,0,0,0,0,0,0,0,0
80170,1,1,1997,0,0,0,0,0,0,0,0,0,0
80170,2,1,1997,0,0,0,0,0,0,0,0,0,0
80171,1,1,1997,0,0,0,0,0,0,0,0,0,0
80172,1,1,1997,25,25,25,25,25,25,25,25,25,25
80173,1,1,1997,0,0,0,0,0,0,0,0,0,0
80173,2,1,1997,0,0,0,0,0,0,0,0,0,0
80174,1,1,1997,0,0,0,0,0,0,0,0,0,0
80175,1,1,1997,0,0,0,0,0,0,0,0,0,0
80175,2,1,1997,0,0,0,0,0,0,0,0,0,0
80176,1,1,1997,25,25,25,25,25,25,25,25,25,25
80177,1,1,1997,0,0,0,0,0,0,0,0,0,0
80178,0,1,1997,24,24,24,24,24,24,24,24,24,24
80178,1,1,1997,0,0,10,25,0,18,11,0,0,0
80179,1,1,1997,0,0,0,0,0,0,0,0,0,0
80179,2,1,1997,16,16,16,16,16,16,16,16,16,16
80180,0,1,1997,0,0,0,0,0,0,0,0,0,0
80180,1,1,1997,0,0,0,0,0,0,0,0,0,0
80181,0,1,1997,22,23,9,0,19,38,14,18,18,25
80181,1,1,1997,0,0,0,0,0,0,0,0,0,0
80182,1,1,1997,3,3,3,3,3,3,3,3,3,3
80182,2,1,1997,0,0,0,0,0,0,0,0,0,0
80183,0,1,1997,32,32,32,32,32,32,32,32,32,32
80183,1,1,1997,0,0,0,0,0,0,0,0,0,16
80183,2,1,1997,0,0,0,0,0,15,10,0,0,0
80184,1,1,1997,0,0,0,0,0,0,0,0,0,0
80185,0,1,1997,0,0,0,0,0,0,0,0,0,0
80185,1,1,1997,0,0,0,0,0,0,0,0,0,0
80186,1,1,1997,0,0,0,0,0,0,0,0,0,0
80187,1,1,1997,29,29,29,29,29,29,29,29,29,29
80188,1,1,1997,0,0,0,0,0,0,0,0,0,0
80188,2,1,1997,0,0,0,0,0,0,0,0,0,0
80189,1,1,1997,11,11,11,11,11,11,11,11,11,11
80190,1,1,1997,0,0,0,0,0,0,0,0,0,0
80190,2,1,1997,0,0,0,0,0,0,0,0,0,0
80191,1,1,1997,0,0,0,0,0,0,0,0,0,0
80191,2,1,1997,0,0,0,0,0,0,0,0,0,0
80192,1,1,1997,0,0,0,0,0,0,0,0,0,0
80192,2,1,1997,0,0,0,0,0,0,0,0,0,0
80193,1,1,1997,0,0,0,0,18,0,0,0,0,0
80194,1,1,1997,0,0,0,0,0,0,0,0,0,0
80195,1,1,1997,18,18,18,18,18,18,18,18,18,18
80196,1,1,1997,0,0,0,0,0,12,0,0,0,0
80197,1,1,1997,0,0,0,0,0,0,0,0,0,0
80197,2,1,1997,0,0,0,0,0,0,0,0,0,0
80198,1,1,1997,16,16,16,16,16,16,16,16,16,16
80199,1,1,1997,0,0,0,0,0,0,0,0,0,0
80199,2,1,1997,0,0,0,0,0,0,0,0,0,0
80200,1,1,1997,28,28,28,28,28,28,28,28,28,28
80200,2,1,1997,0,0,0,0,0,0,0,0,0,0
80201,1,1,1997,14,14,14,14,14,14,14,14,14,14
80202,1,1,1997,0,0,0,0,20,0,0,0,0,0
80202,2,1,1997,0,11,0,0,0,0,0,0,0,0
80203,1,1,1997,0,0,0,0,0,0,0,0,0,0
80204,0,2,1997,0,0,0,0,0,0,0,0,0,0
80204,1,1,1997,0,0,0,0,0,0,0,0,0,0
80205,1,1,1997,0,0,0,0,0,0,0,0,0,0
80205,2,1,1997,0,0,0,0,0,0,0,0,0,0
80206,1,1,1997,0,0,0,0,0,0,0,0,0,0
80207,1,1,1997,8,8,8,8,8,8,8,8,8,8
80207,2,1,1997,0,0,0,0,0,0,0,0,0,0
80208,1,1,1997,0,0,0,0,0,0,0,0,0,0
80208,2,1,1997,0,0,0,0,0,0,0,0,0,0
80209,0,1,1997,0,0,0,0,0,0,0,0,0,0
80209,1,1,1997,0,0,0,0,0,0,0,0,0,0
80210,1,1,1997,14,14,14,14,14,14,14,14,14,14
80211,1,1,1997,0,0,0,0,0,0,0,0,0,0
80212,0,1,1997,21,21,21,21,21,21,21,21,21,21
80212,1,1,1997,0,0,0,0,0,0,0,0,10,0
80213,1,1,1997,4,0,0,0,0,0,0,0,0,0
80213,2,1,1997,0,0,0,0,0,0,0,0,0,0
80214,1,1,1997,0,0,0,0,0,0,0,0,0,0
80215,0,1,1997,0,0,0,0,0,0,0,0,0,0
80215,1,1,1997,0,0,0,0,0,0,0,0,0,0
80216,1,1,1997,11,11,11,11,11,11,11,11,11,11
80217,1,1,1997,0,0,0,0,0,0,0,0,0,0
80218,1,1,1997,0,0,0,0,0,0,0,20,0,0
80219,1,1,1997,0,0,0,0,0,0,0,0,0,0
80219,2,1,1997,0,0,0,0,0,0,0,0,0,0
80220,1,1,1997,19,19,19,19,19,19,19,19,19,19
80220,2,1,1997,0,0,0,0,0,0,0,0,0,0
80221,0,1,1997,46,46,46,46,46,46,46,46,46,46
80221,1,1,1997,0,0,0,0,0,0,0,0,14,0
80222,1,1,1997,0,0,0,0,0,0,0,0,0,0
80222,2,1,1997,0,0,0,0,0,0,0,0,0,0
80223,1,1,1997,34,34,34,34,34,34,34,34,34,34
80224,1,1,1997,0,0,0,0,0,0,0,0,0,0
80224,2,1,1997,0,0,0,0,0,0,0,0,0,0
80225,1,1,1997,0,0,0,0,0,0,0,0,0,0
80225,2,1,1997,0,0,0,0,0,0,0,0,0,0
80226,1,1,1997,22,22,22,22,22,22,22,22,22,22
80227,0,1,1997,1,1,1,1,1,1,1,1,1,1
80227,1,1,1997,0,0,0,0,0,0,0,0,0,0
80228,1,1,1997,4,4,4,4,4,4,4,4,4,4
80229,1,1,1997,13,0,0,0,30,0,0,0,17,0
80230,1,1,1997,25,25,25,25,25,25,25,25,25,25
80231,1,1,1997,15,15,15,15,15,15,15,15,15,15
80231,2,1,1997,0,19,0,0,0,23,0,0,0,0
80232,0,1,1997,37,37,37,37,37,37,37,37,37,37
80232,1,1,1997,0,0,0,0,0,0,0,0,0,0
80233,1,1,1997,0,0,0,0,0,0,0,0,0,0
80233,2,1,1997,0,0,0,10,11,0,0,0,0,0
80234,1,1,1997,0,0,0,0,0,0,0,0,0,0
80234,2,1,1997,0,0,0,0,0,0,0,0,0,0
80235,1,1,1997,13,13,13,13,13,13,13,13,13,13
80235,2,1,1997,0,0,0,0,2,0,0,0,0,26
80236,1,1,1997,0,0,0,0,0,0,0,0,0,0
80236,2,1,1997,4,0,0,0,0,0,0,0,0,0
80237,1,1,1997,17,15,15,5,4,10,16,20,3,18
80238,1,1,1997,0,0,0,0,0,0,0,0,0,0
80239,1,1,1997,0,0,0,0,0,0,0,0,0,0
80239,2,1,1997,0,21,0,0,0,0,0,0,0,0
80240,1,1,1997,9,9,9,9,9,9,9,9,9,9
80241,1,1,1997,0,0,0,0,0,0,0,0,0,0
80241,2,1,1997,0,0,0,0,0,0,0,0,0,0
80242,1,1,1997,0,0,0,0,0,0,0,0,0,0
80242,2,1,1997,0,0,0,0,0,0,0,0,0,0
80243,1,1,1997,0,0,0,0,0,0,0,0,0,0
80244,1,1,1997,17,17,17,17,17,17,17,17,17,17
80245,1,1,1997,0,0,0,0,0,0,0,0,0,0
80246,1,1,1997,0,13,0,0,0,0,0,0,0,15
80247,1,1,1997,17,17,17,17,17,17,17,17,17,17
80248,0,1,1997,32,32,32,32,32,32,32,32,32,32
80248,1,1,1997,0,0,0,0,0,0,0,0,0,0
80248,2,1,1997,0,0,0,0,0,0,0,0,0,0
80249,1,1,1997,17,17,17,17,17,17,17,17,17,17
80250,1,1,1997,0,0,0,0,0,0,0,0,0,0
80251,1,1,1997,0,0,0,0,0,0,0,0,0,0
80251,2,1,1997,0,0,0,0,0,0,0,0,0,0
80251,3,1,1997,0,0,0,0,0,0,0,0,0,0
80252,1,1,1997,23,23,23,23,23,23,23,23,23,23
80253,1,1,1997,6,6,6,6,6,6,6,6,6,6
80253,2,1,1997,0,0,0,0,0,0,0,0,0,0
80253,3,1,1997,0,0,0,0,0,0,0,0,0,0
80254,1,1,1997,0,0,0,0,0,0,0,0,0,0
80255,1,1,1997,33,33,33,33,33,33,33,33,33,33
80256,1,1,1997,0,0,0,0,0,0,0,0,0,0
80256,2,1,1997,0,0,0,0,0,0,0,0,0,0
80257,1,1,1997,0,0,0,0,0,0,0,0,0,0
80258,1,1,1997,0,0,0,0,0,0,0,0,0,0
80259,1,1,1997,0,0,0,0,0,0,0,0,0,0
80259,2,1,1997,0,0,0,0,0,0,0,0,0,0
80259,3,1,1997,0,0,0,0,0,0,0,0,0,0
80259,4,1,1997,0,0,0,0,0,0,0,0,0,0
80260,1,1,1997,0,0,0,0,0,0,0,0,0,0
80260,2,1,1997,0,0,0,0,0,0,0,0,0,0
80261,1,1,1997,0,0,0,9,0,0,0,0,0,0
80261,2,1,1997,0,0,0,0,0,0,0,0,0,0
80262,1,1,1997,0,0,0,0,0,0,0,0,0,0
80262,2,1,1997,0,0,0,0,0,0,0,0,0,0
80263,1,1,1997,0,0,0,0,0,0,0,0,0,0
80264,1,1,1997,0,0,0,0,0,0,0,0,0,0
80265,1,1,1997,4,4,4,4,4,4,4,4,4,4
80266,1,1,1997,0,0,0,0,0,0,0,0,0,0
80266,2,1,1997,0,0,0,0,0,0,0,0,0,0
80266,3,1,1997,0,0,0,0,0,0,0,0,0,0
80267,1,1,1997,0,0,0,0,0,0,0,0,0,0
80267,2,1,1997,0,0,0,0,0,0,0,0,0,0
80268,1,1,1997,0,15,0,42,19,18,19,0,0,25
80269,1,1,1997,20,20,20,20,20,20,20,20,20,20
80270,1,1,1997,0,0,0,0,0,0,0,0,0,0
80271,1,1,1997,0,0,0,0,0,0,0,0,0,0
80272,1,1,1997,0,0,23,0,0,0,0,0,16,0
80273,0,1,1997,0,0,0,0,0,0,0,0,0,0
80273,1,1,1997,0,0,0,0,0,0,0,0,0,0
80274,1,1,1997,21,21,21,21,21,21,21,21,21,21
80275,0,1,1997,0,0,0,0,0,0,0,0,0,0
80275,1,1,1997,0,0,0,0,0,19,0,0,0,33
80276,1,1,1997,0,0,0,0,0,0,0,0,0,0
80276,2,1,1997,0,0,0,0,0,0,0,0,0,0
80277,1,1,1997,36,36,36,36,36,36,36,36,36,36
80278,1,1,1997,0,0,0,0,0,0,0,0,0,0
80279,1,1,1997,0,0,0,0,0,0,0,0,0,0
80279,2,1,1997,0,0,0,0,0,0,0,0,0,0
80280,1,1,1997,29,29,29,29,29,29,29,29,29,29
80281,1,1,1997,4,4,4,4,4,4,4,4,4,4
80282,1,1,1997,18,18,18,18,18,18,18,18,18,18
80282,2,1,1997,0,0,0,0,0,0,0,0,0,0
80283,1,1,1997,0,0,0,0,0,0,0,0,0,0
80284,0,1,1997,24,24,24,24,24,24,24,24,24,24
80284,1,1,1997,0,0,0,0,0,0,0,0,0,0
80285,1,1,1997,21,29,26,19,25,44,23,29,38,32
80286,1,1,1997,0,0,0,0,0,0,0,0,0,0
80286,2,1,1997,0,0,0,0,0,0,0,0,0,0
80286,3,1,1997,0,0,0,16,0,0,0,0,0,0
80287,0,1,1997,0,0,0,0,0,0,0,0,0,0
80287,1,1,1997,0,18,0,0,0,0,0,0,0,0
80288,1,1,1997,0,0,0,0,0,0,0,0,0,0
80288,2,1,1997,0,0,0,0,0,0,0,0,0,0
80289,1,1,1997,0,0,13,7,0,0,4,0,0,28
80289,2,1,1997,0,0,0,0,0,0,0,0,0,0
80290,1,1,1997,5,5,5,5,5,5,5,5,5,5
80290,2,1,1997,0,0,0,0,0,0,0,0,0,0
80291,1,1,1997,0,28,18,0,0,31,0,0,0,0
80292,0,1,1997,0,0,0,0,0,0,0,0,0,0
80292,1,1,1997,0,0,0,0,0,0,0,0,0,0
80293,1,1,1997,0,0,0,0,0,0,0,0,0,0
80293,2,1,1997,22,0,0,0,0,0,0,0,0,0
80293,3,1,1997,0,6,0,0,0,0,0,0,0,0
80293,4,1,1997,0,0,28,0,0,0,0,0,0,0
80293,5,1,1997,0,0,0,0,0,0,0,0,0,0