ST_CASE,VEH_NO,PER_NO,YEAR,P1,P2,P3,P4,P5,P6,P7,P8,P9,P10
90041,1,1,1997,0,0,0,0,0,0,0,0,0,0
90041,2,1,1997,0,0,0,0,0,0,0,0,0,0
90042,0,1,1997,16,16,16,16,16,16,16,16,16,16
90042,1,1,1997,0,0,0,0,0,0,0,0,0,0
90042,2,1,1997,16,16,16,16,16,16,16,16,16,16
90043,1,1,1997,0,0,0,0,0,0,0,0,0,0
90044,1,1,1997,18,18,18,18,18,18,18,18,18,18
90044,2,1,1997,0,0,0,0,0,0,0,0,0,0
90045,1,1,1997,25,25,25,25,25,25,25,25,25,25
90046,1,1,1997,0,0,0,0,0,0,0,0,0,0
90047,1,1,1997,12,12,12,12,12,12,12,12,12,12
90048,1,1,1997,5,5,5,5,5,5,5,5,5,5
90048,2,1,1997,0,0,0,7,0,0,0,0,2,0
90049,0,1,1997,12,12,0,22,0,32,28,24,15,0
90049,0,2,1997,0,8,32,30,7,16,0,10,0,21
90049,1,1,1997,3,3,3,3,3,3,3,3,3,3
90050,1,1,1997,10,10,10,10,10,10,10,10,10,10
90051,1,1,1997,0,0,0,0,0,0,0,0,0,0
90051,2,1,1997,0,0,0,0,0,0,0,0,0,0
90052,1,1,1997,0,0,0,0,0,0,0,0,0,0
90052,2,1,1997,29,29,29,29,29,29,29,29,29,29
90052,3,1,1997,0,0,0,0,0,0,0,0,0,0
90053,1,1,1997,0,0,0,0,0,0,0,0,0,0
90053,2,1,1997,0,0,0,0,0,0,0,0,0,0
90054,1,1,1997,0,0,0,0,0,0,0,0,0,0
90054,2,1,1997,0,0,0,0,0,0,0,0,0,0
90055,1,1,1997,16,16,16,16,16,16,16,16,16,16
90056,1,1,1997,0,0,0,0,0,0,0,0,0,0
90057,1,1,1997,0,0,0,0,0,0,0,0,0,0
90057,2,1,1997,0,0,0,0,0,0,0,0,0,0
90058,1,1,1997,0,0,0,0,0,0,0,0,0,0
90058,2,1,1997,12,24,0,0,21,16,0,0,7,25
90059,0,1,1997,0,0,0,0,0,0,0,0,0,0
90059,1,1,1997,16,16,16,16,16,16,16,16,16,16
90060,1,1,1997,0,0,0,0,0,0,0,0,0,0
90060,2,1,1997,15,15,15,15,15,15,15,15,15,15
90060,3,1,1997,0,0,0,0,0,0,0,0,0,0
90061,1,1,1997,0,0,0,26,20,0,0,0,13,0
90061,2,1,1997,0,0,0,0,0,0,0,0,0,0
90062,1,1,1997,0,0,0,0,0,0,0,0,0,0
90063,1,1,1997,0,0,0,0,0,0,0,0,0,0
90063,2,1,1997,3,3,3,3,3,3,3,3,3,3
90064,1,1,1997,0,0,0,0,0,0,0,0,0,0
90064,2,1,1997,0,0,0,0,0,0,0,0,0,0
90065,1,1,1997,9,9,9,9,9,9,9,9,9,9
90066,1,1,1997,22,22,22,22,22,22,22,22,22,22
90067,0,1,1997,31,31,31,31,31,31,31,31,31,31
90067,1,1,1997,0,0,0,0,0,0,0,0,0,0
90068,1,1,1997,0,0,0,18,0,14,0,0,0,0
90069,1,1,1997,0,0,0,0,0,0,0,0,0,0
90070,1,1,1997,0,2,0,0,0,0,0,0,0,0
90070,2,1,1997,19,19,19,19,19,19,19,19,19,19
90071,1,1,1997,24,24,24,24,24,24,24,24,24,24
90071,2,1,1997,0,0,0,0,0,0,0,0,0,0
90072,1,1,1997,0,11,0,13,13,0,16,9,4,0
90073,1,1,1997,32,32,32,32,32,32,32,32,32,32
90073,2,1,1997,29,29,29,29,29,29,29,29,29,29
90074,1,1,1997,24,24,24,24,24,24,24,24,24,24
90075,0,1,1997,0,0,0,0,0,0,0,0,0,0
90075,1,1,1997,0,0,0,0,0,0,0,0,0,0
90076,1,1,1997,8,8,8,8,8,8,8,8,8,8
90076,2,1,1997,0,0,0,0,0,0,0,0,0,0
90077,1,1,1997,0,0,0,0,15,0,0,0,0,0
90077,2,1,1997,0,0,0,0,0,0,0,0,0,0
90077,3,1,1997,0,0,0,0,0,0,0,0,0,8
90078,1,1,1997,0,0,0,0,0,0,0,0,0,0
90079,1,1,1997,0,0,4,0,0,0,0,0,0,0
90079,2,1,1997,0,0,0,0,0,0,0,0,0,0
90080,1,1,1997,0,0,13,7,7,0,0,0,0,0
90080,2,1,1997,13,0,13,28,12,35,10,5,0,0
90081,0,1,1997,0,0,0,0,0,0,0,0,0,0
90081,1,1,1997,0,0,0,0,0,0,0,0,0,0
90082,1,1,1997,23,0,18,0,0,23,15,4,6,9
90083,0,1,1997,0,0,0,0,0,0,0,0,0,0
90083,1,1,1997,0,0,0,0,0,0,0,0,0,0
90084,1,1,1997,0,0,0,0,0,0,0,0,0,0
90085,1,1,1997,0,0,0,0,0,0,0,0,0,0
90085,2,1,1997,0,0,0,11,0,0,24,0,0,0
90086,1,1,1997,5,5,5,5,5,5,5,5,5,5
90087,1,1,1997,29,29,29,29,29,29,29,29,29,29
90088,1,1,1997,0,0,11,0,0,0,6,0,6,0
90088,2,1,1997,0,8,0,0,0,5,26,0,0,0
90089,1,1,1997,0,0,0,0,0,0,0,0,0,0
90090,0,1,1997,18,0,37,0,26,0,0,17,6,0
90090,1,1,1997,0,12,13,0,0,19,0,18,0,19
90091,1,1,1997,0,3,0,16,20,0,0,0,0,0
90091,2,1,1997,0,0,0,0,0,0,0,0,0,0
90092,0,1,1997,0,0,0,0,0,0,0,0,0,0
90092,1,1,1997,0,0,0,0,0,0,0,0,0,0
90093,1,1,1997,0,0,0,0,0,0,0,0,0,0
90094,1,1,1997,0,0,0,0,0,0,0,0,0,0
90094,2,1,1997,0,0,0,0,0,0,0,0,0,0
90094,3,1,1997,0,0,0,0,0,0,0,0,0,0
90095,1,1,1997,0,0,0,16,0,12,0,0,15,0
90096,0,1,1997,0,0,0,0,0,0,0,0,0,0
90096,1,1,1997,0,0,0,0,0,0,0,0,0,0
90097,1,1,1997,0,0,0,0,0,0,0,0,0,0
90098,1,1,1997,0,0,0,0,0,0,0,0,0,0
90098,2,1,1997,5,5,5,5,5,5,5,5,5,5
90099,1,1,1997,4,4,4,4,4,4,4,4,4,4
90100,1,1,1997,0,0,0,0,0,0,0,0,0,0
90101,1,1,1997,0,0,0,0,0,0,0,0,0,0
90102,1,1,1997,0,0,0,0,0,0,0,0,0,0
90102,2,1,1997,0,0,0,0,0,0,0,23,0,0
90103,1,1,1997,0,0,7,0,0,0,0,0,0,0
90103,2,1,1997,15,15,15,15,15,15,15,15,15,15
90104,1,1,1997,0,0,0,0,0,0,0,0,0,0
90104,2,1,1997,0,0,0,0,0,0,4,0,0,0
90105,0,1,1997,16,30,0,0,32,19,23,17,22,0
90105,1,1,1997,0,0,0,0,0,0,7,7,0,13
90106,0,1,1997,0,0,0,0,0,0,0,0,0,0
90106,0,2,1997,0,0,0,0,0,0,0,23,0,0
90106,1,1,1997,0,0,0,0,0,0,0,0,0,0
90107,0,1,1997,0,0,0,0,0,0,0,0,0,0
90107,1,1,1997,9,9,9,9,9,9,9,9,9,9
90108,1,1,1997,11,11,11,11,11,11,11,11,11,11
90109,1,1,1997,0,0,0,0,0,0,0,0,0,0
90110,1,1,1997,16,16,16,16,16,16,16,16,16,16
90111,1,1,1997,0,0,0,0,0,0,7,10,0,0
90111,2,1,1997,7,7,7,7,7,7,7,7,7,7
90112,1,1,1997,23,23,23,23,23,23,23,23,23,23
90112,2,1,1997,0,0,0,0,0,0,0,0,0,0
90113,1,1,1997,5,0,0,14,0,0,17,31,0,0
90114,1,1,1997,0,0,0,0,0,0,0,0,0,0
90114,2,1,1997,0,0,0,0,0,0,0,0,0,0
90114,3,1,1997,0,0,0,0,0,0,0,0,0,0
90115,1,1,1997,20,20,20,20,20,20,20,20,20,20
90116,1,1,1997,0,0,0,0,0,0,0,0,0,0
90117,1,1,1997,0,0,0,0,0,0,0,0,0,0
90118,1,1,1997,12,12,12,12,12,12,12,12,12,12
90119,1,1,1997,0,0,0,0,0,0,0,0,0,0
90119,2,1,1997,0,0,0,0,0,0,0,0,0,0
90120,1,1,1997,0,0,0,0,0,0,0,0,0,0
90121,1,1,1997,32,32,32,32,32,32,32,32,32,32
90122,1,1,1997,21,21,21,21,21,21,21,21,21,21
90123,1,1,1997,0,0,0,0,0,0,0,0,0,0
90123,2,1,1997,0,0,0,0,0,0,0,0,0,0
90124,1,1,1997,23,23,23,23,23,23,23,23,23,23
90125,1,1,1997,0,0,0,0,0,0,0,0,0,0
90126,0,1,1997,0,0,0,0,0,0,0,0,0,0
90126,1,1,1997,0,0,0,0,0,0,0,0,0,0
90127,1,1,1997,0,0,0,0,0,0,0,0,0,0
90127,2,1,1997,0,0,0,0,0,0,0,0,0,0
90127,3,1,1997,0,0,0,0,0,0,0,0,0,0
90128,1,1,1997,0,0,0,0,0,0,0,0,0,0
90129,1,1,1997,15,15,15,15,15,15,15,15,15,15
90129,2,1,1997,6,12,0,19,0,16,14,7,18,8
90130,1,1,1997,0,0,0,0,0,0,0,0,0,0
90130,2,1,1997,0,0,0,0,0,0,0,0,0,0
90131,1,1,1997,0,0,24,0,0,0,0,12,0,0
90132,1,1,1997,0,0,0,0,0,0,0,0,0,0
90132,2,1,1997,0,0,0,0,0,0,0,0,0,0
90132,3,1,1997,0,0,0,0,0,0,0,0,0,0
90133,1,1,1997,0,0,0,0,0,0,0,0,0,0
90133,2,1,1997,0,0,0,0,0,0,0,0,0,0
90134,1,1,1997,0,0,0,0,0,0,0,18,0,0
90135,1,1,1997,11,11,11,11,11,11,11,11,11,11
90135,2,1,1997,0,10,0,0,0,0,0,0,0,0
90136,1,1,1997,0,0,0,0,0,0,0,0,0,0
90137,1,1,1997,0,0,0,0,0,0,0,0,0,0
90137,2,1,1997,0,0,0,0,0,0,0,0,0,0
90138,1,1,1997,0,0,0,0,0,0,0,0,2,0
90139,1,1,1997,0,0,0,0,0,0,0,0,0,0
90140,1,1,1997,0,0,0,0,0,0,0,0,0,0
90140,2,1,1997,0,0,0,0,0,0,0,0,0,0
90141,0,1,1997,8,8,8,8,8,8,8,8,8,8
90141,1,1,1997,0,0,0,0,0,0,0,0,0,0
90142,0,1,1997,7,7,7,7,7,7,7,7,7,7
90142,1,1,1997,41,41,41,41,41,41,41,41,41,41
90143,1,1,1997,20,20,20,20,20,20,20,20,20,20
90144,1,1,1997,0,0,0,0,7,0,0,0,0,0
90144,2,1,1997,0,0,0,0,0,0,0,0,0,0
90145,1,1,1997,0,0,0,0,0,0,0,0,0,0
90146,1,1,1997,23,24,16,0,20,8,23,5,32,17
90146,2,1,1997,0,0,0,0,0,0,0,0,0,9
90146,3,1,1997,0,0,0,0,0,0,0,0,5,0
90147,1,1,1997,0,0,0,0,0,0,0,0,0,0
90147,2,1,1997,0,0,0,0,0,0,0,0,0,0
90148,1,1,1997,20,20,20,20,20,20,20,20,20,20
90149,0,1,1997,33,11,28,0,12,0,0,21,30,0
90149,1,1,1997,0,0,0,0,0,0,0,0,0,0
90150,1,1,1997,0,0,0,0,0,0,0,0,0,0
90150,2,1,1997,0,0,0,0,0,0,0,0,0,0
90151,1,1,1997,0,0,0,0,0,0,0,0,0,0
90151,2,1,1997,0,0,0,21,0,0,0,0,0,0
90152,0,1,1997,0,0,0,0,0,0,0,0,0,0
90152,0,2,1997,0,0,0,0,0,0,0,0,0,0
90152,1,1,1997,16,16,16,16,16,16,16,16,16,16
90153,1,1,1997,17,17,17,17,17,17,17,17,17,17
90154,0,1,1997,0,0,0,0,0,0,0,0,0,0
90154,1,1,1997,0,0,0,0,0,0,0,0,0,0
90155,1,1,1997,0,0,0,0,0,0,0,0,0,0
90155,2,1,1997,0,0,0,0,0,0,0,0,0,0
90156,1,1,1997,29,29,29,29,29,29,29,29,29,29
90157,1,1,1997,0,0,0,0,0,0,0,0,0,0
90157,2,1,1997,0,0,0,0,0,0,0,0,0,0
90158,1,1,1997,4,4,4,4,4,4,4,4,4,4
90158,2,1,1997,0,9,0,0,10,17,0,0,22,20
90159,1,1,1997,0,0,0,0,0,0,0,0,0,0
90159,2,1,1997,0,0,9,0,0,0,0,0,0,0
90160,1,1,1997,0,0,0,0,0,0,0,0,0,0
90160,2,1,1997,0,0,0,0,0,0,0,0,0,0
90161,1,1,1997,0,0,0,0,0,0,0,0,0,0
90161,2,1,1997,15,15,15,15,15,15,15,15,15,15
90162,1,1,1997,17,17,17,17,17,17,17,17,17,17
90163,1,1,1997,0,16,16,0,0,0,0,8,0,0
90163,2,1,1997,0,0,0,0,0,0,0,0,0,0
90164,1,1,1997,0,0,0,0,0,0,0,0,0,0
90165,1,1,1997,23,23,23,23,23,23,23,23,23,23
90166,0,1,1997,0,0,25,0,0,0,0,0,0,0
90166,1,1,1997,0,0,15,0,0,10,0,0,0,0
90167,1,1,1997,0,0,0,0,0,0,0,23,16,0
90168,1,1,1997,17,17,17,17,17,17,17,17,17,17
90169,1,1,1997,0,0,0,0,0,0,0,0,0,0
90169,2,1,1997,0,0,0,0,0,0,0,0,0,0
90170,1,1,1997,0,4,0,0,0,0,0,0,0,0
90170,2,1,1997,0,0,0,0,0,7,17,14,0,0
90171,1,1,1997,0,13,19,38,16,0,12,0,0,0
90172,0,1,1997,0,0,16,13,27,0,0,0,10,0
90172,1,1,1997,0,0,0,0,0,0,0,0,0,0
90173,1,1,1997,14,14,14,14,14,14,14,14,14,14
90173,2,1,1997,0,0,0,0,0,0,0,0,0,0
90174,1,1,1997,0,10,8,11,22,20,18,0,15,7
90175,1,1,1997,18,18,18,18,18,18,18,18,18,18
90176,1,1,1997,2,2,2,2,2,2,2,2,2,2
90177,0,1,1997,0,0,0,0,0,0,0,0,0,0
90177,1,1,1997,2,2,2,2,2,2,2,2,2,2
90178,1,1,1997,10,10,10,10,10,10,10,10,10,10
90179,1,1,1997,0,0,0,0,0,0,0,0,0,0
90180,1,1,1997,18,26,26,0,0,18,0,0,0,21
90181,1,1,1997,0,0,0,10,0,0,11,0,7,0
90181,2,1,1997,0,0,0,0,0,0,0,0,0,0
90181,3,1,1997,0,0,0,0,0,0,0,0,0,0
90182,1,1,1997,13,13,13,13,13,13,13,13,13,13
90183,1,1,1997,11,11,11,11,11,11,11,11,11,11
90184,1,1,1997,0,0,0,0,0,0,0,0,0,25
90184,2,1,1997,11,11,11,11,11,11,11,11,11,11
90185,1,1,1997,0,0,0,0,0,0,0,0,0,0
90185,2,1,1997,0,0,0,0,0,0,0,0,0,0
90185,3,1,1997,0,0,0,0,0,0,0,0,0,0
90186,1,1,1997,0,0,0,0,0,0,0,0,0,0
90186,2,1,1997,0,0,0,0,0,0,0,0,0,0
90186,3,1,1997,28,13,0,0,0,0,0,0,0,0
90187,1,1,1997,4,4,4,4,4,4,4,4,4,4
90187,2,1,1997,22,22,22,22,22,22,22,22,22,22
90188,1,1,1997,0,0,0,0,0,0,0,0,0,0
90188,2,1,1997,0,0,0,0,7,4,0,0,10,4
90189,1,1,1997,0,0,0,0,0,0,0,0,0,0
90189,2,1,1997,0,0,0,0,0,0,0,0,0,0
90190,1,1,1997,0,0,0,0,0,0,0,0,0,0
90190,2,1,1997,0,0,0,0,0,0,0,0,0,0
90191,1,1,1997,13,3,5,10,0,0,6,16,7,0
90192,1,1,1997,17,17,17,17,17,17,17,17,17,17
90193,1,1,1997,0,0,0,0,0,0,0,0,0,0
90194,1,1,1997,0,0,0,0,0,0,0,0,0,0
90195,1,1,1997,15,15,15,15,15,15,15,15,15,15
90196,0,1,1997,0,0,0,0,0,0,0,0,0,0
90196,1,1,1997,0,0,0,0,0,0,0,0,0,0
90197,1,1,1997,0,10,0,15,8,8,9,0,0,0
90197,2,1,1997,4,6,23,17,13,23,22,21,11,10
90198,1,1,1997,0,0,0,0,0,0,0,0,0,0
90199,1,1,1997,0,0,0,0,0,0,0,0,0,0
90199,2,1,1997,0,0,0,0,0,0,0,0,0,0
90200,1,1,1997,24,24,24,24,24,24,24,24,24,24
90201,1,1,1997,0,0,0,0,0,0,0,0,0,0
90201,2,1,1997,0,0,0,0,0,0,0,0,0,0
90202,1,1,1997,0,0,0,0,0,0,0,0,0,0
90203,1,1,1997,17,17,17,17,17,17,17,17,17,17
90204,1,1,1997,0,0,0,0,0,11,9,0,0,19
90205,1,1,1997,23,8,23,13,0,0,3,0,0,0
90206,1,1,1997,0,0,0,0,0,0,0,0,0,0
90207,1,1,1997,0,11,0,0,11,23,13,15,0,0
90207,2,1,1997,14,14,14,14,14,14,14,14,14,14
90208,0,1,1997,17,13,31,11,43,20,33,17,7,21
90208,1,1,1997,0,0,0,0,11,0,0,0,0,0
90209,1,1,1997,3,3,3,3,3,3,3,3,3,3
90210,1,1,1997,0,0,0,0,0,0,0,0,0,0
90211,1,1,1997,0,0,0,0,0,0,0,0,0,0
90211,2,1,1997,0,0,0,0,0,0,0,0,0,0
90212,1,1,1997,5,21,5,7,35,14,25,6,10,27
90212,2,1,1997,24,24,24,24,24,24,24,24,24,24
90212,3,1,1997,0,0,0,0,0,0,0,0,0,0
90212,4,1,1997,0,0,0,0,0,0,0,0,0,0
90213,1,1,1997,0,0,0,0,0,0,0,0,0,0
90213,2,1,1997,0,0,0,0,0,0,0,0,0,0
90214,1,1,1997,0,0,0,0,0,0,0,0,0,0
90215,1,1,1997,0,0,0,0,0,0,0,0,0,0
90215,2,1,1997,9,0,0,0,0,0,0,0,0,0
90216,1,1,1997,0,0,0,0,0,0,0,0,0,0
90217,1,1,1997,8,8,8,8,8,8,8,8,8,8
90218,1,1,1997,13,13,13,13,13,13,13,13,13,13
90219,1,1,1997,0,0,0,0,0,0,0,3,0,0
90219,2,1,1997,15,15,15,15,15,15,15,15,15,15
90220,1,1,1997,11,11,11,11,11,11,11,11,11,11
90221,0,1,1997,34,34,34,34,34,34,34,34,34,34
90221,1,1,1997,0,0,0,0,0,0,0,0,0,0
90222,1,1,1997,10,10,10,10,10,10,10,10,10,10
90223,1,1,1997,0,0,0,0,0,0,0,0,0,0
90224,0,1,1997,27,27,27,27,27,27,27,27,27,27
90224,1,1,1997,0,0,0,4,0,0,0,0,0,0
90225,1,1,1997,0,0,0,0,0,0,0,0,0,0
90226,1,1,1997,19,19,19,19,19,19,19,19,19,19
90227,1,1,1997,6,6,6,6,6,6,6,6,6,6
90228,1,1,1997,0,0,0,0,0,0,0,0,0,0
90229,1,1,1997,0,5,0,0,0,0,0,0,0,0
90229,2,1,1997,5,11,14,20,14,18,6,18,9,15
90230,1,1,1997,6,6,6,6,6,6,6,6,6,6
90230,2,1,1997,0,0,0,0,0,0,0,0,0,0
90231,1,1,1997,0,0,0,0,0,0,0,0,0,0
90231,2,1,1997,0,0,0,0,0,0,0,0,0,0
90232,0,1,1997,0,0,0,0,0,0,0,0,0,0
90232,1,1,1997,0,0,0,0,0,0,0,0,0,0
90232,2,1,1997,0,0,0,0,0,0,0,0,0,0
90233,1,1,1997,29,29,29,29,29,29,29,29,29,29
90234,1,1,1997,20,20,20,20,20,20,20,20,20,20
90235,0,1,1997,0,16,0,13,0,0,0,0,0,0
90235,1,1,1997,13,13,13,13,13,13,13,13,13,13
90236,1,1,1997,0,0,0,0,0,0,0,0,0,0
90237,1,1,1997,9,9,9,9,9,9,9,9,9,9
90237,2,1,1997,0,0,0,0,0,0,0,0,0,0
90238,1,1,1997,10,10,10,10,10,10,10,10,10,10
90238,2,1,1997,0,0,0,0,0,0,0,0,0,0
90239,1,1,1997,0,0,0,0,0,0,0,0,0,0
90239,2,1,1997,0,0,0,0,0,0,0,0,0,0
90240,1,1,1997,0,0,0,0,0,0,0,0,0,0
90240,2,1,1997,0,15,0,0,0,0,0,0,0,0
90241,1,1,1997,8,0,0,0,0,0,0,0,0,9
90241,2,1,1997,0,0,0,0,0,0,0,0,0,0
90242,1,1,1997,8,8,8,8,8,8,8,8,8,8
90243,0,1,1997,27,27,27,27,27,27,27,27,27,27
90243,1,1,1997,0,0,0,0,11,18,0,0,6,0
90244,0,1,1997,0,0,0,0,0,0,0,0,0,0
90244,1,1,1997,0,0,0,0,0,0,0,0,0,0
90245,0,1,1997,24,0,0,0,37,0,0,0,0,0
90245,1,1,1997,0,0,0,0,0,0,0,0,0,0
90246,1,1,1997,0,0,0,0,0,0,0,0,0,0
90246,2,1,1997,0,0,0,0,0,0,0,0,0,0
90247,1,1,1997,16,16,16,16,16,16,16,16,16,16
90248,1,1,1997,16,0,0,0,0,0,0,0,0,0
90248,2,1,1997,0,0,0,0,10,0,0,0,0,4
90249,0,1,1997,0,0,0,0,0,0,0,0,0,0
90249,1,1,1997,0,0,0,0,0,0,0,0,0,0
90250,1,1,1997,17,17,17,17,17,17,17,17,17,17
90251,1,1,1997,15,15,15,15,15,15,15,15,15,15
90252,0,1,1997,0,23,0,0,0,0,0,0,0,0
90252,1,1,1997,0,0,0,0,0,0,0,0,0,0
90253,1,1,1997,0,0,0,0,0,0,0,0,0,0
90254,1,1,1997,0,0,0,0,0,0,0,0,0,0
90254,2,1,1997,0,0,0,0,0,0,0,0,0,0
90254,3,1,1997,0,0,0,0,0,0,0,0,0,0
90255,1,1,1997,9,9,9,9,9,9,9,9,9,9
90256,1,1,1997,0,0,0,0,0,0,0,0,0,0
90256,2,1,1997,0,0,14,0,0,0,0,0,0,0
90257,1,1,1997,13,11,6,0,14,14,9,15,16,11
90258,0,1,1997,0,0,0,0,0,0,0,0,0,0
90258,1,1,1997,0,0,0,0,0,0,0,0,0,0
90259,1,1,1997,0,0,0,0,0,0,0,0,0,0
90260,0,1,1997,24,24,24,24,24,24,24,24,24,24
90260,1,1,1997,26,0,0,0,0,17,6,0,0,0
90261,1,1,1997,0,0,17,0,0,14,0,27,11,8
90262,0,1,1997,0,0,0,0,0,0,0,0,0,0
90262,0,2,1997,0,0,0,0,0,0,0,0,0,0
90262,1,1,1997,0,0,0,0,0,0,0,24,0,0
90263,1,1,1997,0,0,14,0,0,0,10,0,18,0
90264,1,1,1997,0,0,0,0,0,0,0,0,0,0
90265,0,1,1997,0,0,0,0,0,0,0,0,0,0
90265,1,1,1997,0,0,0,0,0,0,0,0,0,0
90266,1,1,1997,16,16,16,16,16,16,16,16,16,16
90267,1,1,1997,0,0,0,0,0,0,0,0,0,0
90267,2,1,1997,0,0,0,0,0,11,0,0,0,0
90268,0,1,1997,27,3,19,19,22,17,12,39,15,18
90268,0,2,1997,0,28,20,22,11,8,7,16,11,29
90268,1,1,1997,12,12,12,12,12,12,12,12,12,12
90269,0,1,1997,7,7,7,7,7,7,7,7,7,7
90269,1,1,1997,0,0,0,0,0,0,0,0,0,0
90270,1,1,1997,0,0,0,0,0,0,0,0,0,0
90271,0,1,1997,0,0,0,0,0,0,0,0,0,0
90271,1,1,1997,0,0,0,0,0,0,0,0,0,0
90272,1,1,1997,0,0,0,0,0,0,0,0,0,0
90272,2,1,1997,0,0,0,0,0,0,0,0,0,0
90273,1,1,1997,0,0,0,0,0,0,0,0,0,0
90273,2,1,1997,0,0,0,0,0,0,0,0,0,0
90274,1,1,1997,0,0,0,0,0,0,0,0,0,0
90275,1,1,1997,13,13,13,13,13,13,13,13,13,13
90276,1,1,1997,0,0,0,0,0,0,0,0,0,0
90276,2,1,1997,18,18,18,18,18,18,18,18,18,18
90277,1,1,1997,16,13,8,15,16,25,31,7,18,19
90278,0,1,1997,0,0,0,0,0,0,0,0,0,0
90278,1,1,1997,0,0,0,0,0,0,0,0,0,0
90279,0,1,1997,0,0,0,0,0,0,0,0,0,0
90279,1,1,1997,0,0,0,0,0,0,0,0,0,0
90280,1,1,1997,0,0,0,0,0,0,0,0,0,0
90281,1,1,1997,0,0,0,0,0,0,0,0,0,0
90281,2,1,1997,0,16,14,16,28,0,12,13,0,30
90282,1,1,1997,0,0,0,0,0,0,0,0,0,0
90282,2,1,1997,0,0,0,0,0,0,0,0,0,0
90283,1,1,1997,18,18,18,18,18,18,18,18,18,18
90284,1,1,1997,0,0,0,0,0,0,0,0,0,0
90284,2,1,1997,0,0,0,0,0,0,0,0,0,0
90285,0,1,1997,0,0,0,0,0,0,0,0,0,0
90285,1,1,1997,0,0,0,0,0,0,0,0,0,12
90286,1,1,1997,0,0,0,0,0,0,0,0,0,0
90286,2,1,1997,14,0,0,0,0,0,0,0,0,0
90287,1,1,1997,0,0,0,0,0,0,0,0,0,0
90287,2,1,1997,0,0,0,0,0,0,0,0,0,0
90288,0,1,1997,0,0,0,0,0,0,0,0,0,0
90288,1,1,1997,0,0,0,0,0,0,0,0,0,0
90289,1,1,1997,0,0,0,0,0,0,0,0,0,0
90289,2,1,1997,0,0,0,0,0,0,0,0,0,0
90290,1,1,1997,16,16,16,16,16,16,16,16,16,16
90291,1,1,1997,14,14,14,14,14,14,14,14,14,14
90292,0,1,1997,0,0,0,0,0,0,0,0,0,0
90292,1,1,1997,0,0,0,0,0,0,0,0,0,0
90292,2,1,1997,0,0,0,0,0,0,0,0,0,0
90292,3,1,1997,0,0,8,0,0,0,0,0,0,0
90293,0,1,1997,0,0,0,0,0,0,0,0,0,0
90293,1,1,1997,0,0,0,0,0,0,0,0,0,11
90294,1,1,1997,4,4,4,4,4,4,4,4,4,4
90294,2,1,1997,0,0,0,0,0,0,0,0,0,0
90295,1,1,1997,0,0,0,0,0,0,0,0,0,0
90295,2,1,1997,0,0,0,0,0,0,0,0,0,0
90296,1,1,1997,0,0,0,0,0,0,0,0,0,0
90297,1,1,1997,0,0,0,29,0,0,0,0,0,0
90297,2,1,1997,0,0,0,0,0,0,0,0,0,0
90297,3,1,1997,0,0,0,0,0,0,0,0,0,0
90298,1,1,1997,0,0,0,0,0,0,0,0,0,0
90298,2,1,1997,0,0,0,0,0,0,0,0,0,0
90299,1,1,1997,38,38,38,38,38,38,38,38,38,38
90300,0,1,1997,0,0,0,0,0,0,0,0,0,0
90300,1,1,1997,0,0,0,0,0,0,0,0,0,0
90301,0,1,1997,0,0,0,0,0,0,0,0,0,0
90301,1,1,1997,0,0,0,0,0,0,0,0,0,0
90302,1,1,1997,0,0,0,0,0,0,0,0,0,0
90302,2,1,1997,0,0,0,0,0,0,0,0,0,0
90303,0,1,1997,0,0,0,0,0,0,0,21,0,0
90303,1,1,1997,0,0,0,0,0,0,0,0,0,0
90304,0,1,1997,0,0,0,0,0,0,0,0,0,0
90304,1,1,1997,0,0,0,0,0,0,0,0,0,0
90305,0,1,1997,0,0,0,0,0,0,0,0,0,0
90305,1,1,1997,0,0,0,0,0,0,0,0,0,0
90305,2,1,1997,0,0,0,0,0,0,0,0,0,0
90306,1,1,1997,0,0,0,0,0,0,0,0,0,0
90306,2,1,1997,0,0,0,0,0,0,0,0,0,0
90307,1,1,1997,20,20,20,20,20,20,20,20,20,20
90308,1,1,1997,0,0,0,0,0,0,0,0,0,0
90309,1,1,1997,16,0,0,22,0,0,0,0,0,0
90309,2,1,1997,6,6,6,6,6,6,6,6,6,6
90310,1,1,1997,0,0,0,0,0,0,0,0,0,0
90311,1,1,1997,0,0,0,0,0,0,0,0,0,0
90312,1,1,1997,0,0,0,0,0,0,0,0,0,0
90312,2,1,1997,0,0,0,0,0,0,0,0,0,0
90313,0,1,1997,10,10,10,10,10,10,10,10,10,10
90313,1,1,1997,0,0,0,7,0,0,22,0,4,0
90314,1,1,1997,0,0,0,0,0,0,3,0,0,0
90314,2,1,1997,21,21,21,21,21,21,21,21,21,21
90315,1,1,1997,0,0,0,0,0,0,0,0,0,0
90315,2,1,1997,0,0,0,0,0,0,0,0,0,0
100001,0,1,1997,0,29,26,11,21,32,40,21,22,13
100001,1,1,1997,0,0,0,0,0,0,0,0,0,17
100002,1,1,1997,6,6,6,6,6,6,6,6,6,6
100003,1,1,1997,0,0,0,0,0,0,0,0,0,0
100003,2,1,1997,0,0,0,0,0,0,0,0,0,0
100004,1,1,1997,0,0,0,0,0,0,0,0,0,0
100004,2,1,1997,0,0,0,0,0,0,0,0,0,0
100005,0,1,1997,22,22,22,22,22,22,22,22,22,22
100005,1,1,1997,8,0,15,0,0,0,16,0,12,21