ST_CASE,VEH_NO,PER_NO,YEAR,P1,P2,P3,P4,P5,P6,P7,P8,P9,P10
100006,1,1,1997,3,3,3,3,3,3,3,3,3,3
100007,1,1,1997,0,0,0,0,0,0,0,0,0,0
100008,1,1,1997,9,9,9,9,9,9,9,9,9,9
100009,1,1,1997,0,0,0,0,0,0,0,0,0,0
100009,2,1,1997,24,24,24,24,24,24,24,24,24,24
100010,1,1,1997,31,31,31,31,31,31,31,31,31,31
100011,1,1,1997,14,14,14,14,14,14,14,14,14,14
100011,2,1,1997,0,0,0,0,0,0,0,0,0,0
100011,3,1,1997,0,0,0,0,0,0,0,0,0,0
100012,1,1,1997,0,0,0,0,0,0,0,0,0,0
100013,1,1,1997,28,28,28,28,28,28,28,28,28,28
100014,1,1,1997,0,0,28,0,0,12,0,0,0,26
100014,2,1,1997,0,0,0,0,0,0,0,0,0,0
100015,1,2,1997,0,0,0,0,0,0,0,0,0,0
100016,1,1,1997,0,0,0,0,0,0,0,0,0,0
100016,2,1,1997,0,0,0,0,0,0,0,0,0,0
100017,1,1,1997,0,0,0,0,0,0,0,0,0,0
100018,1,1,1997,0,0,0,0,0,0,0,0,0,0
100018,2,1,1997,0,0,0,0,0,0,0,11,0,23
100019,1,1,1997,0,0,0,0,0,0,0,0,0,0
100019,2,1,1997,0,0,0,0,0,0,0,0,0,0
100019,3,1,1997,0,0,0,0,0,0,0,0,0,0
100020,1,1,1997,24,24,24,24,24,24,24,24,24,24
100020,2,1,1997,0,0,0,0,0,0,0,0,0,0
100021,0,1,1997,0,0,0,0,0,0,0,0,0,0
100021,1,1,1997,0,0,0,0,0,0,0,0,0,0
100022,1,1,1997,0,0,0,0,0,0,0,0,0,0
100022,2,1,1997,0,0,0,0,0,0,0,0,0,0
100022,3,1,1997,15,15,15,15,15,15,15,15,15,15
100023,1,1,1997,15,15,15,15,15,15,15,15,15,15
100023,2,1,1997,0,0,0,0,0,0,0,0,0,0
100024,1,1,1997,0,0,34,16,0,0,0,0,0,0
100024,2,1,1997,0,0,0,0,0,0,0,0,0,0
100024,3,1,1997,0,0,0,6,0,0,0,0,0,0
100025,1,1,1997,3,3,3,3,3,3,3,3,3,3
100025,2,1,1997,3,3,3,3,3,3,3,3,3,3
100026,1,1,1997,0,0,0,0,0,0,0,0,0,0
100027,1,1,1997,0,0,0,0,0,0,0,0,0,0
100027,2,1,1997,0,0,0,0,0,0,0,0,0,0
100027,3,1,1997,0,0,0,0,0,0,0,0,0,0
100027,4,1,1997,0,0,0,0,0,0,0,0,0,0
100028,1,1,1997,15,17,4,5,20,16,0,23,10,0
100029,1,1,1997,0,0,0,0,0,0,0,0,0,0
100029,2,1,1997,0,0,0,0,0,0,0,0,0,0
100030,1,1,1997,0,0,0,0,0,0,0,0,0,0
100030,2,1,1997,0,0,0,0,0,0,0,0,0,0
100030,3,1,1997,0,0,0,0,0,0,0,0,0,0
100030,4,1,1997,0,0,0,0,0,0,0,0,0,0
100030,5,1,1997,0,0,0,0,0,0,0,0,0,0
100030,6,1,1997,0,0,0,0,0,0,0,0,0,0
100030,7,1,1997,0,0,0,0,0,0,0,0,0,0
100030,8,1,1997,0,0,0,0,0,0,0,0,0,0
100031,0,1,1997,20,20,20,20,20,20,20,20,20,20
100031,0,2,1997,4,4,4,4,4,4,4,4,4,4
100031,1,1,1997,0,0,0,0,0,0,0,0,0,0
100032,1,1,1997,0,0,0,0,0,0,0,0,0,0
100033,1,1,1997,0,0,0,0,0,0,0,0,0,0
100033,2,1,1997,0,0,0,0,0,0,0,0,0,0
100035,1,1,1997,0,0,0,0,0,0,0,0,0,0
100035,2,1,1997,21,21,21,21,21,21,21,21,21,21
100036,1,1,1997,14,14,14,14,14,14,14,14,14,14
100037,1,1,1997,0,0,0,0,0,0,0,0,0,0
100038,1,1,1997,0,0,0,0,0,0,0,0,0,0
100038,2,1,1997,0,0,0,0,0,0,0,0,0,0
100039,0,1,1997,0,0,0,0,0,0,0,0,0,0
100039,1,1,1997,0,38,0,6,0,13,21,20,0,0
100040,1,1,1997,0,0,0,0,0,0,0,0,0,0
100040,2,1,1997,0,0,0,0,0,0,0,0,0,0
100041,1,1,1997,0,0,0,0,0,0,0,0,0,0
100042,1,1,1997,0,0,0,0,0,0,0,0,0,0
100042,2,1,1997,11,11,11,11,11,11,11,11,11,11
100043,1,1,1997,0,0,0,0,0,0,0,0,0,0
100044,1,1,1997,0,0,0,0,0,0,0,0,0,0
100044,2,1,1997,0,24,0,0,0,0,0,0,28,0
100045,1,1,1997,0,0,0,0,0,0,0,0,0,0
100045,2,1,1997,0,0,0,0,0,0,0,0,0,0
100046,1,1,1997,18,18,18,18,18,18,18,18,18,18
100047,1,1,1997,0,0,0,0,0,0,0,0,0,0
100047,2,1,1997,3,3,3,3,3,3,3,3,3,3
100048,1,1,1997,2,2,2,2,2,2,2,2,2,2
100048,2,1,1997,0,0,0,0,0,0,0,0,0,0
100049,1,1,1997,0,0,0,0,0,0,0,0,0,0
100050,1,1,1997,0,0,0,0,0,0,0,0,0,0
100050,2,1,1997,0,0,0,0,0,0,0,0,0,0
100051,1,1,1997,0,11,29,20,14,34,21,18,11,13
100052,1,1,1997,0,0,0,0,0,0,0,0,0,0
100053,1,1,1997,0,0,0,0,0,0,0,0,0,0
100053,2,1,1997,0,0,0,0,0,0,0,0,0,0
100054,1,1,1997,0,0,0,0,0,0,0,0,0,0
100055,1,1,1997,0,0,0,0,0,0,0,0,0,0
100055,2,1,1997,0,0,0,0,0,0,0,0,0,0
100056,1,1,1997,0,0,0,0,0,0,0,0,0,0
100057,1,1,1997,0,0,0,0,0,0,0,0,0,0
100057,2,1,1997,9,9,9,9,9,9,9,9,9,9
100058,1,1,1997,0,30,0,24,0,38,29,13,31,0
100060,1,1,1997,0,0,0,0,0,0,0,0,0,0
100060,2,1,1997,0,0,0,0,0,0,0,0,0,0
100061,0,1,1997,0,0,0,0,0,0,0,0,0,0
100061,1,1,1997,0,0,0,0,0,0,0,0,0,0
100062,1,1,1997,0,0,0,0,0,0,0,0,0,0
100063,1,1,1997,0,0,0,0,0,0,0,0,0,0
100063,2,1,1997,0,0,0,0,0,0,0,0,0,0
100064,1,1,1997,0,0,0,0,0,0,0,0,0,0
100064,2,1,1997,0,0,0,0,0,0,0,0,0,0
100065,0,1,1997,0,0,0,0,13,0,0,0,0,0
100065,0,2,1997,0,0,0,0,0,0,0,0,0,0
100065,1,1,1997,0,0,0,0,0,0,0,0,0,0
100066,1,1,1997,0,0,0,0,0,0,0,0,0,0
100067,1,1,1997,14,14,14,14,14,14,14,14,14,14
100067,2,1,1997,0,0,0,0,0,0,0,0,0,0
100068,0,1,1997,0,0,0,0,0,0,0,0,0,0
100068,1,1,1997,0,0,0,0,0,0,0,0,0,0
100069,1,1,1997,19,19,19,19,19,19,19,19,19,19
100070,0,1,1997,37,37,37,37,37,37,37,37,37,37
100070,1,1,1997,0,0,0,0,0,0,0,0,0,0
100071,1,1,1997,0,0,0,0,0,0,0,0,0,0
100071,2,1,1997,0,0,24,0,0,0,0,0,0,0
100072,1,1,1997,0,0,0,0,0,0,0,0,0,0
100072,2,1,1997,0,0,0,0,0,0,0,0,0,0
100072,3,1,1997,0,0,0,0,0,0,0,0,0,0
100073,1,1,1997,0,0,0,0,0,0,0,0,0,0
100074,1,1,1997,3,3,3,3,3,3,3,3,3,3
100075,1,1,1997,14,14,14,14,14,14,14,14,14,14
100076,1,1,1997,21,21,21,21,21,21,21,21,21,21
100076,2,1,1997,9,9,9,9,9,9,9,9,9,9
100077,1,1,1997,8,8,8,8,8,8,8,8,8,8
100077,2,1,1997,0,0,0,0,0,0,0,0,0,0
100078,1,1,1997,0,0,0,0,0,0,0,0,0,0
100078,2,1,1997,0,0,0,0,0,0,13,0,0,0
100079,1,1,1997,0,0,0,0,0,0,0,0,0,0
100080,1,1,1997,0,0,0,0,0,0,0,0,0,0
100080,2,1,1997,31,31,31,31,31,31,31,31,31,31
100081,0,1,1997,0,0,0,0,0,0,0,0,0,0
100081,1,1,1997,0,0,0,0,0,0,0,0,0,0
100082,1,1,1997,0,0,0,0,0,0,0,0,0,0
100082,2,1,1997,0,0,0,0,0,0,0,0,0,0
100083,0,1,1997,0,0,0,0,0,21,0,0,0,0
100083,1,1,1997,0,0,0,0,0,0,0,0,0,0
100084,1,1,1997,22,22,22,22,22,22,22,22,22,22
100085,1,1,1997,0,0,0,0,0,0,0,0,0,0
100086,1,1,1997,0,0,0,0,0,0,0,0,0,0
100087,1,1,1997,21,21,21,21,21,21,21,21,21,21
100088,1,1,1997,16,16,16,16,16,16,16,16,16,16
100089,1,1,1997,0,0,0,0,0,0,23,0,0,0
100090,1,1,1997,0,0,0,0,0,0,0,0,0,0
100091,1,1,1997,23,23,23,23,23,23,23,23,23,23
100092,1,1,1997,19,19,19,19,19,19,19,19,19,19
100093,1,1,1997,10,10,10,10,10,10,10,10,10,10
100093,2,1,1997,0,0,0,0,0,0,0,0,0,0
100094,1,1,1997,0,0,0,0,0,0,0,0,0,0
100095,0,1,1997,0,0,0,0,0,0,0,0,0,0
100095,1,1,1997,0,0,0,0,0,0,0,0,0,0
100096,0,1,1997,6,6,6,6,6,6,6,6,6,6
100096,1,1,1997,0,0,0,0,0,0,0,0,0,0
100097,1,1,1997,0,0,0,0,0,0,0,0,0,0
100097,2,1,1997,0,8,0,0,0,0,0,0,0,9
100097,3,1,1997,0,0,0,0,0,0,0,0,0,0
100098,1,1,1997,16,16,16,16,16,16,16,16,16,16
100099,1,1,1997,23,23,23,23,23,23,23,23,23,23
100100,1,1,1997,23,23,23,23,23,23,23,23,23,23
100101,1,1,1997,1,1,1,1,1,1,1,1,1,1
100102,1,1,1997,2,2,2,2,2,2,2,2,2,2
100102,2,1,1997,0,0,0,0,0,0,0,0,0,0
100103,0,1,1997,16,16,16,16,16,16,16,16,16,16
100103,1,1,1997,28,21,0,0,12,0,0,0,9,0
100104,1,1,1997,0,3,0,0,0,0,0,0,0,0
100104,2,1,1997,0,0,0,0,0,0,0,0,0,0
100105,1,1,1997,0,0,0,0,0,0,0,0,0,0
100105,2,1,1997,0,0,0,0,0,0,0,0,0,0
100106,1,1,1997,0,0,0,0,0,0,0,0,0,0
100107,0,1,1997,26,26,26,26,26,26,26,26,26,26
100107,1,1,1997,0,0,0,0,0,0,0,0,0,0
100108,0,1,1997,0,0,0,0,0,0,0,0,0,0
100108,1,1,1997,0,0,0,0,0,0,0,0,0,0
100109,1,1,1997,29,29,29,29,29,29,29,29,29,29
100110,1,1,1997,25,25,25,25,25,25,25,25,25,25
100110,2,1,1997,16,16,16,16,16,16,16,16,16,16
100111,1,1,1997,0,0,0,0,0,0,0,0,0,0
100112,1,1,1997,29,29,29,29,29,29,29,29,29,29
100113,1,1,1997,32,32,32,32,32,32,32,32,32,32
100114,1,1,1997,0,0,0,0,0,0,0,0,0,0
100114,2,1,1997,7,7,7,7,7,7,7,7,7,7
100114,3,1,1997,0,0,0,0,0,0,0,0,0,0
100115,0,1,1997,0,0,0,0,0,0,0,0,0,0
100115,1,1,1997,0,0,0,0,0,0,0,0,0,0
100116,1,1,1997,13,13,13,13,13,13,13,13,13,13
100116,2,1,1997,17,17,17,17,17,17,17,17,17,17
100117,1,1,1997,5,5,5,5,5,5,5,5,5,5
100118,1,1,1997,0,0,0,0,0,0,0,0,0,0
100118,2,1,1997,0,0,0,0,0,0,0,0,0,0
100118,3,1,1997,0,0,4,0,0,0,0,0,0,0
100119,1,1,1997,0,0,0,0,0,0,0,0,0,0
100119,2,1,1997,0,0,0,0,0,0,0,0,0,0
100120,1,1,1997,0,0,0,0,0,0,0,0,0,0
100120,2,1,1997,0,0,0,0,0,0,0,0,0,0
100121,1,1,1997,25,25,25,25,25,25,25,25,25,25
100122,1,1,1997,0,0,0,0,0,9,0,0,0,0
100122,2,1,1997,0,0,0,0,0,0,0,0,0,0
110001,1,1,1997,18,18,18,18,18,18,18,18,18,18
110001,2,1,1997,7,0,0,0,0,29,0,13,0,0
110001,3,1,1997,0,0,0,0,11,0,10,17,5,0
110001,4,1,1997,0,0,0,0,0,0,0,20,0,0
110001,5,1,1997,0,0,9,7,0,12,0,0,0,9
110002,0,1,1997,28,7,15,0,27,10,7,14,20,26
110002,1,1,1997,8,8,8,8,8,8,8,8,8,8
110003,0,1,1997,0,0,22,0,0,0,18,0,0,0
110003,1,1,1997,0,0,0,0,0,4,0,0,0,0
110004,1,1,1997,0,0,0,0,0,0,0,0,0,0
110004,2,1,1997,0,0,0,0,0,0,0,0,4,9
110005,0,1,1997,19,0,29,0,0,14,0,0,0,0
110005,1,1,1997,0,0,0,0,0,0,0,0,0,0
110006,0,1,1997,0,31,0,0,0,0,25,0,20,0
110006,1,1,1997,0,0,0,0,0,0,0,0,21,0
110007,1,1,1997,14,22,21,15,10,7,0,27,25,0
110008,1,1,1997,0,0,0,0,0,0,0,0,0,0
110008,2,1,1997,0,0,16,0,0,11,0,0,10,0
110009,0,1,1997,26,18,0,40,22,0,0,0,16,28
110009,1,1,1997,0,0,0,0,0,0,0,0,0,0
110010,1,1,1997,12,18,23,13,14,17,0,16,7,9
110011,0,1,1997,14,0,0,0,0,0,0,0,0,0
110011,0,2,1997,0,0,0,0,23,0,0,13,0,0
110011,1,1,1997,0,0,15,22,0,21,19,7,22,11
110011,5,1,1997,0,15,0,0,0,0,0,0,0,0
110012,0,1,1997,0,0,0,0,8,12,24,0,25,5
110012,1,1,1997,0,0,11,0,0,0,0,0,22,0
110013,0,1,1997,0,0,0,21,29,20,0,0,16,25
110013,1,1,1997,0,0,0,0,0,0,0,0,0,0
110014,0,1,1997,0,0,0,0,0,0,0,0,0,0
110014,1,1,1997,0,0,0,0,0,0,0,0,0,0
110014,3,1,1997,0,0,0,0,0,0,0,0,0,0
110015,1,1,1997,29,16,25,3,29,0,0,26,8,8
110015,2,1,1997,0,0,0,0,4,0,0,0,5,0
110016,0,1,1997,17,0,0,0,0,0,23,0,0,0
110016,1,1,1997,17,30,0,7,0,0,12,0,21,0
110017,0,1,1997,0,0,0,35,0,0,26,0,0,25
110017,1,1,1997,0,0,0,0,0,0,0,0,0,0
110018,1,1,1997,18,18,18,18,18,18,18,18,18,18
110019,1,1,1997,3,0,13,0,7,10,7,10,19,0
110019,2,1,1997,0,0,0,0,0,0,0,0,0,0
110020,1,1,1997,0,0,0,0,0,0,0,0,0,0
110020,2,1,1997,0,0,0,0,0,0,0,0,0,0
110021,0,1,1997,42,0,0,43,21,37,21,21,0,7
110021,0,2,1997,0,25,33,27,21,0,9,33,8,21
110021,1,1,1997,0,12,0,0,0,0,0,0,0,9
110022,1,1,1997,19,19,19,19,19,19,19,19,19,19
110023,1,1,1997,14,20,7,12,18,13,34,0,7,20
110024,0,1,1997,0,0,39,0,0,19,0,10,0,0
110024,1,1,1997,3,11,12,8,6,6,15,10,11,18
110025,1,1,1997,0,0,0,0,0,0,0,0,11,0
110026,1,1,1997,18,0,6,13,14,20,16,15,7,19
110026,2,1,1997,0,0,0,0,8,0,0,7,0,14
110027,1,1,1997,0,0,0,0,0,0,0,9,0,0
110028,1,1,1997,16,0,4,0,20,23,9,19,6,18
110029,1,1,1997,14,14,17,0,7,8,14,5,13,17
110030,1,1,1997,16,0,6,18,0,8,0,9,0,0
110030,2,1,1997,0,0,0,0,0,0,0,0,0,0
110031,0,1,1997,0,0,0,0,37,0,0,0,0,31
110031,0,2,1997,0,11,0,0,23,0,0,0,0,0
110031,1,1,1997,0,0,15,24,19,0,7,0,0,0
110031,2,1,1997,0,0,0,0,0,0,0,0,12,0
110031,3,1,1997,0,0,0,0,0,20,11,5,0,0
110032,0,1,1997,0,0,0,0,0,0,0,0,0,0
110033,1,1,1997,14,0,13,26,19,28,0,0,0,34
110034,1,1,1997,0,0,0,0,0,0,0,0,0,0
110034,2,1,1997,0,0,0,0,0,0,0,0,0,0
110034,3,1,1997,0,0,0,0,0,0,0,0,0,0
110035,0,1,1997,16,20,18,17,11,17,24,34,38,19
110035,1,1,1997,0,0,0,0,0,0,0,0,0,0
110036,1,1,1997,0,0,0,0,0,0,0,20,27,17
110037,1,1,1997,0,7,0,0,0,0,0,0,0,0
110037,2,1,1997,0,0,0,0,0,0,0,0,0,0
110038,0,1,1997,0,0,0,0,0,0,0,0,0,0
110038,1,1,1997,0,0,0,0,0,0,0,0,0,0
110039,0,1,1997,10,26,36,26,26,12,10,0,27,0
110039,1,1,1997,0,0,0,22,0,0,0,0,17,0
110039,2,1,1997,14,0,0,0,0,0,0,0,2,0
110040,1,1,1997,13,0,0,17,0,0,0,0,13,4
110040,2,1,1997,0,0,0,0,0,14,0,0,0,0
110040,3,1,1997,0,0,0,0,0,0,0,0,0,0
110041,1,1,1997,0,0,0,0,0,0,0,0,0,0
110041,2,1,1997,28,28,28,28,28,28,28,28,28,28
110042,1,1,1997,0,5,12,0,0,0,0,0,0,0
110042,2,1,1997,10,7,11,29,20,16,11,9,4,22
110042,3,1,1997,0,0,0,0,0,0,0,0,0,12
110043,1,1,1997,0,0,0,0,0,0,0,0,0,0
110044,0,1,1997,0,0,0,0,0,0,0,0,19,0
110044,1,1,1997,0,0,0,0,0,0,0,0,0,0
110045,0,1,1997,0,0,0,0,0,0,0,0,0,0
110045,1,1,1997,0,0,0,0,0,0,0,0,0,0
110046,1,1,1997,14,0,0,0,0,0,0,0,0,22
110046,2,1,1997,0,0,0,0,0,0,0,0,0,0
110047,1,1,1997,13,11,7,3,0,11,16,39,26,0
110048,0,1,1997,0,0,0,25,18,0,0,23,21,40
110048,0,2,1997,0,0,0,0,0,0,0,0,0,0
110048,1,1,1997,0,21,0,0,15,16,0,0,0,17
110049,1,1,1997,24,10,19,14,38,9,11,16,25,27
110050,1,1,1997,0,0,0,0,0,0,0,0,0,0
110050,2,1,1997,0,0,0,3,0,0,0,0,0,0
110050,3,1,1997,0,0,0,0,0,0,0,0,0,0
110051,0,1,1997,18,19,30,15,32,32,25,14,20,42
110051,1,1,1997,10,0,0,0,0,0,0,28,0,0
110052,1,1,1997,27,27,27,27,27,27,27,27,27,27
110053,1,1,1997,13,12,0,0,28,0,0,24,0,18
110054,0,1,1997,0,0,0,0,0,0,0,0,21,0
110054,1,1,1997,0,0,0,0,0,0,0,0,0,0
110055,0,1,1997,24,0,0,27,27,0,19,25,0,0
110055,1,1,1997,7,23,0,0,0,10,0,0,0,12
110056,1,1,1997,44,15,0,0,0,17,20,0,31,21
110057,1,1,1997,0,0,0,0,0,0,0,0,0,0
120001,1,1,1997,0,0,0,0,0,0,0,0,0,0
120001,2,1,1997,0,0,0,0,0,0,0,0,0,0
120002,0,1,1997,0,0,0,0,0,0,0,0,0,0
120002,1,1,1997,0,0,0,0,0,0,0,0,0,0
120003,1,1,1997,0,0,0,0,0,0,0,0,0,0
120004,1,1,1997,24,24,24,24,24,24,24,24,24,24
120005,1,1,1997,9,9,9,9,9,9,9,9,9,9
120006,1,1,1997,0,0,0,0,0,0,0,0,0,0
120007,0,1,1997,0,0,0,0,0,0,0,0,0,0
120007,1,1,1997,0,0,0,0,0,0,0,0,0,0
120008,0,1,1997,0,0,0,0,0,0,0,0,0,0
120008,1,1,1997,0,0,0,0,0,0,0,20,0,0
120009,1,1,1997,13,13,13,13,13,13,13,13,13,13
120009,2,1,1997,0,0,0,0,0,0,0,0,0,0
120009,3,1,1997,0,0,0,0,0,0,0,0,0,0
120010,1,1,1997,18,18,18,18,18,18,18,18,18,18
120011,1,1,1997,0,0,0,0,0,0,0,0,0,0
120011,2,1,1997,0,0,0,15,0,0,0,0,0,0
120011,3,1,1997,0,0,0,0,0,0,0,0,0,0
120012,1,1,1997,8,8,8,8,8,8,8,8,8,8
120012,2,1,1997,0,0,0,0,0,0,0,0,0,0
120013,1,1,1997,0,0,0,0,0,0,0,0,0,0
120013,2,1,1997,0,0,0,0,0,0,0,0,0,0
120013,3,1,1997,0,0,0,0,0,0,0,0,0,0
120013,4,1,1997,0,0,0,0,0,0,0,0,0,0
120014,1,1,1997,0,0,0,0,0,0,0,0,0,0
120015,1,1,1997,0,0,0,0,0,0,0,0,0,0
120015,2,1,1997,0,0,0,0,0,0,0,0,0,0
120016,0,1,1997,9,9,9,9,9,9,9,9,9,9
120016,1,1,1997,0,30,0,0,0,0,0,5,0,0
120017,1,1,1997,0,0,0,0,0,0,0,0,0,0
120018,1,1,1997,0,0,0,0,0,0,0,0,0,0
120018,2,1,1997,0,0,0,0,0,0,0,0,0,0
120018,3,1,1997,0,0,0,0,0,0,0,0,0,0
120019,1,1,1997,0,0,0,0,0,0,0,0,0,0
120019,2,1,1997,0,0,0,0,0,0,0,0,0,0
120020,1,1,1997,0,0,0,0,0,0,0,0,0,0
120020,2,1,1997,0,0,0,0,0,0,0,0,0,0
120021,1,1,1997,0,0,0,0,0,0,0,0,0,0
120021,2,1,1997,0,0,0,0,0,0,0,0,0,0
120022,1,1,1997,0,0,0,0,0,0,0,0,0,0
120022,2,1,1997,0,0,0,0,0,0,0,0,0,0
120023,0,1,1997,0,0,0,0,0,0,0,0,0,0
120023,0,2,1997,11,0,0,0,0,11,0,20,35,13
120023,1,1,1997,0,0,0,0,0,26,0,7,0,0
120024,1,1,1997,0,0,0,0,0,0,0,0,0,0
120025,1,1,1997,0,0,0,0,0,0,0,0,0,0
120025,2,1,1997,0,0,0,0,0,0,0,0,0,0
120026,1,1,1997,0,0,0,0,0,0,0,0,0,0
120026,2,1,1997,0,0,0,0,0,0,0,0,0,0
120027,0,1,1997,32,0,0,15,0,0,0,0,0,23
120027,1,1,1997,0,0,0,0,0,0,0,0,0,0
120028,0,1,1997,0,0,0,0,0,0,0,0,0,0
120028,1,1,1997,0,0,0,0,13,0,0,0,0,0
120029,1,1,1997,0,0,0,0,17,0,0,0,0,0
120029,2,1,1997,0,0,0,0,0,0,0,0,0,0
120030,0,1,1997,0,0,0,0,0,0,0,0,0,0
120030,1,1,1997,0,0,10,0,0,0,0,0,0,9
120031,0,1,1997,15,15,15,15,15,15,15,15,15,15
120031,1,1,1997,0,0,0,0,0,0,0,0,0,0
120032,1,1,1997,0,0,0,6,0,0,0,0,0,0
120033,1,1,1997,21,21,21,21,21,21,21,21,21,21
120033,2,1,1997,0,0,0,0,0,0,0,0,0,0
120034,1,1,1997,0,0,0,0,0,0,0,0,0,0
120034,2,1,1997,0,0,0,0,0,0,0,0,0,0
120035,1,1,1997,0,0,0,0,0,0,0,6,0,0
120035,2,1,1997,0,0,0,0,0,0,0,0,0,0
120036,1,1,1997,0,0,0,0,0,0,0,0,0,0
120037,1,1,1997,0,0,0,0,0,0,0,0,0,0
120037,2,1,1997,0,0,0,0,0,0,0,0,0,0
120037,3,1,1997,0,0,0,0,0,0,0,0,0,0
120038,0,1,1997,0,0,0,0,0,0,0,0,0,0
120038,1,1,1997,0,0,0,0,0,0,0,0,0,0
120039,1,1,1997,9,9,9,9,9,9,9,9,9,9
120040,1,1,1997,0,0,0,0,0,0,0,0,0,0
120041,1,1,1997,0,0,0,0,0,0,0,0,0,0
120041,2,1,1997,27,27,27,27,27,27,27,27,27,27
120041,3,1,1997,0,20,0,0,0,7,0,9,11,0
120041,4,1,1997,0,0,0,0,0,0,0,0,0,0
120042,0,1,1997,14,14,14,14,14,14,14,14,14,14
120042,1,1,1997,0,0,0,0,0,0,0,0,0,0
120043,1,1,1997,0,0,0,0,0,0,0,0,0,0
120044,1,1,1997,0,0,0,0,0,0,0,0,0,0
120044,2,1,1997,0,0,0,0,0,0,0,0,0,0
120045,0,1,1997,0,0,0,0,0,0,0,0,0,0
120045,1,1,1997,1,1,1,1,1,1,1,1,1,1
120046,1,1,1997,0,0,0,0,0,0,11,0,0,0
120047,1,1,1997,15,15,15,15,15,15,15,15,15,15
120048,1,1,1997,31,0,0,0,0,0,0,0,0,0
120049,0,1,1997,0,0,0,0,0,0,0,0,0,0
120049,1,1,1997,0,0,0,0,0,0,0,6,0,0
120050,1,1,1997,15,0,0,0,0,0,0,0,0,0
120051,0,1,1997,16,16,16,16,16,16,16,16,16,16
120051,1,1,1997,0,0,0,0,0,0,0,0,0,0
120052,1,1,1997,0,0,0,0,0,0,0,0,0,0
120052,2,1,1997,0,0,0,0,0,0,0,0,0,0
120053,0,1,1997,11,11,11,11,11,11,11,11,11,11
120053,1,1,1997,0,5,0,0,0,0,0,0,0,0
120054,1,1,1997,0,0,0,0,0,0,0,0,0,0
120054,2,1,1997,0,0,0,0,0,0,0,0,0,0
120055,1,1,1997,0,0,0,0,8,0,0,0,0,0
120056,1,1,1997,0,0,0,0,0,0,0,0,0,0
120056,2,1,1997,0,0,0,0,0,0,0,0,0,0
120057,1,1,1997,26,26,26,26,26,26,26,26,26,26
120058,1,1,1997,0,0,0,0,0,0,0,0,0,0
120058,2,1,1997,0,0,0,0,0,0,0,0,0,0
120059,1,1,1997,0,8,0,0,0,0,0,0,0,0
120059,2,1,1997,0,0,0,0,0,0,0,0,0,0
120060,1,1,1997,12,12,12,12,12,12,12,12,12,12
120061,1,1,1997,0,0,0,0,0,0,0,0,0,0
120062,1,1,1997,0,0,0,0,0,0,0,0,0,0
120063,1,1,1997,25,25,25,25,25,25,25,25,25,25
120063,2,1,1997,0,0,0,0,0,0,0,0,0,0
120064,1,1,1997,14,14,14,14,14,14,14,14,14,14
120065,1,1,1997,11,11,11,11,11,11,11,11,11,11
120066,1,1,1997,10,0,0,0,0,0,0,0,0,0
120066,2,1,1997,24,24,24,24,24,24,24,24,24,24
120066,3,1,1997,6,6,6,6,6,6,6,6,6,6
120067,0,1,1997,0,0,0,0,0,0,0,0,0,0
120067,1,1,1997,0,0,0,0,0,0,0,0,0,0
120068,1,1,1997,0,16,0,0,0,0,0,0,0,0
120068,2,1,1997,0,0,0,0,0,0,0,0,0,0
120069,1,1,1997,0,0,0,0,0,0,0,0,0,0
120070,1,1,1997,22,19,0,0,0,16,0,15,0,0
120070,2,1,1997,0,0,0,0,0,0,0,0,0,0
120071,1,1,1997,0,0,0,0,0,0,0,0,0,0
120071,2,1,1997,0,0,0,0,0,0,0,0,0,0
120072,1,1,1997,0,0,0,0,0,0,0,0,0,0
120072,2,1,1997,0,0,0,0,0,0,0,0,0,0
120073,1,1,1997,13,13,13,13,13,13,13,13,13,13
120074,1,1,1997,0,0,0,0,0,0,0,0,0,0
120074,2,1,1997,0,0,0,0,0,0,0,0,0,0
120075,0,1,1997,0,0,0,0,0,0,0,0,0,0
120075,1,1,1997,0,0,0,0,0,0,0,0,0,0
120076,1,1,1997,0,0,0,0,0,0,0,0,0,0
120076,2,1,1997,0,0,0,0,0,0,0,0,0,0
120076,3,1,1997,0,0,0,0,0,0,0,0,0,0
120077,1,1,1997,0,0,0,0,0,0,0,0,0,24
120077,2,1,1997,0,0,0,0,0,0,0,0,0,0
120078,0,1,1997,42,42,42,42,42,42,42,42,42,42
120078,1,1,1997,0,17,0,0,0,0,0,0,0,8
120079,0,1,1997,0,0,0,0,0,0,0,0,0,0
120079,1,1,1997,0,0,0,0,0,0,0,0,0,0
120080,0,1,1997,0,0,0,0,0,0,0,0,0,0
120080,1,1,1997,9,9,9,9,9,9,9,9,9,9
120081,1,1,1997,0,0,0,0,0,0,0,0,0,0
120081,2,1,1997,0,0,0,0,0,0,0,0,0,0
120081,3,1,1997,0,0,0,0,0,0,0,0,0,0