ST_CASE,VEH_NO,PER_NO,YEAR,P1,P2,P3,P4,P5,P6,P7,P8,P9,P10
120082,1,1,1997,0,0,0,0,0,0,0,0,0,0
120082,2,1,1997,0,0,0,0,0,0,0,0,23,0
120083,1,1,1997,0,0,0,0,35,0,0,0,0,0
120083,2,1,1997,0,0,0,0,0,0,0,0,0,0
120084,1,1,1997,18,18,18,18,18,18,18,18,18,18
120085,1,1,1997,0,0,0,0,0,0,0,0,0,0
120085,2,1,1997,0,0,0,0,0,0,0,0,0,0
120085,3,1,1997,0,0,0,0,0,0,0,0,0,0
120086,1,1,1997,3,3,3,3,3,3,3,3,3,3
120087,0,1,1997,0,0,0,0,0,0,0,0,0,0
120087,1,1,1997,0,0,0,0,0,0,0,0,0,0
120088,1,1,1997,0,0,0,0,0,0,0,0,0,0
120088,2,1,1997,0,0,0,0,0,0,0,0,0,0
120089,1,1,1997,21,21,21,21,21,21,21,21,21,21
120090,1,1,1997,13,0,0,0,14,0,10,28,0,6
120090,2,1,1997,0,0,0,0,0,0,0,0,0,0
120091,0,1,1997,0,0,0,0,0,0,0,0,0,0
120091,1,1,1997,0,0,0,0,0,0,0,0,0,0
120091,2,1,1997,0,0,0,0,0,0,0,0,0,0
120092,1,1,1997,23,23,23,23,23,23,23,23,23,23
120093,0,1,1997,0,0,0,0,0,0,0,0,0,0
120093,1,1,1997,0,0,0,0,0,0,0,0,0,0
120094,1,1,1997,20,20,20,20,20,20,20,20,20,20
120095,0,1,1997,0,0,0,0,0,0,0,0,0,0
120095,1,1,1997,0,0,0,0,0,0,0,0,0,0
120095,2,1,1997,0,0,0,0,0,0,0,0,0,0
120096,1,1,1997,0,0,0,0,0,0,0,0,0,0
120097,1,1,1997,22,22,22,22,22,22,22,22,22,22
120098,0,1,1997,0,0,0,0,0,0,0,0,0,0
120098,1,1,1997,0,0,0,0,0,0,0,9,0,0
120098,2,1,1997,0,0,0,0,0,0,0,0,0,0
120098,3,1,1997,0,0,0,0,0,0,0,0,0,0
120099,1,1,1997,0,0,0,0,0,0,0,0,0,0
120099,2,1,1997,0,0,0,0,0,0,0,0,0,0
120100,1,1,1997,20,20,20,20,20,20,20,20,20,20
120100,2,1,1997,0,0,0,0,0,0,0,0,0,0
120101,1,1,1997,0,0,0,3,0,0,0,0,0,0
120102,0,1,1997,0,21,0,0,0,0,0,0,0,0
120102,1,1,1997,0,0,0,0,0,0,0,0,0,0
120103,0,1,1997,0,0,0,31,0,0,0,0,0,0
120103,0,2,1997,0,0,0,0,0,0,0,0,0,0
120103,1,1,1997,0,0,0,0,0,0,0,0,0,0
120104,0,1,1997,0,0,0,0,0,0,0,0,0,0
120104,1,1,1997,0,0,0,0,0,0,0,0,0,0
120105,1,1,1997,18,18,18,18,18,18,18,18,18,18
120106,0,1,1997,0,28,0,0,0,9,0,0,0,13
120106,1,1,1997,0,0,0,0,0,0,0,0,0,0
120107,0,1,1997,14,14,14,14,14,14,14,14,14,14
120107,1,1,1997,0,0,0,0,0,0,0,0,0,0
120108,1,1,1997,20,41,13,0,12,21,0,0,12,32
120109,1,1,1997,0,0,14,0,0,19,0,0,28,0
120110,1,1,1997,0,0,0,0,0,0,0,0,0,0
120110,2,1,1997,0,0,0,0,0,0,0,0,0,0
120111,0,1,1997,0,0,0,0,0,41,0,0,0,0
120111,1,1,1997,0,0,0,0,0,0,0,0,0,0
120112,0,1,1997,15,15,15,15,15,15,15,15,15,15
120112,1,1,1997,0,0,0,0,0,0,0,0,0,0
120113,1,1,1997,36,36,36,36,36,36,36,36,36,36
120113,2,1,1997,0,0,0,0,0,0,14,0,0,0
120114,1,1,1997,0,0,0,0,0,17,0,0,0,0
120114,2,1,1997,0,0,0,0,0,0,0,0,0,0
120115,1,1,1997,0,0,0,0,0,0,14,0,0,0
120115,2,1,1997,16,16,16,16,16,16,16,16,16,16
120115,3,1,1997,0,0,0,0,0,17,0,0,0,0
120116,1,1,1997,16,16,16,16,16,16,16,16,16,16
120117,1,1,1997,16,16,16,16,16,16,16,16,16,16
120118,1,1,1997,0,0,12,0,0,0,0,0,0,0
120118,2,1,1997,0,0,0,0,0,0,0,0,0,0
120119,1,1,1997,0,0,0,0,0,0,0,0,0,0
120119,2,1,1997,0,0,0,0,0,0,0,0,0,0
120120,1,1,1997,36,36,36,36,36,36,36,36,36,36
120120,2,1,1997,0,0,0,0,0,0,0,0,0,0
120121,1,1,1997,0,0,0,0,0,0,0,0,0,0
120121,2,1,1997,0,0,0,0,0,0,0,0,0,0
120122,1,1,1997,0,0,0,0,0,0,0,0,0,0
120122,2,1,1997,0,0,0,0,0,0,0,0,0,0
120123,1,1,1997,22,22,22,22,22,22,22,22,22,22
120124,0,1,1997,0,0,0,0,0,0,0,0,0,0
120124,0,2,1997,0,0,0,0,0,0,0,0,0,0
120124,1,1,1997,20,20,20,20,20,20,20,20,20,20
120125,1,1,1997,20,20,20,20,20,20,20,20,20,20
120126,1,1,1997,0,0,0,0,19,0,0,0,0,0
120127,1,1,1997,0,0,0,0,0,0,0,0,0,0
120127,2,1,1997,0,0,0,0,0,0,0,0,0,0
120128,0,1,1997,0,0,0,0,0,0,0,0,0,0
120128,1,1,1997,0,0,0,0,0,0,0,0,0,0
120129,1,1,1997,0,0,0,0,0,0,0,0,9,0
120130,1,1,1997,0,0,0,0,0,0,0,0,0,0
120130,2,1,1997,0,0,0,0,0,0,0,0,0,0
120131,1,1,1997,0,0,0,0,0,0,0,0,0,0
120131,2,1,1997,6,6,6,6,6,6,6,6,6,6
120132,0,1,1997,0,0,0,0,0,0,0,0,0,0
120132,1,1,1997,0,0,0,0,0,0,0,0,0,0
120133,1,1,1997,12,0,13,0,18,10,0,0,0,0
120133,2,1,1997,0,0,0,0,30,0,0,0,0,0
120134,0,1,1997,0,0,0,0,0,0,0,0,0,0
120134,1,1,1997,0,0,0,0,0,0,0,0,0,0
120135,1,1,1997,17,17,17,17,17,17,17,17,17,17
120136,1,1,1997,0,0,0,0,0,0,0,0,0,0
120137,1,1,1997,0,0,0,0,0,0,0,0,0,0
120137,2,1,1997,0,0,0,0,0,0,19,0,0,0
120138,1,1,1997,16,16,16,16,16,16,16,16,16,16
120138,2,1,1997,0,0,0,0,0,0,0,0,0,0
120139,0,1,1997,0,0,0,0,0,0,0,0,0,0
120139,1,1,1997,0,0,0,0,0,0,0,0,0,0
120140,1,1,1997,0,0,34,0,0,19,0,0,0,0
120141,0,1,1997,0,0,0,0,0,0,0,0,0,0
120141,1,1,1997,0,0,0,0,0,0,0,0,0,0
120142,0,1,1997,26,26,26,26,26,26,26,26,26,26
120142,1,1,1997,0,0,0,0,0,0,0,0,0,0
120142,2,1,1997,0,0,0,0,0,0,0,0,0,0
120143,1,1,1997,0,0,0,0,0,0,0,0,0,0
120143,2,1,1997,0,0,0,0,0,0,0,0,0,0
120144,0,1,1997,19,19,19,19,19,19,19,19,19,19
120144,1,1,1997,0,0,0,0,0,0,0,0,0,0
120145,0,1,1997,0,0,0,0,0,0,0,0,0,0
120145,0,2,1997,24,0,0,0,0,0,0,0,0,0
120145,1,1,1997,0,0,0,0,0,0,0,0,0,0
120146,0,1,1997,0,0,0,0,0,0,0,0,0,0
120146,1,1,1997,0,0,0,0,0,0,0,0,0,0
120147,1,1,1997,0,0,0,0,0,0,0,0,0,0
120147,2,1,1997,0,0,0,0,0,0,0,0,0,0
120148,0,1,1997,0,0,0,0,0,0,0,0,0,0
120148,1,1,1997,0,0,0,0,0,0,0,0,0,0
120149,0,1,1997,31,31,31,31,31,31,31,31,31,31
120149,1,1,1997,0,0,10,0,0,0,0,0,0,0
120149,2,1,1997,0,0,16,8,6,13,7,0,0,5
120150,1,1,1997,0,0,0,0,0,0,0,0,0,0
120150,2,1,1997,0,0,0,0,0,0,0,0,0,0
120151,1,1,1997,0,0,0,0,0,0,0,0,0,0
120152,1,1,1997,15,15,15,15,15,15,15,15,15,15
120153,1,1,1997,8,8,8,8,8,8,8,8,8,8
120154,1,1,1997,19,0,0,0,0,0,17,0,0,12
120154,2,1,1997,0,0,0,0,0,0,0,0,0,0
120155,1,1,1997,13,13,13,13,13,13,13,13,13,13
120155,2,1,1997,0,0,0,0,0,0,0,0,0,0
120156,1,1,1997,0,0,0,0,0,0,0,20,0,0
120156,2,1,1997,0,0,0,0,0,0,0,0,0,0
120157,1,1,1997,6,6,6,6,6,6,6,6,6,6
120158,1,1,1997,0,0,0,0,0,0,0,0,0,0
120158,2,1,1997,0,0,0,0,0,0,0,0,0,0
120159,0,1,1997,0,0,0,0,0,0,0,0,0,0
120159,1,1,1997,0,0,0,0,0,0,9,0,0,0
120160,0,1,1997,0,0,0,0,0,0,0,0,0,0
120160,1,1,1997,7,7,7,7,7,7,7,7,7,7
120161,1,1,1997,0,0,0,0,0,0,0,0,0,0
120161,2,1,1997,0,0,0,0,0,0,0,10,0,0
120162,1,1,1997,0,0,0,0,0,0,0,0,0,0
120163,1,1,1997,5,5,5,5,5,5,5,5,5,5
120164,1,1,1997,0,0,0,0,0,0,0,0,0,0
120164,2,1,1997,0,0,0,0,0,0,0,0,0,4
120165,1,1,1997,4,4,4,4,4,4,4,4,4,4
120166,1,1,1997,0,0,0,0,0,0,0,0,0,0
120166,2,1,1997,0,0,0,0,0,0,0,0,0,0
120167,1,1,1997,21,21,21,21,21,21,21,21,21,21
120168,1,1,1997,0,0,0,0,0,0,0,0,11,0
120168,2,1,1997,0,0,0,0,0,0,0,6,0,14
120169,1,1,1997,0,0,0,0,15,0,24,0,0,0
120170,1,1,1997,0,0,0,0,0,0,0,0,0,0
120170,2,1,1997,0,0,0,0,0,0,0,0,0,0
120171,0,1,1997,4,4,4,4,4,4,4,4,4,4
120171,1,1,1997,30,30,30,30,30,30,30,30,30,30
120172,1,1,1997,0,0,0,0,0,0,0,0,0,0
120172,2,1,1997,0,0,0,0,0,0,0,0,0,0
120173,0,1,1997,11,11,11,11,11,11,11,11,11,11
120173,1,1,1997,0,0,0,0,0,14,0,0,0,0
120173,2,1,1997,0,0,0,0,0,0,12,12,7,0
120174,1,1,1997,28,28,28,28,28,28,28,28,28,28
120175,1,1,1997,18,0,0,0,0,0,0,0,0,0
120176,1,1,1997,0,0,0,0,0,0,0,0,0,0
120177,1,1,1997,27,27,27,27,27,27,27,27,27,27
120177,2,1,1997,0,0,0,0,0,0,0,0,0,0
120178,1,1,1997,0,0,0,0,0,0,0,0,0,0
120179,0,1,1997,0,0,0,0,0,0,0,0,0,0
120179,1,1,1997,0,0,0,0,0,0,0,0,0,0
120180,1,1,1997,0,0,0,3,0,0,0,0,0,0
120181,1,1,1997,0,0,0,0,0,0,0,0,0,0
120182,1,1,1997,0,0,0,0,0,0,0,0,0,0
120183,1,1,1997,0,0,0,0,0,0,0,0,0,0
120183,2,1,1997,0,0,0,0,0,0,0,0,0,0
120184,1,1,1997,0,0,0,0,0,0,0,0,0,0
120185,1,1,1997,0,0,0,0,0,0,0,0,0,0
120185,2,1,1997,0,0,0,0,0,0,0,0,0,0
120185,3,1,1997,0,0,0,0,0,0,0,15,7,0
120186,1,1,1997,0,0,0,15,0,28,0,9,0,4
120186,2,1,1997,0,0,0,0,0,0,0,0,0,0
120186,3,1,1997,0,0,0,0,0,8,16,0,0,0
120187,1,1,1997,0,0,0,0,0,0,0,0,0,0
120187,2,1,1997,0,0,0,0,0,0,0,0,0,0
120188,1,1,1997,0,0,0,0,0,0,0,0,0,0
120188,2,1,1997,0,0,0,0,0,0,0,0,0,0
120189,0,1,1997,17,17,17,17,17,17,17,17,17,17
120189,1,1,1997,0,0,0,0,0,0,0,0,0,0
120190,1,1,1997,0,0,0,6,0,0,1,0,0,0
120190,2,1,1997,0,0,0,0,0,0,0,0,0,0
120190,3,1,1997,0,0,0,0,0,0,0,0,0,0
120190,4,1,1997,0,0,0,0,0,0,0,0,0,0
120190,5,1,1997,0,0,0,0,0,0,0,0,0,30
120191,1,1,1997,0,0,0,0,0,0,0,0,0,0
120191,2,1,1997,0,0,0,0,0,0,0,0,0,0
120192,0,1,1997,50,50,50,50,50,50,50,50,50,50
120192,1,1,1997,0,0,0,0,0,0,0,0,0,0
120193,0,1,1997,0,0,0,0,0,0,16,0,0,0
120193,1,1,1997,0,0,0,0,0,0,0,0,0,0
120194,1,1,1997,0,0,0,0,0,0,0,0,0,0
120195,1,1,1997,27,27,27,27,27,27,27,27,27,27
120195,2,1,1997,26,22,0,0,24,0,0,0,0,0
120196,1,1,1997,0,0,0,0,0,0,0,0,0,0
120196,2,1,1997,0,0,0,0,0,0,0,0,0,0
120197,1,1,1997,32,32,32,32,32,32,32,32,32,32
120198,0,1,1997,14,14,14,14,14,14,14,14,14,14
120198,1,1,1997,0,0,0,0,0,0,0,0,0,0
120199,1,1,1997,0,0,0,0,0,0,0,0,0,0
120199,2,1,1997,0,0,0,0,0,0,0,0,0,0
120200,1,1,1997,0,0,0,0,0,0,0,0,0,0
120200,2,1,1997,0,0,0,0,0,0,0,0,0,0
120201,1,1,1997,0,0,0,0,0,0,0,0,0,0
120202,0,1,1997,39,39,39,39,39,39,39,39,39,39
120202,1,1,1997,0,0,0,0,0,0,0,0,0,0
120203,1,1,1997,0,0,0,0,17,0,0,0,0,0
120203,2,1,1997,0,0,0,0,0,0,0,0,0,0
120204,1,1,1997,0,0,0,0,0,0,0,0,0,0
120205,1,1,1997,19,19,19,19,19,19,19,19,19,19
120206,1,1,1997,15,15,15,15,15,15,15,15,15,15
120207,1,1,1997,0,0,0,0,0,0,0,0,0,0
120207,2,1,1997,0,0,0,0,0,0,0,0,0,0
120207,3,1,1997,0,0,0,0,0,0,0,0,0,0
120208,1,1,1997,0,0,0,0,0,0,0,0,0,0
120208,2,1,1997,0,0,0,0,0,0,0,0,0,0
120209,1,1,1997,0,0,0,0,0,0,0,0,0,0
120209,2,1,1997,0,0,0,0,0,0,0,0,0,0
120210,1,1,1997,0,0,0,0,0,0,0,0,0,0
120211,0,1,1997,0,0,0,0,0,0,0,0,0,0
120211,1,1,1997,0,0,0,0,0,0,0,0,0,0
120212,1,1,1997,0,0,0,0,0,0,0,0,0,0
120212,2,1,1997,0,0,0,0,0,0,0,0,0,0
120213,0,1,1997,0,0,0,0,0,0,0,14,0,0
120213,1,1,1997,0,0,0,0,0,0,0,0,0,0
120214,0,1,1997,0,0,0,0,0,0,0,0,0,0
120214,1,1,1997,0,0,0,0,0,0,0,0,0,0
120215,1,1,1997,0,0,0,0,0,0,0,0,0,0
120216,1,1,1997,0,0,0,0,0,0,0,0,0,0
120216,2,1,1997,0,0,0,0,0,0,0,0,0,0
120217,1,1,1997,0,0,0,0,0,0,0,0,0,0
120218,1,1,1997,0,0,0,0,0,0,0,0,0,0
120218,2,1,1997,0,0,0,0,0,0,0,0,0,0
120219,1,1,1997,18,18,18,18,18,18,18,18,18,18
120219,2,1,1997,0,0,0,0,0,0,0,0,0,0
120220,1,1,1997,19,19,19,19,19,19,19,19,19,19
120220,2,1,1997,0,0,0,0,0,0,0,0,0,0
120221,1,1,1997,0,0,0,0,0,0,0,0,0,0
120221,2,1,1997,0,0,0,0,0,0,0,0,0,0
120222,0,1,1997,0,0,0,0,0,0,0,0,0,0
120222,1,1,1997,0,0,0,0,0,0,0,0,0,0
120223,0,1,1997,0,3,0,0,0,0,0,6,0,8
120223,1,1,1997,0,0,0,0,0,0,18,9,0,0
120223,2,1,1997,0,0,0,0,0,0,0,0,0,0
120223,3,1,1997,0,0,0,0,0,0,0,0,0,0
120224,0,1,1997,36,36,36,36,36,36,36,36,36,36
120224,1,1,1997,7,7,7,7,7,7,7,7,7,7
120225,1,1,1997,0,0,0,0,0,0,0,0,0,0
120226,0,1,1997,0,0,0,0,0,0,0,0,0,0
120226,1,1,1997,15,15,15,15,15,15,15,15,15,15
120227,1,1,1997,0,0,0,0,0,0,0,0,0,0
120228,0,1,1997,0,0,0,0,0,0,0,0,0,0
120228,1,1,1997,0,0,0,0,0,0,0,0,0,0
120229,1,1,1997,0,0,0,0,0,0,0,0,0,0
120229,2,1,1997,0,0,0,0,0,0,0,0,0,0
120230,1,1,1997,0,0,0,0,0,0,0,0,0,0
120230,2,1,1997,0,0,0,0,9,0,0,0,0,0
120231,1,1,1997,0,0,0,0,0,0,0,0,0,0
120231,2,1,1997,26,26,26,26,26,26,26,26,26,26
120231,3,1,1997,0,0,0,0,0,0,0,0,0,0
120232,0,1,1997,0,0,0,0,0,0,0,0,0,0
120232,1,1,1997,0,0,0,0,0,20,0,0,10,0
120233,0,1,1997,0,0,0,0,0,0,0,0,0,0
120233,1,1,1997,0,0,0,0,0,0,0,0,0,0
120234,1,1,1997,0,0,0,0,5,0,0,0,0,0
120234,2,1,1997,0,0,0,0,0,0,0,0,0,0
120235,1,1,1997,0,0,0,0,0,0,0,0,0,0
120235,2,1,1997,0,0,0,0,0,12,0,0,0,0
120236,1,1,1997,0,14,0,0,0,0,0,0,13,0
120236,2,1,1997,0,0,0,0,0,0,0,0,0,0
120237,1,1,1997,26,26,26,26,26,26,26,26,26,26
120237,2,1,1997,0,0,0,0,0,0,0,0,0,0
120238,1,1,1997,0,0,0,0,0,0,0,0,0,0
120238,2,1,1997,0,0,0,0,0,0,0,0,0,0
120239,1,1,1997,26,26,26,26,26,26,26,26,26,26
120240,1,1,1997,0,0,0,0,0,0,0,0,0,0
120240,2,1,1997,0,0,0,0,0,0,0,0,0,0
120240,3,1,1997,0,0,0,0,0,0,0,0,0,0
120241,1,1,1997,21,21,21,21,21,21,21,21,21,21
120242,1,1,1997,24,24,24,24,24,24,24,24,24,24
120243,1,1,1997,0,0,0,0,0,0,0,0,0,0
120243,2,1,1997,0,0,0,0,0,0,0,0,0,0
120244,1,1,1997,21,21,21,21,21,21,21,21,21,21
120244,2,1,1997,0,0,0,0,0,0,0,8,12,0
120244,3,1,1997,0,0,0,0,0,0,0,0,0,0
120245,1,1,1997,21,21,21,21,21,21,21,21,21,21
120246,1,1,1997,16,16,16,16,16,16,16,16,16,16
120247,1,1,1997,0,0,0,0,0,0,0,0,0,0
120247,2,1,1997,0,0,0,0,0,0,0,0,0,0
120247,3,1,1997,0,0,0,0,0,0,0,0,0,0
120247,4,1,1997,0,0,0,0,0,0,0,0,0,0
120247,5,1,1997,0,0,0,0,0,0,0,0,0,0
120247,6,1,1997,0,0,0,0,0,0,4,0,0,0
120247,7,1,1997,0,0,0,0,0,0,0,0,0,0
120247,8,1,1997,0,0,0,0,0,0,0,0,0,0
120247,9,1,1997,0,0,0,0,0,0,0,0,0,0
120248,0,1,1997,0,0,0,0,0,0,0,0,0,0
120248,1,1,1997,3,3,3,3,3,3,3,3,3,3
120249,1,1,1997,0,0,0,0,0,0,0,0,0,0
120249,2,1,1997,0,0,0,0,0,0,0,0,0,0
120250,1,1,1997,0,0,0,0,0,0,0,10,0,0
120250,2,1,1997,0,0,0,0,0,0,0,0,0,0
120251,1,1,1997,0,0,0,0,0,0,0,0,0,0
120252,0,1,1997,13,0,0,0,0,18,0,0,17,11
120252,1,1,1997,0,0,0,0,0,0,0,0,0,0
120253,1,1,1997,0,0,0,0,0,0,0,0,0,0
120253,2,1,1997,0,0,0,0,0,0,0,0,0,0
120254,1,1,1997,0,0,0,0,0,0,0,0,0,0
120254,2,1,1997,0,0,0,0,0,0,0,0,0,0
120255,1,1,1997,0,0,0,0,0,0,0,0,0,0
120255,2,1,1997,0,0,0,0,0,0,0,0,0,0
120256,0,1,1997,17,17,17,17,17,17,17,17,17,17
120256,1,1,1997,0,0,0,0,0,0,0,0,0,0
120257,1,1,1997,0,0,0,0,0,0,0,0,0,0
120257,2,1,1997,0,0,0,7,0,0,0,0,0,0
120258,1,1,1997,0,0,0,0,0,0,0,0,0,0
120258,2,1,1997,0,0,0,0,8,0,0,0,0,0
120258,3,1,1997,0,0,0,0,0,0,0,0,0,0
120259,1,1,1997,16,0,0,14,0,11,3,0,0,0
120260,1,1,1997,0,0,0,0,0,0,0,0,0,0
120260,2,1,1997,0,0,0,0,0,0,0,0,0,0
120261,0,1,1997,0,0,0,16,0,0,0,24,28,0
120261,1,1,1997,0,0,0,0,0,0,0,0,0,0
120262,1,1,1997,0,0,0,0,0,0,0,0,0,0
120263,0,1,1997,0,0,0,0,0,0,0,0,0,0
120263,1,1,1997,0,0,0,0,0,0,0,0,0,0
120264,1,1,1997,0,0,0,0,0,0,0,0,0,0
120264,2,1,1997,0,0,0,0,0,0,0,0,0,0
120265,1,1,1997,0,0,0,0,0,0,0,0,12,0
120265,2,1,1997,0,0,0,0,0,0,0,0,0,0
120266,1,1,1997,0,0,0,0,0,0,0,0,0,0
120266,2,1,1997,0,0,0,0,0,0,0,0,0,0
120267,1,1,1997,0,0,0,0,0,0,10,0,0,0
120267,2,1,1997,0,0,0,0,0,0,0,0,0,0
120268,0,1,1997,0,0,0,0,0,0,0,0,0,0
120268,1,1,1997,0,0,0,0,0,0,0,0,0,0
120269,1,1,1997,0,0,0,0,0,0,0,0,0,0
120269,2,1,1997,0,0,0,0,0,0,0,0,0,0
120270,1,1,1997,30,30,30,30,30,30,30,30,30,30
120270,2,1,1997,0,0,0,0,0,0,0,0,0,0
120271,1,1,1997,0,0,0,0,0,0,0,0,0,0
120272,1,1,1997,0,0,0,0,0,0,0,0,0,0
120273,1,1,1997,0,0,0,0,0,0,0,0,0,0
120273,2,1,1997,0,0,0,0,0,0,0,0,0,0
120274,0,1,1997,0,0,10,25,0,0,38,0,18,0
120274,1,1,1997,0,0,0,0,0,0,0,8,0,0
120275,1,1,1997,0,0,0,0,0,0,0,0,0,0
120275,2,1,1997,0,0,0,0,0,0,0,0,0,0
120276,1,1,1997,0,0,0,0,0,0,0,0,0,0
120276,2,1,1997,0,0,0,0,0,0,0,0,0,0
120276,3,1,1997,0,0,0,0,0,0,0,0,0,0
120277,1,1,1997,0,0,0,0,0,0,0,0,0,0
120277,2,1,1997,0,0,0,0,0,0,0,0,0,0
120277,3,1,1997,0,0,0,0,0,0,0,0,0,0
120277,4,1,1997,0,0,0,0,0,0,0,0,0,0
120277,5,1,1997,0,0,0,0,0,0,0,0,0,0
120278,1,1,1997,12,12,12,12,12,12,12,12,12,12
120279,1,1,1997,0,0,27,0,0,0,0,0,0,0
120279,2,1,1997,0,0,0,0,0,0,33,0,0,0
120280,1,1,1997,0,0,0,0,0,0,0,0,0,0
120281,1,1,1997,0,0,0,0,0,0,0,0,0,0
120281,2,1,1997,0,0,0,0,0,0,0,0,0,0
120282,1,1,1997,0,0,0,0,0,0,6,0,0,0
120282,2,1,1997,28,0,0,0,0,0,27,0,0,0
120283,1,1,1997,20,0,0,0,0,0,0,0,0,6
120284,1,1,1997,24,24,24,34,13,40,13,7,28,0
120285,0,1,1997,0,0,0,0,0,0,0,0,0,0
120285,1,1,1997,0,0,0,0,0,0,0,12,0,0
120286,0,1,1997,0,21,0,0,0,0,0,0,0,0
120286,1,1,1997,0,0,0,0,0,0,0,0,0,0
120287,0,1,1997,0,17,25,23,12,0,18,0,11,40
120287,1,1,1997,0,0,0,0,0,0,0,0,0,0
120288,1,1,1997,3,3,3,3,3,3,3,3,3,3
120289,1,1,1997,0,0,0,0,22,0,0,0,0,0
120289,2,1,1997,0,0,0,0,0,0,0,0,0,0
120290,1,1,1997,0,0,0,0,0,0,0,0,0,0
120291,0,1,1997,0,0,19,0,0,0,0,0,0,0
120291,1,1,1997,0,0,0,0,0,0,0,0,0,0
120292,1,1,1997,10,10,10,10,10,10,10,10,10,10
120293,0,1,1997,0,0,0,0,0,0,0,0,0,0
120293,1,1,1997,0,0,0,0,0,0,0,0,0,0
120294,0,1,1997,0,0,0,0,0,0,0,0,0,0
120294,1,1,1997,0,0,0,0,0,0,0,0,0,0
120295,1,1,1997,0,0,0,0,0,0,0,0,0,0
120295,2,1,1997,0,29,0,0,0,16,0,0,0,0
120296,1,1,1997,0,0,0,0,0,0,0,0,0,0
120296,2,1,1997,0,0,0,0,0,0,0,0,0,0
120297,0,1,1997,0,0,0,0,0,0,0,11,0,0
120297,1,1,1997,0,0,0,0,0,11,0,0,0,0
120298,1,1,1997,27,27,27,27,27,27,27,27,27,27
120298,2,1,1997,0,12,0,0,3,0,0,0,0,0
120299,1,1,1997,0,0,0,0,0,0,0,0,0,0
120299,2,1,1997,7,0,0,0,0,0,0,0,0,0
120299,3,1,1997,0,0,0,0,0,0,0,0,0,0
120300,1,1,1997,30,30,30,30,30,30,30,30,30,30
120300,2,1,1997,0,0,0,0,0,0,0,0,0,0
120301,1,1,1997,0,0,0,0,0,0,0,0,0,0
120301,2,1,1997,0,0,0,0,0,0,0,0,0,0
120302,1,1,1997,0,0,0,0,0,0,0,0,0,0
120302,2,1,1997,0,0,0,0,0,0,0,0,0,0
120302,3,1,1997,0,0,0,0,0,0,6,0,0,0
120303,0,1,1997,0,0,0,0,0,0,0,0,0,0
120303,1,1,1997,0,0,0,0,0,0,0,0,0,0
120304,1,1,1997,28,28,28,28,28,28,28,28,28,28
120305,1,1,1997,0,0,0,0,0,0,0,0,0,0
120305,2,1,1997,0,0,0,0,0,0,0,0,0,0
120306,1,1,1997,0,0,0,0,0,0,0,0,0,0
120307,0,1,1997,32,32,32,32,32,32,32,32,32,32
120307,1,1,1997,0,21,0,0,5,0,21,23,0,0
120308,1,1,1997,0,0,0,0,0,0,0,0,0,0
120309,1,1,1997,0,0,0,0,0,0,0,0,0,0
120309,2,1,1997,0,0,0,0,0,0,0,0,0,0
120310,1,1,1997,0,0,0,0,0,0,0,0,0,0
120310,2,1,1997,23,23,23,23,23,23,23,23,23,23
120311,1,1,1997,0,0,0,0,0,0,0,0,0,0
120311,2,1,1997,0,0,0,0,0,0,0,0,0,0
120312,0,1,1997,10,10,10,10,10,10,10,10,10,10
120312,1,1,1997,0,0,0,0,0,0,0,0,0,0
120313,1,1,1997,0,0,0,0,0,0,0,0,0,0
120313,2,1,1997,0,0,0,0,0,0,0,0,0,0
120314,1,1,1997,4,4,4,4,4,4,4,4,4,4
120314,2,1,1997,0,0,0,19,25,0,0,0,0,0
120315,1,1,1997,21,21,21,21,21,21,21,21,21,21
120316,1,1,1997,0,0,0,0,0,0,0,0,0,0
120316,2,1,1997,0,0,0,0,0,0,0,0,0,0
120317,1,1,1997,0,0,0,0,0,0,0,0,0,0
120318,1,1,1997,0,0,0,0,0,0,0,0,0,0
120319,0,1,1997,0,0,0,0,0,0,0,0,0,0
120319,1,1,1997,0,0,0,0,0,0,0,0,0,0
120320,1,1,1997,0,0,0,0,0,0,0,0,0,0
120320,2,1,1997,0,0,0,0,0,0,0,0,0,0
120320,3,1,1997,0,0,0,0,0,0,0,0,0,0
120321,1,1,1997,0,0,31,0,0,0,0,16,0,0
120322,0,1,1997,25,25,25,25,25,25,25,25,25,25
120322,1,1,1997,19,0,0,0,0,0,0,0,0,0
120323,1,1,1997,0,0,0,0,0,0,0,17,0,22
120324,1,1,1997,0,0,0,0,0,0,0,0,0,0
120324,2,1,1997,0,0,0,9,0,15,0,11,13,0
120325,1,1,1997,0,0,0,0,0,0,0,0,0,0
120325,2,1,1997,0,0,0,0,0,0,0,0,0,0
120326,0,1,1997,0,0,0,0,0,0,0,0,0,0
120326,1,1,1997,0,0,0,0,0,0,0,0,0,0
120327,0,1,1997,17,32,35,18,27,33,21,21,0,11
120327,1,1,1997,0,0,0,0,0,0,12,0,0,0
120328,1,1,1997,0,0,0,0,0,0,0,0,0,0
120328,2,1,1997,0,0,0,0,0,0,0,0,0,0
120329,1,1,1997,0,0,0,0,0,0,0,0,0,0
120329,2,1,1997,0,0,0,0,0,0,0,0,0,0
120329,3,1,1997,0,0,0,0,0,0,0,0,0,0