ST_CASE,VEH_NO,PER_NO,YEAR,P1,P2,P3,P4,P5,P6,P7,P8,P9,P10
120329,4,1,1997,0,0,0,0,0,0,0,0,0,0
120329,5,1,1997,0,0,0,0,0,0,0,0,0,0
120330,1,1,1997,30,30,30,30,30,30,30,30,30,30
120331,0,1,1997,0,0,0,0,0,0,0,0,0,0
120331,1,1,1997,0,0,0,0,0,0,0,0,0,0
120332,1,1,1997,0,0,0,0,0,0,0,0,0,0
120333,0,1,1997,0,0,0,0,0,0,0,0,0,0
120333,1,1,1997,0,0,0,0,0,0,0,0,0,0
120334,1,1,1997,15,15,15,15,15,15,15,15,15,15
120334,2,1,1997,0,0,0,0,0,0,0,0,0,0
120335,0,1,1997,0,13,37,0,0,0,0,0,0,0
120335,1,1,1997,0,0,0,0,0,0,0,0,0,12
120336,1,1,1997,0,0,0,0,0,0,0,0,0,0
120336,2,1,1997,0,0,0,0,0,0,0,0,0,0
120337,1,1,1997,17,17,17,17,17,17,17,17,17,17
120338,0,1,1997,0,0,0,0,20,0,0,0,0,0
120338,1,1,1997,0,0,0,0,0,0,0,0,0,0
120339,1,1,1997,0,0,0,0,0,0,0,0,0,0
120339,2,1,1997,0,0,0,0,0,0,0,0,0,0
120339,3,1,1997,0,0,0,0,0,0,0,0,0,0
120340,1,1,1997,27,27,27,27,27,27,27,27,27,27
120341,0,1,1997,19,19,19,19,19,19,19,19,19,19
120341,1,1,1997,0,0,0,0,0,0,0,0,0,0
120342,1,1,1997,13,0,10,0,0,0,17,0,0,0
120343,1,1,1997,0,0,0,0,0,0,0,0,0,0
120343,2,1,1997,0,0,0,0,0,0,0,0,0,0
120343,3,1,1997,0,0,0,0,0,0,0,0,0,0
120343,4,1,1997,0,0,0,0,0,0,0,0,0,0
120344,0,1,1997,0,0,0,0,0,0,0,0,0,0
120344,1,1,1997,3,0,0,0,0,0,0,0,0,0
120344,2,1,1997,0,7,0,0,0,0,0,2,0,0
120345,0,1,1997,0,0,0,0,0,25,0,0,0,0
120345,1,1,1997,0,0,0,0,0,0,0,0,0,0
120346,1,1,1997,0,0,0,0,0,0,0,0,0,0
120346,2,1,1997,0,0,0,0,0,0,0,0,0,0
120347,1,1,1997,18,0,0,0,0,0,0,0,0,0
120348,1,1,1997,0,25,10,0,19,23,0,23,25,0
120349,1,1,1997,0,0,0,0,0,0,0,0,0,0
120349,2,1,1997,0,0,0,0,0,0,0,0,0,0
120350,0,1,1997,0,0,0,0,0,0,0,0,0,0
120350,1,1,1997,0,0,0,0,0,0,0,0,0,0
120351,1,1,1997,0,0,0,0,0,0,0,0,0,7
120352,0,1,1997,0,0,0,0,0,0,0,0,0,0
120352,1,1,1997,0,5,0,10,5,0,9,23,0,0
120354,1,1,1997,0,0,0,0,0,0,0,0,0,0
120354,2,1,1997,0,0,0,0,0,0,0,0,0,0
120355,1,1,1997,0,0,0,18,14,0,0,0,0,0
120356,1,1,1997,0,0,0,0,0,0,0,0,0,0
120357,0,1,1997,32,32,32,32,32,32,32,32,32,32
120357,1,1,1997,0,21,0,0,0,0,0,0,0,0
120358,0,1,1997,24,24,24,24,24,24,24,24,24,24
120358,1,1,1997,0,0,0,0,0,0,0,0,0,0
120359,1,1,1997,11,11,11,11,11,11,11,11,11,11
120360,1,1,1997,0,0,0,0,0,0,0,0,0,0
120360,2,1,1997,0,0,0,0,0,0,0,0,25,0
120361,1,1,1997,0,0,0,0,0,0,0,0,0,0
120362,0,1,1997,32,32,32,32,32,32,32,32,32,32
120362,1,1,1997,0,0,0,0,0,0,0,0,0,0
120363,1,1,1997,22,22,22,22,22,22,22,22,22,22
120364,1,1,1997,0,0,0,0,0,0,0,0,0,0
120365,0,1,1997,0,0,0,0,0,0,0,0,0,0
120365,1,1,1997,0,0,0,0,0,0,0,0,0,0
120366,1,1,1997,14,14,14,14,14,14,14,14,14,14
120366,2,1,1997,3,0,0,0,0,0,0,0,0,0
120367,1,1,1997,13,13,13,13,13,13,13,13,13,13
120368,1,1,1997,23,23,23,23,23,23,23,23,23,23
120369,0,1,1997,0,22,0,15,21,14,22,0,24,0
120369,0,2,1997,12,12,12,12,12,12,12,12,12,12
120369,1,1,1997,0,0,0,0,0,0,0,0,0,0
120370,1,1,1997,7,7,7,7,7,7,7,7,7,7
120371,1,1,1997,9,9,9,9,9,9,9,9,9,9
120371,2,1,1997,0,0,0,0,0,0,0,0,0,0
120372,0,1,1997,0,15,13,0,22,0,0,0,0,0
120372,1,1,1997,0,0,0,0,0,0,0,0,0,0
120373,1,1,1997,0,0,0,0,0,0,0,0,0,0
120373,2,1,1997,0,0,0,0,0,0,0,0,0,0
120374,1,1,1997,0,0,0,0,0,0,0,0,0,0
120374,2,1,1997,0,0,0,0,0,0,0,0,0,0
120375,1,1,1997,0,0,0,0,0,0,0,0,0,0
120375,2,1,1997,0,0,0,0,0,0,0,0,0,0
120376,1,1,1997,0,0,0,0,0,0,0,0,0,0
120377,1,1,1997,36,36,36,36,36,36,36,36,36,36
120377,2,1,1997,0,0,0,0,0,0,0,0,0,0
120378,1,1,1997,0,0,0,0,0,0,0,0,0,0
120378,2,1,1997,0,0,0,0,0,0,0,0,0,0
120379,1,1,1997,0,0,0,0,0,0,0,0,0,0
120380,1,1,1997,18,18,18,18,18,18,18,18,18,18
120381,1,1,1997,0,0,0,0,0,0,0,0,0,0
120381,2,1,1997,0,0,0,0,0,0,0,0,0,0
120382,1,1,1997,0,0,0,0,0,0,0,0,0,0
120383,0,1,1997,24,24,24,24,24,24,24,24,24,24
120383,1,1,1997,0,0,0,0,0,0,0,0,0,0
120384,1,1,1997,18,18,18,18,18,18,18,18,18,18
120385,1,1,1997,0,0,0,0,0,9,0,0,0,0
120385,2,1,1997,0,0,0,0,0,0,0,0,0,0
120386,1,1,1997,0,0,0,0,0,0,0,0,0,0
120386,2,1,1997,0,0,0,0,0,0,0,0,0,0
120387,0,1,1997,0,6,0,14,0,0,0,0,0,0
120387,0,2,1997,0,0,0,0,0,0,0,0,0,0
120387,1,1,1997,0,0,0,0,0,0,0,0,0,0
120388,0,1,1997,20,20,20,20,20,20,20,20,20,20
120388,1,1,1997,0,0,0,0,0,0,0,0,0,0
120389,1,1,1997,0,0,0,0,0,0,0,0,0,0
120390,1,1,1997,0,0,0,9,17,0,0,0,0,0
120391,1,1,1997,0,0,0,0,0,0,0,0,0,0
120391,2,1,1997,0,0,0,0,0,0,0,0,0,0
120392,1,1,1997,0,0,0,0,0,0,0,0,0,0
120392,2,1,1997,0,0,0,0,0,0,0,0,0,0
120393,0,1,1997,0,0,0,0,0,0,0,0,0,0
120393,1,1,1997,0,0,0,0,0,0,0,0,0,0
120394,1,1,1997,0,0,0,0,0,0,0,0,0,0
120395,1,1,1997,0,0,0,0,0,0,0,0,0,0
120395,2,1,1997,0,29,0,0,0,0,0,0,0,0
120396,1,1,1997,0,0,0,10,0,16,0,0,0,0
120396,2,1,1997,0,0,0,0,0,0,0,0,0,0
120397,1,1,1997,21,21,21,21,21,21,21,21,21,21
120398,0,1,1997,32,32,32,32,32,32,32,32,32,32
120398,1,1,1997,0,0,0,0,0,0,0,0,0,0
120399,1,1,1997,0,0,0,0,0,0,0,0,0,0
120399,2,1,1997,0,0,0,0,0,0,0,0,0,8
120400,0,1,1997,0,0,0,0,0,0,0,0,0,0
120400,1,1,1997,0,0,0,0,0,0,0,0,0,0
120401,0,1,1997,0,0,0,0,0,0,0,0,0,0
120401,1,1,1997,0,0,0,0,0,0,0,0,0,0
120401,2,1,1997,0,0,0,0,0,0,0,0,0,0
120402,1,1,1997,0,0,0,0,0,0,0,0,0,0
120402,2,1,1997,0,0,0,0,0,0,0,0,0,0
120403,1,1,1997,12,12,12,12,12,12,12,12,12,12
120404,1,1,1997,0,0,0,0,0,0,0,0,0,0
120404,2,1,1997,0,0,0,0,0,0,0,0,0,0
120405,1,1,1997,1,1,1,1,1,1,1,1,1,1
120406,1,1,1997,0,0,0,0,0,0,0,0,0,0
120406,2,1,1997,0,0,0,0,0,0,0,0,0,0
120407,0,1,1997,0,0,0,10,0,0,0,0,0,0
120407,1,1,1997,0,0,0,0,0,0,0,0,0,6
120407,2,1,1997,0,0,0,0,0,0,0,0,0,0
120408,1,1,1997,0,0,0,0,0,0,0,0,0,0
120408,2,1,1997,0,0,0,0,0,0,0,0,6,0
120408,3,1,1997,0,0,0,11,0,0,0,0,0,0
120409,1,1,1997,0,0,8,0,0,0,0,0,0,0
120409,2,1,1997,0,4,0,0,0,0,0,0,0,0
120410,0,1,1997,0,0,0,0,0,0,37,0,0,0
120410,1,1,1997,0,0,0,0,0,0,0,0,0,0
120410,2,1,1997,0,0,0,0,0,0,0,0,0,0
120411,1,1,1997,14,0,8,0,0,4,0,0,9,0
120412,1,1,1997,0,0,0,0,0,0,0,0,0,0
120412,2,1,1997,0,0,0,0,0,0,0,0,0,0
120413,1,1,1997,0,0,0,0,0,0,0,0,0,0
120414,0,1,1997,0,0,0,0,0,0,0,33,0,0
120414,1,1,1997,19,19,19,19,19,19,19,19,19,19
120415,0,1,1997,0,0,0,0,0,0,0,0,0,0
120415,1,1,1997,21,21,21,21,21,21,21,21,21,21
120416,1,1,1997,25,25,25,25,25,25,25,25,25,25
120417,1,1,1997,0,0,0,0,0,0,0,0,0,0
120417,2,1,1997,0,0,0,0,0,0,0,0,0,0
120418,1,1,1997,0,0,0,0,0,0,0,0,0,0
120418,2,1,1997,0,0,0,0,0,0,0,0,0,0
120419,1,1,1997,15,15,15,15,15,15,15,15,15,15
120420,1,1,1997,0,0,0,0,0,0,0,0,0,0
120420,2,1,1997,0,0,0,0,0,0,0,0,0,0
120421,1,1,1997,12,12,12,12,12,12,12,12,12,12
120422,1,1,1997,0,0,0,0,0,0,20,0,0,0
120422,2,1,1997,0,0,0,0,0,0,0,0,0,0
120423,1,1,1997,0,0,0,0,0,0,0,0,0,0
120424,1,1,1997,0,0,0,0,0,0,0,0,0,0
120424,2,1,1997,0,0,0,0,0,0,0,0,0,0
120425,1,1,1997,18,18,18,18,18,18,18,18,18,18
120425,2,1,1997,0,0,0,0,0,0,0,0,7,0
120426,1,1,1997,29,29,29,29,29,29,29,29,29,29
120427,1,1,1997,0,0,0,0,0,0,0,6,5,0
120427,2,1,1997,0,0,0,12,12,23,14,18,34,0
120428,1,1,1997,0,0,0,0,0,0,0,0,0,0
120428,2,1,1997,0,0,0,0,0,0,0,0,0,0
120429,0,1,1997,0,0,0,0,0,0,0,0,0,0
120429,0,2,1997,0,0,0,0,0,0,0,0,0,0
120429,1,1,1997,0,0,0,0,0,0,0,0,0,0
120430,1,1,1997,21,21,21,21,21,21,21,21,21,21
120431,1,1,1997,0,0,0,0,0,0,0,0,0,0
120431,2,1,1997,0,0,0,0,0,0,0,0,0,0
120432,1,1,1997,7,7,7,7,7,7,7,7,7,7
120433,0,1,1997,11,11,11,11,11,11,11,11,11,11
120433,1,1,1997,0,0,0,0,0,0,0,0,0,0
120434,1,1,1997,0,4,0,0,0,0,0,21,0,0
120434,2,1,1997,0,0,0,0,0,0,20,0,8,0
120435,1,1,1997,0,0,0,0,0,0,0,0,0,0
120435,2,1,1997,0,0,0,0,0,0,0,0,0,0
120436,1,1,1997,0,0,0,0,0,0,0,0,0,0
120436,2,1,1997,0,0,0,0,12,0,0,0,20,0
120437,1,1,1997,27,27,27,27,27,27,27,27,27,27
120437,2,1,1997,0,0,0,0,0,0,0,0,0,13
120438,1,1,1997,0,0,0,0,0,0,0,0,0,0
120438,2,1,1997,0,0,0,0,0,0,0,0,0,0
120439,1,1,1997,0,0,0,0,0,0,0,0,4,0
120439,2,1,1997,0,0,0,0,0,0,0,24,0,0
120440,1,1,1997,0,0,0,0,0,13,0,0,0,0
120440,2,1,1997,13,0,14,0,0,0,0,4,8,8
120441,1,1,1997,21,21,21,21,21,21,21,21,21,21
120441,2,1,1997,0,0,0,0,0,0,0,0,0,0
120442,1,1,1997,28,28,28,28,28,28,28,28,28,28
120443,1,1,1997,22,22,22,22,22,22,22,22,22,22
120444,0,1,1997,17,17,17,17,17,17,17,17,17,17
120444,1,1,1997,0,15,19,11,3,57,18,19,0,0
120444,2,1,1997,18,6,7,13,0,0,12,19,0,0
120444,3,1,1997,0,0,0,0,0,0,0,0,0,0
120444,4,1,1997,0,0,0,0,6,0,0,0,0,0
120445,1,1,1997,27,27,27,27,27,27,27,27,27,27
120446,1,1,1997,0,0,0,0,12,7,13,0,2,0
120447,1,1,1997,0,0,0,0,0,0,0,0,0,0
120448,1,1,1997,0,0,0,0,0,0,0,0,0,0
120448,2,1,1997,0,0,0,0,0,0,0,0,0,0
120448,3,1,1997,0,0,0,0,0,0,0,0,0,0
120448,4,1,1997,0,0,0,0,0,0,0,0,0,0
120449,1,1,1997,0,0,0,0,0,0,0,0,0,0
120449,2,1,1997,0,0,0,0,0,0,0,0,0,0
120450,1,1,1997,23,23,23,23,23,23,23,23,23,23
120450,2,1,1997,0,0,0,0,0,0,0,0,0,0
120451,1,1,1997,0,0,0,0,0,0,0,0,0,0
120452,1,1,1997,0,0,0,0,0,0,0,0,0,0
120452,2,1,1997,0,0,0,0,0,0,0,0,0,0
120453,0,1,1997,26,26,26,26,26,26,26,26,26,26
120453,1,1,1997,0,0,0,0,0,0,0,0,0,0
120454,1,1,1997,0,0,0,15,0,0,0,0,0,0
120454,2,1,1997,0,0,0,0,0,0,0,0,0,0
120455,1,1,1997,0,0,0,0,0,0,0,0,0,0
120456,0,1,1997,0,0,11,0,0,0,0,0,0,0
120456,1,1,1997,0,0,0,0,0,0,0,0,0,0
120457,1,1,1997,20,20,20,20,20,20,20,20,20,20
120457,2,1,1997,0,0,0,0,0,0,0,0,0,0
120457,3,1,1997,0,0,0,0,0,0,0,0,0,0
120457,4,1,1997,0,0,0,0,0,0,0,0,0,0
120458,1,1,1997,7,7,7,7,7,7,7,7,7,7
120458,2,1,1997,7,7,7,7,7,7,7,7,7,7
120459,0,1,1997,0,0,0,0,0,0,0,0,0,0
120459,1,1,1997,0,0,0,0,0,0,0,0,0,0
120460,1,1,1997,0,0,0,0,0,0,0,0,0,0
120461,0,1,1997,0,0,0,0,0,0,0,0,0,0
120461,1,1,1997,11,0,0,5,0,0,0,0,0,0
120462,1,1,1997,0,0,0,0,0,0,0,0,0,0
120462,2,1,1997,0,0,0,0,0,0,0,0,0,0
120463,1,1,1997,0,0,0,0,0,0,0,0,0,0
120463,2,1,1997,0,0,0,0,0,0,0,0,0,0
120464,1,1,1997,22,22,22,22,22,22,22,22,22,22
120465,1,1,1997,18,12,0,13,16,18,7,12,30,19
120466,1,1,1997,23,23,23,23,23,23,23,23,23,23
120466,2,1,1997,0,0,0,0,0,0,0,0,0,0
120467,1,1,1997,0,0,0,0,0,0,0,0,0,0
120467,2,1,1997,0,0,0,0,0,0,0,0,0,0
120468,1,1,1997,25,25,25,25,25,25,25,25,25,25
120469,0,1,1997,0,0,0,0,0,0,0,0,0,0
120469,1,1,1997,0,0,0,0,0,0,0,0,0,0
120470,0,1,1997,14,14,14,14,14,14,14,14,14,14
120470,1,1,1997,0,17,27,18,13,0,14,0,0,16
120471,1,1,1997,0,0,0,0,0,0,0,0,0,0
120471,2,1,1997,0,0,0,0,0,0,0,0,0,0
120472,1,1,1997,31,31,31,31,31,31,31,31,31,31
120472,2,1,1997,0,0,0,0,0,0,0,0,0,0
120473,1,1,1997,25,25,25,25,25,25,25,25,25,25
120473,2,1,1997,0,0,0,0,0,0,0,0,0,0
120474,1,1,1997,0,0,0,0,0,0,0,0,0,0
120474,2,1,1997,0,0,0,0,0,0,0,0,0,0
120475,0,1,1997,0,0,0,0,0,0,0,0,0,14
120475,0,2,1997,0,0,0,0,0,0,0,5,0,0
120475,1,1,1997,0,0,0,0,0,0,0,0,0,0
120476,0,1,1997,0,0,0,0,0,0,0,0,0,0
120476,1,1,1997,0,0,0,0,0,0,0,0,0,0
120477,1,1,1997,0,0,0,0,0,0,0,0,0,0
120478,1,1,1997,6,6,6,6,6,6,6,6,6,6
120479,0,1,1997,0,0,0,0,0,0,0,0,0,0
120479,1,1,1997,0,0,0,0,0,0,0,0,0,0
120480,1,1,1997,0,0,0,0,0,0,0,0,0,0
120481,0,1,1997,35,35,35,35,35,35,35,35,35,35
120481,1,1,1997,0,0,0,0,0,0,0,0,0,0
120481,2,1,1997,0,0,0,0,0,0,0,0,0,0
120482,0,1,1997,0,0,0,0,0,0,0,0,0,0
120482,1,1,1997,0,0,0,0,0,0,0,0,0,0
120483,1,1,1997,0,10,0,11,0,0,0,0,0,5
120483,2,1,1997,0,0,0,0,0,0,0,0,0,0
120484,0,1,1997,0,14,0,0,0,0,0,0,0,0
120484,1,1,1997,0,0,0,0,0,0,0,0,0,0
120485,1,1,1997,0,0,0,0,0,8,0,0,0,0
120485,2,1,1997,0,0,0,0,0,0,0,9,0,0
120486,1,1,1997,0,0,0,0,0,0,0,0,0,0
120486,2,1,1997,0,0,0,0,0,0,0,0,17,0
120487,0,1,1997,0,0,0,0,0,0,0,0,0,0
120487,1,1,1997,0,0,0,0,0,0,0,0,0,0
120488,1,1,1997,0,0,0,0,0,0,0,0,0,0
120488,2,1,1997,0,17,0,0,0,0,0,0,0,17
120488,3,1,1997,0,0,0,0,0,0,0,0,0,0
120489,0,1,1997,0,0,0,0,0,0,0,0,0,0
120489,1,1,1997,0,0,0,0,0,0,0,0,0,0
120490,1,1,1997,0,0,0,0,0,0,0,0,0,0
120490,2,1,1997,19,19,19,19,19,19,19,19,19,19
120491,0,1,1997,0,0,0,0,0,0,0,0,0,0
120491,1,1,1997,8,8,8,8,8,8,8,8,8,8
120492,1,1,1997,0,0,0,0,0,0,0,0,0,0
120492,2,1,1997,0,0,0,0,0,0,0,0,0,0
120493,1,1,1997,22,22,22,22,22,22,22,22,22,22
120493,2,1,1997,0,0,0,0,0,0,0,0,0,0
120493,3,1,1997,0,0,4,0,0,0,3,0,0,0
120494,1,1,1997,22,22,22,22,22,22,22,22,22,22
120495,1,1,1997,21,21,21,21,21,21,21,21,21,21
120495,2,1,1997,0,0,0,0,0,0,0,0,0,0
120495,3,1,1997,0,0,0,0,0,0,0,0,0,0
120496,0,1,1997,42,42,42,42,42,42,42,42,42,42
120496,1,1,1997,0,0,0,0,0,0,0,0,0,0
120497,1,1,1997,0,0,0,0,0,0,0,0,0,0
120498,1,1,1997,0,0,0,0,0,0,0,0,0,0
120498,2,1,1997,0,0,0,0,0,0,0,0,0,0
120499,1,1,1997,23,23,23,23,23,23,23,23,23,23
120500,0,1,1997,42,42,42,42,42,42,42,42,42,42
120500,1,1,1997,0,0,0,0,0,0,0,0,0,0
120501,1,1,1997,30,30,30,30,30,30,30,30,30,30
120502,0,1,1997,42,16,16,0,24,0,26,22,31,0
120502,1,1,1997,0,0,0,0,0,0,0,0,0,10
120503,0,1,1997,0,0,0,0,0,0,0,0,0,0
120503,1,1,1997,0,0,0,0,0,0,0,0,0,0
120504,1,1,1997,9,0,8,0,0,0,0,13,0,0
120504,2,1,1997,0,0,0,0,0,0,0,0,0,0
120505,1,1,1997,7,0,0,0,0,0,0,0,0,0
120506,0,1,1997,0,0,0,0,0,0,0,0,0,0
120506,1,1,1997,0,0,0,0,0,0,0,0,0,0
120507,1,1,1997,0,16,0,0,0,0,0,0,0,0
120507,2,1,1997,0,0,0,0,0,0,0,0,0,0
120508,0,1,1997,0,10,15,11,13,19,17,0,36,0
120508,1,1,1997,0,0,0,0,0,0,0,0,0,17
120509,1,1,1997,0,0,0,0,0,0,0,0,0,0
120509,2,1,1997,1,1,1,1,1,1,1,1,1,1
120509,3,1,1997,0,0,0,0,0,0,0,0,0,0
120510,0,1,1997,31,19,0,19,0,23,6,0,11,0
120510,0,2,1997,0,20,0,8,0,35,14,0,0,0
120510,1,1,1997,0,0,0,0,0,0,0,0,0,0
120511,0,1,1997,22,22,22,22,22,22,22,22,22,22
120511,1,1,1997,0,0,0,0,0,0,0,0,0,0
120512,1,1,1997,0,0,0,0,18,0,0,0,0,0
120512,2,1,1997,0,0,0,0,0,0,0,0,0,0
120513,1,1,1997,10,0,0,0,0,0,0,0,0,0
120513,2,1,1997,7,7,7,7,7,7,7,7,7,7
120514,1,1,1997,0,0,0,0,0,0,0,0,0,0
120515,1,1,1997,0,0,0,0,0,0,0,0,0,0
120515,2,1,1997,0,0,0,0,0,0,0,0,0,0
120516,1,1,1997,0,0,0,0,0,0,0,0,0,0
120516,2,1,1997,0,0,0,0,0,0,0,0,0,0
120517,1,1,1997,0,0,0,0,0,0,0,0,0,0
120518,1,1,1997,8,0,9,0,0,0,0,0,0,0
120518,2,1,1997,0,0,0,0,0,0,0,0,0,0
120519,0,1,1997,0,33,0,0,0,14,0,0,0,0
120519,1,1,1997,0,0,0,0,0,0,0,0,0,0
120520,0,1,1997,0,0,0,0,0,0,0,0,0,0
120520,1,1,1997,0,0,0,10,0,0,0,0,0,0
120521,1,1,1997,0,0,0,0,0,0,0,0,0,0
120521,2,1,1997,0,0,0,0,0,0,0,0,0,0
120522,1,1,1997,0,0,0,0,0,0,0,0,0,0
120522,2,1,1997,0,0,0,0,0,0,0,0,0,0
120523,1,1,1997,0,0,0,0,0,0,0,0,0,0
120523,2,1,1997,7,7,7,7,7,7,7,7,7,7
120524,1,1,1997,12,12,12,12,12,12,12,12,12,12
120525,1,1,1997,29,29,29,29,29,29,29,29,29,29
120526,1,1,1997,15,15,15,15,15,15,15,15,15,15
120527,1,1,1997,10,10,10,10,10,10,10,10,10,10
120528,1,1,1997,0,0,0,0,0,0,0,0,0,0
120528,2,1,1997,0,0,0,18,0,0,0,28,0,0
120529,0,1,1997,16,0,38,7,17,0,19,22,0,14
120529,1,1,1997,0,0,0,0,0,0,0,0,0,0
120530,1,1,1997,23,23,23,23,23,23,23,23,23,23
120530,2,1,1997,0,0,0,12,0,0,17,0,0,0
120531,1,1,1997,0,0,0,0,0,0,0,0,0,0
120531,2,1,1997,0,0,0,0,0,0,0,0,0,0
120532,1,1,1997,0,0,0,0,0,0,0,0,0,0
120532,2,1,1997,0,0,0,0,0,0,0,0,0,0
120533,1,1,1997,0,0,0,0,0,0,0,0,0,0
120534,1,1,1997,12,12,12,12,12,12,12,12,12,12
120534,2,1,1997,0,0,0,0,0,0,0,0,0,0
120535,0,1,1997,0,0,0,0,0,0,0,0,0,0
120535,1,1,1997,0,0,0,0,0,0,0,0,0,0
120536,0,1,1997,15,15,15,15,15,15,15,15,15,15
120536,0,2,1997,0,0,0,15,0,0,0,0,24,0
120536,1,1,1997,15,15,15,15,15,15,15,15,15,15
120537,0,1,1997,0,0,0,0,0,0,0,0,0,0
120537,1,1,1997,13,25,8,16,0,20,0,14,30,13
120538,1,1,1997,0,0,0,0,0,0,0,0,0,0
120538,2,1,1997,0,0,0,0,0,0,0,0,0,0
120539,0,1,1997,20,20,20,20,20,20,20,20,20,20
120539,1,1,1997,0,0,0,0,0,0,0,0,0,0
120540,0,1,1997,0,0,0,0,0,0,0,0,0,0
120540,1,1,1997,0,0,0,0,0,0,0,0,0,0
120541,1,1,1997,0,0,0,0,0,0,0,0,0,0
120541,2,1,1997,0,18,0,0,0,0,0,0,0,0
120542,0,1,1997,33,33,33,33,33,33,33,33,33,33
120542,1,1,1997,0,0,0,0,0,0,0,0,0,0
120543,1,1,1997,0,0,9,0,0,0,0,0,0,0
120543,2,1,1997,0,0,0,0,12,0,0,0,0,0
120544,1,1,1997,0,0,0,0,0,0,0,0,0,0
120544,2,1,1997,0,21,0,0,0,0,0,0,0,0
120545,0,1,1997,0,0,0,0,0,0,0,0,0,0
120545,1,1,1997,0,0,12,17,0,0,0,0,0,0
120546,1,1,1997,0,0,0,0,0,0,0,0,0,0
120546,2,1,1997,0,0,0,0,0,0,0,0,0,0
120547,1,1,1997,15,15,15,15,15,15,15,15,15,15
120548,1,1,1997,0,0,0,0,0,0,0,0,0,0
120548,2,1,1997,0,0,0,0,0,0,0,0,0,0
120549,1,1,1997,13,13,13,13,13,13,13,13,13,13
120550,1,1,1997,0,0,0,0,0,0,0,0,0,0
120550,2,1,1997,0,0,0,0,0,0,0,0,0,0
120551,1,1,1997,0,0,0,0,0,0,0,0,0,0
120551,2,1,1997,0,0,4,0,0,0,0,0,0,15
120552,0,1,1997,0,0,0,0,0,0,0,0,0,0
120552,1,1,1997,0,0,0,0,0,0,0,0,0,0
120553,1,1,1997,0,0,0,0,0,0,7,0,0,0
120554,1,1,1997,0,0,0,0,0,0,0,0,0,0
120554,2,1,1997,0,0,0,0,0,0,0,0,0,0
120555,1,1,1997,0,0,0,0,0,0,0,0,0,0
120555,2,1,1997,0,0,0,0,0,0,0,0,0,0
120556,1,1,1997,13,13,13,13,13,13,13,13,13,13
120556,2,1,1997,0,0,12,0,0,0,0,0,0,0
120557,1,1,1997,15,15,15,15,15,15,15,15,15,15
120558,0,1,1997,33,33,33,33,33,33,33,33,33,33
120558,1,1,1997,19,19,19,19,19,19,19,19,19,19
120559,1,1,1997,0,0,0,0,0,0,0,0,0,0
120559,2,1,1997,0,0,0,5,0,0,0,0,22,0
120560,0,1,1997,29,29,29,29,29,29,29,29,29,29
120560,1,1,1997,0,0,0,0,0,21,0,0,0,0
120561,1,1,1997,0,0,0,0,0,0,0,0,0,0
120561,2,1,1997,4,4,4,4,4,4,4,4,4,4
120561,3,1,1997,0,0,0,0,0,0,0,0,0,0
120562,1,1,1997,16,16,16,16,16,16,16,16,16,16
120563,1,1,1997,0,0,0,0,0,0,0,0,0,0
120563,2,1,1997,18,18,18,18,18,18,18,18,18,18
120563,3,1,1997,15,6,0,0,0,0,0,0,15,0
120564,1,1,1997,0,0,0,0,0,0,0,0,0,0
120564,2,1,1997,0,7,8,18,13,0,16,0,0,21
120565,1,1,1997,0,0,23,0,11,0,0,0,13,26
120565,2,1,1997,5,0,0,21,0,0,0,0,0,0
120566,1,1,1997,0,0,0,0,0,0,0,0,0,0
120566,2,1,1997,0,0,0,0,0,0,0,0,0,0
120567,1,1,1997,0,0,0,0,0,0,0,0,0,0
120567,2,1,1997,0,0,0,0,0,0,0,0,0,0
120567,3,1,1997,0,0,0,0,0,0,0,0,0,0
120568,0,1,1997,26,26,26,26,26,26,26,26,26,26
120568,1,1,1997,0,0,0,0,0,0,0,0,0,0
120569,0,1,1997,43,43,43,43,43,43,43,43,43,43
120569,1,1,1997,0,0,0,0,0,0,0,0,0,0
120570,1,1,1997,0,0,0,0,0,0,0,0,0,0
120570,2,1,1997,0,0,0,0,0,0,26,0,0,0
120571,1,1,1997,0,0,0,0,0,0,0,0,0,0
120571,2,1,1997,0,0,0,0,0,0,0,0,0,0
120572,1,1,1997,0,0,0,0,0,0,0,0,0,0
120572,2,1,1997,0,0,0,0,0,0,0,0,0,0
120573,1,1,1997,0,0,0,0,0,0,0,0,0,12
120574,1,1,1997,0,0,0,0,0,0,0,0,0,0
120574,2,1,1997,0,0,0,0,0,0,0,0,0,0
120574,3,1,1997,0,0,0,0,0,0,0,0,0,0
120575,0,1,1997,0,0,0,0,0,0,0,0,0,0
120575,1,1,1997,0,0,0,0,0,0,0,0,0,0
120576,1,1,1997,13,13,13,13,13,13,13,13,13,13
120577,1,1,1997,0,0,0,0,0,0,0,0,0,0
120577,2,1,1997,0,0,0,0,0,0,0,0,0,0