ST_CASE,VEH_NO,PER_NO,YEAR,P1,P2,P3,P4,P5,P6,P7,P8,P9,P10
120578,1,1,1997,0,0,0,0,0,0,0,0,0,0
120578,2,1,1997,0,0,0,0,0,0,4,0,0,0
120579,1,1,1997,0,0,0,0,0,0,0,0,0,0
120579,2,1,1997,0,0,0,0,0,0,0,0,0,0
120580,1,1,1997,0,0,0,0,0,0,0,0,0,0
120580,2,1,1997,0,0,0,0,0,0,0,0,0,0
120581,1,1,1997,0,0,0,0,0,0,0,0,0,0
120581,2,1,1997,0,0,0,0,0,0,0,0,0,0
120582,1,1,1997,22,22,22,22,22,22,22,22,22,22
120583,1,1,1997,0,0,21,0,0,0,0,0,0,0
120583,2,1,1997,0,0,0,0,0,0,0,0,0,0
120584,1,1,1997,8,8,8,8,8,8,8,8,8,8
120585,1,1,1997,28,28,28,28,28,28,28,28,28,28
120586,1,1,1997,29,29,29,29,29,29,29,29,29,29
120586,2,1,1997,0,0,0,0,0,0,0,0,0,0
120587,0,1,1997,0,0,0,0,0,0,0,0,0,0
120587,1,1,1997,0,0,0,0,0,0,0,0,0,0
120588,1,1,1997,0,0,0,0,0,0,0,0,0,0
120589,1,1,1997,0,0,0,0,0,0,0,0,0,0
120589,2,1,1997,0,0,0,0,0,0,0,0,0,0
120590,0,1,1997,36,36,36,36,36,36,36,36,36,36
120590,1,1,1997,0,0,0,0,0,0,0,0,0,0
120591,1,1,1997,18,0,0,0,0,0,0,0,0,0
120592,0,1,1997,21,21,21,21,21,21,21,21,21,21
120592,1,1,1997,0,0,0,0,13,0,0,0,0,0
120593,1,1,1997,0,0,0,0,0,0,0,0,0,0
120593,2,1,1997,0,0,0,0,0,0,0,0,0,0
120594,1,1,1997,0,0,0,0,0,0,0,0,0,0
120594,2,1,1997,0,0,0,0,20,0,0,0,0,0
120595,1,1,1997,0,0,0,0,0,0,0,0,0,0
120595,2,1,1997,0,0,0,0,0,0,0,0,0,0
120596,1,1,1997,16,16,16,16,16,16,16,16,16,16
120597,1,1,1997,0,0,0,0,7,0,0,0,0,0
120597,2,1,1997,0,0,0,0,0,0,0,0,0,0
120598,0,1,1997,0,14,0,0,0,19,0,0,0,16
120598,1,1,1997,0,0,0,0,0,0,0,0,0,0
120599,1,1,1997,31,31,31,31,31,31,31,31,31,31
120599,2,1,1997,0,4,0,0,0,0,0,0,0,0
120600,0,1,1997,0,0,0,0,0,0,0,0,0,0
120600,1,1,1997,0,0,0,0,0,0,0,0,0,0
120601,1,1,1997,16,16,16,16,16,16,16,16,16,16
120601,2,1,1997,0,0,0,0,0,0,0,0,0,0
120602,1,1,1997,0,0,0,0,0,0,0,0,0,0
120602,2,1,1997,0,0,0,0,0,0,0,0,0,0
120603,1,1,1997,0,0,0,0,0,0,0,0,0,0
120603,2,1,1997,0,0,0,0,0,0,0,0,0,0
120604,1,1,1997,0,0,0,0,0,0,0,0,0,0
120604,2,1,1997,0,0,0,0,0,0,0,0,0,0
120605,1,1,1997,0,0,0,0,0,0,0,0,0,0
120606,0,1,1997,21,21,21,21,21,21,21,21,21,21
120606,1,1,1997,0,0,0,0,0,0,0,0,0,0
120607,0,1,1997,23,23,23,23,23,23,23,23,23,23
120607,1,1,1997,1,1,1,1,1,1,1,1,1,1
120608,1,1,1997,9,9,9,9,9,9,9,9,9,9
120609,1,1,1997,20,20,20,20,20,20,20,20,20,20
120610,1,1,1997,0,0,0,0,0,0,0,0,0,0
120611,1,1,1997,0,0,0,0,20,0,0,0,0,0
120611,2,1,1997,0,0,0,0,0,0,0,0,0,0
120612,1,1,1997,0,0,0,0,0,0,0,0,0,0
120613,1,1,1997,21,21,21,21,21,21,21,21,21,21
120613,2,1,1997,9,9,9,9,9,9,9,9,9,9
120614,1,1,1997,0,0,0,0,0,0,0,0,0,0
120614,2,1,1997,0,0,0,0,0,0,0,0,0,0
120615,1,1,1997,0,0,0,0,0,0,0,0,0,0
120616,1,1,1997,15,30,0,0,0,22,0,13,29,0
120616,2,1,1997,0,0,0,0,0,0,0,0,0,0
120617,1,1,1997,29,0,0,0,0,10,6,0,0,0
120617,2,1,1997,20,20,20,20,20,20,20,20,20,20
120618,1,1,1997,18,18,18,18,18,18,18,18,18,18
120618,2,1,1997,11,11,11,11,11,11,11,11,11,11
120619,1,1,1997,0,0,0,0,0,0,0,0,0,0
120620,1,1,1997,0,0,0,0,0,5,0,0,0,0
120620,2,1,1997,0,0,0,0,0,0,0,0,0,0
120621,0,1,1997,0,0,0,0,0,0,0,0,0,0
120621,1,1,1997,0,14,0,0,0,0,0,0,0,0
120622,1,1,1997,0,0,0,0,25,12,0,0,0,0
120623,1,1,1997,21,21,21,21,21,21,21,21,21,21
120624,1,1,1997,22,22,22,22,22,22,22,22,22,22
120624,2,1,1997,0,0,0,0,0,0,7,0,0,0
120625,1,1,1997,22,22,22,22,22,22,22,22,22,22
120626,0,1,1997,0,0,0,0,0,0,0,0,0,0
120626,1,1,1997,0,0,0,0,0,0,0,0,0,0
120627,1,1,1997,24,24,24,24,24,24,24,24,24,24
120628,0,1,1997,31,31,31,31,31,31,31,31,31,31
120628,1,1,1997,0,16,0,0,0,0,0,0,0,0
120629,0,1,1997,26,26,26,26,26,26,26,26,26,26
120629,1,1,1997,0,0,0,0,0,0,0,0,0,0
120630,1,1,1997,0,0,0,0,0,0,0,0,0,0
120630,2,1,1997,0,0,0,0,0,0,0,0,0,4
120631,1,1,1997,0,0,0,0,0,0,0,0,0,0
120631,2,1,1997,0,0,0,0,0,0,0,0,0,0
120632,1,1,1997,0,9,9,15,26,26,0,20,24,0
120632,2,1,1997,0,0,0,0,0,0,0,0,0,0
120633,0,1,1997,14,14,14,14,14,14,14,14,14,14
120633,1,1,1997,0,0,0,0,0,0,0,0,0,0
120634,0,1,1997,27,0,0,39,14,0,0,0,0,0
120634,1,1,1997,0,0,19,0,0,0,0,0,0,0
120635,0,1,1997,0,0,0,0,0,0,0,17,0,0
120635,1,1,1997,0,0,0,0,0,0,0,0,0,0
120636,0,1,1997,19,19,19,19,19,19,19,19,19,19
120636,1,1,1997,0,0,0,0,0,0,0,0,0,0
120637,1,1,1997,11,11,11,11,11,11,11,11,11,11
120638,1,1,1997,0,0,0,0,0,0,0,0,0,0
120638,2,1,1997,0,20,0,0,0,0,0,0,0,0
120639,1,1,1997,0,0,0,0,0,0,0,0,20,0
120639,2,1,1997,0,0,0,0,0,0,0,0,0,13
120640,1,1,1997,0,0,0,0,0,0,0,0,0,0
120640,2,1,1997,0,0,0,0,0,0,0,0,0,0
120640,3,1,1997,0,0,0,0,0,0,0,0,0,0
120641,1,1,1997,21,21,21,21,21,21,21,21,21,21
120642,1,1,1997,0,0,0,0,0,0,0,0,0,0
120642,2,1,1997,0,0,0,0,0,0,0,0,0,0
120643,1,1,1997,0,0,0,0,0,0,0,0,0,0
120644,1,1,1997,8,8,8,8,8,8,8,8,8,8
120645,1,1,1997,0,0,0,0,0,0,0,0,0,0
120645,2,1,1997,0,0,0,0,0,0,0,0,0,0
120646,0,1,1997,0,0,0,0,0,0,0,0,0,0
120646,1,1,1997,0,0,0,0,11,0,0,0,7,0
120647,1,1,1997,0,0,0,0,0,0,0,0,0,0
120648,0,1,1997,0,0,0,0,0,0,0,0,0,0
120648,1,1,1997,0,0,0,0,0,0,0,0,0,0
120649,1,1,1997,0,0,0,0,0,0,0,0,0,0
120650,1,1,1997,0,30,0,0,0,0,0,0,0,0
120650,2,1,1997,0,0,0,0,0,0,0,0,0,0
120651,1,1,1997,0,0,0,0,0,0,0,0,0,0
120651,2,1,1997,0,6,0,0,0,0,0,0,0,0
120652,0,1,1997,0,0,0,0,0,0,22,0,0,0
120652,1,1,1997,0,0,0,0,0,0,0,0,0,0
120653,0,1,1997,0,0,23,22,0,32,0,0,0,0
120653,1,1,1997,0,0,0,0,0,0,0,0,0,0
120654,1,1,1997,0,0,0,0,0,0,0,0,0,0
120654,2,1,1997,0,0,0,0,0,0,0,0,0,0
120655,1,1,1997,0,0,0,0,0,0,0,0,0,0
120655,2,1,1997,0,0,0,0,0,0,0,0,0,0
120656,1,1,1997,0,0,0,0,0,0,0,0,0,0
120656,2,1,1997,0,0,0,0,0,0,0,0,0,0
120657,1,1,1997,0,0,0,0,0,0,0,0,0,0
120657,2,1,1997,0,0,0,0,0,0,0,0,0,0
120658,1,1,1997,0,0,0,0,0,0,0,0,0,0
120658,2,1,1997,0,0,0,0,0,0,0,0,0,0
120659,1,1,1997,0,0,0,0,0,0,0,0,0,0
120659,2,1,1997,22,0,0,0,0,0,0,0,0,0
120660,1,1,1997,4,4,4,4,4,4,4,4,4,4
120661,1,1,1997,25,25,25,25,25,25,25,25,25,25
120662,1,1,1997,8,8,8,8,8,8,8,8,8,8
120664,1,1,1997,0,0,17,0,0,0,0,0,0,0
120665,0,1,1997,19,19,19,19,19,19,19,19,19,19
120665,1,1,1997,0,0,0,0,0,0,0,0,0,0
120665,2,1,1997,0,0,0,0,0,0,0,0,0,0
120666,1,1,1997,10,33,16,0,0,0,0,0,0,11
120666,2,1,1997,9,9,9,9,9,9,9,9,9,9
120666,3,1,1997,0,20,0,0,0,0,0,0,0,0
120667,1,1,1997,0,0,0,0,16,0,0,0,0,0
120668,1,1,1997,0,0,0,0,0,0,0,0,0,0
120668,2,1,1997,0,0,0,0,0,0,0,0,0,0
120669,0,1,1997,0,0,0,0,0,0,0,0,0,0
120669,1,1,1997,16,0,0,0,0,22,0,0,0,12
120670,0,1,1997,0,0,0,0,0,0,0,0,0,0
120670,1,1,1997,17,0,0,0,0,0,0,0,0,0
120670,2,1,1997,0,17,0,0,0,0,0,0,0,0
120671,1,1,1997,0,0,0,0,0,0,0,0,0,0
120671,2,1,1997,0,0,0,0,0,15,0,0,0,0
120672,1,1,1997,0,0,0,0,0,0,0,0,0,0
120673,0,1,1997,0,0,0,19,0,0,0,56,0,0
120673,1,1,1997,11,11,11,11,11,11,11,11,11,11
120674,0,1,1997,0,0,0,0,0,0,0,0,0,0
120674,1,1,1997,0,0,0,0,0,0,0,0,0,0
120675,1,1,1997,0,0,0,0,0,0,0,0,0,0
120676,0,1,1997,19,19,19,19,19,19,19,19,19,19
120676,1,1,1997,0,0,0,0,0,12,0,0,0,0
120677,1,1,1997,16,16,16,16,16,16,16,16,16,16
120678,1,1,1997,22,22,22,22,22,22,22,22,22,22
120679,0,1,1997,0,0,17,0,0,18,0,22,0,0
120679,1,1,1997,18,0,0,0,0,0,21,0,0,0
120680,1,1,1997,19,19,19,19,19,19,19,19,19,19
120680,2,1,1997,0,0,0,0,0,0,0,0,0,0
120681,1,1,1997,0,0,0,0,0,0,0,0,0,0
120681,2,1,1997,0,0,0,0,0,0,0,0,0,0
120682,1,1,1997,18,18,18,18,18,18,18,18,18,18
120683,1,1,1997,0,0,0,0,0,0,0,0,0,0
120684,1,1,1997,0,0,0,0,0,0,0,0,0,0
120685,1,1,1997,17,17,17,17,17,17,17,17,17,17
120686,1,1,1997,0,0,0,0,0,0,12,8,0,0
120686,2,1,1997,0,0,0,0,0,0,0,0,0,41
120687,1,1,1997,0,0,0,0,0,0,0,0,0,0
120688,1,1,1997,0,0,0,14,0,0,0,0,0,0
120688,2,1,1997,0,12,0,0,0,0,0,0,23,0
120689,1,1,1997,0,0,0,0,0,0,0,0,18,0
120690,0,1,1997,0,0,0,0,0,0,0,0,0,0
120690,1,1,1997,0,0,0,0,0,0,0,0,0,0
120691,1,1,1997,0,0,0,0,0,0,0,0,0,0
120691,2,1,1997,0,0,0,0,0,0,0,0,0,0
120692,1,1,1997,0,0,0,0,0,0,0,0,0,0
120693,1,1,1997,8,23,33,0,24,22,0,0,11,0
120693,2,1,1997,3,0,11,18,0,0,0,12,0,0
120694,1,1,1997,8,8,8,8,8,8,8,8,8,8
120695,0,1,1997,0,0,0,0,0,0,0,0,0,0
120695,1,1,1997,0,0,0,0,0,0,0,0,0,0
120696,1,1,1997,0,0,0,0,0,0,0,0,0,0
120696,2,1,1997,0,0,0,0,0,0,0,0,0,0
120697,1,1,1997,0,0,0,0,0,0,0,0,0,0
120697,2,1,1997,0,0,0,0,0,0,0,0,0,0
120698,1,1,1997,0,0,0,0,0,0,0,0,0,0
120698,2,1,1997,0,0,0,0,0,0,0,0,0,0
120699,1,1,1997,0,0,0,0,0,0,0,0,0,0
120699,2,1,1997,0,0,0,0,0,0,0,0,0,0
120700,0,1,1997,0,0,0,0,0,0,0,0,0,0
120700,1,1,1997,0,0,0,0,0,0,6,0,0,0
120701,1,1,1997,9,9,9,9,9,9,9,9,9,9
120702,0,1,1997,20,20,20,20,20,20,20,20,20,20
120702,1,1,1997,0,0,0,0,0,0,0,0,0,0
120703,1,1,1997,0,0,0,0,0,0,0,0,0,0
120704,1,1,1997,15,15,15,15,15,15,15,15,15,15
120705,1,1,1997,0,0,0,0,0,0,0,0,0,0
120705,2,1,1997,0,0,0,0,0,0,0,0,0,0
120706,1,1,1997,17,17,17,17,17,17,17,17,17,17
120706,2,1,1997,0,0,0,0,0,0,0,0,0,0
120707,1,1,1997,0,0,0,0,0,14,0,0,0,0
120708,1,1,1997,4,0,0,0,0,0,0,0,21,0
120709,0,1,1997,0,0,0,0,0,0,0,0,0,0
120709,0,2,1997,0,0,0,0,0,0,0,0,0,0
120709,0,3,1997,0,0,0,0,0,0,0,0,0,0
120709,0,4,1997,0,0,0,0,0,0,0,0,0,0
120709,1,1,1997,0,0,0,0,0,0,0,0,0,0
120710,1,1,1997,26,26,26,26,26,26,26,26,26,26
120710,2,1,1997,0,0,0,0,0,0,0,0,0,0
120711,0,1,1997,14,0,0,17,0,12,0,0,11,0
120711,1,1,1997,0,0,0,0,5,0,5,13,0,0
120712,1,1,1997,0,0,0,0,0,0,0,0,0,0
120712,2,1,1997,0,0,0,0,0,0,0,0,0,0
120713,1,1,1997,12,12,12,12,12,12,12,12,12,12
120713,2,1,1997,0,0,0,0,0,8,26,0,0,0
120713,3,1,1997,0,0,0,0,0,0,0,0,0,0
120714,1,1,1997,24,24,24,24,24,24,24,24,24,24
120714,2,1,1997,0,0,0,0,0,0,0,0,0,0
120714,3,1,1997,0,0,0,0,0,0,0,0,0,0
120715,1,1,1997,0,0,0,0,0,0,0,0,0,0
120716,1,1,1997,11,11,11,11,11,11,11,11,11,11
120717,0,1,1997,0,0,0,0,0,0,0,0,0,0
120717,1,1,1997,0,0,0,0,0,0,0,0,0,0
120718,1,1,1997,0,0,0,0,0,0,0,0,0,0
120718,2,1,1997,0,0,0,0,0,0,0,0,0,0
120719,1,1,1997,0,0,0,0,0,0,0,0,0,0
120719,2,1,1997,0,0,0,0,0,0,0,0,0,0
120720,1,1,1997,0,0,0,0,0,0,0,0,0,0
120721,0,1,1997,0,0,0,0,0,0,0,0,0,0
120721,1,1,1997,0,0,0,0,0,0,0,0,0,5
120722,1,1,1997,0,22,0,0,0,0,0,0,0,0
120722,2,1,1997,0,0,0,0,0,0,0,0,0,0
120723,1,1,1997,10,10,10,10,10,10,10,10,10,10
120724,1,1,1997,20,20,20,20,20,20,20,20,20,20
120724,2,1,1997,0,0,0,0,0,0,0,0,0,0
120725,1,1,1997,0,0,0,0,0,0,0,0,0,0
120725,2,1,1997,0,0,0,0,0,0,0,0,0,0
120726,1,1,1997,0,0,0,0,0,0,0,0,0,0
120727,1,1,1997,21,21,21,21,21,21,21,21,21,21
120728,1,1,1997,0,0,0,0,0,0,0,0,0,0
120728,2,1,1997,0,0,0,0,0,0,0,0,0,0
120729,0,1,1997,7,7,7,7,7,7,7,7,7,7
120729,1,1,1997,0,0,0,0,0,0,0,0,0,0
120730,0,1,1997,0,0,0,0,0,0,0,0,0,0
120730,1,1,1997,0,18,0,0,6,10,2,6,0,0
120731,1,1,1997,0,22,0,12,0,0,0,0,13,0
120732,1,1,1997,0,0,0,0,0,0,0,0,0,0
120732,2,1,1997,0,0,0,0,0,0,0,0,0,0
120732,3,1,1997,0,0,0,0,0,0,0,0,0,0
120733,1,1,1997,23,23,23,23,23,23,23,23,23,23
120733,2,1,1997,0,0,0,0,0,0,0,0,0,0
120734,1,1,1997,0,0,0,0,0,0,0,0,0,0
120735,1,1,1997,0,0,0,0,0,0,0,0,0,0
120735,2,1,1997,0,0,0,0,0,0,0,0,0,0
120736,1,1,1997,0,0,0,0,0,0,0,0,0,0
120736,2,1,1997,0,0,3,0,0,0,0,0,0,0
120737,1,1,1997,17,17,17,17,17,17,17,17,17,17
120738,1,1,1997,0,0,0,0,0,0,0,0,0,0
120738,2,1,1997,0,0,0,0,0,0,0,0,0,0
120739,0,1,1997,22,22,22,22,22,22,22,22,22,22
120739,1,1,1997,0,0,7,0,0,18,0,0,0,0
120740,0,1,1997,16,16,16,16,16,16,16,16,16,16
120740,1,1,1997,0,0,0,0,0,0,0,0,0,0
120741,1,1,1997,22,22,22,22,22,22,22,22,22,22
120742,1,1,1997,12,12,12,12,12,12,12,12,12,12
120743,1,1,1997,0,0,0,0,0,0,0,0,0,0
120744,1,1,1997,20,20,20,20,20,20,20,20,20,20
120745,0,1,1997,0,0,0,0,0,0,0,0,0,0
120745,0,2,1997,0,0,0,0,0,0,0,16,0,0
120745,1,1,1997,0,0,0,0,0,0,0,11,0,0
120746,1,1,1997,0,0,0,0,0,0,0,0,0,0
120746,2,1,1997,0,0,0,0,0,0,0,0,0,0
120747,1,1,1997,0,0,0,0,0,0,0,0,0,0
120747,2,1,1997,0,0,0,0,0,0,0,0,0,0
120747,3,1,1997,0,0,0,0,0,0,0,0,0,0
120748,1,1,1997,0,0,0,0,0,0,0,0,0,0
120749,1,1,1997,0,21,0,0,0,0,0,0,0,0
120749,2,1,1997,0,0,0,0,0,0,0,0,0,0
120750,1,1,1997,0,0,0,0,0,0,0,0,0,0
120750,2,1,1997,0,0,0,0,0,0,0,0,0,0
120751,1,1,1997,0,0,0,0,0,0,0,0,0,0
120752,0,1,1997,0,0,0,0,0,0,0,0,0,0
120752,1,1,1997,0,0,0,0,0,0,0,0,0,0
120753,0,1,1997,0,0,0,23,0,0,0,0,0,0
120753,1,1,1997,0,0,0,0,0,0,0,0,0,0
120754,1,1,1997,0,0,0,0,0,0,0,0,0,0
120755,1,1,1997,0,0,0,0,0,0,0,0,0,0
120755,2,1,1997,0,0,0,0,0,0,0,0,0,0
120756,1,1,1997,0,0,0,0,0,29,0,0,19,0
120757,0,1,1997,10,10,10,10,10,10,10,10,10,10
120757,1,1,1997,0,0,0,0,0,0,0,0,0,0
120758,1,1,1997,0,0,0,0,0,0,0,0,0,0
120759,1,1,1997,0,0,0,0,0,0,0,0,0,0
120759,2,1,1997,0,0,0,0,0,0,0,0,0,0
120760,0,1,1997,0,0,0,0,0,0,0,0,0,0
120760,1,1,1997,0,0,0,0,0,0,0,0,0,0
120761,1,1,1997,0,0,15,22,22,0,0,0,17,14
120762,1,1,1997,0,0,0,0,0,0,0,0,0,0
120763,1,1,1997,22,22,22,22,22,22,22,22,22,22
120763,2,1,1997,0,0,0,0,0,0,0,0,0,0
120764,0,1,1997,0,0,0,0,0,0,0,0,0,0
120764,1,1,1997,0,0,0,0,0,0,0,0,0,0
120765,0,1,1997,0,0,0,0,0,6,6,0,0,0
120765,1,1,1997,21,21,21,21,21,21,21,21,21,21
120766,1,1,1997,0,21,0,0,0,0,0,0,0,0
120766,2,1,1997,0,0,21,0,0,0,0,0,0,0
120767,1,1,1997,0,0,0,0,0,0,0,0,0,0
120768,1,1,1997,0,0,0,0,0,0,0,0,0,0
120768,2,1,1997,0,0,0,0,0,0,0,0,0,0
120769,1,1,1997,0,0,0,0,0,0,0,0,0,0
120769,2,1,1997,0,0,0,0,0,0,0,0,0,0
120770,0,1,1997,0,0,0,0,29,0,0,0,0,0
120770,2,1,1997,0,15,0,0,0,0,0,0,0,0
120770,3,1,1997,0,0,0,0,0,0,0,0,0,0
120770,4,1,1997,0,0,0,0,0,0,0,0,0,0
120771,1,1,1997,0,0,0,0,0,0,0,0,0,0
120771,2,1,1997,0,0,0,0,0,0,0,0,0,0
120772,1,1,1997,0,0,0,0,0,0,0,0,0,0
120774,1,1,1997,4,0,0,0,9,23,0,0,11,11
120774,2,1,1997,21,21,21,21,21,21,21,21,21,21
120775,1,1,1997,20,20,20,20,20,20,20,20,20,20
120776,1,1,1997,25,25,25,25,25,25,25,25,25,25
120777,0,1,1997,0,0,0,0,0,0,0,0,0,0
120777,1,1,1997,0,0,0,0,0,0,0,0,0,0
120778,0,1,1997,0,0,0,0,0,0,0,0,0,0
120778,0,2,1997,0,0,0,18,0,24,0,15,0,0
120778,1,1,1997,0,0,0,0,0,0,0,0,0,0
120779,0,1,1997,0,0,0,0,0,0,0,0,0,0
120779,1,1,1997,0,0,0,0,0,0,0,0,0,0
120780,1,1,1997,0,0,0,0,0,0,0,0,0,0
120780,2,1,1997,4,0,0,0,0,0,0,0,0,0
120781,1,1,1997,0,0,0,0,0,0,0,0,0,0
120782,1,1,1997,10,42,25,17,19,0,13,21,13,16
120783,1,1,1997,0,0,0,0,0,0,0,0,0,0
120783,2,1,1997,0,0,0,0,0,0,0,0,0,0
120785,0,1,1997,0,0,0,0,0,0,0,0,54,0
120785,1,1,1997,0,0,0,0,0,0,0,0,0,0
120786,0,1,1997,0,26,0,0,0,22,0,0,0,0
120786,1,1,1997,0,0,0,0,0,0,24,0,0,0
120787,1,1,1997,18,18,18,18,18,18,18,18,18,18
120788,0,1,1997,0,0,0,0,0,0,0,0,0,0
120788,1,1,1997,18,24,11,17,0,4,0,0,18,24
120788,2,1,1997,0,0,0,0,0,0,0,0,0,0
120789,1,1,1997,18,15,20,0,22,13,0,19,0,33
120790,1,1,1997,0,0,0,0,0,0,0,0,0,0
120790,2,1,1997,0,19,7,10,0,0,0,0,0,0
120791,0,1,1997,28,28,28,28,28,28,28,28,28,28
120791,1,1,1997,0,0,0,15,0,0,0,0,0,0
120792,0,1,1997,0,0,0,0,0,0,0,12,24,0
120792,1,1,1997,0,0,0,0,0,0,0,0,0,0
120793,1,1,1997,0,0,0,0,0,0,0,0,0,0
120793,2,1,1997,0,0,0,0,0,0,0,0,0,0
120794,1,1,1997,0,0,0,0,0,0,0,0,0,0
120794,2,1,1997,0,0,0,0,0,0,0,0,0,0
120795,1,1,1997,0,0,0,0,0,0,0,0,0,0
120795,2,1,1997,10,0,0,0,0,0,0,0,0,0
120796,1,1,1997,12,12,12,12,12,12,12,12,12,12
120796,2,1,1997,0,0,0,0,0,0,0,0,0,0
120797,0,1,1997,3,3,3,3,3,3,3,3,3,3
120797,1,1,1997,0,0,0,0,22,0,0,0,0,0
120798,1,1,1997,0,0,0,0,0,0,0,0,0,0
120798,2,1,1997,0,0,0,0,0,0,0,0,0,0
120799,1,1,1997,0,0,0,0,0,0,0,28,22,0
120800,0,1,1997,11,0,0,0,0,0,0,0,0,0
120800,1,1,1997,24,0,0,0,0,0,0,0,0,0
120801,1,1,1997,0,0,0,0,0,0,0,0,19,0
120802,1,1,1997,0,0,25,0,0,0,0,0,0,0
120803,1,1,1997,0,0,0,0,0,0,0,0,0,0
120803,2,1,1997,16,16,16,16,16,16,16,16,16,16
120804,0,1,1997,6,6,6,6,6,6,6,6,6,6
120804,1,1,1997,0,0,0,0,0,0,0,0,0,0
120805,1,1,1997,0,0,0,0,0,0,0,0,0,0
120806,1,1,1997,14,14,14,14,14,14,14,14,14,14
120806,2,1,1997,0,0,0,0,0,0,0,0,0,0
120807,1,1,1997,0,0,0,0,0,0,0,0,0,0
120807,2,1,1997,0,0,0,0,0,0,0,0,0,0
120807,3,1,1997,0,0,0,0,0,0,0,0,0,0
120808,0,1,1997,8,8,8,8,8,8,8,8,8,8
120808,1,1,1997,17,23,15,0,11,0,9,21,21,0
120809,1,1,1997,15,15,15,15,15,15,15,15,15,15
120810,0,1,1997,0,0,0,0,0,0,0,0,0,0
120810,1,1,1997,0,0,0,0,0,0,0,0,0,0
120811,0,1,1997,28,28,28,28,28,28,28,28,28,28
120811,1,1,1997,0,0,0,0,0,0,0,0,0,0
120812,1,1,1997,11,11,11,11,11,11,11,11,11,11
120813,1,1,1997,16,16,16,16,16,16,16,16,16,16
120813,2,1,1997,0,0,0,15,0,0,29,0,0,0
120814,0,1,1997,0,0,0,0,0,0,0,0,0,0
120814,1,1,1997,0,23,15,34,17,27,0,21,0,0
120815,1,1,1997,12,12,12,12,12,12,12,12,12,12
120815,2,1,1997,16,0,0,0,0,0,0,0,0,0
120816,0,1,1997,0,0,0,0,0,0,0,0,0,0
120816,1,1,1997,0,0,0,0,0,0,0,0,0,0
120817,0,1,1997,37,37,37,37,37,37,37,37,37,37
120817,1,1,1997,0,0,0,0,0,0,0,0,0,0
120818,1,1,1997,0,0,0,0,0,0,0,0,0,0
120819,1,1,1997,0,0,0,0,24,0,0,0,0,0
120820,0,1,1997,0,25,24,20,22,21,21,0,0,14
120820,1,1,1997,0,0,19,0,0,0,19,0,19,0
120821,0,1,1997,21,21,21,21,21,21,21,21,21,21
120821,1,1,1997,0,6,0,0,14,0,0,0,15,11
120822,0,1,1997,6,3,0,33,0,0,0,0,22,0
120822,1,1,1997,0,0,0,0,0,0,0,0,0,0
120823,1,1,1997,0,0,0,0,0,0,0,0,0,0
120823,2,1,1997,0,0,0,0,0,0,0,0,0,0
120824,1,1,1997,0,0,0,0,0,0,0,0,0,0
120824,2,1,1997,0,0,0,0,0,0,0,0,0,0
120825,0,1,1997,25,25,25,25,25,25,25,25,25,25
120825,1,1,1997,12,12,12,12,12,12,12,12,12,12
120826,1,1,1997,17,0,0,0,0,0,0,0,0,0
120826,2,1,1997,0,0,0,0,0,0,0,0,0,0
120826,3,1,1997,0,0,0,0,0,0,0,0,0,0
120827,1,1,1997,21,21,21,21,21,21,21,21,21,21
120828,1,1,1997,0,0,0,7,0,0,0,9,0,0
120829,1,1,1997,0,0,0,0,0,0,0,0,0,0
120830,1,1,1997,9,9,9,9,9,9,9,9,9,9
120831,1,1,1997,0,0,0,0,0,0,0,0,0,0
120831,2,1,1997,0,0,0,0,0,0,0,0,0,0
120832,1,1,1997,21,21,21,21,21,21,21,21,21,21
120833,0,1,1997,0,0,0,13,0,24,0,0,0,0
120833,1,1,1997,0,0,11,0,0,15,0,0,0,0
120834,1,1,1997,0,0,0,0,0,0,0,0,0,0
120834,2,1,1997,0,0,0,0,0,0,0,0,0,0
120835,1,1,1997,20,20,20,20,20,20,20,20,20,20
120836,1,1,1997,0,0,0,0,0,0,0,0,0,0
120836,2,1,1997,0,0,0,0,0,0,0,0,0,0
120837,1,1,1997,0,0,0,0,0,0,0,0,0,0
120837,2,1,1997,0,0,0,0,0,0,0,0,0,0
120837,3,1,1997,0,0,0,0,0,0,0,0,0,0
120837,4,1,1997,0,0,0,0,0,0,0,0,0,0
120838,1,1,1997,0,0,0,0,0,0,0,0,0,0
120838,2,1,1997,0,0,0,0,0,0,0,0,0,0
120839,1,1,1997,7,7,7,7,7,7,7,7,7,7
120840,1,1,1997,0,0,0,0,0,0,0,0,0,0
120841,1,1,1997,24,24,24,24,24,24,24,24,24,24
120842,0,1,1997,0,0,0,0,0,0,0,0,0,0
120842,1,1,1997,0,0,0,0,0,0,0,0,0,0
120843,1,1,1997,23,23,23,23,23,23,23,23,23,23
120844,1,1,1997,0,0,0,0,0,0,0,0,0,0