ST_CASE,VEH_NO,PER_NO,YEAR,P1,P2,P3,P4,P5,P6,P7,P8,P9,P10
121092,1,1,1997,0,0,0,0,0,0,0,0,0,0
121092,2,1,1997,0,0,0,0,0,10,0,0,0,0
121092,3,1,1997,16,0,0,0,0,0,0,0,0,0
121093,0,1,1997,0,0,0,0,0,0,0,0,0,0
121093,1,1,1997,16,0,0,0,0,0,0,0,0,0
121094,1,1,1997,0,0,0,0,0,0,0,0,0,0
121094,2,1,1997,0,0,0,0,0,0,0,0,28,0
121095,1,1,1997,0,0,0,0,0,0,0,0,0,0
121095,2,1,1997,0,0,0,0,0,0,0,0,0,0
121095,3,1,1997,0,0,0,0,0,0,0,0,0,0
121096,1,1,1997,0,8,16,0,0,0,0,0,0,0
121097,1,1,1997,19,18,22,0,8,4,11,0,17,0
121098,1,1,1997,0,0,0,0,0,0,0,0,0,0
121098,2,1,1997,0,0,0,0,0,0,0,0,0,0
121099,0,1,1997,0,0,0,0,0,0,0,0,0,8
121099,1,1,1997,0,0,0,0,0,0,0,0,0,0
121100,1,1,1997,23,23,23,23,23,23,23,23,23,23
121101,0,1,1997,25,25,25,25,25,25,25,25,25,25
121101,1,1,1997,0,0,0,0,0,0,0,0,0,0
121102,1,1,1997,0,0,0,0,0,0,0,0,0,0
121102,2,1,1997,0,0,0,0,0,0,0,0,0,0
121103,1,1,1997,0,0,0,0,0,0,0,0,0,0
121103,2,1,1997,0,0,0,0,0,0,0,0,0,0
121104,0,1,1997,0,42,0,0,0,0,0,0,0,0
121104,1,1,1997,0,0,0,0,0,0,0,0,0,0
121105,1,1,1997,0,0,0,0,0,0,0,0,0,10
121105,2,1,1997,21,27,0,12,0,0,0,12,24,0
121106,0,1,1997,0,0,0,0,0,0,0,0,0,0
121106,1,1,1997,0,0,0,0,0,18,0,0,0,0
121107,1,1,1997,0,0,0,0,0,0,0,0,0,0
121108,1,1,1997,0,0,0,0,0,0,0,0,0,0
121109,0,1,1997,0,0,0,0,0,0,0,0,0,0
121109,1,1,1997,0,0,0,0,0,0,0,0,0,0
121110,1,1,1997,24,24,24,24,24,24,24,24,24,24
121110,2,1,1997,22,0,0,0,20,7,0,13,6,22
121111,1,1,1997,13,13,13,13,13,13,13,13,13,13
121112,1,1,1997,0,0,0,0,0,0,0,0,0,0
121112,2,1,1997,0,0,0,0,0,0,0,0,0,0
121113,1,1,1997,0,0,0,0,0,0,0,0,0,0
121113,2,1,1997,0,0,0,0,16,0,0,0,0,0
121114,1,1,1997,0,0,0,0,0,0,0,0,0,0
121115,1,1,1997,0,0,0,0,6,0,0,0,0,0
121116,1,1,1997,0,0,21,0,0,0,0,0,0,0
121116,2,1,1997,0,0,0,0,0,0,0,0,0,0
121117,0,1,1997,0,0,0,0,20,0,0,19,0,0
121117,1,1,1997,0,0,0,0,0,0,0,0,0,0
121118,1,1,1997,0,14,0,0,22,0,0,24,0,0
121119,0,1,1997,21,23,22,0,17,42,18,0,0,21
121119,1,1,1997,0,11,7,16,0,0,0,0,0,12
121120,1,1,1997,14,0,0,0,0,0,0,0,0,0
121120,2,1,1997,0,0,0,0,0,0,0,0,0,0
121121,1,1,1997,0,0,0,0,0,0,0,0,0,0
121121,2,1,1997,0,0,0,0,0,0,0,0,0,0
121122,1,1,1997,0,0,0,0,0,0,0,0,0,0
121122,2,1,1997,0,0,0,0,0,0,0,0,0,0
121122,3,1,1997,0,0,0,0,0,0,0,0,0,0
121123,1,1,1997,0,0,0,0,7,0,0,0,0,0
121124,1,1,1997,0,0,0,0,0,0,0,0,0,0
121125,1,1,1997,0,0,4,0,0,0,0,0,0,0
121125,2,1,1997,19,0,0,11,0,0,0,0,0,0
121126,1,1,1997,0,0,0,0,0,0,0,0,0,0
121126,2,1,1997,0,0,0,0,0,0,0,0,0,0
121127,1,1,1997,0,0,0,0,0,0,0,0,0,0
121127,2,1,1997,0,0,0,0,0,0,0,0,0,0
121128,1,1,1997,0,13,16,30,13,0,18,0,29,0
121129,1,1,1997,0,0,0,0,0,0,0,0,0,0
121129,2,1,1997,0,9,0,0,0,12,0,0,0,0
121130,1,1,1997,0,0,0,0,0,0,0,0,0,0
121130,2,1,1997,0,0,0,0,12,0,0,0,0,0
121131,1,1,1997,0,0,0,0,0,0,0,0,0,0
121131,2,1,1997,0,0,0,0,0,0,0,0,0,0
121131,3,1,1997,0,0,0,0,0,0,0,0,0,0
121131,4,1,1997,0,0,0,0,0,0,0,0,0,0
121132,1,1,1997,0,0,0,0,0,0,0,0,0,0
121132,2,1,1997,0,0,0,0,0,0,0,0,0,0
121133,1,1,1997,0,0,0,0,4,0,0,0,11,0
121134,1,1,1997,0,0,11,0,0,0,0,0,0,0
121134,2,1,1997,0,0,0,0,0,0,0,0,0,0
121135,1,1,1997,0,0,0,0,0,0,0,0,0,0
121135,2,1,1997,0,0,0,0,0,0,0,0,0,0
121135,3,1,1997,0,0,0,0,0,0,0,0,0,0
121135,4,1,1997,0,0,0,0,0,0,0,0,0,0
121135,5,1,1997,0,0,0,0,0,0,0,0,0,0
121136,0,1,1997,0,0,6,0,0,0,0,0,0,0
121136,1,1,1997,0,11,0,0,0,0,0,0,0,0
121137,0,1,1997,0,0,0,0,0,0,0,0,0,0
121137,1,1,1997,0,0,0,0,0,0,0,0,0,0
121138,1,1,1997,0,0,0,0,0,0,0,0,0,0
121139,1,1,1997,0,0,0,0,0,0,0,0,0,0
121139,2,1,1997,0,0,0,0,0,0,0,0,0,0
121140,1,1,1997,0,0,0,0,0,0,0,0,0,0
121140,2,1,1997,0,0,0,0,0,0,0,0,0,0
121141,1,1,1997,0,0,0,0,0,0,0,0,0,0
121142,1,1,1997,0,0,0,0,0,0,0,0,0,0
121143,1,1,1997,12,0,12,0,0,0,3,18,0,0
121144,1,1,1997,0,0,0,0,0,0,0,0,0,0
121145,0,1,1997,0,0,0,0,0,0,0,0,0,0
121145,1,1,1997,0,0,0,0,0,0,0,0,0,0
121145,2,1,1997,0,0,0,0,0,0,0,0,0,0
121146,1,1,1997,0,0,0,0,0,0,0,0,0,14
121146,2,1,1997,0,19,24,0,0,32,0,0,6,9
121147,1,1,1997,0,0,0,0,0,0,0,0,0,0
121147,2,1,1997,0,0,0,0,0,0,0,0,0,0
121148,0,1,1997,0,0,0,0,0,0,0,0,0,0
121148,1,1,1997,0,0,0,0,0,0,10,0,0,0
121149,1,1,1997,0,0,0,0,0,0,0,0,0,0
121149,2,1,1997,0,0,0,0,0,0,0,0,0,0
121149,3,1,1997,0,0,0,0,0,0,0,18,0,0
121150,1,1,1997,0,0,0,0,0,0,0,0,0,0
121150,2,1,1997,0,0,0,0,0,0,0,0,0,0
121151,1,1,1997,17,17,17,17,17,17,17,17,17,17
121152,1,1,1997,0,0,0,0,0,0,0,0,0,0
121152,2,1,1997,0,0,0,0,0,0,0,0,8,0
121153,1,1,1997,18,18,18,18,18,18,18,18,18,18
121153,2,1,1997,0,0,0,0,0,0,13,0,0,0
121154,1,1,1997,0,0,0,0,0,0,0,0,0,0
121155,1,1,1997,0,0,0,0,0,20,0,0,0,0
121155,2,1,1997,0,0,0,0,0,0,0,0,0,0
121156,1,1,1997,0,0,0,9,0,8,0,0,0,0
121156,2,1,1997,0,0,0,0,0,0,0,0,0,0
121157,0,1,1997,0,0,0,0,0,0,0,0,0,0
121157,1,1,1997,0,0,0,0,0,0,0,14,11,0
121158,1,1,1997,0,0,0,0,0,23,15,0,0,0
121159,1,1,1997,0,0,0,0,8,0,0,0,0,0
121159,2,1,1997,0,0,0,0,0,0,5,0,0,0
121160,1,1,1997,0,0,0,0,0,0,0,0,0,0
121160,2,1,1997,0,0,26,0,0,0,0,0,0,0
121161,0,1,1997,0,0,0,0,0,0,0,0,0,0
121161,1,1,1997,0,0,0,0,0,0,0,7,8,11
121162,1,1,1997,0,0,0,0,0,0,0,0,0,0
121162,2,1,1997,0,0,0,0,0,0,0,0,0,0
121163,1,1,1997,0,0,0,0,0,0,0,0,0,0
121163,2,1,1997,0,0,0,0,0,0,0,0,0,0
121164,1,1,1997,23,23,23,23,23,23,23,23,23,23
121164,2,1,1997,0,8,14,0,0,0,0,0,0,0
121165,1,1,1997,0,0,0,0,0,0,0,0,0,0
121165,2,1,1997,0,0,0,0,0,0,0,0,0,0
121166,1,1,1997,0,0,0,29,13,0,13,14,0,0
121167,1,1,1997,0,0,0,0,0,13,0,0,0,0
121167,2,1,1997,0,13,0,0,0,0,0,0,0,0
121168,1,1,1997,0,0,0,0,0,0,0,0,0,0
121168,2,1,1997,0,0,0,0,0,0,0,0,0,0
121169,0,1,1997,0,0,0,0,0,0,0,0,0,0
121169,1,1,1997,0,0,0,0,0,0,0,0,0,0
121169,2,1,1997,0,0,0,0,0,0,0,0,0,0
121170,1,1,1997,13,13,13,13,13,13,13,13,13,13
121171,1,1,1997,0,0,0,0,0,0,0,0,0,0
121171,2,1,1997,0,0,0,0,0,0,0,0,0,0
121172,0,1,1997,0,0,0,0,0,0,0,0,0,0
121172,1,1,1997,0,0,0,0,0,0,0,0,0,0
121173,1,1,1997,3,3,3,3,3,3,3,3,3,3
121173,2,1,1997,0,0,0,0,0,0,0,0,0,0
121174,1,1,1997,0,0,0,0,0,0,0,0,0,0
121174,2,1,1997,0,0,0,0,0,0,0,0,0,0
121175,0,1,1997,41,41,41,41,41,41,41,41,41,41
121175,1,1,1997,0,8,0,0,0,0,0,0,0,0
121176,0,1,1997,0,0,0,0,0,0,0,0,0,0
121176,1,1,1997,0,0,0,0,0,0,0,0,0,0
121177,1,1,1997,0,0,0,0,0,0,0,0,0,0
121177,2,1,1997,0,0,0,0,0,0,0,0,0,0
121177,3,1,1997,0,0,0,0,0,0,0,0,0,0
121177,4,1,1997,0,0,7,0,0,0,0,0,0,0
121177,5,1,1997,0,0,0,0,0,0,0,0,0,0
121177,6,1,1997,0,0,0,0,0,0,0,0,0,0
121178,0,1,1997,0,0,0,0,0,0,0,0,0,0
121178,1,1,1997,0,5,0,0,0,0,15,0,0,0
121178,2,1,1997,9,0,0,0,0,0,16,0,0,3
121180,1,1,1997,0,0,0,0,0,0,0,0,0,0
121180,2,1,1997,0,0,0,0,0,0,0,9,0,15
121181,1,1,1997,0,0,0,0,0,0,0,0,0,0
121181,2,1,1997,0,0,0,0,0,0,0,0,0,0
121182,1,1,1997,0,0,0,0,8,0,0,0,0,8
121182,2,1,1997,0,0,0,0,0,0,0,0,0,0
121183,1,1,1997,0,0,0,0,0,0,0,0,0,0
121184,1,1,1997,0,0,12,5,0,0,0,0,0,0
121184,2,1,1997,0,0,0,0,0,0,0,0,0,0
121185,0,1,1997,0,0,0,0,0,0,0,0,0,0
121185,1,1,1997,0,0,0,0,0,0,0,0,0,0
121186,1,1,1997,0,0,0,0,0,0,0,0,0,0
121186,2,1,1997,20,0,0,0,0,0,0,0,0,0
121187,1,1,1997,0,0,0,0,0,0,0,0,0,0
121187,2,1,1997,0,0,0,0,0,0,0,0,0,0
121188,0,1,1997,0,0,0,0,0,0,0,0,0,0
121188,1,1,1997,0,0,0,0,0,0,0,0,0,0
121189,1,1,1997,20,0,0,0,0,0,0,0,0,0
121189,2,1,1997,0,0,0,0,0,0,0,0,0,0
121190,1,1,1997,0,0,0,0,0,0,0,0,0,0
121191,1,1,1997,0,0,0,0,0,0,0,0,0,0
121191,2,1,1997,0,0,0,0,0,0,0,0,0,0
121192,0,1,1997,26,0,0,0,15,21,34,0,0,0
121192,1,1,1997,0,0,0,21,0,0,0,0,0,0
121193,1,1,1997,0,0,0,0,0,0,0,0,0,0
121194,1,1,1997,6,6,6,6,6,6,6,6,6,6
121194,2,1,1997,0,0,0,0,0,0,0,0,0,0
121195,1,1,1997,0,0,0,0,0,0,0,0,0,0
121195,2,1,1997,0,0,0,0,0,0,0,0,0,4
121196,1,1,1997,47,47,47,47,47,47,47,47,47,47
121196,2,1,1997,0,0,0,0,0,0,0,0,0,0
121197,1,1,1997,20,9,0,11,15,16,6,19,0,29
121198,1,1,1997,0,0,0,0,0,0,0,0,0,0
121199,0,1,1997,0,0,0,0,0,0,0,0,0,0
121199,1,1,1997,0,0,0,0,0,0,0,0,0,0
121200,0,1,1997,11,0,0,26,0,31,0,0,19,0
121200,1,1,1997,0,0,0,0,0,0,0,0,0,0
121201,1,1,1997,0,0,0,0,0,0,0,0,0,0
121201,2,1,1997,11,11,11,11,11,11,11,11,11,11
121202,1,1,1997,25,25,25,25,25,25,25,25,25,25
121203,1,1,1997,14,14,14,14,14,14,14,14,14,14
121203,2,1,1997,16,3,0,0,0,9,0,7,0,4
121204,1,1,1997,0,0,0,0,0,0,0,0,0,0
121204,2,1,1997,0,0,0,0,0,0,0,0,0,0
121205,1,1,1997,0,0,0,0,0,0,0,0,0,0
121206,0,1,1997,0,0,0,0,0,0,0,0,0,0
121206,1,1,1997,0,0,0,0,0,0,0,0,0,0
121207,1,1,1997,7,7,7,7,7,7,7,7,7,7
121208,1,1,1997,0,0,0,0,0,0,0,0,0,0
121208,2,1,1997,0,0,0,10,0,0,0,0,0,0
121209,1,1,1997,16,16,16,16,16,16,16,16,16,16
121209,2,1,1997,0,13,0,0,0,0,0,0,0,0
121209,3,1,1997,0,0,0,0,0,0,0,0,0,0
121209,4,1,1997,25,25,25,25,25,25,25,25,25,25
121210,1,1,1997,0,0,0,0,0,0,0,0,0,0
121210,2,1,1997,0,0,0,0,0,0,0,0,0,0
121211,1,1,1997,21,21,21,21,21,21,21,21,21,21
121212,1,1,1997,8,8,8,8,8,8,8,8,8,8
121212,2,1,1997,0,0,0,0,0,0,0,0,0,0
121213,0,1,1997,0,0,0,0,0,0,0,0,0,0
121213,1,1,1997,0,0,0,0,0,0,0,0,0,0
121214,1,1,1997,18,30,11,12,5,14,18,25,15,16
121215,1,1,1997,0,0,0,0,0,0,0,0,0,0
121215,2,1,1997,0,0,0,0,0,0,0,0,0,0
121216,1,1,1997,0,0,0,0,0,0,0,0,0,0
121216,2,1,1997,0,0,0,0,0,0,0,0,0,0
121217,1,1,1997,0,0,0,0,0,0,0,0,0,0
121217,2,1,1997,0,0,0,0,0,0,0,0,0,0
121217,3,1,1997,0,0,0,0,0,0,0,0,0,0
121218,0,1,1997,0,0,14,0,0,0,0,0,0,0
121218,1,1,1997,0,0,0,0,0,0,0,0,0,0
121219,0,1,1997,8,8,8,8,8,8,8,8,8,8
121219,1,1,1997,0,0,0,0,0,0,0,0,0,0
121220,1,1,1997,0,0,0,0,0,0,0,0,0,0
121221,0,1,1997,0,0,0,0,0,0,0,0,0,0
121221,1,1,1997,0,0,0,0,0,0,0,0,0,0
121222,1,1,1997,0,0,0,0,0,0,0,0,0,0
121222,2,1,1997,0,0,0,11,0,0,0,0,0,0
121222,3,1,1997,0,0,0,0,0,0,0,0,0,0
121223,1,1,1997,15,15,15,15,15,15,15,15,15,15
121223,2,1,1997,0,0,0,0,0,0,0,0,0,0
121224,1,1,1997,33,15,0,0,11,0,24,9,0,14
121224,2,1,1997,0,0,0,0,0,0,0,0,0,0
121225,1,1,1997,0,0,0,0,0,0,0,0,0,0
121225,2,1,1997,0,0,0,0,0,0,0,0,12,38
121226,1,1,1997,0,0,0,0,0,0,0,0,0,0
121226,2,1,1997,0,0,0,0,0,0,0,0,0,0
121227,1,1,1997,0,0,0,0,0,0,0,0,0,0
121228,1,1,1997,0,0,0,0,0,9,0,0,0,0
121229,1,1,1997,16,16,16,16,16,16,16,16,16,16
121230,1,1,1997,38,0,23,0,0,41,13,0,0,0
121231,0,1,1997,29,29,29,29,29,29,29,29,29,29
121231,1,1,1997,0,0,0,0,0,0,0,0,0,0
121231,2,1,1997,0,0,0,0,0,0,0,0,0,0
121232,1,1,1997,0,0,0,0,0,16,13,0,0,0
121233,1,1,1997,0,0,0,0,0,0,0,0,28,0
121234,0,1,1997,16,16,16,16,16,16,16,16,16,16
121234,1,1,1997,0,0,0,0,0,0,0,0,0,0
121234,2,1,1997,0,0,0,0,0,0,0,0,0,0
121235,1,1,1997,0,0,0,0,0,0,0,0,0,0
121235,2,1,1997,0,0,0,0,0,0,0,0,0,0
121236,1,1,1997,0,0,0,0,0,0,0,0,0,0
121236,2,1,1997,0,0,0,0,0,0,0,0,0,0
121237,0,1,1997,0,0,15,0,0,0,0,29,0,0
121237,1,1,1997,0,0,0,0,0,0,8,0,0,0
121238,1,1,1997,0,0,0,19,0,0,0,0,0,0
121239,1,1,1997,0,0,0,0,0,0,0,0,0,0
121239,2,1,1997,19,19,19,19,19,19,19,19,19,19
121240,1,1,1997,0,0,0,0,0,0,0,0,0,0
121241,0,1,1997,16,16,16,16,16,16,16,16,16,16
121241,1,1,1997,0,0,0,0,0,0,0,0,0,0
121242,1,1,1997,0,0,0,0,0,0,0,0,0,0
121242,2,1,1997,0,0,0,0,0,0,0,0,0,0
121243,1,1,1997,6,0,0,0,0,0,0,0,0,0
121243,2,1,1997,0,0,0,0,0,0,0,0,0,0
121244,0,1,1997,0,0,0,0,19,27,0,0,0,36
121244,1,1,1997,0,0,0,0,23,0,0,0,0,0
121245,1,1,1997,5,5,5,5,5,5,5,5,5,5
121245,2,1,1997,0,0,0,0,0,0,0,0,0,0
121246,1,1,1997,0,0,0,0,0,0,0,5,0,0
121246,2,1,1997,0,0,0,0,17,0,0,0,0,0
121247,0,1,1997,0,0,0,0,0,0,0,0,0,0
121247,1,1,1997,0,0,0,0,0,0,0,0,0,0
121247,2,1,1997,0,0,0,0,0,0,0,0,0,0
121248,0,1,1997,0,0,0,0,0,0,0,0,0,0
121248,1,1,1997,0,0,0,0,0,0,0,0,0,0
121249,1,1,1997,0,0,0,0,0,0,0,0,0,0
121250,1,1,1997,0,0,0,0,0,0,0,0,0,0
121251,0,1,1997,0,0,0,0,0,0,0,0,0,0
121251,1,1,1997,0,0,5,21,18,12,0,23,20,0
121252,1,1,1997,0,0,0,0,11,0,0,0,0,0
121252,2,1,1997,9,0,0,0,0,0,0,0,0,0
121253,1,1,1997,0,0,0,0,0,0,0,0,0,0
121253,2,1,1997,0,0,0,0,0,0,0,0,0,0
121254,1,1,1997,0,0,0,0,0,0,0,0,0,0
121255,0,1,1997,0,0,0,0,0,0,0,0,0,0
121255,1,1,1997,0,0,0,0,0,0,0,0,0,8
121256,1,1,1997,0,0,0,0,0,0,0,0,0,0
121257,0,1,1997,14,35,13,32,0,32,14,9,17,16
121257,1,1,1997,0,11,0,0,0,0,0,0,0,0
121258,1,1,1997,10,10,10,10,10,10,10,10,10,10
121259,1,1,1997,27,27,27,27,27,27,27,27,27,27
121259,2,1,1997,0,0,0,0,0,0,0,0,0,0
121260,1,1,1997,0,0,0,0,0,0,0,0,0,0
121260,2,1,1997,0,0,0,0,0,0,0,0,19,0
121261,1,1,1997,0,0,0,0,0,0,0,0,0,0
121261,2,1,1997,0,0,0,0,0,0,0,0,0,0
121262,1,1,1997,0,0,0,0,0,0,0,0,0,0
121262,2,1,1997,0,0,0,0,0,0,0,0,0,0
121263,0,1,1997,21,21,21,21,21,21,21,21,21,21
121263,1,1,1997,0,0,0,0,0,0,0,0,0,0
121264,1,1,1997,14,14,14,14,14,14,14,14,14,14
121265,1,1,1997,0,0,0,0,0,0,0,0,0,0
121265,2,1,1997,0,0,0,0,0,0,0,0,0,0
121266,1,1,1997,29,29,29,29,29,29,29,29,29,29
121266,2,1,1997,0,0,0,0,0,0,0,0,0,0
121266,3,1,1997,0,0,0,0,0,0,0,0,0,0
121267,0,1,1997,3,3,3,3,3,3,3,3,3,3
121267,0,2,1997,10,0,10,0,3,0,24,10,30,18
121267,1,1,1997,0,0,0,0,0,0,0,0,0,17
121268,0,1,1997,0,0,0,0,0,0,0,0,0,0
121268,1,1,1997,0,0,0,0,0,0,0,0,0,0
121269,1,1,1997,0,0,0,0,0,0,0,0,0,0
121270,1,1,1997,0,0,0,0,0,0,0,0,0,0
121270,2,1,1997,0,0,0,0,0,0,0,0,0,0
121271,1,1,1997,21,21,21,21,21,21,21,21,21,21
121272,1,1,1997,0,0,0,0,0,0,0,0,0,0
121273,1,1,1997,0,0,0,0,0,0,0,0,0,0
121273,2,1,1997,0,0,0,0,0,0,0,0,0,0
121274,1,1,1997,0,0,0,0,0,0,0,0,0,0
121274,2,1,1997,0,0,0,0,0,0,0,0,0,0
121275,0,1,1997,19,23,0,0,0,6,38,28,0,0
121275,1,1,1997,0,0,0,0,0,0,0,0,0,0
121276,1,1,1997,0,0,0,0,0,0,0,5,0,0
121276,2,1,1997,0,0,0,0,0,0,0,0,0,0
121277,1,1,1997,0,0,15,0,0,0,0,0,0,0
121277,2,1,1997,0,0,0,0,0,0,0,0,0,0
121278,1,1,1997,20,20,20,20,20,20,20,20,20,20
121278,2,1,1997,0,0,0,0,0,0,0,0,0,0
121279,1,1,1997,27,27,27,27,27,27,27,27,27,27
121280,1,1,1997,0,0,0,0,0,0,0,0,0,0
121281,1,1,1997,0,22,0,0,0,0,0,0,0,0
121282,1,1,1997,0,0,0,7,0,10,0,0,0,8
121282,2,1,1997,0,0,0,0,0,0,0,0,0,0
121283,0,1,1997,0,0,0,0,0,0,0,0,0,0
121283,1,1,1997,0,0,0,0,0,0,0,0,0,0
121283,2,1,1997,0,0,0,0,0,0,12,0,0,0
121284,1,1,1997,0,0,0,0,0,0,0,0,0,0
121285,1,1,1997,0,0,0,0,0,0,0,0,0,0
121285,2,1,1997,0,0,0,0,0,0,0,0,0,0
121286,1,1,1997,0,0,0,0,0,0,0,0,0,0
121287,1,1,1997,0,0,0,0,0,0,0,0,0,0
121288,0,1,1997,0,0,0,0,0,0,0,0,0,0
121288,1,1,1997,0,0,0,0,0,0,0,0,0,0
121289,1,1,1997,0,0,0,0,0,0,0,0,0,0
121290,1,1,1997,0,0,0,0,0,0,0,0,0,0
121290,2,1,1997,0,0,0,0,0,0,0,0,0,0
121291,1,1,1997,0,0,0,0,0,0,0,0,0,0
121291,2,1,1997,0,0,0,0,0,0,0,0,0,0
121291,3,1,1997,0,0,0,0,0,0,0,0,0,0
121292,1,1,1997,0,0,0,0,0,0,0,0,0,0
121292,2,1,1997,0,0,0,0,0,0,0,0,0,0
121293,0,1,1997,0,0,0,0,0,0,0,0,0,0
121293,1,1,1997,0,0,0,0,0,0,0,0,0,0
121294,1,1,1997,0,0,0,0,0,0,0,0,0,0
121294,2,1,1997,0,0,0,0,0,0,0,0,0,0
121294,3,1,1997,0,0,0,0,0,0,0,0,0,0
121295,0,1,1997,0,0,0,0,0,0,0,0,0,0
121295,1,1,1997,0,0,0,0,0,0,0,0,0,0
121296,1,1,1997,0,0,0,0,0,0,0,0,0,0
121297,1,1,1997,0,0,0,0,0,0,0,0,0,0
121297,2,1,1997,0,0,0,0,0,0,0,0,0,0
121298,0,1,1997,0,17,0,0,0,0,0,37,0,0
121298,1,1,1997,0,0,0,0,0,0,0,0,0,0
121299,1,1,1997,10,10,10,10,10,10,10,10,10,10
121299,2,1,1997,0,0,3,0,0,0,0,0,0,0
121300,1,1,1997,0,0,0,0,0,0,0,0,0,0
121300,2,1,1997,0,0,0,0,0,0,0,0,0,8
121301,1,1,1997,0,0,0,0,0,0,0,0,0,0
121302,1,1,1997,0,0,0,0,14,0,0,0,0,0
121302,2,1,1997,0,0,0,0,0,0,0,0,0,0
121303,1,1,1997,0,0,0,0,0,0,0,0,0,0
121304,0,1,1997,0,0,0,0,0,0,0,0,0,0
121304,1,1,1997,0,0,0,0,0,0,0,0,0,0
121305,0,1,1997,26,13,25,28,39,19,0,38,26,21
121305,0,2,1997,0,20,0,5,22,0,0,31,4,11
121305,1,1,1997,9,9,9,9,9,9,9,9,9,9
121306,0,1,1997,38,34,0,17,0,0,0,12,8,21
121306,1,1,1997,0,0,0,0,0,0,0,0,0,0
121307,1,1,1997,0,0,0,0,0,0,0,0,0,0
121307,2,1,1997,0,0,0,0,0,0,0,0,0,0
121308,1,1,1997,0,16,33,18,23,13,0,21,18,16
121309,1,1,1997,0,0,0,0,0,0,0,0,0,0
121309,2,1,1997,0,0,0,0,0,0,0,0,0,0
121310,1,1,1997,0,0,0,0,0,0,0,0,0,0
121310,2,1,1997,0,0,0,0,0,0,0,0,0,0
121311,0,1,1997,0,0,0,16,0,7,10,0,9,0
121311,1,1,1997,0,0,0,0,0,0,0,0,0,0
121312,1,1,1997,0,0,0,0,0,0,0,0,0,0
121312,2,1,1997,0,0,0,0,0,0,0,0,0,0
121313,1,1,1997,0,0,0,0,0,0,0,0,0,0
121313,2,1,1997,0,0,0,0,0,0,0,0,0,0
121314,0,1,1997,0,0,0,0,0,0,0,0,0,0
121314,1,1,1997,0,0,0,0,0,0,0,0,0,0
121315,1,1,1997,0,0,0,0,0,0,0,0,0,0
121315,2,1,1997,0,0,0,0,0,0,0,0,0,0
121316,1,1,1997,30,30,30,30,30,30,30,30,30,30
121317,1,1,1997,0,0,0,0,0,0,0,0,0,0
121317,2,1,1997,0,0,0,0,0,0,0,0,0,0
121318,1,1,1997,0,0,0,0,0,0,0,0,0,0
121319,1,1,1997,17,17,17,17,17,17,17,17,17,17
121320,1,1,1997,0,0,0,0,16,0,0,0,0,0
121321,0,1,1997,0,14,8,0,0,30,0,0,0,8
121321,1,1,1997,0,0,0,0,0,0,0,0,0,0
121322,1,1,1997,0,0,0,0,0,0,0,0,0,0
121322,2,1,1997,0,0,0,0,0,0,0,0,0,0
121323,0,1,1997,23,22,0,7,0,0,26,0,0,0
121323,1,1,1997,0,0,0,0,0,0,0,0,0,10
121324,0,1,1997,21,21,21,21,21,21,21,21,21,21
121324,1,1,1997,0,0,0,0,0,0,0,0,0,0
121324,2,1,1997,0,0,0,0,0,0,0,0,0,12
121324,3,1,1997,0,0,0,0,0,0,0,0,0,0
121325,0,1,1997,0,0,0,0,0,0,0,0,0,0
121325,1,1,1997,0,0,0,0,0,0,0,0,0,0
121326,1,1,1997,0,0,27,0,0,0,12,0,0,0
121326,2,1,1997,6,6,6,6,6,6,6,6,6,6
121326,3,1,1997,0,0,0,0,0,0,0,0,0,0
121327,1,1,1997,0,0,0,0,0,0,0,0,0,0
121328,1,1,1997,0,0,0,0,0,0,0,0,0,0
121328,2,1,1997,0,0,0,0,0,0,0,0,0,0
121329,1,1,1997,13,0,8,16,0,0,17,0,0,0
121330,0,1,1997,0,0,0,0,0,0,0,0,0,0
121330,1,1,1997,0,0,0,0,0,0,0,0,0,0
121331,0,1,1997,26,26,26,26,26,26,26,26,26,26
121331,1,1,1997,0,23,0,0,0,39,10,0,0,0
121331,2,1,1997,15,0,0,0,0,0,0,0,0,0
121331,3,1,1997,0,0,0,0,0,0,0,0,0,0
121332,1,1,1997,0,5,0,14,0,0,0,21,18,16
121333,1,1,1997,0,30,0,15,24,19,0,7,0,0
121334,1,1,1997,0,0,0,0,0,0,0,0,0,0
121334,2,1,1997,0,0,0,0,0,0,0,0,0,0
121335,1,1,1997,0,0,0,0,0,0,0,0,0,0
121335,2,1,1997,0,0,0,0,0,0,0,0,0,0
121336,1,1,1997,0,0,0,0,0,0,0,0,0,0
121336,2,1,1997,0,0,0,0,0,0,21,0,0,0
121336,3,1,1997,0,0,0,0,0,0,0,0,0,0
121337,0,1,1997,0,0,0,0,0,0,0,0,0,0
121337,1,1,1997,0,0,0,0,0,0,0,19,0,0
121338,1,1,1997,0,0,0,0,0,0,0,0,0,0
121339,1,1,1997,0,0,4,0,0,0,0,0,0,0
121339,2,1,1997,0,0,0,0,0,0,0,0,0,0
121339,3,1,1997,0,0,0,0,0,0,0,0,0,0
121340,1,1,1997,0,0,0,0,0,0,0,0,0,0
121341,1,1,1997,0,0,0,21,0,0,0,0,0,0
121342,1,1,1997,0,0,0,0,0,0,0,0,0,0
121343,1,1,1997,10,0,0,0,0,0,0,0,0,0
121344,1,1,1997,0,0,0,0,0,0,0,0,0,0
121345,0,1,1997,0,0,0,0,0,0,0,0,0,0
121345,1,1,1997,0,0,0,0,0,0,0,0,0,0