ST_CASE,VEH_NO,PER_NO,YEAR,P1,P2,P3,P4,P5,P6,P7,P8,P9,P10
121346,0,1,1997,0,0,0,0,0,0,0,0,0,0
121346,1,1,1997,0,0,0,0,0,0,0,0,0,0
121347,1,1,1997,0,0,0,0,0,0,0,0,0,0
121348,1,1,1997,0,0,0,0,0,0,0,0,0,0
121348,2,1,1997,0,0,6,0,14,0,0,0,0,0
121349,1,1,1997,22,22,22,22,22,22,22,22,22,22
121350,1,1,1997,6,6,6,6,6,6,6,6,6,6
121350,2,1,1997,2,2,2,2,2,2,2,2,2,2
121351,1,1,1997,0,0,0,0,0,0,0,0,0,0
121352,1,1,1997,0,0,0,0,0,0,0,0,0,0
121352,2,1,1997,0,0,0,0,0,0,0,0,0,0
121353,0,1,1997,0,0,0,0,0,0,0,0,0,0
121353,0,2,1997,0,0,0,0,19,11,0,35,11,0
121353,1,1,1997,0,0,0,0,0,4,6,0,0,0
121354,1,1,1997,0,0,0,0,0,0,0,0,0,13
121354,2,1,1997,0,0,0,0,0,0,0,0,0,0
121355,0,1,1997,39,39,39,39,39,39,39,39,39,39
121355,1,1,1997,0,0,11,0,0,0,0,0,0,0
121356,1,1,1997,0,0,0,0,0,0,0,0,0,0
121356,2,1,1997,4,4,4,4,4,4,4,4,4,4
121357,1,1,1997,0,0,0,8,0,0,0,0,0,0
121357,2,1,1997,0,0,0,0,0,0,0,0,12,0
121358,0,1,1997,0,0,0,13,0,0,28,11,0,30
121358,1,1,1997,0,0,0,0,0,0,0,0,0,0
121359,1,1,1997,0,0,0,0,0,0,0,0,0,0
121359,2,1,1997,0,0,0,0,0,0,0,0,0,0
121360,0,1,1997,0,0,0,0,0,0,0,0,0,0
121360,1,1,1997,0,0,0,0,0,0,0,0,0,0
121361,0,1,1997,13,34,24,32,45,0,25,25,22,23
121361,1,1,1997,0,0,0,0,0,0,0,0,0,0
121362,1,1,1997,27,0,4,0,20,0,24,14,9,0
121362,2,1,1997,0,0,0,0,0,0,0,0,0,0
121363,1,1,1997,8,8,8,8,8,8,8,8,8,8
121364,1,1,1997,0,0,0,0,0,0,0,0,0,0
121364,2,1,1997,0,0,0,0,0,0,0,0,0,0
121364,3,1,1997,0,0,0,0,0,0,0,0,0,0
121365,0,1,1997,0,0,0,0,0,0,0,0,0,0
121365,1,1,1997,0,0,0,0,0,0,0,0,0,8
121366,1,1,1997,0,0,0,0,0,0,0,0,0,0
121367,1,1,1997,0,14,21,16,0,0,7,21,0,0
121367,2,1,1997,0,0,0,0,0,0,0,0,0,0
121368,1,1,1997,0,0,0,0,0,0,0,0,0,0
121368,2,1,1997,0,0,0,0,0,0,0,0,0,0
121369,0,1,1997,0,0,0,21,0,0,0,0,0,0
121369,1,1,1997,0,0,0,0,11,0,0,0,0,0
121370,1,1,1997,0,0,0,0,0,0,0,0,0,0
121370,2,1,1997,0,0,0,0,0,0,0,0,0,0
121371,1,1,1997,0,10,0,0,0,0,0,0,0,0
121371,2,1,1997,17,0,0,0,0,0,0,0,0,0
121372,0,1,1997,0,0,0,0,0,0,0,0,0,0
121372,1,1,1997,0,0,0,0,0,0,0,0,0,0
121373,1,1,1997,0,0,0,0,0,0,0,0,0,0
121373,2,1,1997,0,0,0,0,0,0,0,0,0,0
121374,1,1,1997,15,0,5,0,0,0,0,8,0,18
121375,1,1,1997,0,0,0,0,0,14,0,0,0,0
121375,2,1,1997,0,0,0,0,0,0,0,0,0,0
121376,1,1,1997,0,0,0,0,0,0,0,0,0,0
121376,2,1,1997,0,0,0,0,0,0,0,0,0,0
121377,1,1,1997,0,0,0,0,0,0,0,0,0,0
121377,2,1,1997,0,0,0,0,0,0,0,0,0,0
121378,1,1,1997,0,0,0,0,0,0,0,0,0,0
121378,2,1,1997,0,0,0,0,0,0,0,0,0,0
121378,3,1,1997,0,0,0,0,0,0,0,0,0,0
121379,1,1,1997,0,0,0,0,0,0,0,0,0,0
121379,2,1,1997,0,0,0,0,0,0,0,0,0,0
121379,3,1,1997,0,0,0,0,0,0,0,0,0,0
121380,0,1,1997,0,0,0,0,0,0,0,21,0,0
121380,0,2,1997,0,0,0,3,9,0,11,9,0,14
121380,1,1,1997,0,0,0,0,0,0,0,0,0,0
121381,0,1,1997,0,0,0,0,0,0,0,0,0,0
121381,1,1,1997,0,0,0,0,0,0,0,0,0,0
121382,0,1,1997,0,0,0,0,0,0,0,0,0,0
121382,1,1,1997,0,0,0,0,0,0,0,0,0,0
121383,1,1,1997,0,0,0,0,0,0,0,0,0,0
121383,2,1,1997,0,0,0,0,0,0,0,0,0,0
121384,1,1,1997,0,0,0,0,20,0,0,0,14,0
121384,2,1,1997,0,0,0,0,0,0,0,0,0,0
121385,1,1,1997,0,0,0,0,0,0,0,15,0,0
121385,2,1,1997,0,0,0,0,0,0,0,0,0,0
121386,1,1,1997,21,21,21,21,21,21,21,21,21,21
121386,2,1,1997,0,0,0,0,0,0,0,0,0,0
121387,1,1,1997,17,17,17,17,17,17,17,17,17,17
121387,2,1,1997,0,0,0,0,0,0,0,0,0,0
121388,1,1,1997,27,27,27,27,27,27,27,27,27,27
121388,2,1,1997,0,0,0,0,0,0,0,0,0,0
121389,1,1,1997,0,0,0,0,0,0,0,0,0,0
121389,2,1,1997,0,0,0,0,0,0,0,0,0,0
121389,3,1,1997,17,0,16,0,0,13,18,13,32,0
121390,0,1,1997,20,13,0,41,28,25,0,22,19,14
121390,1,1,1997,14,0,5,18,12,0,0,9,0,14
121391,0,1,1997,15,26,14,0,26,16,15,22,42,33
121391,0,2,1997,43,16,0,0,22,19,0,39,33,0
121391,1,1,1997,0,0,0,0,0,0,0,0,17,0
121392,1,1,1997,0,0,0,0,0,0,0,0,0,0
121393,1,1,1997,0,0,0,0,0,0,0,0,0,0
121393,2,1,1997,0,0,0,0,0,0,0,0,0,12
121394,1,1,1997,0,0,0,0,0,0,0,0,0,0
121394,2,1,1997,0,0,0,0,0,0,0,0,0,0
121395,1,1,1997,23,23,23,23,23,23,23,23,23,23
121396,1,1,1997,11,0,0,23,51,21,5,10,18,0
121397,1,1,1997,0,0,0,0,0,0,0,0,0,0
121397,2,1,1997,0,0,0,0,0,0,0,0,0,0
121398,1,1,1997,11,11,11,11,11,11,11,11,11,11
121399,1,1,1997,0,0,0,0,0,0,0,0,0,0
121399,2,1,1997,0,0,0,0,0,0,0,0,0,0
121400,0,1,1997,0,0,0,0,0,0,15,21,0,0
121400,1,1,1997,0,0,0,0,0,0,0,0,0,0
121401,0,1,1997,0,0,0,0,0,24,0,0,20,0
121401,1,1,1997,0,0,0,0,0,0,0,0,0,0
121402,0,1,1997,0,16,22,0,0,0,0,0,0,38
121402,1,1,1997,0,0,0,0,0,0,0,0,2,0
121403,1,1,1997,0,0,0,0,0,0,0,0,0,0
121404,1,1,1997,0,0,0,0,0,0,0,0,0,0
121404,2,1,1997,0,0,0,0,0,0,0,0,0,0
121405,1,1,1997,0,0,0,0,0,0,0,0,0,0
121405,2,1,1997,0,0,0,0,0,0,0,0,0,0
121405,3,1,1997,0,0,0,0,0,0,0,0,0,0
121406,1,1,1997,0,0,0,0,0,0,0,0,0,0
121406,2,1,1997,0,0,0,0,0,0,15,0,0,0
121407,1,1,1997,0,0,0,0,0,0,0,0,0,0
121408,0,1,1997,0,0,0,0,0,0,0,0,0,0
121408,1,1,1997,0,0,0,0,0,0,0,8,9,0
121409,1,1,1997,0,0,0,0,0,0,0,0,0,0
121409,2,1,1997,0,0,0,0,0,0,0,0,0,0
121410,1,1,1997,21,21,21,21,21,21,21,21,21,21
121410,2,1,1997,0,0,0,0,0,0,0,0,0,0
121411,1,1,1997,0,0,0,0,0,0,0,0,0,0
121412,1,1,1997,0,0,0,0,0,0,0,0,0,0
121412,2,1,1997,0,0,0,11,0,0,0,0,0,0
121413,1,1,1997,0,0,0,0,0,0,0,0,0,0
121413,2,1,1997,0,0,0,0,0,0,0,0,0,0
121415,1,1,1997,0,0,0,0,0,0,0,0,0,0
121415,2,1,1997,0,0,0,0,0,0,0,0,0,0
121416,1,1,1997,9,9,9,9,9,9,9,9,9,9
121416,2,1,1997,0,0,0,0,0,0,0,0,0,0
121417,0,1,1997,34,34,34,34,34,34,34,34,34,34
121417,1,1,1997,0,0,0,0,0,0,0,0,0,0
121417,2,1,1997,0,0,0,0,0,0,0,0,0,0
121418,1,1,1997,0,0,0,0,0,0,0,0,0,0
121419,1,1,1997,0,22,0,0,0,40,0,0,0,0
121419,2,1,1997,0,0,0,0,0,0,0,0,0,0
121420,0,1,1997,0,0,0,0,0,0,0,0,0,17
121420,1,1,1997,0,0,0,0,0,0,0,0,0,0
121421,0,1,1997,25,25,25,25,25,25,25,25,25,25
121421,1,1,1997,0,0,0,0,0,0,0,0,0,0
121422,0,1,1997,0,0,0,0,0,0,0,0,0,0
121422,1,1,1997,0,0,0,0,0,0,0,0,0,0
121423,0,1,1997,10,10,10,10,10,10,10,10,10,10
121423,1,1,1997,0,0,0,0,0,0,0,0,0,0
121424,1,1,1997,0,0,0,0,0,0,0,0,0,0
121424,2,1,1997,0,0,0,0,0,0,0,0,0,0
121425,1,1,1997,0,12,0,0,0,0,0,0,0,0
121425,2,1,1997,0,0,0,0,0,0,0,0,0,0
121426,1,1,1997,10,10,10,10,10,10,10,10,10,10
121427,1,1,1997,0,0,13,0,2,9,0,0,14,0
121427,2,1,1997,12,12,12,12,12,12,12,12,12,12
121428,1,1,1997,1,1,1,1,1,1,1,1,1,1
121428,2,1,1997,1,1,1,1,1,1,1,1,1,1
121429,1,1,1997,0,0,0,0,0,0,0,0,0,0
121429,2,1,1997,0,0,0,0,0,0,0,0,0,0
121430,1,1,1997,0,0,0,18,20,0,0,0,0,0
121430,2,1,1997,0,0,0,0,0,0,0,0,0,0
121430,3,1,1997,0,0,0,0,0,0,0,0,0,0
121430,4,1,1997,0,0,0,0,0,0,0,0,0,0
121431,0,1,1997,0,0,0,0,33,27,14,20,17,0
121431,1,1,1997,21,21,0,0,0,0,0,7,0,0
121432,1,1,1997,0,0,0,0,0,0,0,0,0,0
121432,2,1,1997,0,0,0,0,0,0,0,0,0,0
121433,1,1,1997,10,10,10,10,10,10,10,10,10,10
121434,1,1,1997,0,0,0,0,0,0,0,0,0,0
121434,2,1,1997,0,0,0,0,0,0,0,0,0,0
121434,3,1,1997,0,0,1,0,0,0,0,0,0,0
121434,4,1,1997,0,0,0,0,0,0,0,0,0,0
121434,5,1,1997,0,0,16,0,0,0,0,0,0,25
121434,6,1,1997,0,0,0,0,0,0,0,0,0,0
121435,1,1,1997,0,0,0,0,0,0,0,0,0,0
121435,2,1,1997,0,0,0,0,0,0,0,0,0,0
121436,1,1,1997,0,0,0,0,0,0,0,0,0,0
121437,0,1,1997,0,0,0,23,0,0,0,0,0,5
121437,1,1,1997,0,0,0,0,0,0,0,0,0,0
121438,1,1,1997,0,0,0,0,0,0,0,0,0,0
121438,2,1,1997,0,0,0,0,0,0,0,0,0,0
121439,1,1,1997,0,0,0,0,0,0,0,0,0,0
121439,2,1,1997,0,0,0,0,0,0,0,0,0,0
121440,1,1,1997,0,0,0,0,0,0,0,0,0,0
121440,2,1,1997,0,0,0,0,0,0,0,0,0,0
121440,3,1,1997,0,0,0,0,0,0,0,0,0,0
121441,0,1,1997,0,19,11,0,0,0,27,42,0,27
121441,0,2,1997,0,9,11,0,0,0,0,15,0,0
121441,0,3,1997,0,0,0,0,0,0,0,0,0,0
121441,1,1,1997,0,0,0,0,0,0,0,0,0,0
121442,1,1,1997,0,0,0,0,0,0,0,0,0,0
121442,2,1,1997,0,0,0,0,0,0,0,0,0,0
121443,0,1,1997,21,12,17,6,15,0,30,9,0,17
121443,1,1,1997,18,18,18,18,18,18,18,18,18,18
121444,0,1,1997,0,0,0,0,0,0,0,0,0,0
121444,1,1,1997,0,0,0,12,0,0,0,0,0,0
121445,1,1,1997,0,0,0,0,0,0,0,0,0,0
121445,2,1,1997,0,0,0,0,0,0,0,0,0,0
121445,3,1,1997,0,0,0,0,0,0,0,0,0,0
121446,1,1,1997,0,0,0,0,0,0,0,0,0,6
121446,2,1,1997,0,0,0,0,0,0,0,0,0,0
121447,1,1,1997,21,21,21,21,21,21,21,21,21,21
121448,0,1,1997,0,0,0,0,0,0,0,0,24,0
121448,0,2,1997,21,0,0,0,0,0,0,0,22,0
121448,0,3,1997,21,0,0,13,25,0,0,0,31,0
121448,1,1,1997,0,0,0,32,8,0,0,10,10,0
121449,1,1,1997,17,15,16,0,15,0,17,0,5,10
121450,0,1,1997,0,0,0,0,0,0,0,0,0,0
121450,1,1,1997,0,0,0,0,0,0,0,0,0,0
121451,1,1,1997,0,0,0,0,0,0,0,0,0,0
121452,1,1,1997,0,0,0,0,0,0,0,0,0,0
121452,2,1,1997,0,0,0,0,0,0,0,0,0,0
121453,1,1,1997,0,0,0,0,0,0,0,0,0,0
121453,2,1,1997,0,0,0,0,0,0,0,18,0,0
121454,1,1,1997,10,10,10,10,10,10,10,10,10,10
121455,1,1,1997,11,11,11,11,11,11,11,11,11,11
121455,2,1,1997,0,0,0,0,0,0,0,0,0,0
121456,0,1,1997,0,0,0,0,0,0,0,0,0,0
121456,0,2,1997,0,0,0,0,0,0,0,0,0,0
121456,1,1,1997,0,0,0,0,0,0,0,0,0,0
121457,0,1,1997,0,0,0,0,0,0,0,0,0,0
121457,1,1,1997,0,0,0,0,0,0,0,0,0,0
121458,1,1,1997,0,0,0,0,0,0,0,0,0,0
121458,2,1,1997,0,0,0,0,0,0,6,0,0,0
121459,0,1,1997,0,0,0,0,0,0,25,16,0,0
121459,1,1,1997,0,0,0,0,0,0,0,0,0,0
121460,1,1,1997,0,0,0,0,0,0,0,0,0,0
121460,2,1,1997,0,0,0,0,0,0,0,0,0,0
121461,0,1,1997,0,0,0,0,0,0,0,0,0,0
121461,1,1,1997,0,0,0,0,0,0,0,0,0,0
121461,2,1,1997,0,0,0,0,0,0,0,0,0,0
121462,1,1,1997,0,0,0,0,0,0,0,0,0,0
121463,0,1,1997,0,0,0,0,0,0,0,0,0,0
121463,1,1,1997,0,0,0,0,0,0,0,0,0,0
121464,1,1,1997,14,14,14,14,14,14,14,14,14,14
121465,1,1,1997,11,11,11,11,11,11,11,11,11,11
121466,1,1,1997,0,0,0,0,0,22,16,0,12,0
121467,0,1,1997,0,0,0,0,0,9,0,0,0,0
121467,1,1,1997,0,0,0,0,0,0,0,0,0,0
121468,0,1,1997,0,0,0,0,0,0,0,0,0,0
121468,1,1,1997,0,0,0,0,0,0,0,0,0,6
121469,1,1,1997,19,19,19,19,19,19,19,19,19,19
121470,1,1,1997,15,0,0,0,22,5,0,27,0,0
121471,0,1,1997,15,15,15,15,15,15,15,15,15,15
121471,1,1,1997,0,0,0,0,0,0,0,0,11,0
121472,1,1,1997,0,0,0,0,0,0,0,0,0,0
121473,1,1,1997,0,0,0,0,0,0,0,0,0,0
121474,1,1,1997,0,0,0,0,0,16,0,0,0,0
121474,2,1,1997,0,0,0,0,0,0,19,0,0,0
121475,1,1,1997,18,18,18,18,18,18,18,18,18,18
121476,1,1,1997,0,0,0,0,0,0,0,0,0,0
121476,2,1,1997,0,0,0,0,0,0,0,0,0,0
121477,0,1,1997,0,0,0,0,0,0,0,0,0,0
121477,1,1,1997,0,0,0,0,0,0,0,8,0,0
121478,1,1,1997,0,12,20,18,20,6,0,23,15,23
121479,1,1,1997,0,0,0,0,0,0,0,0,0,0
121479,2,1,1997,21,0,0,0,0,0,0,0,0,0
121480,1,1,1997,0,0,0,0,0,0,0,0,0,15
121481,0,1,1997,16,21,15,26,39,13,0,7,18,0
121481,1,1,1997,16,16,16,16,16,16,16,16,16,16
121482,1,1,1997,0,0,0,0,0,0,0,0,0,0
121482,2,1,1997,0,0,0,0,0,0,0,0,0,0
121483,1,1,1997,0,0,0,0,0,0,0,0,0,0
121483,2,1,1997,0,0,0,0,0,0,0,0,0,0
121484,0,1,1997,17,0,0,28,27,0,32,12,14,48
121484,1,1,1997,45,45,45,45,45,45,45,45,45,45
121485,0,1,1997,17,17,17,17,17,17,17,17,17,17
121485,1,1,1997,0,0,3,0,0,0,0,0,0,0
121486,0,1,1997,7,22,0,0,21,0,0,34,0,20
121486,1,1,1997,0,0,0,0,0,0,0,0,0,14
121487,1,1,1997,0,26,0,0,0,0,0,0,0,0
121488,0,1,1997,0,0,0,0,0,0,0,0,14,0
121488,1,1,1997,0,0,0,0,0,0,0,0,0,0
121489,1,1,1997,0,0,0,0,0,0,0,0,0,0
121489,2,1,1997,0,0,0,0,0,0,0,0,0,0
121490,1,1,1997,0,0,0,0,0,0,0,0,0,0
121490,2,1,1997,4,0,0,0,0,0,0,0,0,0
121491,1,1,1997,0,0,0,0,0,0,0,0,15,0
121491,2,1,1997,10,0,0,0,0,0,21,17,0,0
121492,1,1,1997,0,0,0,0,0,0,0,0,0,0
121492,2,1,1997,0,0,0,0,0,0,0,0,0,0
121493,1,1,1997,0,0,0,0,0,0,0,0,0,0
121494,1,1,1997,22,16,31,0,3,17,21,22,43,9
121495,0,1,1997,0,0,0,0,21,39,6,0,10,24
121495,1,1,1997,0,0,0,0,0,0,0,0,0,0
121497,1,1,1997,6,0,0,0,15,0,0,0,0,0
121498,1,1,1997,2,2,2,2,2,2,2,2,2,2
121499,1,1,1997,0,0,0,0,0,0,0,0,0,0
121500,1,1,1997,12,12,12,12,12,12,12,12,12,12
121500,2,1,1997,0,0,0,0,0,0,0,0,0,0
121501,1,1,1997,0,0,0,0,0,0,0,0,0,0
121502,1,1,1997,0,0,0,0,0,0,0,0,0,0
121502,2,1,1997,0,0,0,0,0,0,0,0,0,0
121503,2,1,1997,0,0,0,0,0,0,0,0,0,0
121504,1,1,1997,0,0,0,0,0,0,0,0,0,0
121504,2,1,1997,0,0,0,0,0,0,0,0,0,0
121505,1,1,1997,19,19,0,0,0,0,0,0,0,0
121505,2,1,1997,0,0,0,0,0,0,0,0,0,0
121505,3,1,1997,0,7,8,0,0,0,0,20,0,18
121506,1,1,1997,0,0,0,0,0,0,0,0,0,0
121506,2,1,1997,0,0,0,0,0,16,0,6,0,0
121507,0,1,1997,15,15,15,15,15,15,15,15,15,15
121507,0,2,1997,17,11,3,18,25,0,19,0,0,32
121507,1,1,1997,10,10,10,10,10,10,10,10,10,10
121508,1,1,1997,0,0,0,0,0,0,0,4,0,0
121508,2,1,1997,0,0,0,0,2,0,0,0,0,0
121509,1,1,1997,29,0,22,0,26,13,11,13,19,18
121509,2,1,1997,0,0,0,0,16,0,0,0,0,0
121509,3,1,1997,0,0,0,0,0,0,0,0,0,0
121510,1,1,1997,0,0,0,0,0,0,0,0,0,0
121510,2,1,1997,0,0,0,3,0,0,0,0,0,0
121511,1,1,1997,0,0,0,0,0,0,0,0,0,0
121511,2,1,1997,0,0,0,0,0,0,0,0,0,0
121512,1,1,1997,0,0,0,0,0,0,0,0,0,0
121512,2,1,1997,0,0,0,0,0,0,0,0,0,0
121513,1,1,1997,0,0,0,0,0,0,0,0,12,0
121513,2,1,1997,0,0,0,0,0,0,0,0,0,0
121513,3,1,1997,0,0,0,0,0,0,0,0,0,0
121514,1,1,1997,0,0,0,0,0,0,0,0,0,0
121514,2,1,1997,0,0,0,0,0,0,0,0,0,0
121515,1,1,1997,0,0,0,0,0,0,0,0,0,0
121515,2,1,1997,0,0,0,0,0,0,0,0,0,16
121516,1,1,1997,0,0,0,5,3,0,0,11,20,0
121516,2,1,1997,0,0,0,0,0,0,0,0,0,0
121517,1,1,1997,18,18,18,18,18,18,18,18,18,18
121518,0,1,1997,0,0,0,0,0,0,0,0,0,0
121518,1,1,1997,0,0,0,0,0,0,0,0,0,0
121519,1,1,1997,11,0,12,24,15,14,12,13,19,14
121520,0,1,1997,0,0,0,21,0,33,0,0,21,0
121520,1,1,1997,0,0,0,0,0,0,0,0,0,9
121521,1,1,1997,32,32,32,32,32,32,32,32,32,32
121522,0,1,1997,0,0,0,0,0,0,0,0,0,0
121522,1,1,1997,0,0,0,0,0,0,0,0,0,0
121523,1,1,1997,0,27,16,0,38,27,0,0,0,15
121524,0,1,1997,0,0,0,0,0,0,0,0,0,0
121524,1,1,1997,0,0,0,0,0,0,0,0,0,0
121525,1,1,1997,0,0,0,0,0,0,0,0,0,0
121526,1,1,1997,23,23,23,23,23,23,23,23,23,23
121526,2,1,1997,0,0,0,0,0,0,0,0,0,0
121527,0,1,1997,0,0,0,0,0,0,0,0,0,0
121527,1,1,1997,0,0,0,0,0,0,0,0,0,0
121528,0,1,1997,0,0,0,0,0,0,0,0,0,0
121528,1,1,1997,0,0,0,0,0,0,0,0,0,0
121529,1,1,1997,0,0,0,0,0,0,0,0,17,0
121529,2,1,1997,0,0,0,0,0,0,0,0,0,0
121529,3,1,1997,0,24,0,0,0,0,0,0,0,0
121529,4,1,1997,0,0,0,0,0,0,0,0,0,0
121530,1,1,1997,0,0,0,0,0,0,0,0,0,0
121530,2,1,1997,0,0,0,0,0,0,0,0,0,0
121531,1,1,1997,0,6,0,2,0,0,0,0,0,0
121531,2,1,1997,0,0,0,0,0,0,0,0,0,0
121531,3,1,1997,0,0,0,0,0,0,0,0,0,0
121532,1,1,1997,0,0,0,0,0,0,0,0,0,0
121533,0,1,1997,0,0,0,0,0,0,0,0,0,0
121533,1,1,1997,0,0,0,0,0,0,0,0,0,0
121534,1,1,1997,0,0,0,0,0,0,0,6,0,0
121534,2,1,1997,0,0,4,0,0,0,25,0,0,0
121535,1,1,1997,0,0,0,0,0,0,0,0,0,0
121535,2,1,1997,0,0,0,0,0,0,0,0,0,0
121536,1,1,1997,0,0,0,0,0,0,0,0,0,0
121536,2,1,1997,0,0,0,0,0,0,0,20,0,0
121537,1,1,1997,0,0,0,0,0,0,0,0,0,0
121537,2,1,1997,0,0,0,0,0,0,0,0,0,0
121538,1,1,1997,0,20,0,0,0,0,0,0,0,0
121539,1,1,1997,24,24,24,24,24,24,24,24,24,24
121540,1,1,1997,0,0,0,0,0,0,0,0,0,0
121540,2,1,1997,0,0,0,0,0,0,0,0,0,0
121540,3,1,1997,0,0,0,0,0,0,0,0,0,0
121541,1,1,1997,32,0,0,18,14,14,0,14,14,29
121542,1,1,1997,0,0,0,0,0,0,0,0,0,0
121543,1,1,1997,24,24,24,24,24,24,24,24,24,24
121544,1,1,1997,23,23,23,23,23,23,23,23,23,23
121545,1,1,1997,0,0,0,0,0,0,0,0,0,0
121545,2,1,1997,11,11,11,11,11,11,11,11,11,11
121546,0,1,1997,0,0,0,0,0,0,0,0,0,0
121546,1,1,1997,0,0,0,0,0,0,0,0,0,0
121547,1,1,1997,19,0,0,0,0,0,0,0,0,0
121547,2,1,1997,0,0,20,0,0,0,0,0,0,0
121548,1,1,1997,0,0,0,0,0,0,0,0,0,0
121548,2,1,1997,0,0,0,0,0,0,0,0,0,0
121548,3,1,1997,0,0,0,0,8,0,0,0,0,0
121549,1,1,1997,0,0,0,0,0,0,0,0,0,0
121549,2,1,1997,0,0,0,0,0,0,0,0,0,0
121550,1,1,1997,6,6,6,6,6,6,6,6,6,6
121551,1,1,1997,5,5,5,5,5,5,5,5,5,5
121552,1,1,1997,20,20,20,20,20,20,20,20,20,20
121553,1,1,1997,13,13,13,13,13,13,13,13,13,13
121553,2,1,1997,0,0,0,0,0,0,0,24,0,0
121554,0,1,1997,26,26,26,26,26,26,26,26,26,26
121554,1,1,1997,0,0,0,0,0,0,0,0,0,0
121555,0,1,1997,0,0,0,0,0,0,0,0,0,0
121555,1,1,1997,0,0,22,0,0,0,0,0,0,0
121556,1,1,1997,0,0,0,0,0,0,0,0,0,0
121556,2,1,1997,0,18,0,0,0,0,0,31,9,0
121557,1,1,1997,0,0,0,0,0,0,0,0,0,0
121558,1,1,1997,22,22,22,22,22,22,22,22,22,22
121559,1,1,1997,0,0,0,0,0,0,0,0,0,0
121559,2,1,1997,0,0,0,0,0,0,0,0,0,0
121559,3,1,1997,0,0,0,0,0,0,0,0,0,0
121560,1,1,1997,20,20,20,20,20,20,20,20,20,20
121561,1,1,1997,0,9,0,0,0,0,0,0,0,0
121561,2,1,1997,0,0,0,0,0,0,0,0,0,0
121562,1,1,1997,0,0,0,0,8,0,0,0,0,0
121563,1,1,1997,0,0,0,0,0,0,0,0,0,0
121563,2,1,1997,0,0,0,0,0,0,0,0,0,0
121564,1,1,1997,0,0,0,0,0,0,0,0,0,0
121565,1,1,1997,0,0,0,0,0,0,0,0,0,0
121565,2,1,1997,0,0,0,0,0,0,0,0,0,0
121565,3,1,1997,0,0,0,0,0,0,0,0,0,0
121566,1,1,1997,0,0,0,0,0,0,0,0,0,0
121566,2,1,1997,0,0,0,0,0,0,0,0,0,0
121567,1,1,1997,17,17,17,17,17,17,17,17,17,17
121567,2,1,1997,0,0,0,0,0,0,0,0,0,0
121568,1,1,1997,0,0,0,0,0,0,0,0,0,0
121568,2,1,1997,0,0,0,0,0,0,0,0,0,0
121569,1,1,1997,0,0,0,0,0,0,0,0,0,0
121570,1,1,1997,0,0,0,0,0,0,0,0,0,0
121570,2,1,1997,0,0,0,0,0,0,0,0,0,0
121570,3,1,1997,0,0,0,0,0,0,0,0,0,0
121571,1,1,1997,20,20,20,20,20,20,20,20,20,20
121572,1,1,1997,0,0,0,0,0,0,0,0,0,0
121572,2,1,1997,0,0,0,0,0,0,0,0,0,0
121573,1,1,1997,0,0,0,0,0,0,0,0,0,0
121573,2,1,1997,0,0,0,0,0,0,0,0,0,6
121574,1,1,1997,0,0,0,0,0,0,0,0,0,0
121574,2,1,1997,0,0,0,0,0,0,0,0,0,0
121575,1,1,1997,0,0,0,0,0,0,0,0,0,0
121575,2,1,1997,0,0,0,0,0,0,0,0,0,0
121575,3,1,1997,0,0,0,0,0,0,0,0,0,0
121576,0,1,1997,0,0,0,0,0,0,0,0,0,0
121576,1,1,1997,0,0,0,0,0,0,0,0,0,0
121577,1,1,1997,7,7,7,7,7,7,7,7,7,7
121578,1,1,1997,0,0,0,0,0,0,0,0,0,0
121579,0,1,1997,0,0,0,0,0,0,0,0,0,0
121579,1,1,1997,0,0,0,0,0,0,0,0,0,0
121580,1,1,1997,8,8,8,8,8,8,8,8,8,8
121580,2,1,1997,0,0,0,0,0,0,0,0,0,0
121581,1,1,1997,0,0,0,0,0,0,0,0,0,0
121582,1,1,1997,0,0,0,0,0,0,0,0,0,0
121582,2,1,1997,0,0,0,0,0,0,0,0,0,0
121583,1,1,1997,0,0,0,0,0,0,0,0,0,0
121583,2,1,1997,0,0,0,0,0,0,0,0,0,0
121584,1,1,1997,0,0,0,0,0,0,0,0,0,0
121584,2,1,1997,0,0,0,0,0,0,0,0,0,0
121585,0,1,1997,0,0,0,0,0,0,0,0,0,0
121585,1,1,1997,0,0,0,0,0,0,0,0,0,0
121586,1,1,1997,0,8,0,0,22,14,35,23,34,13
121587,1,1,1997,17,20,9,32,17,0,21,14,19,7
121587,2,1,1997,0,0,0,0,0,0,0,0,0,0
121588,1,1,1997,0,0,0,0,0,0,0,0,0,0
121589,1,1,1997,0,0,0,0,0,0,0,0,0,0
121590,1,1,1997,0,0,0,0,6,0,0,0,0,0
121591,0,1,1997,0,0,0,0,0,0,0,0,0,0
121591,1,1,1997,0,0,0,0,0,0,0,0,0,0
121592,1,1,1997,25,25,25,25,25,25,25,25,25,25
121592,2,1,1997,0,0,0,0,0,13,0,0,0,0
121593,0,1,1997,0,0,0,0,0,0,0,0,0,0
121593,1,1,1997,0,0,0,0,0,0,0,0,12,0
121594,0,1,1997,20,31,0,0,0,16,3,24,41,15
121594,1,1,1997,24,10,0,0,0,0,0,0,9,0
121595,1,1,1997,0,0,0,0,0,0,0,0,0,0
121595,2,1,1997,0,0,0,0,0,0,0,0,0,0