ST_CASE,VEH_NO,PER_NO,YEAR,P1,P2,P3,P4,P5,P6,P7,P8,P9,P10
121596,0,1,1997,0,0,0,0,0,0,0,0,0,0
121596,1,1,1997,0,0,0,0,0,0,0,0,0,0
121597,1,1,1997,0,0,0,0,0,0,0,0,0,0
121598,0,1,1997,26,26,26,26,26,26,26,26,26,26
121598,1,1,1997,0,0,0,0,0,0,0,0,0,0
121599,1,1,1997,0,0,0,0,0,0,0,0,0,0
121599,2,1,1997,0,0,0,0,0,0,0,0,0,0
121600,1,1,1997,0,0,0,0,0,0,0,0,0,0
121600,2,1,1997,0,0,0,0,0,0,0,0,0,0
121601,1,1,1997,0,0,0,0,0,0,0,0,4,0
121601,2,1,1997,0,0,0,0,0,0,0,0,0,0
121602,1,1,1997,0,0,0,0,0,0,0,0,0,0
121602,2,1,1997,0,0,0,0,0,0,0,0,0,0
121603,1,1,1997,0,0,0,0,0,0,0,0,0,0
121603,2,1,1997,0,0,0,18,0,0,0,0,0,0
121604,1,1,1997,0,0,0,0,0,0,0,0,0,0
121604,2,1,1997,0,0,0,0,0,0,0,0,0,0
121605,1,1,1997,0,0,0,0,0,0,0,0,0,0
121605,2,1,1997,0,0,0,0,0,0,0,0,0,0
121606,0,1,1997,0,0,0,0,0,0,0,0,0,0
121606,0,2,1997,0,0,0,0,0,0,0,0,0,0
121606,1,1,1997,0,0,0,0,0,0,0,0,0,0
121607,1,1,1997,0,0,0,0,0,0,0,0,0,0
121607,2,1,1997,0,0,0,0,0,0,0,0,0,0
121608,0,1,1997,31,0,0,0,0,0,0,0,0,0
121608,1,1,1997,0,0,0,0,0,0,0,0,0,0
121608,2,1,1997,0,0,0,0,0,0,0,0,0,0
121608,3,1,1997,0,0,0,0,0,0,0,0,0,0
121609,0,1,1997,0,0,0,0,0,0,0,0,0,0
121609,1,1,1997,0,21,14,23,0,0,9,0,0,17
121610,0,1,1997,0,21,0,0,0,0,24,30,0,0
121610,1,1,1997,24,16,15,21,0,11,19,18,8,24
121611,1,1,1997,0,0,0,0,0,0,0,0,0,0
121611,2,1,1997,0,0,0,0,0,0,0,0,0,0
121611,3,1,1997,0,0,0,0,0,0,0,0,0,0
121612,1,1,1997,21,21,21,21,21,21,21,21,21,21
121613,1,1,1997,0,0,0,0,0,0,0,0,0,0
121613,2,1,1997,0,0,0,0,0,29,0,0,0,0
121614,1,1,1997,0,26,0,0,0,0,17,0,18,19
121615,1,1,1997,0,0,0,0,0,0,0,0,0,0
121615,2,1,1997,0,0,0,0,0,0,0,0,0,0
121616,1,1,1997,0,24,0,16,9,15,25,26,0,15
121617,1,1,1997,0,0,0,0,0,0,0,0,0,0
121617,2,1,1997,0,0,0,0,0,0,0,0,0,0
121617,3,1,1997,0,0,0,0,0,0,0,0,0,0
121617,4,1,1997,0,0,0,0,0,0,32,0,0,0
121618,1,1,1997,28,28,28,28,28,28,28,28,28,28
121619,1,1,1997,18,0,0,18,0,0,0,0,0,0
121619,2,1,1997,0,0,0,0,0,0,0,0,0,0
121620,0,1,1997,0,15,0,0,0,34,0,0,0,0
121620,1,1,1997,0,0,0,0,0,0,0,0,9,0
121621,0,1,1997,0,0,0,13,23,0,0,13,26,11
121621,1,1,1997,0,0,0,0,0,0,0,0,0,0
121622,1,1,1997,0,0,0,0,0,0,0,0,0,0
121622,2,1,1997,0,0,0,0,0,0,0,0,0,0
121623,0,1,1997,11,19,38,28,17,10,0,15,35,21
121623,1,1,1997,0,11,10,0,0,0,0,0,0,0
121624,0,1,1997,21,0,0,0,0,0,0,0,0,0
121624,1,1,1997,0,0,0,0,0,0,0,0,0,0
121625,1,1,1997,0,0,0,0,0,0,0,0,0,0
121626,1,1,1997,0,0,0,0,0,0,0,0,0,0
121626,2,1,1997,0,0,0,0,0,0,0,0,0,0
121627,1,1,1997,0,0,0,0,0,0,0,0,0,0
121628,0,1,1997,25,25,25,25,25,25,25,25,25,25
121628,1,1,1997,0,0,0,0,0,0,21,0,0,0
121629,1,1,1997,12,12,12,12,12,12,12,12,12,12
121630,1,1,1997,23,23,23,23,23,23,23,23,23,23
121631,1,1,1997,0,0,0,0,0,0,0,0,0,0
121631,2,1,1997,0,0,0,0,0,0,0,0,0,0
121632,1,1,1997,0,0,0,0,0,0,0,0,0,0
121632,2,1,1997,0,0,0,0,0,0,0,0,0,0
121633,1,1,1997,10,0,25,17,27,19,0,11,28,22
121634,1,1,1997,0,0,0,0,0,0,0,0,0,0
121634,2,1,1997,0,0,0,0,0,0,0,0,0,0
121635,1,1,1997,0,0,0,15,0,0,0,0,0,0
121635,2,1,1997,0,0,0,0,0,0,7,0,0,0
121635,3,1,1997,0,0,0,0,0,0,0,0,0,0
121636,0,1,1997,0,0,0,0,29,24,26,33,0,0
121636,1,1,1997,0,0,0,0,0,0,0,0,0,0
121637,1,1,1997,0,14,0,0,0,0,9,16,0,0
121637,2,1,1997,0,0,0,0,0,0,0,0,0,0
121637,3,1,1997,0,0,0,0,0,0,0,0,0,0
121638,1,1,1997,0,0,0,0,0,0,0,0,0,0
121639,1,1,1997,0,0,0,0,0,0,0,0,0,0
121639,2,1,1997,0,0,0,0,0,0,0,0,0,16
121640,1,1,1997,0,0,0,0,0,0,0,0,0,0
121641,1,1,1997,32,32,32,32,32,32,32,32,32,32
121642,1,1,1997,45,0,0,23,26,2,6,27,0,20
121643,1,1,1997,0,0,0,0,0,0,0,0,0,0
121644,1,1,1997,0,0,0,0,0,0,0,0,0,0
121644,2,1,1997,0,0,0,3,0,0,0,0,0,0
121645,1,1,1997,0,0,0,0,0,0,0,0,0,0
121646,1,1,1997,0,0,5,9,19,0,12,0,0,0
121647,0,1,1997,0,9,0,0,0,0,0,0,0,0
121647,1,1,1997,0,0,0,0,0,0,0,0,0,0
121648,0,1,1997,0,0,0,0,0,31,22,40,0,0
121648,1,1,1997,7,0,0,0,0,0,0,0,0,0
121649,0,1,1997,0,0,0,0,10,6,26,23,0,0
121649,1,1,1997,0,0,0,12,0,0,0,18,0,21
121650,1,1,1997,0,0,0,0,0,0,0,0,0,0
121650,2,1,1997,0,0,0,0,0,17,0,0,0,0
121651,1,1,1997,0,0,0,0,0,0,0,0,0,0
121651,2,1,1997,0,0,0,0,0,0,0,0,0,0
121652,1,1,1997,0,0,0,0,0,0,0,0,0,22
121652,2,1,1997,0,0,0,0,0,0,0,0,0,0
121653,1,1,1997,0,0,0,0,0,0,0,0,0,0
121654,1,1,1997,0,0,0,0,0,0,0,0,0,0
121654,2,1,1997,0,0,0,0,0,0,0,0,0,0
121654,3,1,1997,0,0,0,0,0,0,0,0,0,0
121654,4,1,1997,0,0,0,0,0,0,0,0,0,0
121654,5,1,1997,0,0,0,0,0,0,0,0,0,0
121654,6,1,1997,0,0,0,0,0,0,0,0,0,0
121655,1,1,1997,12,12,12,12,12,12,12,12,12,12
121655,2,1,1997,0,0,0,0,0,0,0,0,0,0
121656,0,1,1997,15,15,15,15,15,15,15,15,15,15
121656,1,1,1997,0,0,0,0,0,0,0,0,2,0
121657,1,1,1997,0,0,0,0,0,0,0,0,0,0
121657,2,1,1997,0,0,0,0,0,0,0,0,0,0
121658,1,1,1997,0,0,0,0,0,0,0,0,0,0
121658,2,1,1997,0,0,0,0,0,0,0,0,0,0
121659,1,1,1997,0,0,15,0,0,0,0,0,0,0
121659,2,1,1997,0,0,0,0,0,0,0,0,0,0
121660,1,1,1997,0,0,0,0,0,0,0,17,0,0
121660,2,1,1997,0,0,0,0,0,0,0,0,0,0
121660,3,1,1997,0,0,0,0,0,0,0,0,0,0
121661,1,1,1997,0,0,0,0,0,0,0,0,0,0
121661,2,1,1997,0,0,0,0,0,0,0,0,0,0
121662,1,1,1997,18,18,18,18,18,18,18,18,18,18
121663,0,1,1997,0,0,0,0,0,0,0,0,0,0
121663,1,1,1997,19,19,19,19,19,19,19,19,19,19
121664,1,1,1997,20,20,20,20,20,20,20,20,20,20
121664,2,1,1997,0,0,0,0,0,0,0,0,0,0
121665,1,1,1997,0,0,0,0,0,0,0,0,0,0
121665,2,1,1997,0,0,0,0,0,0,0,0,0,0
121666,0,1,1997,20,6,0,0,13,16,26,0,26,0
121666,1,1,1997,0,0,0,2,0,0,0,0,0,0
121667,1,1,1997,0,0,0,0,0,0,0,0,0,0
121668,0,1,1997,0,0,0,0,0,0,0,0,0,0
121668,1,1,1997,0,0,0,0,0,0,0,0,0,0
121669,1,1,1997,0,17,27,19,20,31,23,9,18,18
121670,0,1,1997,0,0,0,0,0,0,0,0,0,0
121670,1,1,1997,0,0,0,0,0,0,0,0,0,0
121671,0,1,1997,16,16,16,16,16,16,16,16,16,16
121671,1,1,1997,0,0,0,0,0,0,0,0,0,0
121672,1,1,1997,0,0,0,0,0,0,0,0,10,0
121672,2,1,1997,0,0,0,0,0,0,0,0,0,0
121673,1,1,1997,25,25,25,25,25,25,25,25,25,25
121674,1,1,1997,28,28,28,28,28,28,28,28,28,28
121675,1,1,1997,0,0,0,0,0,0,0,0,0,0
121676,1,1,1997,0,23,14,0,20,0,0,14,30,38
121676,2,1,1997,10,0,0,0,0,0,32,0,10,0
121677,0,1,1997,0,0,0,0,0,0,0,0,0,0
121677,1,1,1997,0,0,0,0,0,0,0,0,0,0
121678,0,1,1997,27,27,27,27,27,27,27,27,27,27
121678,1,1,1997,26,49,0,0,6,0,13,0,24,0
121679,1,1,1997,0,0,0,0,0,0,0,0,0,0
121679,2,1,1997,0,0,0,0,0,0,6,0,0,0
121681,1,1,1997,0,0,0,0,0,0,0,0,0,0
121681,2,1,1997,0,0,0,0,0,0,0,0,0,0
121682,1,1,1997,34,0,5,17,0,13,9,0,19,34
121682,2,1,1997,0,0,0,6,10,0,0,0,0,15
121683,0,1,1997,39,39,39,39,39,39,39,39,39,39
121683,1,1,1997,0,0,0,0,0,0,0,0,0,0
121684,1,1,1997,0,0,0,0,21,0,0,0,13,0
121685,0,1,1997,0,11,0,41,0,30,30,17,9,20
121685,1,1,1997,0,0,0,0,0,0,0,0,0,0
121686,0,1,1997,16,16,16,16,16,16,16,16,16,16
121686,1,1,1997,0,0,0,0,11,0,0,0,0,0
121687,0,1,1997,30,0,0,29,18,0,0,0,21,11
121687,1,1,1997,0,0,0,0,0,0,0,0,28,0
121688,1,1,1997,31,0,0,0,0,0,0,0,0,0
121688,2,1,1997,0,0,5,0,0,0,15,0,0,0
121689,1,1,1997,0,0,0,0,0,0,0,0,0,0
121690,1,1,1997,0,0,0,0,0,0,0,0,7,0
121690,2,1,1997,0,0,0,0,0,0,0,0,0,0
121691,1,1,1997,15,15,15,15,15,15,15,15,15,15
121692,1,1,1997,0,0,0,0,0,0,0,0,0,0
121693,0,1,1997,0,0,0,0,0,0,0,0,0,0
121693,1,1,1997,0,0,0,0,0,0,0,0,0,0
121694,1,1,1997,0,0,0,0,0,0,0,0,0,0
121694,2,1,1997,0,0,0,0,0,0,0,0,0,0
121695,1,1,1997,0,0,0,0,0,0,0,0,0,0
121696,1,1,1997,0,0,0,0,0,0,0,0,0,0
121697,0,1,1997,0,0,0,0,0,0,0,11,0,0
121697,1,1,1997,0,0,0,0,0,0,0,0,0,0
121698,1,1,1997,0,0,0,0,0,0,0,0,0,0
121698,2,1,1997,0,0,0,0,0,0,0,0,0,0
121699,1,1,1997,0,0,0,0,0,0,0,0,0,0
121699,2,1,1997,0,0,0,0,0,0,0,0,0,0
121700,1,1,1997,17,17,17,17,17,17,17,17,17,17
121700,2,1,1997,8,8,8,8,8,8,8,8,8,8
121701,1,1,1997,0,0,0,0,0,0,0,0,0,0
121701,2,1,1997,0,0,0,0,0,0,0,0,0,0
121702,1,1,1997,0,0,0,0,0,0,0,0,0,0
121702,2,1,1997,0,0,0,0,0,0,0,0,0,0
121703,1,1,1997,21,21,21,21,21,21,21,21,21,21
121703,2,1,1997,0,0,0,0,0,0,0,0,0,0
121704,1,1,1997,23,0,0,0,16,0,0,0,0,0
121704,2,1,1997,0,0,0,0,0,0,0,0,0,0
121704,3,1,1997,0,0,0,0,4,0,0,0,0,17
121705,0,1,1997,0,0,0,0,0,0,0,0,0,0
121705,1,1,1997,0,0,0,0,0,0,0,0,0,0
121706,1,1,1997,0,37,21,0,0,0,0,0,0,0
121707,0,1,1997,16,16,16,16,16,16,16,16,16,16
121707,1,1,1997,0,0,0,0,0,0,0,0,0,0
121708,1,1,1997,0,0,0,0,0,0,0,0,0,0
121708,2,1,1997,21,21,21,21,21,21,21,21,21,21
121709,1,1,1997,7,0,0,28,0,4,0,0,0,0
121709,2,1,1997,0,0,0,0,0,0,0,0,0,0
121709,3,1,1997,0,6,0,23,0,0,0,0,0,0
121710,1,1,1997,0,0,0,0,0,0,0,0,0,0
121710,2,1,1997,0,0,0,0,0,0,0,0,0,0
121711,1,1,1997,24,21,25,11,25,23,17,13,0,11
121712,1,1,1997,0,0,0,0,0,0,0,0,0,0
121712,2,1,1997,12,12,12,12,12,12,12,12,12,12
121713,1,1,1997,10,10,10,10,10,10,10,10,10,10
121713,2,1,1997,0,0,0,0,0,0,0,19,7,0
121714,1,1,1997,0,0,0,0,0,0,0,0,0,0
121714,2,1,1997,0,0,0,0,0,0,0,0,0,10
121715,1,1,1997,12,12,12,12,12,12,12,12,12,12
121715,2,1,1997,0,0,0,0,0,0,0,0,0,0
121717,1,1,1997,0,0,0,0,0,0,0,0,0,0
121718,1,1,1997,30,30,30,30,30,30,30,30,30,30
121718,2,1,1997,0,0,0,0,0,0,0,0,0,0
121719,1,1,1997,7,7,7,7,7,7,7,7,7,7
121720,0,1,1997,0,0,0,0,0,0,0,0,0,0
121720,1,1,1997,0,0,0,0,0,0,0,0,0,0
121721,1,1,1997,18,18,18,18,18,18,18,18,18,18
121721,2,1,1997,0,0,0,0,0,0,14,14,0,0
121722,1,1,1997,0,0,0,0,0,0,0,0,0,0
121722,2,1,1997,0,0,0,0,0,0,0,0,0,0
121722,3,1,1997,0,0,0,0,0,0,0,0,0,0
121723,1,1,1997,0,0,0,0,0,0,0,0,0,0
121724,0,1,1997,14,14,14,14,14,14,14,14,14,14
121724,1,1,1997,0,0,0,0,0,0,0,0,0,0
121725,0,1,1997,0,15,16,28,19,0,17,19,0,12
121725,1,1,1997,0,0,16,0,10,0,0,0,0,0
121726,0,1,1997,22,0,0,0,0,0,0,0,25,0
121726,1,1,1997,0,0,0,0,0,0,0,11,0,0
121726,2,1,1997,0,0,0,0,0,0,0,0,0,0
121727,0,1,1997,2,2,2,2,2,2,2,2,2,2
121727,1,1,1997,0,0,0,0,0,0,0,0,0,0
121728,1,1,1997,0,0,0,0,0,0,0,0,0,0
121728,2,1,1997,0,0,0,0,0,0,0,0,0,0
121729,1,1,1997,22,22,22,22,22,22,22,22,22,22
121730,0,1,1997,0,0,0,11,0,0,11,15,0,0
121730,1,1,1997,0,10,0,0,19,5,0,0,0,0
121731,1,1,1997,0,0,0,4,0,0,0,0,0,0
121731,2,1,1997,0,0,0,0,0,0,0,0,0,0
121731,3,1,1997,0,0,0,0,0,0,0,0,0,0
121731,4,1,1997,0,0,0,0,0,0,0,0,0,0
121732,1,1,1997,0,0,0,0,0,0,0,0,0,0
121732,2,1,1997,0,0,0,0,12,0,0,0,0,0
121732,3,1,1997,0,0,0,0,0,0,0,0,0,0
121733,1,1,1997,0,0,0,0,0,0,0,0,0,0
121733,2,1,1997,0,0,0,0,0,0,0,0,0,0
121734,1,1,1997,0,0,0,0,0,0,0,0,0,0
121734,2,1,1997,0,0,0,0,0,0,0,0,0,0
121734,3,1,1997,0,0,0,0,0,0,0,0,0,0
121735,1,1,1997,0,0,0,0,0,0,0,0,0,0
121735,2,1,1997,0,0,0,0,0,0,0,0,17,0
121736,1,1,1997,0,0,0,0,0,0,0,0,0,0
121736,2,1,1997,0,0,0,0,0,0,0,0,0,0
121737,0,1,1997,17,17,17,17,17,17,17,17,17,17
121737,1,1,1997,0,7,0,0,0,0,0,0,0,0
121738,1,1,1997,0,0,0,0,0,0,0,0,0,0
121739,1,1,1997,0,0,0,0,0,0,0,0,0,0
121739,2,1,1997,0,0,0,0,0,0,0,0,0,0
121740,1,1,1997,0,0,0,0,0,0,0,0,0,0
121741,0,1,1997,0,0,0,0,0,0,0,14,0,0
121741,1,1,1997,0,0,0,0,0,0,0,0,0,0
121742,0,1,1997,0,0,0,0,0,0,0,0,0,0
121742,1,1,1997,0,0,0,0,0,0,0,0,0,0
121742,2,1,1997,0,0,0,0,0,0,27,0,0,0
121743,0,1,1997,0,0,0,0,0,0,0,0,0,0
121743,1,1,1997,0,0,0,0,15,0,0,0,0,0
121744,1,1,1997,16,0,18,3,5,6,0,36,0,8
121745,1,1,1997,0,0,0,0,0,9,14,0,0,0
121745,2,1,1997,4,0,0,0,0,0,0,0,0,0
121745,3,1,1997,0,0,0,0,0,0,0,0,0,0
121746,1,1,1997,0,0,0,0,0,0,0,0,0,0
121746,2,1,1997,0,0,0,0,0,0,0,0,0,0
121747,1,1,1997,20,0,13,0,0,20,7,13,0,16
121748,1,1,1997,0,0,0,6,0,0,0,0,0,0
121748,2,1,1997,0,0,0,0,0,0,0,0,0,0
121749,0,1,1997,0,0,0,0,0,0,0,0,0,0
121750,0,1,1997,0,0,21,0,12,0,20,0,28,34
121750,1,1,1997,6,20,0,0,0,0,10,0,0,6
121751,0,1,1997,0,0,0,0,0,0,0,0,0,0
121751,1,1,1997,0,0,0,0,0,0,0,23,0,0
121752,0,1,1997,0,0,0,0,0,0,0,0,0,0
121752,1,1,1997,0,0,0,0,0,0,0,0,0,0
121753,1,1,1997,29,29,29,29,29,29,29,29,29,29
121754,1,1,1997,0,0,0,0,0,0,0,0,0,0
121755,1,1,1997,0,0,0,0,0,0,0,0,0,0
121755,2,1,1997,0,0,17,0,0,0,0,0,0,0
121756,1,1,1997,0,0,0,0,0,0,0,0,0,0
121757,0,1,1997,26,26,26,26,26,26,26,26,26,26
121757,1,1,1997,16,16,16,16,16,16,16,16,16,16
121758,1,1,1997,0,0,0,0,0,0,0,0,0,0
121758,2,1,1997,0,0,0,0,0,0,0,0,0,0
121759,1,1,1997,0,0,0,0,0,0,0,0,0,0
121759,2,1,1997,0,0,0,0,0,0,0,0,0,16
121760,1,1,1997,0,16,17,19,12,0,16,20,19,12
121761,1,1,1997,0,0,0,0,0,0,0,0,0,0
121762,0,1,1997,0,0,0,0,0,0,0,0,47,26
121762,1,1,1997,0,0,0,0,0,0,0,0,0,0
121763,0,1,1997,0,0,0,0,0,0,0,19,0,0
121763,1,1,1997,0,0,0,0,0,0,0,0,0,0
121764,0,1,1997,0,0,0,0,0,0,0,0,0,0
121764,1,1,1997,0,0,0,0,0,0,0,0,0,0
121765,1,1,1997,14,16,24,24,29,0,0,0,0,0
121766,1,1,1997,0,0,0,0,0,0,0,0,0,0
121766,2,1,1997,0,0,0,0,0,0,0,0,0,0
121767,0,1,1997,0,0,0,0,0,0,0,0,0,0
121767,1,1,1997,0,0,0,0,0,0,0,0,0,0
121768,1,1,1997,0,3,0,0,0,0,0,0,0,0
121768,2,1,1997,0,0,0,0,0,0,0,0,18,0
121769,1,1,1997,11,11,11,11,11,11,11,11,11,11
121769,2,1,1997,0,0,0,0,0,0,0,0,0,0
121770,1,1,1997,15,15,15,15,15,15,15,15,15,15
121771,1,1,1997,0,0,0,0,0,16,0,0,0,0
121771,2,1,1997,0,0,0,0,0,8,0,0,0,0
121771,3,1,1997,0,0,0,0,0,0,0,0,0,0
121772,0,1,1997,0,0,0,0,0,0,0,0,0,0
121772,1,1,1997,7,7,7,7,7,7,7,7,7,7
121773,1,1,1997,18,18,18,18,18,18,18,18,18,18
121774,1,1,1997,16,16,16,16,16,16,16,16,16,16
121775,1,1,1997,29,29,29,29,29,29,29,29,29,29
121776,1,1,1997,0,0,0,0,0,0,0,0,0,0
121776,2,1,1997,0,0,0,0,0,0,10,0,0,0
121776,3,1,1997,2,2,2,2,2,2,2,2,2,2
121777,1,1,1997,0,0,0,0,0,0,0,0,0,0
121778,1,1,1997,0,0,0,0,0,0,0,0,0,0
121779,1,1,1997,0,0,0,0,0,0,0,0,0,0
121779,2,1,1997,0,0,0,0,0,0,0,0,0,0
121780,1,1,1997,0,0,0,0,0,0,0,0,0,0
121780,2,1,1997,0,0,0,0,0,0,0,0,0,0
121781,0,1,1997,0,0,0,0,0,0,0,0,0,0
121781,1,1,1997,0,0,0,0,0,0,0,0,0,0
121782,1,1,1997,0,0,0,0,0,0,0,0,0,0
121783,1,1,1997,0,0,0,0,0,0,0,0,0,0
121783,2,1,1997,0,0,0,0,0,0,0,0,0,0
121784,1,1,1997,0,0,0,0,0,0,0,0,0,0
121784,2,1,1997,0,0,0,0,0,0,0,0,0,0
121785,1,1,1997,6,6,6,6,6,6,6,6,6,6
121785,2,1,1997,0,0,0,0,0,0,0,0,0,0
121786,1,1,1997,0,0,0,0,0,0,0,0,0,0
121786,2,1,1997,0,0,0,0,0,0,0,0,0,0
121787,1,1,1997,0,0,0,0,0,0,0,0,0,0
121788,0,1,1997,37,37,37,37,37,37,37,37,37,37
121788,1,1,1997,0,0,0,0,0,0,0,0,0,0
121789,0,1,1997,13,0,33,11,0,39,0,0,0,24
121789,1,1,1997,40,0,0,0,0,8,0,0,9,0
121789,2,1,1997,0,0,0,0,0,0,0,0,0,0
121790,1,1,1997,16,16,16,16,16,16,16,16,16,16
121790,2,1,1997,0,0,0,0,0,0,0,0,0,0
121791,1,1,1997,0,0,0,0,0,0,0,0,0,0
121792,1,1,1997,0,0,0,0,0,0,0,0,0,0
121792,2,1,1997,0,0,0,0,0,0,0,0,0,0
121793,0,1,1997,18,0,21,0,19,0,20,0,12,15
121793,1,1,1997,0,0,0,0,0,0,0,0,0,0
121794,0,1,1997,12,32,0,13,25,0,17,25,0,0
121794,1,1,1997,0,0,0,0,0,0,0,0,0,0
121795,1,1,1997,0,0,0,0,0,0,0,0,0,0
121795,2,1,1997,0,0,0,0,0,0,0,0,0,0
121796,0,1,1997,11,11,11,11,11,11,11,11,11,11
121796,1,1,1997,0,0,0,0,0,0,0,0,0,0
121797,0,1,1997,31,31,31,31,31,31,31,31,31,31
121797,1,1,1997,17,0,0,0,0,0,0,9,0,0
121798,1,1,1997,9,9,9,9,9,9,9,9,9,9
121798,2,1,1997,16,0,0,0,0,0,22,0,0,0
121799,1,1,1997,0,0,0,0,0,0,0,0,0,0
121799,2,1,1997,0,0,0,0,0,0,0,0,0,0
121800,1,1,1997,0,0,0,0,0,0,0,0,0,0
121800,2,1,1997,0,0,0,0,0,0,0,0,0,0
121801,1,1,1997,0,0,0,0,0,0,0,0,0,0
121801,2,1,1997,2,2,2,2,2,2,2,2,2,2
121802,1,1,1997,0,0,0,0,0,0,0,0,0,0
121802,2,1,1997,0,0,0,0,0,0,0,0,0,0
121803,1,1,1997,0,0,0,0,0,0,0,0,0,0
121804,1,1,1997,0,0,0,0,0,0,0,0,0,0
121804,2,1,1997,0,0,0,0,0,0,0,0,0,0
121804,3,1,1997,0,0,0,0,0,0,0,0,0,0
121805,1,1,1997,0,0,0,0,0,0,3,0,0,0
121806,0,1,1997,0,0,0,0,0,0,0,0,0,0
121806,1,1,1997,0,0,0,0,0,0,0,0,0,0
121807,1,1,1997,14,14,14,14,14,14,14,14,14,14
121808,1,1,1997,32,3,18,16,0,0,35,20,17,18
121809,1,1,1997,0,0,0,0,0,0,0,0,0,0
121809,2,1,1997,0,0,0,0,0,0,0,0,0,0
121810,0,1,1997,0,0,0,0,0,0,0,0,0,0
121810,1,1,1997,0,0,0,0,0,0,0,0,0,0
121811,0,1,1997,0,0,0,0,0,0,33,0,0,0
121811,1,1,1997,0,20,0,12,6,9,25,0,21,14
121812,1,1,1997,0,18,0,0,0,0,0,0,0,0
121812,2,1,1997,0,0,0,0,0,0,0,0,0,0
121813,0,1,1997,0,0,0,0,0,0,0,0,0,0
121813,1,1,1997,0,0,0,0,0,0,0,0,0,0
121814,1,1,1997,27,27,27,27,27,27,27,27,27,27
121814,2,1,1997,15,15,15,15,15,15,15,15,15,15
121815,1,1,1997,0,0,0,0,0,0,0,0,0,0
121815,2,1,1997,0,0,0,0,0,0,0,0,0,0
121816,1,1,1997,0,0,0,0,0,0,0,0,0,0
121816,2,1,1997,0,0,0,0,0,0,0,0,0,0
121817,1,1,1997,14,14,14,14,14,14,14,14,14,14
121818,1,1,1997,6,0,0,0,0,16,0,0,0,0
121819,1,1,1997,0,0,0,0,0,0,0,0,0,0
121819,2,1,1997,22,22,22,22,22,22,22,22,22,22
121820,0,1,1997,46,0,0,0,0,2,23,0,0,16
121820,1,1,1997,0,30,0,0,0,3,10,0,0,0
121821,1,1,1997,0,0,0,0,0,0,0,0,4,0
121821,2,1,1997,0,0,0,15,20,0,0,0,0,0
121822,0,1,1997,30,30,30,30,30,30,30,30,30,30
121822,1,1,1997,9,0,0,0,0,0,0,0,0,0
121822,2,1,1997,0,0,0,0,0,0,8,0,0,0
121823,1,1,1997,0,0,0,0,0,0,0,0,0,0
121823,2,1,1997,0,8,0,0,0,0,0,0,0,0
121824,1,1,1997,0,0,0,6,0,0,0,0,0,0
121824,2,1,1997,0,0,0,0,12,0,0,0,0,0
121825,1,1,1997,0,0,0,0,0,0,0,0,0,0
121825,2,1,1997,0,0,0,0,0,0,0,0,0,0
121826,1,1,1997,23,23,23,23,23,23,23,23,23,23
121827,1,1,1997,20,20,20,20,20,20,20,20,20,20
121827,2,1,1997,0,0,0,0,0,0,0,0,0,0
121827,3,1,1997,0,0,0,0,0,0,0,0,0,0
121827,4,1,1997,0,0,0,0,0,0,8,0,0,0
121827,5,1,1997,0,0,0,0,0,0,0,0,0,0
121828,0,1,1997,26,26,26,26,26,26,26,26,26,26
121828,0,2,1997,32,32,32,32,32,32,32,32,32,32
121828,1,1,1997,0,0,0,0,0,0,0,0,0,0
121829,1,1,1997,0,0,0,0,0,0,0,0,0,0
121829,2,1,1997,0,0,0,0,0,0,0,0,0,0
121830,1,1,1997,0,0,0,0,0,0,0,0,0,0
121830,2,1,1997,0,0,0,10,0,0,0,0,0,0
121831,0,1,1997,0,0,0,0,0,0,0,0,0,0
121831,1,1,1997,0,0,0,0,0,0,0,0,0,0
121832,1,1,1997,0,0,0,0,0,0,0,0,0,0
121833,1,1,1997,0,0,0,0,0,0,0,0,0,0
121833,2,1,1997,0,0,0,0,0,0,0,0,0,0
121834,1,1,1997,0,0,0,0,0,0,0,0,0,0
121834,2,1,1997,0,0,0,5,0,0,0,0,0,0
121835,1,1,1997,0,0,0,0,0,0,0,0,0,0
121835,2,1,1997,0,0,0,0,0,0,0,0,0,15
121836,1,1,1997,0,0,0,0,0,0,0,0,0,0
121836,2,1,1997,0,0,0,0,0,0,0,0,0,0
121837,1,1,1997,5,0,7,0,7,12,0,0,0,0
121837,2,1,1997,7,0,0,0,0,0,7,0,0,0
121838,1,1,1997,0,0,0,0,0,0,0,0,0,0
121839,0,1,1997,0,0,0,0,0,0,0,0,0,0
121839,0,2,1997,5,17,0,24,7,0,20,8,21,19
121839,0,3,1997,0,8,0,12,0,6,27,14,11,0
121839,0,4,1997,23,5,14,0,0,17,20,24,13,23
121839,0,5,1997,0,0,0,0,17,0,0,0,0,0
121839,1,1,1997,0,0,0,0,0,0,0,0,0,0
121840,1,1,1997,0,0,0,0,0,0,0,0,0,0
121841,1,1,1997,10,0,16,9,27,0,22,0,0,0
121842,1,1,1997,0,0,0,0,0,0,0,0,0,0
121842,2,1,1997,0,0,0,0,0,0,0,0,0,0