ST_CASE,VEH_NO,PER_NO,YEAR,P1,P2,P3,P4,P5,P6,P7,P8,P9,P10
121842,3,1,1997,0,0,6,0,11,0,0,0,6,0
121843,1,1,1997,0,0,0,0,0,0,0,0,0,15
121844,0,1,1997,0,0,0,0,0,0,0,0,0,0
121844,1,1,1997,0,0,0,0,0,0,0,0,0,0
121845,1,1,1997,0,0,0,0,0,0,0,0,0,0
121845,2,1,1997,0,0,0,0,0,0,0,0,0,0
121846,0,1,1997,0,0,0,0,0,0,0,0,0,0
121846,1,1,1997,0,0,0,0,0,0,0,0,2,0
121847,1,1,1997,0,0,0,0,0,0,0,0,0,0
121847,2,1,1997,0,0,0,0,0,0,0,0,0,0
121848,1,1,1997,0,0,0,0,0,0,0,0,0,0
121848,2,1,1997,0,0,0,0,0,0,0,0,0,0
121849,1,1,1997,21,22,0,0,23,0,0,0,0,17
121850,1,1,1997,0,0,0,0,0,0,0,0,0,0
121850,2,1,1997,0,0,0,0,0,0,0,0,0,0
121851,0,1,1997,32,32,32,32,32,32,32,32,32,32
121851,1,1,1997,0,0,0,0,0,0,0,0,24,0
121852,1,1,1997,8,8,8,8,8,8,8,8,8,8
121852,2,1,1997,0,0,0,0,0,0,0,0,0,0
121853,0,1,1997,0,0,0,0,0,0,0,0,0,0
121853,1,1,1997,0,0,0,0,0,0,0,0,0,0
121854,1,1,1997,0,0,0,0,0,0,0,0,0,0
121854,2,1,1997,12,0,0,0,0,0,0,0,25,19
121854,3,1,1997,0,0,0,0,0,0,0,0,5,0
121855,1,1,1997,0,0,0,0,0,0,0,0,0,0
121856,1,1,1997,0,3,0,0,0,0,0,0,0,0
121857,1,1,1997,16,16,16,16,16,16,16,16,16,16
121858,1,1,1997,23,23,23,23,23,23,23,23,23,23
121859,0,1,1997,0,0,0,0,0,0,0,0,0,0
121859,1,1,1997,0,0,0,0,0,0,0,0,0,0
121860,0,1,1997,0,0,0,0,0,0,0,0,0,0
121860,1,1,1997,0,0,0,0,0,0,0,0,0,0
121861,1,1,1997,0,0,0,0,0,0,0,0,0,0
121862,1,1,1997,22,22,22,22,22,22,22,22,22,22
121862,2,1,1997,0,0,0,0,0,0,0,0,0,0
121863,1,1,1997,16,16,16,16,16,16,16,16,16,16
121864,1,1,1997,26,26,26,26,26,26,26,26,26,26
121865,1,1,1997,0,0,0,0,0,0,0,0,0,0
121865,2,1,1997,0,0,0,0,0,0,0,0,3,0
121866,1,1,1997,0,0,0,0,0,17,0,0,0,0
121866,2,1,1997,0,0,0,0,0,0,0,0,0,0
121867,1,1,1997,0,20,18,9,39,28,16,13,8,26
121868,1,1,1997,0,0,0,0,0,0,0,0,0,0
121868,2,1,1997,0,0,0,0,0,0,0,0,0,0
121869,0,1,1997,0,0,0,0,0,0,0,0,0,0
121869,1,1,1997,0,0,0,0,0,0,0,0,0,0
121870,0,1,1997,0,0,0,0,0,0,0,0,0,0
121870,1,1,1997,0,0,0,0,0,0,0,0,0,0
121871,0,1,1997,0,0,0,0,0,0,0,0,0,0
121871,1,1,1997,0,0,0,0,0,0,0,0,0,0
121871,2,1,1997,0,0,0,0,0,0,0,0,0,0
121872,0,1,1997,15,15,15,15,15,15,15,15,15,15
121872,1,1,1997,0,0,0,0,0,0,0,0,0,0
121873,1,1,1997,0,0,0,0,0,0,0,0,0,0
121874,1,1,1997,0,9,20,26,26,14,11,9,0,0
121875,0,1,1997,30,16,0,25,8,21,25,28,17,21
121875,1,1,1997,0,0,0,0,0,0,0,0,0,0
121876,1,1,1997,29,0,21,0,17,0,0,27,18,17
121877,0,1,1997,0,20,16,10,0,30,6,13,40,25
121877,1,1,1997,0,0,16,0,25,0,0,12,20,0
121878,0,1,1997,27,27,27,27,27,27,27,27,27,27
121878,1,1,1997,0,0,0,0,0,30,0,0,0,0
121879,1,1,1997,4,0,0,6,9,0,0,0,16,0
121879,2,1,1997,0,24,0,14,0,0,0,0,20,0
121880,1,1,1997,0,3,5,0,14,15,9,6,0,19
121881,1,1,1997,16,16,16,16,16,16,16,16,16,16
121881,2,1,1997,12,12,12,12,12,12,12,12,12,12
121881,3,1,1997,0,0,0,0,0,0,0,0,0,0
121882,1,1,1997,0,0,0,0,0,0,0,0,0,0
121882,2,1,1997,0,0,0,0,0,0,0,0,0,0
121883,1,1,1997,13,12,15,21,24,21,13,45,20,12
121884,0,1,1997,0,0,0,0,0,7,0,16,0,0
121884,1,1,1997,13,13,13,13,13,13,13,13,13,13
121885,1,1,1997,23,23,23,23,23,23,23,23,23,23
121885,2,1,1997,0,0,0,0,0,0,0,0,0,0
121886,0,1,1997,28,28,28,28,28,28,28,28,28,28
121886,1,1,1997,0,0,0,0,0,0,0,0,0,0
121887,1,1,1997,0,0,0,0,0,0,0,0,0,0
121888,1,1,1997,0,0,0,0,0,0,0,0,0,0
121888,2,1,1997,0,0,0,0,0,0,0,0,0,0
121889,1,1,1997,26,26,26,26,26,26,26,26,26,26
121890,1,1,1997,0,0,0,0,0,0,0,0,0,0
121891,0,1,1997,0,24,0,0,0,0,0,0,0,0
121891,1,1,1997,0,0,0,0,0,0,0,0,0,0
121892,1,1,1997,0,0,0,0,0,0,0,0,0,0
121892,2,1,1997,0,0,0,0,0,0,0,0,0,0
121893,1,1,1997,0,0,0,0,0,2,0,0,0,0
121893,2,1,1997,0,0,0,0,0,0,0,0,0,21
121894,0,1,1997,31,31,31,31,31,31,31,31,31,31
121894,1,1,1997,12,12,12,12,12,12,12,12,12,12
121895,1,1,1997,9,9,9,9,9,9,9,9,9,9
121895,2,1,1997,0,0,0,0,0,0,0,0,0,0
121896,1,1,1997,0,0,0,0,0,0,0,0,0,0
121896,2,1,1997,0,0,0,0,0,0,0,0,0,0
121897,1,1,1997,11,11,11,11,11,11,11,11,11,11
121898,1,1,1997,2,2,2,2,2,2,2,2,2,2
121898,2,1,1997,0,0,0,0,0,0,0,0,0,0
121899,1,1,1997,18,18,18,18,18,18,18,18,18,18
121899,2,1,1997,14,19,0,25,0,25,0,0,11,0
121900,0,1,1997,20,20,20,20,20,20,20,20,20,20
121900,1,1,1997,0,0,0,0,0,0,0,0,0,0
121901,1,1,1997,0,0,0,0,0,0,0,0,0,0
121901,2,1,1997,0,0,0,0,0,0,0,0,0,0
121902,1,1,1997,0,0,0,0,0,6,0,0,0,0
121902,2,1,1997,0,0,0,0,0,0,6,0,0,24
121903,1,1,1997,0,0,0,0,0,0,0,0,0,0
121903,2,1,1997,0,0,0,0,0,0,0,0,0,0
121905,1,1,1997,8,8,8,8,8,8,8,8,8,8
121906,1,1,1997,0,0,0,0,0,0,0,0,0,0
121906,2,1,1997,0,0,0,0,0,0,0,0,0,0
121907,1,1,1997,0,0,0,0,0,0,0,0,0,0
121908,0,1,1997,36,0,19,33,36,31,31,21,33,8
121908,1,1,1997,0,26,0,0,0,7,0,14,0,0
121909,1,1,1997,0,0,0,0,0,0,0,0,0,0
121910,1,1,1997,0,0,0,0,0,0,0,0,0,0
121910,2,1,1997,0,0,0,47,0,0,0,0,0,0
121910,3,1,1997,0,0,0,0,0,0,0,0,0,0
121911,0,1,1997,0,0,0,0,0,0,0,0,0,0
121911,1,1,1997,0,0,0,0,0,0,0,0,0,0
121912,0,1,1997,23,23,23,23,23,23,23,23,23,23
121912,1,1,1997,0,0,0,0,0,0,0,0,8,0
121913,1,1,1997,24,24,24,24,24,24,24,24,24,24
121914,0,1,1997,30,0,19,18,16,17,0,0,9,15
121914,1,1,1997,0,3,0,0,0,13,0,0,0,0
121915,1,1,1997,0,0,0,0,0,0,0,0,0,0
121915,2,1,1997,0,0,0,0,0,0,0,0,0,0
121916,1,1,1997,0,0,0,0,0,0,0,0,0,0
121916,2,1,1997,0,0,0,0,0,0,0,0,0,0
121917,1,1,1997,0,0,0,0,0,0,0,0,0,0
121918,1,1,1997,0,0,0,0,0,0,0,0,0,0
121918,2,1,1997,0,0,0,0,0,0,0,0,0,0
121918,3,1,1997,0,0,0,0,0,0,0,0,0,0
121919,1,1,1997,27,18,15,27,24,15,34,10,0,16
121920,1,1,1997,0,0,0,0,0,0,0,0,0,0
121920,2,1,1997,0,0,0,0,0,0,0,0,0,0
121921,0,1,1997,27,0,29,18,21,23,31,3,34,19
121921,1,1,1997,0,30,0,0,0,0,0,0,0,0
121922,0,1,1997,19,25,12,0,27,18,29,25,15,8
121922,1,1,1997,0,0,0,0,0,0,0,0,0,0
121923,0,1,1997,15,15,15,15,15,15,15,15,15,15
121923,1,1,1997,0,0,0,0,0,0,0,0,0,0
121924,1,1,1997,0,0,0,0,0,0,0,0,0,0
121924,2,1,1997,0,0,0,0,0,0,0,0,0,0
121924,3,1,1997,0,0,0,0,0,0,0,0,9,0
121925,1,1,1997,17,17,17,17,17,17,17,17,17,17
121925,2,1,1997,0,0,0,0,0,0,0,0,0,9
121926,0,1,1997,8,8,8,8,8,8,8,8,8,8
121926,1,1,1997,0,0,0,0,0,0,0,0,0,0
121927,0,1,1997,0,0,0,0,0,0,0,0,0,0
121927,1,1,1997,0,0,0,0,0,0,0,0,0,0
121928,1,1,1997,0,0,0,0,0,0,0,0,0,0
121928,2,1,1997,0,0,0,0,0,0,0,0,0,0
121929,1,1,1997,17,17,17,17,17,17,17,17,17,17
121930,1,1,1997,20,20,20,20,20,20,20,20,20,20
121930,2,1,1997,19,19,19,19,19,19,19,19,19,19
121931,1,1,1997,17,0,12,8,9,0,0,0,0,0
121931,2,1,1997,0,0,0,0,0,0,0,0,0,0
121932,1,1,1997,0,0,0,0,0,0,0,0,0,9
121932,2,1,1997,34,29,13,26,24,19,25,0,20,0
121933,1,1,1997,0,0,0,0,0,0,0,0,0,0
121933,2,1,1997,0,0,0,0,0,0,0,0,0,0
121934,0,1,1997,0,0,0,27,0,0,0,0,0,0
121934,1,1,1997,0,0,0,0,0,0,0,0,0,0
121935,1,1,1997,0,0,0,0,0,0,0,0,0,0
121935,2,1,1997,0,0,0,0,0,0,0,0,0,0
121936,1,1,1997,0,0,0,0,0,0,0,0,0,0
121936,2,1,1997,0,0,0,0,0,0,0,0,0,0
121937,0,1,1997,0,0,0,0,0,0,0,0,0,0
121937,1,1,1997,0,0,0,0,0,0,0,0,0,0
121938,1,1,1997,0,0,0,0,0,0,0,0,0,0
121938,2,1,1997,0,0,0,0,0,0,0,0,0,0
121939,1,1,1997,21,21,21,21,21,21,21,21,21,21
121939,2,1,1997,0,0,0,0,0,0,0,0,0,0
121940,0,1,1997,0,0,0,0,0,0,0,30,0,0
121940,0,2,1997,0,0,0,0,16,0,0,0,0,0
121940,1,1,1997,0,0,0,0,0,0,0,0,0,0
121940,2,1,1997,0,0,0,0,0,0,0,0,0,0
121941,1,1,1997,30,30,30,30,30,30,30,30,30,30
121942,1,1,1997,2,2,2,2,2,2,2,2,2,2
121943,1,1,1997,2,2,2,2,2,2,2,2,2,2
121943,2,1,1997,0,0,0,0,0,0,0,0,0,0
121944,1,1,1997,0,0,0,12,0,0,0,0,0,5
121944,2,1,1997,0,0,0,0,0,0,0,0,0,0
121945,1,1,1997,32,32,32,32,32,32,32,32,32,32
121946,1,1,1997,26,26,26,26,26,26,26,26,26,26
121947,0,1,1997,0,0,0,0,0,0,0,0,0,0
121947,1,1,1997,0,0,0,0,0,0,0,0,0,6
121948,0,1,1997,17,0,12,0,0,27,0,28,0,0
121948,1,1,1997,0,0,0,0,0,0,0,0,0,0
121949,1,1,1997,0,0,0,0,0,0,0,0,0,0
121949,2,1,1997,0,0,0,0,0,0,0,0,0,0
121950,1,1,1997,0,0,0,0,0,0,0,0,0,0
121950,2,1,1997,0,0,0,0,0,0,0,0,0,0
121951,1,1,1997,0,0,0,0,0,0,0,0,0,0
121951,2,1,1997,0,0,0,0,0,0,0,0,0,0
121951,3,1,1997,0,0,0,0,0,0,0,0,0,0
121952,2,1,1997,3,3,3,3,3,3,3,3,3,3
121952,3,1,1997,10,0,0,0,0,0,0,0,0,0
121952,4,1,1997,0,0,0,0,0,0,0,0,0,0
121953,1,1,1997,0,0,0,0,0,0,0,0,0,0
121953,2,1,1997,0,0,0,0,0,0,0,0,0,0
121954,1,1,1997,14,14,14,14,14,14,14,14,14,14
121954,2,1,1997,0,0,0,0,0,0,0,0,0,21
121955,1,1,1997,24,17,25,13,22,5,10,15,24,21
121956,1,1,1997,13,13,13,13,13,13,13,13,13,13
121956,2,1,1997,12,0,0,0,0,18,0,0,0,0
121956,3,1,1997,0,0,17,0,0,0,0,0,0,0
121956,4,1,1997,0,0,0,8,0,0,0,0,0,0
121956,5,1,1997,0,0,0,0,0,0,0,0,0,0
121956,6,1,1997,0,20,0,0,0,0,0,9,0,0
121957,1,1,1997,0,0,0,0,0,0,0,0,0,0
121957,2,1,1997,0,0,0,0,0,0,0,0,0,0
121958,1,1,1997,0,20,0,0,0,0,0,0,0,0
121958,2,1,1997,0,0,0,0,0,0,0,0,0,0
121959,1,1,1997,0,0,0,0,0,0,0,0,0,0
121960,1,1,1997,0,0,0,0,0,0,0,0,0,0
121960,2,1,1997,0,0,0,0,0,0,0,0,0,0
121961,1,1,1997,0,14,0,0,0,0,19,0,0,0
121962,1,1,1997,28,28,28,28,28,28,28,28,28,28
121963,1,1,1997,0,0,0,0,0,0,0,0,0,0
121963,2,1,1997,0,0,0,0,0,0,0,0,0,0
121963,3,1,1997,0,0,0,0,0,0,0,0,0,0
121964,1,1,1997,0,0,0,0,0,0,0,0,0,0
121964,2,1,1997,0,0,0,0,0,0,0,0,0,0
121965,1,1,1997,0,0,0,0,0,0,0,0,0,0
121965,2,1,1997,0,0,0,0,0,0,0,0,0,0
121966,1,1,1997,13,0,0,0,0,0,0,0,0,0
121966,2,1,1997,0,0,0,0,0,0,0,0,0,0
121967,1,1,1997,25,25,25,25,25,25,25,25,25,25
121968,1,1,1997,0,0,0,0,0,9,0,0,0,0
121969,1,1,1997,0,0,0,0,0,0,0,0,0,0
121970,1,1,1997,16,16,16,16,16,16,16,16,16,16
121971,1,1,1997,23,23,23,23,23,23,23,23,23,23
121972,0,1,1997,0,0,0,0,0,0,0,0,0,0
121972,1,1,1997,0,0,0,0,0,0,0,0,0,0
121973,1,1,1997,0,0,0,0,0,0,0,28,0,0
121974,1,1,1997,0,0,0,0,0,0,0,0,0,0
121974,2,1,1997,13,0,0,0,0,0,0,15,0,0
121974,3,1,1997,0,5,0,0,0,0,0,0,0,0
121975,1,1,1997,0,0,0,0,0,0,0,0,0,0
121975,2,1,1997,0,0,0,0,0,0,0,0,0,0
121976,0,1,1997,0,0,0,0,0,0,0,0,0,0
121976,1,1,1997,0,0,0,0,0,0,0,0,0,0
121977,1,1,1997,7,7,7,7,7,7,7,7,7,7
121977,2,1,1997,0,0,0,0,0,0,0,0,0,0
121978,1,1,1997,0,0,0,0,0,0,0,0,0,0
121979,1,1,1997,24,0,0,11,0,0,0,18,0,0
121980,1,1,1997,0,0,0,0,0,0,0,0,0,0
121980,2,1,1997,0,0,0,0,0,0,0,0,0,0
121981,1,1,1997,0,0,0,0,0,0,0,0,0,0
121982,1,1,1997,14,0,0,11,26,10,26,0,11,0
121983,1,1,1997,18,18,18,18,18,18,18,18,18,18
121984,1,1,1997,0,0,20,0,22,0,0,0,27,4
121985,1,1,1997,0,0,0,0,0,0,19,0,0,0
121985,2,1,1997,7,17,4,18,15,32,24,0,4,0
121986,0,1,1997,30,30,30,30,30,30,30,30,30,30
121986,1,1,1997,2,2,2,2,2,2,2,2,2,2
121987,0,1,1997,0,0,0,0,0,0,0,0,0,0
121987,1,1,1997,0,0,0,0,0,0,0,0,0,0
121988,1,1,1997,0,0,0,0,0,0,0,0,0,0
121988,2,1,1997,0,0,0,0,0,0,0,0,0,0
121989,1,1,1997,0,0,0,0,0,0,0,0,0,0
121989,2,1,1997,0,0,0,0,0,0,0,0,0,0
121990,0,1,1997,0,0,0,0,0,0,0,0,0,0
121990,1,1,1997,0,0,0,0,0,0,0,0,0,0
121991,1,1,1997,15,0,0,0,0,0,0,0,0,0
121991,2,1,1997,0,0,0,0,0,0,0,0,0,9
121991,3,1,1997,7,0,0,0,0,0,0,0,0,0
121992,1,1,1997,11,12,19,10,15,22,18,0,21,2
121993,1,1,1997,25,25,25,25,25,25,25,25,25,25
121993,2,1,1997,0,0,0,0,0,0,0,0,0,0
121993,3,1,1997,13,13,13,13,13,13,13,13,13,13
121994,1,1,1997,37,22,15,18,0,11,6,0,5,0
121994,2,1,1997,0,0,0,0,0,0,0,0,0,0
121995,0,1,1997,23,23,31,28,19,0,26,0,21,22
121995,1,1,1997,0,0,7,11,0,16,14,0,0,0
121996,1,1,1997,0,0,0,0,0,0,0,0,0,0
121997,0,1,1997,0,0,0,0,0,0,0,0,0,0
121997,1,1,1997,0,3,2,13,21,0,0,12,0,0
121998,1,1,1997,0,0,0,0,0,0,0,0,0,0
121998,2,1,1997,0,0,0,0,0,0,0,0,0,0
121999,0,1,1997,15,15,15,15,15,15,15,15,15,15
121999,1,1,1997,0,0,0,0,0,0,0,0,0,0
122000,0,1,1997,0,0,0,0,0,0,0,0,0,0
122000,1,1,1997,10,10,10,10,10,10,10,10,10,10
122001,0,1,1997,30,30,30,30,30,30,30,30,30,30
122001,1,1,1997,0,0,0,0,0,0,0,0,0,0
122002,1,1,1997,0,0,0,0,0,0,0,0,0,0
122002,2,1,1997,0,0,0,0,0,0,0,0,0,0
122003,1,1,1997,0,0,0,0,0,0,0,0,0,0
122003,2,1,1997,0,0,0,0,0,0,0,0,0,0
122004,1,1,1997,9,8,0,0,0,46,20,0,27,0
122004,2,1,1997,0,13,0,0,0,0,0,15,0,0
122005,0,1,1997,0,0,0,0,0,0,0,0,0,0
122005,1,1,1997,0,0,0,0,0,0,0,0,0,0
122006,1,1,1997,0,0,0,0,0,0,0,0,0,0
122007,1,1,1997,0,0,0,0,0,0,0,0,0,0
122007,2,1,1997,0,0,0,0,0,0,0,0,0,0
122008,0,1,1997,0,0,0,0,0,0,0,0,0,0
122008,1,1,1997,0,0,0,0,0,0,0,0,0,0
122009,1,1,1997,29,29,29,29,29,29,29,29,29,29
122009,2,1,1997,0,0,0,0,0,0,0,0,0,0
122010,0,1,1997,0,0,0,0,0,0,0,0,0,0
122010,1,1,1997,0,0,0,0,0,0,0,0,0,0
122011,1,1,1997,19,11,0,13,0,0,0,21,0,18
122012,1,1,1997,0,0,0,0,0,0,0,0,0,0
122012,2,1,1997,0,0,0,0,0,0,0,0,0,0
122013,0,1,1997,0,0,0,0,0,0,0,0,0,0
122013,1,1,1997,0,0,0,0,0,0,0,0,0,0
122014,1,1,1997,0,0,0,0,0,0,0,0,0,0
122014,2,1,1997,0,0,0,0,0,0,0,0,0,0
122015,0,1,1997,0,0,0,0,0,0,0,0,0,0
122015,1,1,1997,18,18,18,18,18,18,18,18,18,18
122016,1,1,1997,0,11,20,0,17,0,0,0,0,0
122016,2,1,1997,0,0,0,0,0,0,0,0,0,0
122017,1,1,1997,15,15,15,15,15,15,15,15,15,15
122017,2,1,1997,0,0,0,0,0,0,0,0,0,0
122018,0,1,1997,0,0,0,0,0,0,0,0,0,0
122018,1,1,1997,0,6,0,0,0,13,0,0,0,16
122019,1,1,1997,0,0,0,0,0,0,16,0,0,0
122020,0,1,1997,0,0,0,0,0,0,0,0,0,0
122020,1,1,1997,0,0,0,0,0,0,0,0,0,0
122021,0,1,1997,0,0,0,0,0,0,0,0,0,0
122021,1,1,1997,0,0,0,0,0,0,0,0,0,0
122022,1,1,1997,0,0,0,0,0,0,0,0,0,0
122022,2,1,1997,0,0,0,0,0,0,0,0,0,0
122022,3,1,1997,0,0,0,0,0,0,0,0,0,0
122023,1,1,1997,25,25,25,25,25,25,25,25,25,25
122024,0,1,1997,2,2,2,2,2,2,2,2,2,2
122024,1,1,1997,0,0,0,0,0,0,0,0,0,0
122025,1,1,1997,24,24,24,24,24,24,24,24,24,24
122026,1,1,1997,0,0,0,0,0,0,0,0,0,0
122027,0,1,1997,0,0,0,0,0,0,0,0,9,0
122027,0,2,1997,0,0,0,0,0,0,0,25,0,20
122027,1,1,1997,0,0,0,0,0,0,0,7,0,0
122028,1,1,1997,0,0,0,0,0,0,0,17,0,0
122028,2,1,1997,0,0,0,0,0,0,0,0,0,0
122029,0,1,1997,0,0,0,0,0,0,0,0,0,0
122029,1,1,1997,0,0,0,0,0,0,0,0,0,0
122030,0,1,1997,0,0,0,0,0,0,0,0,0,0
122030,1,1,1997,0,0,0,0,0,0,0,0,0,0
122031,1,1,1997,26,0,21,31,0,28,19,0,0,15
122031,2,1,1997,0,0,0,0,0,0,0,0,0,0
122032,1,1,1997,0,0,0,0,0,0,0,0,0,0
122032,2,1,1997,0,0,0,0,0,0,0,0,0,0
122032,3,1,1997,0,0,0,10,0,7,0,0,0,0
122033,1,1,1997,0,0,0,0,0,0,0,0,0,0
122033,2,1,1997,0,0,0,0,0,12,0,0,0,0
122033,3,1,1997,0,0,0,0,0,0,0,0,0,0
122034,1,1,1997,0,39,0,0,0,13,0,0,0,23
122035,1,1,1997,0,0,0,0,0,0,0,0,0,0
122035,2,1,1997,2,2,2,2,2,2,2,2,2,2
122036,0,1,1997,0,0,8,0,13,10,0,30,0,23
122036,1,1,1997,0,0,0,0,0,20,3,0,0,0
122036,2,1,1997,0,0,0,0,0,0,0,0,0,0
122037,0,1,1997,0,19,16,31,25,16,5,9,24,0
122037,1,1,1997,0,0,0,0,0,0,0,0,0,0
122038,1,1,1997,0,0,0,0,0,0,0,0,0,0
122039,1,1,1997,17,17,17,17,17,17,17,17,17,17
122040,1,1,1997,0,0,0,0,0,0,0,0,0,0
122040,2,1,1997,0,0,0,0,0,0,0,0,0,0
122041,1,1,1997,0,0,0,0,0,0,0,0,0,0
122041,2,1,1997,0,0,0,0,0,0,0,0,0,0
122041,3,1,1997,0,0,0,0,0,0,0,0,0,0
122041,4,1,1997,0,0,0,0,0,0,0,0,0,13
122042,1,1,1997,0,0,0,0,0,0,0,5,0,0
122043,0,1,1997,0,0,0,0,0,0,0,0,0,0
122043,1,1,1997,0,0,0,18,0,0,0,0,0,0
122044,0,1,1997,0,0,0,0,0,0,0,0,0,0
122044,1,1,1997,0,0,0,0,0,0,0,0,0,0
122045,1,1,1997,0,0,0,0,0,0,0,0,0,0
122046,1,1,1997,0,0,0,0,0,0,0,0,0,0
122047,1,1,1997,13,13,13,13,13,13,13,13,13,13
122048,1,1,1997,0,0,0,0,0,0,0,0,0,0
122048,2,1,1997,0,0,0,0,0,0,0,0,0,0
122049,1,1,1997,31,31,31,31,31,31,31,31,31,31
122050,1,1,1997,0,0,0,0,0,10,0,0,0,0
122050,2,1,1997,0,0,0,0,11,0,0,0,0,0
122051,1,1,1997,26,26,26,26,26,26,26,26,26,26
122052,1,1,1997,0,0,0,0,0,0,0,0,0,0
122052,2,1,1997,9,9,9,9,9,9,9,9,9,9
122053,0,1,1997,4,4,4,4,4,4,4,4,4,4
122053,1,1,1997,0,0,0,0,0,0,0,0,0,0
122054,1,1,1997,26,26,26,26,26,26,26,26,26,26
122055,1,1,1997,0,0,0,0,0,0,0,0,0,0
122055,2,1,1997,0,0,0,0,0,0,0,0,0,0
122056,1,1,1997,0,14,0,0,0,0,0,0,0,0
122057,1,1,1997,28,28,28,28,28,28,28,28,28,28
122058,1,1,1997,16,0,17,0,28,0,0,0,29,0
122059,1,1,1997,0,0,0,0,0,16,0,5,13,0
122060,0,1,1997,0,0,0,0,0,0,0,0,0,0
122060,1,1,1997,0,0,0,0,0,0,0,0,0,0
122060,2,1,1997,0,0,0,0,0,0,0,0,0,0
122061,1,1,1997,0,0,0,0,0,0,0,0,0,0
122061,2,1,1997,0,13,0,8,13,0,0,0,0,29
122062,1,1,1997,0,0,0,0,0,0,0,0,0,0
122062,2,1,1997,0,19,6,8,7,25,18,34,7,8
122063,1,1,1997,0,0,0,0,0,0,0,0,0,0
122063,2,1,1997,0,0,0,0,0,0,0,0,0,0
122064,1,1,1997,0,0,0,0,0,0,0,0,0,0
122065,1,1,1997,17,17,17,17,17,17,17,17,17,17
122066,1,1,1997,0,0,0,0,0,0,0,0,0,0
122066,2,1,1997,0,0,0,0,0,0,0,0,0,0
122067,1,1,1997,0,0,0,0,0,10,0,0,0,0
122068,0,1,1997,0,0,0,0,0,0,0,0,0,0
122068,0,2,1997,0,0,0,0,0,0,0,0,0,0
122068,1,1,1997,0,0,0,0,0,0,0,0,0,0
122069,1,1,1997,0,0,0,0,0,0,18,0,0,0
122069,2,1,1997,0,0,0,0,0,0,0,0,0,0
122069,3,1,1997,0,0,0,0,0,0,0,0,0,0
122070,0,1,1997,0,0,0,0,23,0,0,0,0,0
122070,1,1,1997,0,0,0,0,0,0,0,0,10,0
122071,0,1,1997,0,0,0,0,0,0,0,0,0,0
122071,0,2,1997,0,0,0,0,0,0,0,0,0,0
122071,1,1,1997,0,0,9,21,0,6,0,26,0,0
122072,1,1,1997,8,0,0,0,0,17,6,0,0,10
122073,0,1,1997,11,0,0,0,16,0,0,0,0,0
122073,1,1,1997,0,0,0,0,12,0,0,0,0,0
122074,1,1,1997,3,3,3,3,3,3,3,3,3,3
122074,2,1,1997,0,0,0,0,0,0,0,0,0,0
122074,3,1,1997,0,0,0,11,0,0,0,0,0,0
122075,0,1,1997,38,38,38,38,38,38,38,38,38,38
122075,1,1,1997,0,0,0,0,0,0,0,0,0,0
122076,1,1,1997,22,22,22,22,22,22,22,22,22,22
122076,2,1,1997,0,0,0,0,0,0,0,0,0,0
122077,1,1,1997,0,0,0,0,0,0,0,0,0,0
122077,2,1,1997,0,0,0,0,0,0,0,0,0,0
122077,3,1,1997,0,0,0,0,0,0,0,0,0,0
122078,1,1,1997,17,0,0,26,0,0,17,0,34,0
122079,0,1,1997,0,0,0,26,0,0,0,5,0,0
122079,1,1,1997,0,0,0,12,0,0,0,0,0,0
122080,1,1,1997,0,0,0,0,0,0,0,0,0,0
122080,2,1,1997,0,0,0,0,0,0,0,0,0,0
122080,3,1,1997,0,0,0,0,0,0,0,0,0,0
122082,0,1,1997,0,0,0,0,0,0,0,0,0,0
122082,1,1,1997,0,0,0,0,0,0,0,0,0,0
122083,1,1,1997,0,0,0,0,0,0,0,0,0,0
122083,2,1,1997,0,0,0,3,0,0,0,0,0,0
122084,0,1,1997,0,0,0,0,0,0,0,0,0,0
122084,1,1,1997,0,0,0,0,0,0,0,0,0,0
122085,0,1,1997,0,0,0,0,0,0,0,0,0,0
122085,1,1,1997,0,0,0,0,0,0,0,0,0,0
122086,1,1,1997,32,32,32,32,32,32,32,32,32,32
122086,2,1,1997,0,0,0,0,0,8,0,0,0,0
122087,1,1,1997,0,0,0,0,0,0,0,0,0,5
122088,1,1,1997,0,0,0,0,6,0,0,0,0,0
122088,2,1,1997,0,0,0,0,0,0,0,0,0,0
122089,1,1,1997,0,0,0,0,0,0,0,0,0,0
122090,0,1,1997,0,0,0,0,0,0,0,0,0,0
122091,1,1,1997,0,0,0,0,0,0,0,0,0,0
122091,2,1,1997,0,0,6,0,0,7,0,0,0,0
122092,1,1,1997,0,0,0,0,11,0,0,0,0,0
122092,2,1,1997,0,0,0,0,0,0,0,0,0,0
122093,1,1,1997,0,0,0,0,0,0,0,0,0,0
122093,2,1,1997,0,0,0,0,0,0,0,0,0,0
122094,1,1,1997,0,0,0,0,0,0,0,0,0,0
122094,2,1,1997,9,9,9,9,9,9,9,9,9,9
122095,1,1,1997,0,0,0,0,0,0,0,0,0,0
122095,2,1,1997,10,0,0,0,23,0,0,0,0,0