ST_CASE,VEH_NO,PER_NO,YEAR,P1,P2,P3,P4,P5,P6,P7,P8,P9,P10
122340,1,1,1997,0,0,0,0,0,0,0,0,0,0
122340,2,1,1997,0,0,0,0,0,0,0,0,0,0
122341,1,1,1997,0,0,0,0,0,0,0,0,0,0
122341,2,1,1997,0,0,0,0,0,0,0,0,0,0
122342,1,1,1997,20,13,16,12,18,13,14,15,15,15
122343,0,1,1997,0,0,0,0,0,0,0,0,0,0
122343,1,1,1997,0,0,0,0,0,0,0,0,0,0
122344,1,1,1997,0,19,0,7,0,6,6,34,0,0
122345,0,1,1997,0,0,0,0,0,0,0,0,0,0
122345,1,1,1997,0,0,0,0,0,0,0,0,0,0
122346,1,1,1997,0,0,0,0,0,0,0,0,0,0
122346,2,1,1997,0,0,0,0,0,0,11,0,0,0
122347,1,1,1997,0,0,0,0,0,0,0,0,0,0
122347,2,1,1997,0,0,0,0,0,0,0,0,0,0
122347,3,1,1997,0,0,0,0,0,5,0,0,0,0
122348,0,1,1997,0,0,0,0,0,22,19,0,20,0
122348,1,1,1997,0,0,0,0,0,0,0,0,0,0
122349,1,1,1997,0,0,0,0,0,0,0,0,9,0
122350,1,1,1997,0,0,0,0,0,0,24,10,0,0
122351,1,1,1997,0,0,0,0,0,0,0,0,0,0
122352,1,1,1997,17,17,17,17,17,17,17,17,17,17
122352,2,1,1997,0,32,23,30,0,0,0,13,0,0
122353,1,1,1997,15,15,15,15,15,15,15,15,15,15
122354,1,1,1997,0,0,0,0,0,0,0,0,0,0
122354,2,1,1997,0,0,0,0,0,0,0,0,0,0
122355,1,1,1997,11,11,0,0,0,8,0,14,23,36
122355,2,1,1997,4,0,0,6,19,0,0,6,16,0
122356,0,1,1997,35,0,0,0,0,20,22,29,13,0
122356,1,1,1997,0,0,0,0,0,0,0,0,15,0
122357,0,1,1997,0,0,28,27,20,0,0,28,17,0
122357,1,1,1997,0,0,0,0,0,0,0,0,0,0
122358,1,1,1997,0,0,0,0,0,0,0,0,0,0
122358,2,1,1997,0,0,0,0,0,0,0,0,0,0
122358,3,1,1997,0,0,0,0,0,0,0,0,0,0
122359,1,1,1997,20,0,0,39,0,45,11,25,0,0
122359,2,1,1997,0,0,0,0,0,0,0,0,0,0
122360,1,1,1997,0,0,0,0,0,0,0,0,0,0
122360,2,1,1997,0,0,0,0,0,0,0,0,0,0
122361,1,1,1997,0,0,0,0,0,0,0,0,0,0
122361,2,1,1997,0,0,0,0,0,0,0,0,0,0
122361,3,1,1997,0,0,0,0,0,0,0,0,0,0
122362,1,1,1997,17,17,17,17,17,17,17,17,17,17
122362,2,1,1997,0,0,0,0,0,0,0,0,0,0
122363,1,1,1997,16,6,0,0,0,0,0,0,0,0
122364,1,1,1997,9,22,0,27,22,6,0,38,0,8
122365,1,1,1997,9,9,9,9,9,9,9,9,9,9
122366,0,1,1997,0,0,0,0,0,0,0,0,0,0
122366,1,1,1997,0,0,0,0,0,0,0,0,0,0
122367,1,1,1997,0,0,0,0,0,0,0,0,0,0
122367,2,1,1997,0,0,0,0,0,0,0,0,0,0
122368,1,1,1997,0,0,0,0,0,0,0,0,0,0
122369,1,1,1997,0,0,0,0,0,0,0,0,0,0
122370,1,1,1997,27,0,0,20,0,25,0,0,0,27
122371,1,1,1997,0,0,17,0,0,0,0,0,0,0
122371,2,1,1997,0,0,0,0,0,0,0,0,0,0
122371,3,1,1997,0,0,0,0,0,0,0,0,0,0
122372,0,1,1997,5,5,5,5,5,5,5,5,5,5
122372,1,1,1997,0,0,0,0,0,0,0,0,0,0
122373,0,1,1997,0,0,0,0,0,0,0,0,0,0
122373,1,1,1997,0,0,0,0,0,0,0,0,0,13
122374,1,1,1997,21,21,21,21,21,21,21,21,21,21
122374,2,1,1997,0,0,0,0,0,0,0,0,0,0
122375,1,1,1997,0,0,0,0,0,0,0,0,0,0
122376,1,1,1997,0,12,15,0,0,0,10,0,0,4
122376,2,1,1997,0,0,0,0,0,0,0,0,0,19
122377,1,1,1997,0,0,0,0,0,0,19,0,0,0
122377,2,1,1997,18,10,10,0,18,0,0,0,25,0
122377,3,1,1997,4,10,7,0,0,0,11,16,23,0
122378,1,1,1997,0,0,0,0,0,0,0,14,0,0
122378,2,1,1997,0,0,0,0,0,0,0,0,0,0
122379,0,1,1997,0,0,0,0,0,0,0,0,0,0
122379,1,1,1997,0,0,13,0,0,0,0,0,0,0
122380,1,1,1997,0,0,0,0,0,16,0,0,0,0
122380,2,1,1997,0,0,0,0,0,0,0,0,0,0
122380,3,1,1997,29,0,0,0,0,0,0,0,0,0
122381,1,1,1997,0,0,0,0,0,0,0,0,0,0
122382,1,1,1997,18,18,18,18,18,18,18,18,18,18
122383,1,1,1997,0,0,0,0,0,0,0,0,0,0
122383,2,1,1997,12,12,12,12,12,12,12,12,12,12
122384,1,1,1997,17,17,17,17,17,17,17,17,17,17
122385,1,1,1997,0,0,0,16,0,0,0,0,0,0
122385,2,1,1997,0,0,0,0,0,0,0,0,0,0
122386,1,1,1997,0,0,0,0,0,0,0,0,0,0
122387,1,1,1997,0,0,0,0,0,0,0,0,0,0
122387,2,1,1997,0,0,0,0,0,0,0,0,0,0
122388,1,1,1997,0,0,0,0,0,0,0,0,0,0
122388,2,1,1997,0,0,0,0,0,0,10,0,0,0
122389,0,1,1997,0,0,0,0,0,0,0,0,0,0
122389,1,1,1997,0,0,0,0,0,0,0,0,0,0
122390,1,1,1997,17,17,17,17,17,17,17,17,17,17
122391,1,1,1997,0,0,0,0,0,0,0,0,0,0
122392,1,1,1997,0,0,0,0,0,0,11,0,0,0
122392,2,1,1997,0,0,0,0,0,0,0,0,0,0
122393,1,1,1997,0,13,15,18,24,17,18,0,28,9
122394,1,1,1997,0,0,0,0,0,0,0,0,10,0
122394,2,1,1997,0,0,0,0,0,0,0,0,0,0
122395,0,1,1997,0,0,0,0,0,0,0,0,0,0
122395,1,1,1997,0,0,0,0,0,0,0,18,0,0
122396,1,1,1997,14,14,14,14,14,14,14,14,14,14
122397,1,1,1997,20,20,20,20,20,20,20,20,20,20
122397,2,1,1997,0,0,0,0,0,0,0,0,0,0
122398,1,1,1997,13,13,13,13,13,13,13,13,13,13
122398,2,1,1997,0,0,0,0,0,10,0,12,0,0
122399,1,1,1997,0,0,0,0,0,0,0,0,0,0
122399,2,1,1997,0,0,0,0,0,0,0,0,0,0
122400,1,1,1997,20,12,9,14,24,10,37,22,12,13
122401,1,1,1997,0,0,23,0,12,18,24,25,17,12
122402,1,1,1997,11,11,11,11,11,11,11,11,11,11
122402,2,1,1997,0,0,0,0,0,0,0,0,0,0
122403,0,1,1997,28,28,28,28,28,28,28,28,28,28
122403,1,1,1997,0,0,0,0,0,0,32,0,0,0
122404,1,1,1997,0,0,0,0,0,0,0,0,0,0
122404,2,1,1997,0,0,0,0,0,0,0,0,0,0
122404,3,1,1997,0,0,0,0,0,0,0,0,0,0
122405,1,1,1997,0,0,0,0,0,0,0,0,0,0
122405,2,1,1997,0,0,0,0,0,0,0,0,0,0
122406,1,1,1997,0,0,0,0,0,0,0,0,0,0
122406,2,1,1997,0,0,0,0,0,0,0,0,0,0
122407,1,1,1997,0,0,0,0,0,0,9,0,0,0
122408,1,1,1997,0,0,0,0,0,0,0,0,0,0
122409,0,1,1997,17,22,6,16,28,23,20,26,15,5
122409,1,1,1997,17,17,17,17,17,17,17,17,17,17
122410,1,1,1997,38,0,0,0,0,0,0,0,0,0
122411,0,1,1997,0,0,0,0,0,0,0,0,0,0
122411,1,1,1997,0,0,0,0,0,0,0,0,0,0
122412,1,1,1997,15,25,24,26,14,12,22,25,14,18
122413,1,1,1997,0,0,28,0,0,0,0,0,0,0
122413,2,1,1997,0,0,0,0,0,0,0,0,0,0
122414,1,1,1997,0,0,0,0,0,0,0,0,0,0
122414,2,1,1997,0,0,0,0,0,0,0,0,0,0
122415,1,1,1997,10,0,0,0,12,0,27,0,0,14
122416,0,1,1997,0,0,0,0,0,0,0,0,0,0
122416,1,1,1997,0,0,5,0,0,0,0,0,0,0
122417,0,1,1997,0,0,0,0,15,0,0,0,0,0
122417,1,1,1997,0,0,0,0,0,0,0,0,0,0
122418,1,1,1997,22,22,22,22,22,22,22,22,22,22
122419,1,1,1997,30,0,5,0,0,20,0,0,0,20
122420,1,1,1997,0,22,14,12,0,22,22,29,23,22
122421,1,1,1997,4,4,4,4,4,4,4,4,4,4
122422,0,1,1997,0,0,0,0,0,0,0,0,0,0
122422,1,1,1997,0,0,0,0,0,0,0,0,0,0
122423,0,1,1997,0,13,0,0,0,42,0,0,0,0
122423,1,1,1997,0,12,0,0,0,0,0,0,0,0
122424,1,1,1997,0,0,0,0,0,0,0,0,0,0
122424,2,1,1997,0,0,0,0,0,0,0,0,0,0
122424,3,1,1997,0,0,0,0,0,0,0,0,0,0
122425,0,1,1997,0,0,0,0,27,0,0,0,0,0
122425,1,1,1997,0,0,0,0,0,0,0,0,0,0
122426,1,1,1997,20,20,20,20,20,20,20,20,20,20
122426,2,1,1997,0,0,0,0,0,0,0,0,0,0
122427,0,1,1997,0,23,0,0,0,0,0,0,0,0
122427,0,2,1997,30,10,0,0,0,0,0,0,0,0
122427,0,3,1997,0,0,0,0,0,0,0,0,0,0
122427,0,4,1997,0,11,0,0,0,0,0,0,0,0
122427,0,5,1997,8,0,0,21,0,0,0,21,0,5
122427,1,1,1997,0,0,0,0,0,0,0,0,0,0
122428,1,1,1997,0,0,0,0,0,0,0,0,0,0
122428,2,1,1997,19,3,0,13,24,27,12,0,31,23
122429,1,1,1997,0,0,0,0,30,0,0,0,0,0
122429,2,1,1997,0,0,0,0,0,0,0,0,0,0
122430,1,1,1997,15,15,15,15,15,15,15,15,15,15
122431,1,1,1997,6,0,0,0,0,0,0,0,40,0
122431,2,1,1997,0,0,15,0,0,0,0,0,0,0
122432,0,1,1997,0,0,0,0,0,27,0,0,0,25
122432,1,1,1997,0,0,16,0,0,0,0,15,0,0
122433,1,1,1997,21,21,21,21,21,21,21,21,21,21
122434,0,1,1997,0,0,0,0,0,0,0,0,0,0
122434,1,1,1997,0,0,0,0,0,0,0,0,0,0
122435,1,1,1997,0,0,0,0,0,0,0,0,0,0
122435,2,1,1997,0,0,0,0,0,0,0,0,0,0
122436,1,1,1997,0,0,0,0,0,0,0,0,0,24
122437,0,1,1997,0,0,0,0,0,0,0,0,0,0
122437,1,1,1997,0,6,0,22,0,0,0,0,0,0
122438,0,1,1997,14,26,29,0,25,40,29,30,27,15
122438,1,1,1997,0,0,0,8,0,0,0,0,0,0
122439,1,1,1997,0,0,0,0,0,0,0,0,0,0
122439,2,1,1997,0,0,0,0,0,0,0,0,0,0
122439,3,1,1997,0,0,14,0,17,0,17,0,0,28
122440,1,1,1997,0,0,0,0,0,0,0,0,0,26
122440,2,1,1997,0,0,0,0,0,0,0,0,0,0
122441,1,1,1997,0,0,0,0,0,0,0,0,0,15
122441,2,1,1997,0,0,0,0,0,0,0,0,0,0
122442,1,1,1997,9,9,9,9,9,9,9,9,9,9
122442,2,1,1997,0,0,0,0,0,0,21,0,0,9
122443,1,1,1997,0,0,0,0,0,0,0,0,0,0
122443,2,1,1997,0,0,26,0,24,15,0,0,0,0
122443,3,1,1997,0,0,0,0,0,0,0,0,0,0
122444,1,1,1997,7,0,0,0,0,0,0,9,0,0
122444,2,1,1997,0,0,0,0,15,0,0,0,0,0
122445,1,1,1997,32,32,32,32,32,32,32,32,32,32
122446,1,1,1997,0,0,0,0,0,15,0,0,17,0
122446,2,1,1997,0,0,0,0,0,0,0,0,0,0
122447,0,1,1997,27,27,27,27,27,27,27,27,27,27
122447,1,1,1997,0,0,0,0,0,0,0,0,0,0
122448,0,1,1997,0,0,0,0,0,0,34,0,0,0
122448,1,1,1997,0,0,0,0,0,0,0,0,0,0
122449,1,1,1997,1,1,1,1,1,1,1,1,1,1
122449,2,1,1997,0,0,0,0,0,0,0,0,0,0
122450,0,1,1997,15,0,0,0,18,0,37,0,0,27
122450,1,1,1997,0,0,0,0,0,0,0,0,0,0
122451,1,1,1997,0,0,0,0,0,0,0,0,0,0
122451,2,1,1997,0,0,0,0,0,0,0,0,0,0
122452,0,1,1997,0,44,34,0,0,0,0,0,0,0
122452,1,1,1997,0,0,0,0,0,0,0,0,0,0
122453,0,1,1997,34,17,13,12,10,30,25,8,12,16
122453,1,1,1997,0,0,0,0,0,0,0,0,0,0
122454,0,1,1997,30,12,14,24,24,10,0,31,27,0
122454,0,2,1997,10,14,0,18,13,15,24,36,26,18
122454,1,1,1997,12,0,0,0,0,0,31,15,9,16
122455,1,1,1997,0,0,0,0,0,0,0,0,0,0
122456,0,1,1997,0,0,0,28,0,0,0,0,0,0
122456,1,1,1997,0,0,0,0,0,0,0,0,0,0
122457,1,1,1997,12,0,0,0,12,0,0,0,0,0
122457,2,1,1997,0,0,0,0,0,0,0,0,0,0
122458,1,1,1997,0,0,0,0,0,0,0,0,0,0
122458,2,1,1997,0,0,0,0,0,0,0,9,0,0
122459,1,1,1997,0,0,0,0,0,0,0,0,0,0
122459,2,1,1997,0,0,0,0,0,0,0,0,0,0
122460,1,1,1997,0,0,0,0,0,0,0,0,0,0
122460,2,1,1997,0,0,0,0,0,23,0,0,14,0
122460,3,1,1997,0,0,12,0,0,0,0,0,0,0
122461,1,1,1997,0,0,0,0,0,0,0,0,0,0
122461,2,1,1997,0,0,0,0,0,0,0,0,0,0
122462,1,1,1997,0,0,0,0,0,0,0,0,0,0
122462,2,1,1997,0,0,0,0,0,0,0,0,0,0
122462,3,1,1997,0,0,0,0,0,0,0,0,0,0
122463,0,1,1997,18,18,18,18,18,18,18,18,18,18
122463,1,1,1997,0,0,0,13,0,0,0,0,0,0
122464,1,1,1997,0,0,0,0,0,9,0,0,0,0
122464,2,1,1997,0,0,0,0,0,0,10,0,0,23
122465,0,1,1997,0,0,0,0,0,36,0,0,0,0
122465,1,1,1997,0,0,0,0,0,0,0,0,0,0
122466,1,1,1997,0,0,0,0,0,13,0,0,0,24
122466,2,1,1997,0,0,0,0,0,0,0,0,0,0
122466,3,1,1997,0,0,3,0,0,0,0,0,0,0
122467,1,1,1997,0,0,0,0,0,0,0,0,0,0
122468,0,1,1997,0,0,0,0,0,0,0,0,0,0
122468,1,1,1997,20,20,20,20,20,20,20,20,20,20
122469,1,1,1997,0,0,0,0,0,0,0,0,0,0
122469,2,1,1997,0,0,0,0,0,0,0,0,0,0
122469,3,1,1997,0,0,0,0,0,0,0,0,0,0
122470,0,1,1997,24,24,24,24,24,24,24,24,24,24
122470,1,1,1997,0,0,0,0,0,0,0,0,0,0
122471,1,1,1997,0,0,0,9,0,0,0,0,0,0
122471,2,1,1997,0,21,0,0,0,0,0,0,0,0
122472,1,1,1997,0,11,3,7,0,22,0,0,17,0
122473,1,1,1997,19,19,19,19,19,19,19,19,19,19
122474,1,1,1997,0,0,0,0,0,0,0,0,0,0
122475,1,1,1997,0,0,0,0,0,0,0,0,0,0
122475,2,1,1997,0,0,0,0,0,0,0,0,0,0
122476,0,1,1997,0,0,0,0,0,0,0,0,17,0
122476,1,1,1997,0,14,0,0,0,0,0,0,0,0
122477,1,1,1997,6,6,6,6,6,6,6,6,6,6
122478,1,1,1997,0,0,0,0,0,0,0,0,0,0
122478,2,1,1997,0,0,0,0,0,0,0,0,0,0
122479,1,1,1997,0,0,0,0,0,0,0,0,0,0
122479,2,1,1997,0,0,0,0,0,0,0,0,0,0
122479,3,1,1997,0,0,0,0,0,0,0,0,0,0
122480,1,1,1997,25,25,25,25,25,25,25,25,25,25
122481,0,1,1997,36,9,0,0,0,23,0,22,19,19
122481,1,1,1997,0,0,0,0,0,0,0,0,0,0
122482,1,1,1997,0,0,0,0,0,0,0,0,0,0
122483,1,1,1997,19,19,19,19,19,19,19,19,19,19
122484,1,1,1997,0,0,0,0,0,0,0,0,0,0
122484,2,1,1997,0,0,0,0,0,7,0,0,0,0
122485,1,1,1997,13,12,0,0,0,0,19,0,27,27
122486,1,1,1997,0,0,0,0,0,0,0,0,0,0
122486,2,1,1997,0,0,0,13,0,0,0,0,0,13
122487,1,1,1997,22,22,22,22,22,22,22,22,22,22
122488,1,1,1997,0,0,0,0,0,0,0,0,0,0
122488,2,1,1997,0,0,0,0,0,0,0,0,7,0
122489,0,1,1997,0,0,0,0,0,0,0,0,0,0
122489,1,1,1997,0,0,0,0,0,0,0,0,0,0
122490,0,1,1997,0,0,0,0,0,0,0,0,0,0
122490,1,1,1997,0,0,0,0,0,0,0,0,0,0
122491,1,1,1997,0,0,0,0,0,0,0,0,0,0
122492,1,1,1997,0,0,0,0,0,0,0,0,0,0
122492,2,1,1997,0,0,0,0,0,0,0,0,0,0
122493,1,1,1997,0,0,0,0,0,0,0,0,0,0
122494,1,1,1997,0,0,0,0,0,0,0,0,0,0
122494,2,1,1997,0,0,0,0,0,0,0,0,0,0
122495,0,1,1997,30,30,30,30,30,30,30,30,30,30
122495,1,1,1997,0,0,0,0,0,0,0,0,0,0
122495,2,1,1997,0,0,0,0,0,0,0,0,0,0
122496,1,1,1997,0,0,0,0,0,0,0,0,0,0
122496,2,1,1997,0,0,0,0,0,0,0,0,0,0
122497,1,1,1997,15,15,15,15,15,15,15,15,15,15
122497,2,1,1997,0,0,0,0,0,0,0,0,0,0
122498,0,1,1997,0,0,0,0,0,0,0,0,0,0
122498,1,1,1997,0,0,0,0,0,0,0,0,0,0
122499,0,1,1997,0,0,0,0,0,19,0,18,7,0
122499,0,2,1997,0,0,0,0,0,0,0,0,0,0
122499,0,3,1997,18,9,7,0,12,17,20,7,27,17
122499,0,4,1997,4,4,4,4,4,4,4,4,4,4
122499,1,1,1997,0,0,0,0,0,0,0,0,0,0
122500,1,1,1997,0,0,0,0,0,0,0,18,0,0
122500,2,1,1997,0,0,0,0,0,0,0,0,0,0
122501,0,1,1997,0,0,0,0,0,0,0,0,0,0
122501,1,1,1997,0,0,0,0,0,0,0,0,0,0
122501,2,1,1997,0,0,0,0,0,0,0,0,0,0
122502,0,1,1997,0,0,0,0,0,0,0,0,0,16
122502,1,1,1997,12,0,6,0,17,0,19,10,7,21
122503,1,1,1997,0,0,0,0,0,0,0,0,0,0
122503,2,1,1997,0,0,0,0,0,0,0,0,0,19
122504,1,1,1997,21,22,0,17,0,23,44,10,0,0
122505,1,1,1997,0,0,0,0,0,0,0,0,0,0
122505,2,1,1997,0,0,0,0,0,0,0,0,0,0
122506,1,1,1997,0,0,0,0,0,0,0,0,0,0
122506,2,1,1997,0,0,0,0,0,0,0,0,0,0
122507,1,1,1997,0,0,0,0,0,0,0,0,0,0
122507,2,1,1997,0,0,0,0,0,0,0,0,0,0
122508,1,1,1997,19,19,19,19,19,19,19,19,19,19
122508,2,1,1997,8,8,8,8,8,8,8,8,8,8
122509,1,1,1997,0,0,0,11,0,0,0,0,0,0
122510,1,1,1997,0,0,0,0,0,0,0,0,0,0
122510,2,1,1997,0,0,0,0,0,0,0,0,0,0
122510,3,1,1997,0,0,0,0,0,0,0,0,0,15
122511,1,1,1997,0,0,0,0,0,0,0,0,0,0
122512,0,1,1997,0,0,0,0,0,0,0,0,0,0
122512,1,1,1997,0,0,0,19,0,0,0,0,0,0
122513,0,1,1997,0,0,0,0,0,0,0,0,0,0
122513,1,1,1997,0,0,0,0,0,0,0,0,0,0
122514,0,1,1997,0,0,0,0,0,0,0,0,0,0
122514,1,1,1997,0,0,0,0,0,0,0,0,0,0
122515,1,1,1997,0,0,0,0,0,0,0,0,0,0
122515,2,1,1997,0,0,0,0,0,0,0,0,0,0
122515,3,1,1997,0,0,0,0,0,0,0,0,0,0
122516,0,1,1997,0,19,0,0,0,0,11,0,0,0
122516,1,1,1997,0,0,0,0,0,0,0,0,0,7
122517,1,1,1997,39,39,39,39,39,39,39,39,39,39
122518,0,1,1997,0,0,0,0,0,0,0,0,0,0
122518,1,1,1997,0,0,0,0,0,0,0,0,0,0
122519,0,1,1997,14,0,22,0,0,24,16,0,25,21
122519,1,1,1997,0,0,0,0,0,0,0,0,0,0
122520,1,1,1997,19,19,19,19,19,19,19,19,19,19
122521,1,1,1997,0,0,0,0,0,0,0,0,0,0
122521,2,1,1997,0,0,0,0,0,0,0,0,0,0
122522,1,1,1997,0,0,0,0,0,0,0,0,0,0
122523,1,1,1997,0,0,0,0,0,0,0,0,0,0
122523,2,1,1997,0,0,0,0,0,0,0,0,0,0
122523,3,1,1997,0,0,0,0,0,0,0,0,0,0
122524,1,1,1997,0,0,0,0,0,0,0,0,0,0
122524,2,1,1997,0,0,0,0,0,0,0,0,0,0
122525,1,1,1997,0,13,19,0,0,0,0,0,27,0
122525,2,1,1997,0,0,0,0,0,0,0,0,15,19
122526,1,1,1997,0,0,0,0,0,0,0,0,0,0
122526,2,1,1997,0,0,0,0,0,0,0,0,0,0
122527,0,1,1997,0,0,0,0,0,0,0,0,0,0
122527,1,1,1997,0,0,0,0,0,0,0,0,0,0
122528,0,1,1997,0,0,7,0,0,0,0,0,0,14
122528,1,1,1997,0,21,0,0,0,0,0,0,0,0
122529,1,1,1997,0,0,0,0,0,0,0,0,0,0
122529,2,1,1997,0,0,25,0,0,0,12,0,0,0
122530,1,1,1997,6,0,12,0,3,21,0,30,14,12
122531,1,1,1997,0,0,0,0,0,0,0,0,0,0
122531,2,1,1997,0,0,0,0,0,0,0,0,0,0
122532,1,1,1997,0,0,0,0,0,0,0,0,0,0
122532,2,1,1997,0,0,0,0,14,0,0,0,0,0
122533,0,1,1997,0,0,33,0,6,25,0,0,0,0
122533,1,1,1997,0,0,0,0,0,0,0,0,0,0
122534,1,1,1997,0,0,0,0,0,0,0,0,0,0
122534,2,1,1997,0,0,0,0,0,0,0,0,0,0
122534,3,1,1997,0,0,0,0,0,14,0,0,0,0
122534,4,1,1997,0,0,0,0,0,6,0,0,0,0
122535,1,1,1997,0,0,0,0,0,0,0,0,0,0
122536,1,1,1997,0,0,0,0,0,0,0,0,0,0
122536,2,1,1997,0,0,0,0,0,0,0,0,0,0
122537,1,1,1997,0,0,14,31,18,15,0,11,17,0
122538,0,1,1997,0,10,28,0,0,0,0,0,0,0
122538,1,1,1997,0,0,0,0,0,0,0,0,0,0
122539,1,1,1997,0,0,0,0,0,0,0,0,0,0
122539,2,1,1997,0,0,0,0,0,0,0,0,0,0
130001,1,1,1997,27,27,27,27,27,27,27,27,27,27
130001,2,1,1997,0,0,0,0,0,0,0,0,0,0
130002,1,1,1997,19,19,19,19,19,19,19,19,19,19
130003,1,1,1997,0,0,0,0,0,17,0,24,0,0
130004,1,1,1997,0,0,0,0,0,0,0,0,0,0
130004,2,1,1997,0,0,0,0,0,0,0,0,0,0
130005,1,1,1997,0,0,0,0,0,0,0,0,0,0
130005,2,1,1997,0,0,0,0,0,0,0,0,0,0
130006,1,1,1997,11,11,11,11,11,11,11,11,11,11
130006,2,1,1997,0,0,0,0,0,0,0,0,0,0
130007,1,1,1997,0,0,0,0,0,0,0,0,0,0
130008,1,1,1997,11,11,11,11,11,11,11,11,11,11
130008,2,1,1997,0,0,0,0,0,0,0,0,0,0
130009,1,1,1997,0,0,0,0,0,0,0,0,0,0
130009,2,1,1997,0,0,0,0,0,0,0,0,0,0
130010,1,1,1997,13,13,13,13,13,13,13,13,13,13
130011,1,1,1997,21,21,21,21,21,21,21,21,21,21
130012,1,1,1997,0,0,0,0,0,0,0,0,0,0
130013,0,1,1997,24,24,24,24,24,24,24,24,24,24
130013,1,1,1997,0,0,0,0,0,0,0,0,0,0
130014,1,1,1997,0,0,0,0,0,0,0,0,0,0
130014,2,1,1997,0,0,0,0,0,0,0,0,0,0
130015,1,1,1997,0,0,0,0,0,0,0,0,0,0
130015,2,1,1997,0,0,0,0,0,0,0,0,0,0
130015,3,1,1997,0,0,0,0,0,0,0,0,0,0
130016,0,1,1997,33,33,33,33,33,33,33,33,33,33
130016,1,1,1997,0,0,0,0,0,0,0,0,0,0
130017,1,1,1997,0,0,0,0,0,0,0,0,0,0
130018,1,1,1997,0,0,0,0,0,0,0,0,0,0
130018,2,1,1997,0,0,0,0,0,0,0,0,0,0
130019,1,1,1997,0,0,0,0,0,0,0,0,0,0
130019,2,1,1997,0,0,0,0,0,0,0,0,0,0
130020,0,1,1997,0,0,0,0,0,0,0,0,0,0
130021,1,1,1997,0,0,0,0,0,0,0,0,0,0
130022,1,1,1997,0,0,0,0,0,0,0,0,0,0
130022,2,1,1997,0,0,0,0,0,0,0,0,0,0
130023,1,1,1997,5,5,5,5,5,5,5,5,5,5
130024,0,1,1997,0,0,0,0,0,0,0,0,0,0
130024,1,1,1997,0,0,0,0,0,0,0,0,0,0
130025,0,1,1997,0,0,0,0,0,0,0,0,0,0
130025,1,1,1997,0,0,0,0,0,0,0,0,0,0
130026,1,1,1997,0,0,0,0,0,0,0,0,0,0
130027,0,1,1997,37,37,37,37,37,37,37,37,37,37
130027,1,1,1997,0,0,0,0,0,0,0,0,0,0
130028,0,1,1997,0,0,0,0,0,0,0,0,0,0
130028,1,1,1997,0,0,0,0,0,0,0,0,0,0
130029,1,1,1997,23,23,23,23,23,23,23,23,23,23
130029,2,1,1997,0,0,0,0,0,0,0,0,0,0
130030,1,1,1997,0,0,0,0,0,0,0,0,0,0
130030,2,1,1997,0,0,0,0,0,0,0,0,0,0
130031,1,1,1997,16,16,16,16,16,16,16,16,16,16
130032,1,1,1997,15,15,15,15,15,15,15,15,15,15
130033,1,1,1997,34,34,34,34,34,34,34,34,34,34
130034,1,1,1997,0,0,0,0,0,0,0,0,0,0
130035,1,1,1997,0,0,0,0,0,0,0,0,0,0
130035,2,1,1997,0,0,0,0,0,0,0,0,0,0
130036,1,1,1997,0,0,0,0,0,0,0,0,0,0
130037,1,1,1997,0,0,0,0,0,0,0,0,0,0
130038,1,1,1997,34,34,34,34,34,34,34,34,34,34
130039,1,1,1997,13,13,13,13,13,13,13,13,13,13
130040,1,1,1997,0,0,0,0,0,0,0,0,0,0
130040,2,1,1997,0,0,0,0,0,0,0,0,0,0
130041,1,1,1997,0,0,0,0,0,0,0,0,0,0
130041,2,1,1997,0,0,0,0,0,0,0,0,0,0
130042,1,1,1997,0,0,0,0,0,0,0,0,0,0
130042,2,1,1997,0,0,0,0,0,0,0,0,0,0
130043,0,1,1997,0,0,0,0,0,0,0,0,0,0
130043,1,1,1997,0,0,0,0,0,0,0,0,0,0
130044,0,1,1997,0,0,0,0,0,0,0,0,0,0
130044,1,1,1997,0,0,0,0,0,0,0,0,0,0
130045,1,1,1997,0,0,0,0,0,0,0,0,0,0
130046,1,1,1997,0,0,0,0,0,0,0,0,0,0
130047,1,1,1997,0,0,0,0,0,0,0,0,0,0
130047,2,1,1997,0,0,0,0,0,0,0,0,0,0
130048,1,1,1997,0,0,0,0,0,0,0,0,0,0
130048,2,1,1997,0,0,0,0,0,0,0,0,0,0
130048,3,1,1997,0,0,0,0,0,0,0,0,0,0
130049,1,1,1997,0,0,0,0,0,0,0,0,0,0
130049,2,1,1997,0,0,0,0,0,0,0,0,0,0
130050,0,1,1997,0,0,0,0,0,0,0,0,0,0
130050,0,2,1997,8,0,0,0,35,18,0,23,4,0
130050,1,1,1997,12,12,12,12,12,12,12,12,12,12
130051,1,1,1997,0,0,0,0,0,0,0,0,0,0
130051,2,1,1997,0,0,0,0,0,0,0,0,0,0
130052,1,1,1997,6,6,6,6,6,6,6,6,6,6
130053,1,1,1997,26,26,26,26,26,26,26,26,26,26
130054,0,1,1997,19,19,19,19,19,19,19,19,19,19