ST_CASE,VEH_NO,PER_NO,YEAR,P1,P2,P3,P4,P5,P6,P7,P8,P9,P10
130054,1,1,1997,0,5,3,0,12,23,15,0,15,0
130055,1,1,1997,21,21,21,21,21,21,21,21,21,21
130056,1,1,1997,0,0,0,0,0,0,0,0,0,0
130056,2,1,1997,0,0,0,0,0,0,0,0,0,0
130057,1,1,1997,0,0,0,0,0,0,0,0,0,0
130058,1,1,1997,0,0,0,0,0,0,0,0,0,0
130058,2,1,1997,0,0,0,0,0,0,0,0,0,0
130059,1,1,1997,0,0,0,0,0,0,0,0,0,0
130059,2,1,1997,0,0,0,0,0,0,0,0,0,0
130060,1,1,1997,0,0,0,0,0,0,0,0,0,0
130061,1,1,1997,0,0,0,0,0,0,0,0,0,0
130062,1,1,1997,19,19,19,19,19,19,19,19,19,19
130063,1,1,1997,0,0,0,0,0,0,0,0,0,0
130063,2,1,1997,0,0,0,0,0,0,0,0,0,0
130064,1,1,1997,0,0,0,0,0,0,0,0,0,0
130064,2,1,1997,0,0,0,0,0,0,0,0,0,0
130064,3,1,1997,0,0,0,0,0,0,0,0,0,0
130065,1,1,1997,0,0,0,0,0,0,0,0,0,0
130065,2,1,1997,0,0,0,0,0,0,0,0,0,0
130066,1,1,1997,0,0,0,0,0,0,0,0,0,0
130067,1,1,1997,22,22,22,22,22,22,22,22,22,22
130068,1,1,1997,6,6,6,6,6,6,6,6,6,6
130068,2,1,1997,0,0,0,0,0,0,0,0,0,0
130069,1,1,1997,17,17,17,17,17,17,17,17,17,17
130070,1,1,1997,3,3,3,3,3,3,3,3,3,3
130071,1,1,1997,0,0,0,0,0,0,0,0,0,0
130071,2,1,1997,0,0,0,0,0,0,0,0,0,0
130071,3,1,1997,0,0,0,0,0,0,0,0,0,0
130072,1,1,1997,0,0,0,0,0,0,0,0,0,0
130073,1,1,1997,0,0,0,0,0,0,0,0,0,0
130074,1,1,1997,0,0,0,0,0,0,0,0,0,0
130074,2,1,1997,0,0,0,0,0,0,0,0,0,0
130075,1,1,1997,15,15,15,15,15,15,15,15,15,15
130075,2,1,1997,16,0,0,0,9,0,0,0,16,16
130076,1,1,1997,0,0,0,0,0,0,0,0,0,0
130077,1,1,1997,23,13,14,19,13,8,20,13,14,11
130078,1,1,1997,0,0,0,0,24,0,14,0,10,34
130078,2,1,1997,0,0,0,0,0,0,0,0,0,0
130079,1,1,1997,8,8,8,8,8,8,8,8,8,8
130080,1,1,1997,0,0,0,0,0,0,0,0,0,0
130081,0,1,1997,0,0,0,0,40,0,0,25,0,0
130081,1,1,1997,0,0,0,0,0,0,0,0,0,0
130082,1,1,1997,0,0,0,0,0,0,0,0,0,0
130083,0,1,1997,11,20,22,28,2,0,21,39,0,0
130083,1,1,1997,0,0,0,0,0,0,0,0,0,0
130084,1,1,1997,0,0,0,0,0,0,0,0,0,0
130084,2,1,1997,0,0,0,0,0,0,0,0,0,0
130084,3,1,1997,0,0,0,0,0,0,0,0,0,0
130085,1,1,1997,0,0,0,0,0,0,0,0,0,0
130086,1,1,1997,3,3,3,3,3,3,3,3,3,3
130087,1,1,1997,0,0,0,0,0,0,0,0,0,0
130088,1,1,1997,18,18,18,18,18,18,18,18,18,18
130088,2,1,1997,0,0,0,0,0,0,0,0,0,0
130089,1,1,1997,0,0,0,0,0,0,0,0,0,0
130089,2,1,1997,0,0,0,0,0,0,0,0,0,0
130090,1,1,1997,14,14,14,14,14,14,14,14,14,14
130091,1,1,1997,0,0,0,14,0,0,0,0,5,0
130092,1,1,1997,0,0,0,0,0,0,0,0,0,0
130093,1,1,1997,0,0,0,0,0,0,0,0,0,0
130093,2,1,1997,0,0,0,0,0,0,0,0,0,0
130094,1,1,1997,0,0,19,0,0,17,0,13,6,32
130095,1,1,1997,0,0,0,0,0,0,0,0,0,0
130096,1,1,1997,0,0,0,0,0,0,0,0,0,0
130096,2,1,1997,0,0,0,0,0,0,0,0,0,0
130097,1,1,1997,0,0,0,0,0,0,0,0,15,0
130098,1,1,1997,0,0,0,0,0,0,0,0,0,0
130098,2,1,1997,0,0,0,0,0,0,0,0,0,0
130099,1,1,1997,0,0,0,0,0,0,0,0,0,0
130100,1,1,1997,0,0,0,0,0,0,0,0,0,0
130100,2,1,1997,0,0,0,0,0,0,0,0,0,0
130101,1,1,1997,0,0,0,0,0,0,0,0,0,0
130101,2,1,1997,0,0,0,0,0,0,0,0,0,0
130102,1,1,1997,16,16,16,16,16,16,16,16,16,16
130103,1,1,1997,0,0,0,0,0,0,0,0,0,0
130103,2,1,1997,0,0,0,0,0,0,0,0,0,0
130103,3,1,1997,0,0,0,0,0,0,0,0,0,0
130104,1,1,1997,16,16,16,16,16,16,16,16,16,16
130105,1,1,1997,0,0,0,0,0,0,0,0,0,0
130106,1,1,1997,0,0,0,0,0,0,0,0,0,0
130106,2,1,1997,0,0,0,0,0,0,0,0,0,0
130107,1,1,1997,20,20,20,20,20,20,20,20,20,20
130107,2,1,1997,0,0,0,0,0,0,0,0,0,0
130107,3,1,1997,0,0,0,0,0,0,0,0,0,0
130107,4,1,1997,21,21,21,21,21,21,21,21,21,21
130108,0,1,1997,36,36,36,36,36,36,36,36,36,36
130108,1,1,1997,0,0,0,0,0,0,0,0,0,0
130109,0,1,1997,17,17,17,17,17,17,17,17,17,17
130109,1,1,1997,0,0,0,0,0,0,0,0,0,0
130110,1,1,1997,12,12,12,12,12,12,12,12,12,12
130111,1,1,1997,0,0,0,0,0,12,0,0,0,0
130111,2,1,1997,0,0,0,0,0,0,0,0,0,0
130112,1,1,1997,0,22,0,0,0,0,0,0,0,0
130112,2,1,1997,0,0,0,0,4,0,0,0,0,0
130113,1,1,1997,0,0,0,0,0,0,0,0,0,0
130113,2,1,1997,0,0,0,0,0,0,0,0,0,0
130114,1,1,1997,20,20,20,20,20,20,20,20,20,20
130115,1,1,1997,23,23,23,23,23,23,23,23,23,23
130116,1,1,1997,0,0,0,0,0,0,0,0,0,0
130116,2,1,1997,0,0,0,0,0,0,0,0,0,0
130117,1,1,1997,0,0,0,0,0,0,0,0,0,0
130118,1,1,1997,0,0,0,0,0,0,0,0,0,0
130118,2,1,1997,0,0,0,0,0,0,0,0,0,0
130119,1,1,1997,17,17,17,17,17,17,17,17,17,17
130119,2,1,1997,0,0,0,0,0,0,0,0,0,0
130120,1,1,1997,0,0,0,0,0,0,0,0,0,0
130120,2,1,1997,0,0,0,0,0,0,0,0,0,0
130120,3,1,1997,0,0,0,0,0,0,0,0,0,0
130120,4,1,1997,0,0,0,0,0,0,0,0,0,0
130121,1,1,1997,0,0,0,0,0,0,0,0,0,0
130122,1,1,1997,0,2,0,15,13,0,14,9,0,0
130122,2,1,1997,0,0,0,0,0,0,0,0,0,0
130122,3,1,1997,0,0,0,0,0,0,0,0,0,0
130122,4,1,1997,0,0,8,0,0,0,0,0,0,0
130123,1,1,1997,0,0,0,0,0,0,0,0,0,0
130124,1,1,1997,0,0,0,0,0,0,0,0,0,0
130125,1,1,1997,0,0,0,0,0,0,0,0,0,0
130125,2,1,1997,0,0,0,0,0,0,0,0,0,0
130126,1,1,1997,0,0,0,0,0,0,0,0,0,0
130126,2,1,1997,0,0,0,0,0,0,0,0,0,0
130127,1,1,1997,18,18,18,18,18,18,18,18,18,18
130127,2,1,1997,0,0,0,0,0,0,0,0,0,0
130128,1,1,1997,0,0,0,16,0,0,11,14,11,2
130129,1,1,1997,23,23,23,23,23,23,23,23,23,23
130130,1,1,1997,14,14,14,14,14,14,14,14,14,14
130131,1,1,1997,0,0,0,0,0,0,0,0,0,0
130131,2,1,1997,0,0,0,0,0,0,0,0,0,0
130132,1,1,1997,0,0,0,0,0,0,0,0,0,0
130132,2,1,1997,0,0,0,0,0,0,0,0,0,0
130133,0,1,1997,0,0,0,0,0,0,0,0,0,0
130133,1,1,1997,0,0,0,0,0,0,0,0,0,0
130134,1,1,1997,0,0,0,0,0,0,0,0,0,0
130134,2,1,1997,0,0,0,0,20,0,0,17,0,0
130135,1,1,1997,0,0,0,0,0,0,0,0,0,0
130136,1,1,1997,15,15,15,15,15,15,15,15,15,15
130136,2,1,1997,0,0,0,0,0,0,0,0,0,0
130136,3,1,1997,11,0,0,0,21,0,3,0,0,0
130137,1,1,1997,0,0,0,0,0,0,0,0,0,0
130137,2,1,1997,0,0,0,0,0,0,0,0,0,0
130138,1,1,1997,34,34,34,34,34,34,34,34,34,34
130139,0,1,1997,0,0,0,0,0,0,0,0,0,0
130139,1,1,1997,0,0,0,0,0,0,0,0,0,0
130140,1,1,1997,0,0,0,0,0,0,0,0,0,0
130141,0,1,1997,4,4,4,4,4,4,4,4,4,4
130141,1,1,1997,0,0,0,29,0,0,0,0,0,0
130142,0,1,1997,0,0,22,0,6,0,13,22,0,0
130142,1,1,1997,0,0,0,0,0,0,0,0,0,0
130142,2,1,1997,0,0,0,22,0,0,0,0,0,0
130143,1,1,1997,21,21,21,21,21,21,21,21,21,21
130144,1,1,1997,3,3,3,3,3,3,3,3,3,3
130145,1,1,1997,23,23,23,23,23,23,23,23,23,23
130146,1,1,1997,0,0,0,0,0,0,0,0,0,0
130147,1,1,1997,0,0,0,0,0,0,0,0,0,0
130147,2,1,1997,21,21,21,21,21,21,21,21,21,21
130148,0,1,1997,19,19,19,19,19,19,19,19,19,19
130148,1,1,1997,0,0,0,0,0,0,0,0,0,0
130148,2,1,1997,7,0,0,34,0,0,0,0,0,0
130149,1,1,1997,0,0,0,0,0,0,0,0,0,0
130149,2,1,1997,0,0,0,0,0,0,0,0,0,0
130150,0,1,1997,0,0,0,0,0,0,0,0,0,0
130150,1,1,1997,0,0,0,0,0,0,0,0,0,0
130151,0,1,1997,34,34,34,34,34,34,34,34,34,34
130151,1,1,1997,0,0,0,0,0,0,0,0,0,0
130152,1,1,1997,0,0,0,0,0,0,0,0,0,0
130152,2,1,1997,0,0,0,0,0,0,0,0,0,0
130153,1,1,1997,0,0,0,0,0,0,0,0,0,0
130154,1,1,1997,0,0,0,0,0,0,0,0,0,0
130154,2,1,1997,0,0,0,0,0,0,0,0,0,0
130155,1,1,1997,0,0,0,0,0,0,0,0,0,0
130155,2,1,1997,0,0,0,0,0,0,0,0,0,0
130155,3,1,1997,0,0,0,0,0,0,0,0,0,0
130156,1,1,1997,0,0,0,0,0,0,0,0,0,0
130156,2,1,1997,0,0,0,0,0,0,0,0,0,0
130157,1,1,1997,0,0,0,0,0,0,0,0,0,0
130157,2,1,1997,0,0,0,0,0,0,0,0,0,0
130158,1,1,1997,6,6,6,6,6,6,6,6,6,6
130159,1,1,1997,0,0,0,0,0,0,0,0,0,0
130159,2,1,1997,0,0,0,0,0,0,0,0,0,0
130160,1,1,1997,0,0,0,0,0,0,0,0,0,0
130160,2,1,1997,5,5,5,5,5,5,5,5,5,5
130161,1,1,1997,0,0,0,0,0,0,0,0,0,0
130161,2,1,1997,0,0,0,0,0,0,0,0,0,0
130162,1,1,1997,19,19,19,19,19,19,19,19,19,19
130163,1,1,1997,0,0,0,0,0,0,0,0,0,0
130164,0,1,1997,0,0,0,0,0,0,0,0,0,0
130164,0,2,1997,6,0,0,0,0,0,0,0,14,6
130164,1,1,1997,0,0,0,0,0,0,0,0,0,0
130164,2,1,1997,0,0,0,0,0,0,0,0,0,0
130165,0,1,1997,0,0,0,0,0,0,0,0,0,0
130165,1,1,1997,0,0,0,0,0,0,0,0,0,0
130166,1,1,1997,27,27,27,27,27,27,27,27,27,27
130166,2,1,1997,0,0,0,0,0,0,0,0,0,0
130167,1,1,1997,25,25,25,25,25,25,25,25,25,25
130168,1,1,1997,0,0,0,0,0,0,0,0,0,0
130169,1,1,1997,0,0,0,0,0,0,0,0,0,0
130169,2,1,1997,0,0,0,0,0,0,0,0,0,0
130170,0,1,1997,0,0,0,0,0,0,0,0,0,0
130170,1,1,1997,0,0,0,0,0,0,0,0,0,0
130171,1,1,1997,7,7,7,7,7,7,7,7,7,7
130171,2,1,1997,23,23,23,23,23,23,23,23,23,23
130172,1,1,1997,35,35,35,35,35,35,35,35,35,35
130173,1,1,1997,0,0,0,0,0,0,0,0,0,0
130173,2,1,1997,0,0,0,0,0,0,0,0,0,0
130174,1,1,1997,18,0,0,0,0,0,0,0,11,0
130175,1,1,1997,0,0,0,0,0,0,0,0,0,0
130176,0,1,1997,0,0,0,0,0,0,0,0,0,0
130176,1,1,1997,0,0,0,0,0,0,0,0,0,0
130177,1,1,1997,0,0,0,0,0,0,0,0,0,0
130178,1,1,1997,7,7,7,7,7,7,7,7,7,7
130179,1,1,1997,29,29,29,29,29,29,29,29,29,29
130180,1,1,1997,0,0,0,10,0,0,0,0,0,13
130180,2,1,1997,0,0,0,0,0,0,0,0,0,0
130180,3,1,1997,0,0,0,0,0,0,0,0,0,0
130181,1,1,1997,0,0,0,0,0,0,0,0,0,0
130181,2,1,1997,0,0,0,0,0,0,0,0,0,0
130181,3,1,1997,0,0,0,0,0,0,0,0,0,0
130182,1,1,1997,26,26,26,26,26,26,26,26,26,26
130183,1,1,1997,24,24,24,24,24,24,24,24,24,24
130184,0,1,1997,16,16,16,16,16,16,16,16,16,16
130184,1,1,1997,0,0,20,0,0,0,0,0,0,0
130184,2,1,1997,0,0,0,0,0,0,0,0,0,0
130185,1,1,1997,11,11,11,11,11,11,11,11,11,11
130185,2,1,1997,0,0,0,0,0,0,0,14,0,0
130186,1,1,1997,0,0,0,0,0,0,0,0,0,0
130186,2,1,1997,0,0,0,0,0,0,0,0,0,0
130187,1,1,1997,0,0,0,0,0,0,0,0,0,0
130187,2,1,1997,0,0,0,0,0,0,0,0,0,0
130188,1,1,1997,0,0,0,0,0,0,0,0,0,0
130189,1,1,1997,0,0,0,0,0,0,0,0,0,0
130189,2,1,1997,0,0,0,0,0,0,0,0,0,0
130190,1,1,1997,0,0,19,0,19,40,12,32,0,0
130191,1,1,1997,0,0,0,0,0,0,0,0,0,0
130191,2,1,1997,0,0,0,0,0,0,0,0,0,0
130192,1,1,1997,19,19,19,19,19,19,19,19,19,19
130192,2,1,1997,0,0,0,0,0,0,0,0,0,0
130192,3,1,1997,0,0,0,0,0,0,0,0,0,0
130193,1,1,1997,0,0,0,0,0,0,0,0,0,0
130193,2,1,1997,0,0,0,0,0,0,0,0,0,0
130193,3,1,1997,0,0,0,0,0,0,0,0,0,0
130194,1,1,1997,0,0,0,0,0,0,0,0,0,0
130194,2,1,1997,0,0,0,0,0,0,0,0,0,0
130195,1,1,1997,0,0,0,0,0,0,0,0,0,0
130195,2,1,1997,2,2,2,2,2,2,2,2,2,2
130196,1,1,1997,12,12,12,12,12,12,12,12,12,12
130196,2,1,1997,0,0,0,0,0,0,0,0,0,0
130197,1,1,1997,0,0,0,0,0,0,0,0,0,0
130198,1,1,1997,13,13,13,13,13,13,13,13,13,13
130199,0,1,1997,31,31,31,31,31,31,31,31,31,31
130199,1,1,1997,0,0,0,0,0,0,0,0,0,0
130200,1,1,1997,14,11,21,15,15,27,17,28,16,10
130201,1,1,1997,0,0,0,0,0,0,0,0,0,0
130201,2,1,1997,8,0,9,0,0,9,0,0,0,0
130202,1,1,1997,0,0,0,0,0,0,0,0,0,0
130202,2,1,1997,0,0,0,0,0,0,0,0,0,0
130203,0,1,1997,16,16,16,16,16,16,16,16,16,16
130203,1,1,1997,0,0,0,0,0,0,0,0,0,0
130203,2,1,1997,0,0,0,0,0,0,0,0,0,0
130204,1,1,1997,0,0,0,0,0,0,0,0,0,0
130204,2,1,1997,0,0,0,0,0,0,0,0,0,0
130204,3,1,1997,0,0,0,0,0,0,0,0,0,0
130205,1,1,1997,0,0,0,0,0,0,0,0,0,0
130205,2,1,1997,0,0,0,0,0,0,0,0,0,0
130206,1,1,1997,0,0,0,0,0,0,0,0,0,0
130206,2,1,1997,0,0,0,0,0,0,0,0,0,0
130207,0,1,1997,0,0,0,0,0,0,0,0,0,0
130207,1,1,1997,2,2,2,2,2,2,2,2,2,2
130208,1,1,1997,0,0,0,0,0,0,0,0,0,0
130209,1,1,1997,0,0,0,0,0,0,0,0,0,0
130209,2,1,1997,0,0,0,0,0,0,0,0,0,0
130210,0,1,1997,0,0,0,0,0,0,0,0,0,0
130210,1,1,1997,0,0,0,0,0,0,20,0,0,33
130211,1,1,1997,21,21,21,21,21,21,21,21,21,21
130212,1,1,1997,2,2,2,2,2,2,2,2,2,2
130213,1,1,1997,0,0,0,0,0,0,0,0,0,0
130214,0,1,1997,0,0,0,0,0,0,0,0,0,0
130214,1,1,1997,0,0,0,0,0,0,0,0,0,0
130215,1,1,1997,0,0,0,0,0,0,0,0,0,0
130216,1,1,1997,0,0,0,0,0,0,0,0,0,0
130216,2,1,1997,0,0,0,0,0,0,0,0,0,0
130216,3,1,1997,0,0,0,0,0,0,0,0,0,0
130217,1,1,1997,18,18,18,18,18,18,18,18,18,18
130218,0,1,1997,0,0,0,0,0,0,0,0,0,0
130218,1,1,1997,0,0,0,0,0,0,0,0,0,0
130219,1,1,1997,4,4,4,4,4,4,4,4,4,4
130220,1,1,1997,0,0,31,0,0,0,0,0,0,0
130221,1,1,1997,0,0,0,0,0,0,0,0,0,0
130222,1,1,1997,31,31,31,31,31,31,31,31,31,31
130223,1,1,1997,0,0,0,0,0,0,0,0,0,0
130224,1,1,1997,0,0,0,0,0,0,0,0,0,0
130224,2,1,1997,0,0,0,0,0,0,0,0,0,0
130225,1,1,1997,2,2,2,2,2,2,2,2,2,2
130226,1,1,1997,0,0,0,0,0,0,0,0,0,0
130227,1,1,1997,0,0,0,0,0,0,0,0,0,0
130227,2,1,1997,0,0,0,0,0,0,0,0,0,0
130228,0,1,1997,30,30,30,30,30,30,30,30,30,30
130228,1,1,1997,0,0,0,0,0,0,0,0,0,0
130229,0,1,1997,21,21,21,21,21,21,21,21,21,21
130229,1,1,1997,0,0,0,0,0,0,0,0,0,0
130230,1,1,1997,30,15,25,17,8,18,18,25,12,0
130231,1,1,1997,21,21,21,21,21,21,21,21,21,21
130232,1,1,1997,0,0,0,0,0,0,0,0,0,0
130232,2,1,1997,0,0,0,0,0,0,0,0,0,0
130233,1,1,1997,17,17,17,17,17,17,17,17,17,17
130233,2,1,1997,16,0,11,0,0,0,0,0,17,0
130233,3,1,1997,0,0,0,0,0,21,0,23,0,0
130234,1,1,1997,0,0,0,0,0,0,0,0,0,0
130234,2,1,1997,0,0,0,0,0,0,0,6,0,0
130235,0,1,1997,19,19,19,19,19,19,19,19,19,19
130235,1,1,1997,0,0,0,0,0,0,0,0,0,0
130236,1,1,1997,18,18,18,18,18,18,18,18,18,18
130236,2,1,1997,0,0,0,0,0,0,0,0,0,0
130237,1,1,1997,0,0,0,0,0,0,0,0,0,0
130237,2,1,1997,0,0,0,0,0,0,0,0,0,0
130238,1,1,1997,0,0,0,0,0,0,0,0,0,15
130238,2,1,1997,0,0,0,0,0,0,0,0,0,0
130239,1,1,1997,0,0,0,0,0,0,0,0,0,0
130240,1,1,1997,0,0,0,0,0,0,0,0,0,0
130240,2,1,1997,0,0,0,0,0,0,0,0,0,0
130240,3,1,1997,0,0,0,0,0,0,0,0,0,0
130240,4,1,1997,0,0,0,0,0,0,0,0,0,0
130241,1,1,1997,0,0,0,0,0,0,0,0,0,0
130241,2,1,1997,0,0,0,0,0,0,0,0,0,0
130242,1,1,1997,9,9,9,9,9,9,9,9,9,9
130243,1,1,1997,0,0,0,0,0,0,0,0,0,0
130243,2,1,1997,0,0,0,0,0,0,0,0,0,0
130244,1,1,1997,37,37,37,37,37,37,37,37,37,37
130245,1,1,1997,18,16,10,24,0,30,28,27,26,13
130246,1,1,1997,0,15,7,16,0,0,24,0,0,0
130247,1,1,1997,0,0,0,0,0,0,0,0,0,0
130247,2,1,1997,0,0,0,0,0,0,0,0,0,0
130248,1,1,1997,3,3,3,3,3,3,3,3,3,3
130249,1,1,1997,0,16,0,0,0,0,0,0,0,18
130250,1,1,1997,0,0,0,0,0,0,0,0,0,0
130250,2,1,1997,0,0,0,0,0,0,0,0,0,0
130251,1,1,1997,19,19,19,19,19,19,19,19,19,19
130252,1,1,1997,0,0,0,0,0,0,0,0,0,0
130252,2,1,1997,0,0,0,0,0,0,0,0,0,0
130253,1,1,1997,0,0,0,0,0,0,0,0,0,0
130253,2,1,1997,0,0,0,0,0,0,0,0,0,0
130254,1,1,1997,25,25,25,25,25,25,25,25,25,25
130255,1,1,1997,0,0,0,0,0,0,0,0,0,0
130255,2,1,1997,0,0,0,0,0,0,0,0,0,0
130257,1,1,1997,0,0,0,0,0,0,0,0,0,0
130257,2,1,1997,0,0,0,0,0,0,0,0,0,0
130257,3,1,1997,0,0,0,0,0,0,0,0,0,0
130258,1,1,1997,0,0,0,0,0,0,0,0,0,0
130258,2,1,1997,0,0,0,0,0,0,0,0,0,0
130259,1,1,1997,0,0,0,0,0,0,0,0,0,0
130259,2,1,1997,0,0,0,0,0,0,0,0,0,0
130260,0,1,1997,0,19,0,0,0,0,42,0,25,0
130260,1,1,1997,0,0,0,0,0,0,0,0,0,0
130260,2,1,1997,0,0,0,0,0,0,0,0,0,0
130261,1,1,1997,20,20,20,20,20,20,20,20,20,20
130262,1,1,1997,0,0,0,0,0,0,0,0,0,0
130263,1,1,1997,1,1,1,1,1,1,1,1,1,1
130264,1,1,1997,20,20,20,20,20,20,20,20,20,20
130265,1,1,1997,20,20,20,20,20,20,20,20,20,20
130265,2,1,1997,0,0,0,0,0,0,0,0,0,0
130266,1,1,1997,0,0,0,20,0,0,0,0,29,0
130266,2,1,1997,0,0,0,0,0,0,0,0,0,0
130267,1,1,1997,22,22,22,22,22,22,22,22,22,22
130268,1,1,1997,15,14,9,24,16,1,20,9,11,22
130269,1,1,1997,0,0,0,0,0,0,0,0,0,0
130270,1,1,1997,0,0,0,0,0,0,0,0,0,0
130271,1,1,1997,16,16,16,16,16,16,16,16,16,16
130271,2,1,1997,0,0,0,0,0,0,0,0,0,0
130272,0,1,1997,31,31,31,31,31,31,31,31,31,31
130272,1,1,1997,0,0,0,0,0,0,0,0,0,0
130273,1,1,1997,0,0,0,0,0,0,0,0,0,0
130274,1,1,1997,0,0,0,0,0,0,0,0,0,0
130274,2,1,1997,0,0,0,0,0,0,0,0,0,0
130275,1,1,1997,0,0,0,0,0,0,0,0,0,0
130275,2,1,1997,21,21,21,21,21,21,21,21,21,21
130276,1,1,1997,0,0,0,0,0,0,0,0,0,0
130277,1,1,1997,0,0,0,0,0,0,0,0,0,0
130278,1,1,1997,0,0,0,0,0,0,0,0,0,0
130279,1,1,1997,0,0,0,0,0,0,0,0,0,0
130279,2,1,1997,0,0,21,0,0,13,10,0,0,0
130280,1,1,1997,3,3,3,3,3,3,3,3,3,3
130280,2,1,1997,0,0,0,0,0,0,0,0,0,0
130280,3,1,1997,0,0,0,0,0,0,0,0,0,0
130280,4,1,1997,0,0,0,0,0,0,0,0,0,0
130280,5,1,1997,0,0,0,0,0,0,0,0,0,0
130281,1,1,1997,21,24,17,0,19,22,22,29,17,7
130281,2,1,1997,36,0,0,8,0,6,0,0,0,0
130282,1,1,1997,0,0,0,0,0,0,0,0,0,0
130283,1,1,1997,0,0,0,0,0,0,0,0,0,0
130284,1,1,1997,0,0,0,0,0,0,0,0,0,0
130284,2,1,1997,0,0,0,0,0,0,0,0,0,0
130285,0,1,1997,0,0,14,0,0,0,0,0,7,9
130285,1,1,1997,0,0,0,0,0,0,0,0,0,0
130286,1,1,1997,0,0,0,0,0,0,0,0,0,0
130286,2,1,1997,0,0,0,0,0,0,0,0,0,0
130287,0,1,1997,0,16,20,0,11,0,25,22,13,0
130287,1,1,1997,0,0,0,0,0,0,0,0,0,0
130288,1,1,1997,0,0,0,0,0,0,0,0,0,0
130288,2,1,1997,0,0,0,0,0,0,0,0,0,0
130289,0,1,1997,9,9,9,9,9,9,9,9,9,9
130289,1,1,1997,0,0,0,0,0,0,0,0,0,0
130290,0,1,1997,0,0,0,0,0,0,0,0,0,0
130290,1,1,1997,0,0,0,0,0,0,0,0,0,0
130291,0,1,1997,0,0,0,0,0,0,0,0,0,0
130291,1,1,1997,0,0,0,0,0,0,0,0,0,0
130292,1,1,1997,0,0,0,0,0,0,0,0,0,0
130293,1,1,1997,0,0,0,0,0,0,0,0,0,0
130293,2,1,1997,0,0,0,0,0,0,0,0,0,0
130294,1,1,1997,0,0,0,0,0,0,0,0,0,0
130295,1,1,1997,11,30,17,6,4,26,15,14,0,2
130295,2,1,1997,0,0,0,0,0,0,0,0,0,0
130296,1,1,1997,0,0,0,0,0,0,0,0,0,21
130296,2,1,1997,0,0,0,0,0,0,0,0,0,0
130297,0,1,1997,2,2,2,2,2,2,2,2,2,2
130297,1,1,1997,0,0,0,0,0,0,0,0,0,0
130298,1,1,1997,0,0,0,0,0,0,0,0,0,0
130298,2,1,1997,0,0,0,0,0,0,0,0,0,0
130299,0,1,1997,0,0,0,0,0,0,0,0,0,0
130299,1,1,1997,0,0,0,0,0,0,0,0,0,0
130300,1,1,1997,0,0,0,0,0,0,0,0,0,0
130300,2,1,1997,0,0,0,0,0,0,0,0,0,0
130301,1,1,1997,0,0,0,0,0,0,0,0,0,0
130301,2,1,1997,0,0,0,0,0,0,0,0,0,0
130302,1,1,1997,0,0,0,0,0,0,0,0,0,0
130302,2,1,1997,0,0,0,12,0,7,13,0,0,10
130303,1,1,1997,0,0,0,0,0,0,0,0,0,0
130304,1,1,1997,9,9,9,9,9,9,9,9,9,9
130304,2,1,1997,0,0,0,0,0,0,19,0,0,0
130304,3,1,1997,0,0,0,0,0,0,0,0,0,0
130305,1,1,1997,0,0,0,0,0,0,0,0,0,0
130305,2,1,1997,0,0,0,0,0,0,0,0,0,0
130306,1,1,1997,0,0,0,0,0,0,0,0,0,0
130307,0,1,1997,24,24,24,24,24,24,24,24,24,24
130307,1,1,1997,1,1,1,1,1,1,1,1,1,1
130308,1,1,1997,14,14,14,14,14,14,14,14,14,14
130309,1,1,1997,0,0,0,0,0,0,0,0,0,0
130309,2,1,1997,0,0,0,0,0,0,0,0,0,0
130310,1,1,1997,0,0,0,0,0,0,0,0,0,0
130311,1,1,1997,15,12,23,11,12,15,14,19,19,18
130312,1,1,1997,0,0,0,0,0,0,0,0,0,0
130312,2,1,1997,0,0,0,0,0,0,0,0,0,0
130313,1,1,1997,0,0,0,0,0,0,0,0,0,0
130313,2,1,1997,0,0,0,0,0,0,0,0,0,0
130313,3,1,1997,0,0,0,0,0,0,0,0,0,0
130314,1,1,1997,0,0,0,0,0,0,0,0,0,0
130314,2,1,1997,0,0,0,0,0,0,0,0,0,0
130315,1,1,1997,0,0,0,0,0,0,0,0,0,0
130315,2,1,1997,0,0,0,0,0,0,0,0,0,0
130316,1,1,1997,0,0,0,0,0,0,0,0,0,0
130316,2,1,1997,0,0,0,0,0,0,0,0,0,0
130317,0,1,1997,0,0,0,0,0,0,0,0,0,0
130317,1,1,1997,0,0,0,0,0,0,0,0,0,0
130318,0,1,1997,0,0,0,0,0,0,0,0,0,0
130318,1,1,1997,0,0,0,0,0,0,0,0,0,0
130319,1,1,1997,0,0,0,0,0,0,0,0,0,0
130319,2,1,1997,0,0,0,0,0,0,0,0,0,0
130319,3,1,1997,0,0,0,0,0,0,0,0,0,0
130320,1,1,1997,3,3,3,3,3,3,3,3,3,3
130320,2,1,1997,0,0,0,0,0,0,0,0,0,0
130321,1,1,1997,0,0,0,0,0,0,0,0,0,0
130321,2,1,1997,0,0,0,0,0,0,0,0,0,0
130321,3,1,1997,0,0,0,0,0,0,0,0,0,0
130322,0,1,1997,0,0,0,0,0,0,0,0,0,0
130322,1,1,1997,3,0,11,0,0,10,0,7,0,0