ST_CASE,VEH_NO,PER_NO,YEAR,P1,P2,P3,P4,P5,P6,P7,P8,P9,P10
130323,1,1,1997,3,3,3,3,3,3,3,3,3,3
130324,1,1,1997,0,0,0,0,0,0,0,0,0,0
130324,2,1,1997,0,0,0,0,0,0,0,0,0,0
130325,1,1,1997,0,0,0,0,0,0,0,0,0,0
130326,1,1,1997,22,22,22,22,22,22,22,22,22,22
130326,2,1,1997,0,0,0,0,0,0,0,0,0,0
130327,1,1,1997,0,0,0,0,0,0,0,0,0,0
130327,2,1,1997,0,0,0,0,0,0,0,0,0,0
130328,1,1,1997,0,0,0,0,0,0,0,0,0,0
130329,1,1,1997,0,0,0,0,0,0,0,0,0,0
130329,2,1,1997,0,0,0,0,0,0,0,0,0,0
130330,1,1,1997,14,14,14,14,14,14,14,14,14,14
130330,2,1,1997,0,0,0,0,16,0,0,0,10,0
130331,1,1,1997,0,0,0,0,0,0,0,0,0,0
130332,1,1,1997,0,0,0,0,0,0,0,0,0,0
130332,2,1,1997,0,0,0,0,0,12,0,0,0,0
130332,3,1,1997,0,0,0,0,0,0,0,0,0,0
130333,1,1,1997,0,0,0,0,0,0,0,0,0,0
130333,2,1,1997,0,0,0,0,0,0,0,0,0,0
130333,3,1,1997,0,0,0,0,0,0,0,0,0,0
130334,1,1,1997,0,0,0,0,0,0,0,0,0,0
130334,2,1,1997,0,0,0,0,0,0,0,0,0,0
130334,3,1,1997,0,0,0,0,0,0,0,0,0,0
130335,1,1,1997,0,0,0,0,0,0,0,0,0,0
130335,2,1,1997,0,0,0,0,0,0,0,0,0,0
130336,1,1,1997,29,29,29,29,29,29,29,29,29,29
130337,1,1,1997,0,0,0,0,0,0,0,0,0,0
130338,1,1,1997,0,0,0,0,0,0,0,0,0,0
130339,1,1,1997,4,4,4,4,4,4,4,4,4,4
130340,1,1,1997,28,28,28,28,28,28,28,28,28,28
130341,1,1,1997,5,5,5,5,5,5,5,5,5,5
130341,2,1,1997,0,0,0,0,0,0,0,0,0,0
130342,1,1,1997,0,0,0,0,0,0,0,0,0,0
130343,1,1,1997,0,0,0,0,0,0,0,0,0,0
130343,2,1,1997,0,0,0,0,0,0,0,0,0,0
130344,1,1,1997,0,0,0,0,0,0,0,0,0,0
130345,1,1,1997,14,14,14,14,14,14,14,14,14,14
130346,1,1,1997,0,0,0,0,0,0,0,0,0,0
130347,1,1,1997,0,0,0,0,0,0,0,0,0,0
130347,2,1,1997,0,0,0,0,0,0,0,0,0,0
130348,1,1,1997,0,8,0,0,0,0,0,18,0,0
130349,1,1,1997,0,0,0,0,0,0,0,0,0,0
130350,0,1,1997,0,0,0,0,0,0,0,0,0,0
130350,1,1,1997,0,0,0,0,0,0,0,0,0,0
130351,1,1,1997,7,7,7,7,7,7,7,7,7,7
130352,1,1,1997,16,16,16,16,16,16,16,16,16,16
130353,1,1,1997,0,0,0,0,0,0,0,0,0,0
130354,1,1,1997,0,0,0,0,0,0,0,0,0,0
130355,1,1,1997,0,21,0,0,0,0,0,0,16,0
130356,1,1,1997,0,0,0,0,0,0,0,0,0,0
130357,1,1,1997,14,14,14,14,14,14,14,14,14,14
130357,2,1,1997,0,0,0,0,0,0,0,0,0,0
130358,1,1,1997,36,36,36,36,36,36,36,36,36,36
130358,2,1,1997,0,0,0,0,0,0,0,0,0,0
130359,1,1,1997,15,15,15,15,15,15,15,15,15,15
130360,1,1,1997,0,0,0,0,0,0,0,0,0,0
130360,2,1,1997,0,0,0,0,0,0,0,0,0,0
130361,1,1,1997,0,0,0,0,0,0,0,0,0,0
130361,2,1,1997,0,0,0,0,0,0,0,0,0,0
130362,1,1,1997,0,22,0,0,0,0,0,0,0,0
130363,1,1,1997,15,15,15,15,15,15,15,15,15,15
130364,0,1,1997,0,0,0,0,0,0,0,0,0,0
130364,1,1,1997,0,0,0,0,0,0,0,0,0,0
130365,1,1,1997,18,18,18,18,18,18,18,18,18,18
130365,2,1,1997,0,0,0,0,0,0,0,0,0,0
130365,3,1,1997,0,0,0,0,0,0,0,0,0,0
130365,4,1,1997,0,0,0,0,0,0,0,0,0,0
130366,0,1,1997,27,30,0,0,0,0,40,21,16,20
130366,1,1,1997,0,0,0,0,0,0,0,0,0,0
130367,1,1,1997,0,0,0,0,0,0,0,0,0,0
130367,2,1,1997,13,13,13,13,13,13,13,13,13,13
130368,1,1,1997,25,25,25,25,25,25,25,25,25,25
130369,1,1,1997,0,0,0,0,0,0,0,0,0,0
130370,1,1,1997,27,18,21,0,9,20,31,8,5,8
130370,2,1,1997,0,0,0,0,0,0,0,0,0,0
130371,1,1,1997,19,19,19,19,19,19,19,19,19,19
130372,1,1,1997,0,0,0,0,0,0,0,0,0,0
130373,1,1,1997,0,0,0,0,0,0,0,0,0,0
130374,1,1,1997,0,0,0,0,0,0,0,0,0,0
130375,1,1,1997,14,14,14,14,14,14,14,14,14,14
130376,1,1,1997,0,0,0,0,0,0,0,0,0,0
130376,2,1,1997,0,0,0,0,0,0,0,0,0,0
130377,1,1,1997,13,13,13,13,13,13,13,13,13,13
130377,2,1,1997,0,0,0,0,0,0,0,0,0,0
130378,0,1,1997,25,25,25,25,25,25,25,25,25,25
130378,0,2,1997,24,0,29,16,22,8,23,0,16,13
130378,1,1,1997,0,0,0,0,0,0,0,0,0,0
130379,0,1,1997,0,0,0,0,0,0,0,0,0,0
130379,1,1,1997,0,0,0,0,0,0,0,0,0,0
130380,1,1,1997,22,22,22,22,22,22,22,22,22,22
130380,2,1,1997,0,0,0,0,0,0,0,0,0,0
130381,1,1,1997,13,13,13,13,13,13,13,13,13,13
130381,2,1,1997,0,0,0,0,0,0,0,0,0,0
130382,1,1,1997,15,15,15,15,15,15,15,15,15,15
130383,1,1,1997,0,0,0,0,0,0,0,0,0,0
130383,2,1,1997,0,0,0,0,0,0,0,0,0,0
130384,1,1,1997,0,0,0,0,0,0,0,0,0,0
130384,2,1,1997,0,0,0,0,0,0,0,0,0,0
130385,1,1,1997,4,4,4,4,4,4,4,4,4,4
130386,1,1,1997,0,0,0,0,0,0,0,0,0,0
130387,1,1,1997,22,22,22,22,22,22,22,22,22,22
130388,1,1,1997,0,0,0,0,0,0,0,0,0,0
130389,1,1,1997,11,11,11,11,11,11,11,11,11,11
130390,1,1,1997,0,0,0,0,0,0,0,0,0,0
130391,0,1,1997,38,38,38,38,38,38,38,38,38,38
130391,1,1,1997,16,16,16,16,16,16,16,16,16,16
130392,1,1,1997,0,0,0,0,0,0,0,0,0,0
130393,1,1,1997,0,0,0,0,0,0,0,0,0,0
130394,1,1,1997,0,0,0,0,0,0,0,0,0,0
130395,1,1,1997,0,0,0,0,0,0,0,0,0,0
130396,1,1,1997,24,24,24,24,24,24,24,24,24,24
130397,1,1,1997,5,5,5,5,5,5,5,5,5,5
130397,2,1,1997,0,0,0,0,0,0,0,0,0,0
130398,0,1,1997,0,0,0,0,0,0,0,0,0,0
130398,1,1,1997,20,20,20,20,20,20,20,20,20,20
130399,1,1,1997,20,0,0,0,0,0,0,0,0,0
130399,2,1,1997,0,0,0,0,0,0,0,0,0,0
130400,1,1,1997,0,0,0,0,0,0,0,0,0,0
130401,1,1,1997,0,0,0,16,0,0,0,0,0,9
130401,2,1,1997,14,14,14,14,14,14,14,14,14,14
130402,1,1,1997,0,0,0,0,0,0,0,0,0,0
130402,2,1,1997,0,0,0,0,0,0,0,0,0,0
130403,1,1,1997,0,0,0,0,0,0,0,0,0,0
130403,2,1,1997,2,2,2,2,2,2,2,2,2,2
130403,3,1,1997,0,0,0,0,0,0,0,0,0,0
130404,1,1,1997,0,0,0,0,0,0,0,0,0,0
130404,2,1,1997,12,12,12,12,12,12,12,12,12,12
130405,1,1,1997,0,0,0,0,0,0,0,0,0,0
130405,2,1,1997,0,0,0,0,0,0,0,0,0,0
130406,1,1,1997,30,30,30,30,30,30,30,30,30,30
130407,1,1,1997,0,0,0,0,0,0,0,0,0,0
130408,1,1,1997,0,0,0,0,0,0,0,0,0,0
130408,2,1,1997,8,8,8,8,8,8,8,8,8,8
130409,1,1,1997,16,16,16,16,16,16,16,16,16,16
130410,1,1,1997,0,0,0,0,0,0,0,0,0,0
130411,1,1,1997,5,5,5,5,5,5,5,5,5,5
130412,1,1,1997,0,0,0,0,0,0,0,0,0,0
130412,2,1,1997,0,0,0,0,0,0,0,0,0,0
130413,1,1,1997,24,24,24,24,24,24,24,24,24,24
130414,1,1,1997,20,20,20,20,20,20,20,20,20,20
130415,1,1,1997,0,0,0,0,0,0,0,0,0,0
130416,1,1,1997,9,9,9,9,9,9,9,9,9,9
130417,1,1,1997,29,29,29,29,29,29,29,29,29,29
130417,2,1,1997,0,0,0,0,0,0,0,0,0,0
130418,0,1,1997,20,20,20,20,20,20,20,20,20,20
130418,1,1,1997,0,0,0,0,0,0,0,0,0,0
130419,1,1,1997,0,0,0,0,0,0,0,0,0,0
130420,0,1,1997,0,0,0,0,0,0,0,0,0,0
130420,1,1,1997,0,0,0,0,0,0,0,0,0,0
130421,1,1,1997,0,0,0,0,0,0,0,0,0,0
130421,2,1,1997,0,0,0,0,0,0,0,0,0,0
130422,1,1,1997,29,29,29,29,29,29,29,29,29,29
130423,1,1,1997,0,0,0,0,0,0,0,0,0,0
130423,2,1,1997,0,0,0,0,0,0,0,0,0,0
130424,1,1,1997,0,0,0,0,0,0,0,0,0,0
130424,2,1,1997,0,0,0,0,0,0,0,0,0,0
130425,0,1,1997,0,0,0,0,0,0,0,0,0,0
130425,1,1,1997,0,0,0,0,0,0,0,0,0,0
130426,1,1,1997,8,8,8,8,8,8,8,8,8,8
130426,2,1,1997,0,0,0,0,0,0,0,0,0,0
130426,3,1,1997,0,0,0,0,0,0,0,0,0,0
130427,1,1,1997,0,0,0,0,0,0,0,0,0,0
130427,2,1,1997,5,5,5,5,5,5,5,5,5,5
130428,1,1,1997,3,3,3,3,3,3,3,3,3,3
130429,0,1,1997,22,22,22,22,22,22,22,22,22,22
130429,1,1,1997,0,0,0,0,0,0,0,0,0,0
130430,1,1,1997,17,17,17,17,17,17,17,17,17,17
130430,2,1,1997,0,0,0,0,0,0,0,0,0,0
130431,1,1,1997,27,27,27,27,27,27,27,27,27,27
130432,1,1,1997,0,0,0,0,0,0,0,0,0,0
130432,2,1,1997,0,0,9,0,0,6,0,21,0,0
130433,1,1,1997,21,21,21,21,21,21,21,21,21,21
130434,1,1,1997,0,0,0,0,0,0,0,0,0,0
130434,2,1,1997,0,0,0,0,0,0,0,0,0,0
130435,1,1,1997,0,0,0,0,0,0,0,0,0,0
130435,2,1,1997,0,0,0,0,0,0,0,0,0,0
130436,0,1,1997,0,0,0,0,0,0,0,0,0,0
130436,1,1,1997,0,0,0,0,0,0,0,0,9,0
130437,1,1,1997,0,0,0,0,0,0,0,0,0,0
130437,2,1,1997,0,0,0,0,0,0,0,0,0,0
130438,1,1,1997,22,22,22,22,22,22,22,22,22,22
130439,0,1,1997,0,0,0,0,0,0,0,0,0,0
130439,1,1,1997,0,0,0,0,0,0,0,0,0,0
130440,1,1,1997,0,0,0,0,0,0,0,0,0,0
130441,1,1,1997,6,6,6,6,6,6,6,6,6,6
130442,1,1,1997,0,0,0,0,0,0,0,0,0,0
130442,2,1,1997,0,0,0,0,0,0,0,0,0,0
130443,1,1,1997,18,18,18,18,18,18,18,18,18,18
130444,1,1,1997,0,0,0,0,0,0,0,0,0,0
130444,2,1,1997,0,0,0,0,0,0,0,0,0,0
130445,1,1,1997,0,0,0,0,0,0,0,21,0,0
130445,2,1,1997,0,0,0,0,0,0,0,0,0,0
130446,1,1,1997,0,0,0,0,0,0,0,0,0,0
130447,1,1,1997,17,17,17,17,17,17,17,17,17,17
130448,0,1,1997,35,28,22,0,0,0,16,22,19,0
130448,1,1,1997,0,0,0,0,0,0,0,0,0,0
130449,1,1,1997,0,0,0,0,21,0,0,0,0,0
130449,2,1,1997,0,0,0,0,0,0,0,0,0,0
130450,1,1,1997,0,0,0,0,0,0,0,0,0,0
130450,2,1,1997,0,0,0,0,0,0,0,0,0,0
130451,0,1,1997,24,24,24,24,24,24,24,24,24,24
130451,1,1,1997,0,0,0,0,0,0,0,0,0,0
130452,1,1,1997,0,0,0,0,0,0,0,0,0,0
130452,2,1,1997,0,0,0,0,0,0,0,0,0,0
130453,1,1,1997,0,0,27,0,5,9,0,0,0,0
130453,2,1,1997,0,0,0,0,0,0,0,0,0,0
130454,1,1,1997,0,0,0,0,0,0,0,0,0,0
130454,2,1,1997,0,0,0,0,0,0,0,0,0,0
130455,1,1,1997,0,0,0,0,0,0,0,0,0,0
130455,2,1,1997,0,0,0,0,0,0,0,0,0,0
130456,0,1,1997,0,0,0,0,0,0,0,0,0,0
130456,1,1,1997,0,0,0,0,0,0,0,0,0,0
130458,1,1,1997,4,4,4,4,4,4,4,4,4,4
130458,2,1,1997,0,0,0,0,0,0,0,0,0,0
130459,0,1,1997,0,0,0,0,0,0,0,0,0,0
130459,1,1,1997,0,0,0,0,0,0,0,0,0,0
130460,1,1,1997,0,0,0,0,0,0,0,0,0,0
130460,2,1,1997,0,0,0,0,0,0,0,0,0,0
130461,1,1,1997,0,0,0,0,0,0,0,0,0,0
130461,2,1,1997,0,0,0,0,0,0,0,0,0,0
130462,0,1,1997,2,2,2,2,2,2,2,2,2,2
130462,1,1,1997,0,0,0,0,0,0,0,0,0,0
130463,1,1,1997,16,16,16,16,16,16,16,16,16,16
130463,2,1,1997,3,3,3,3,3,3,3,3,3,3
130464,0,1,1997,0,22,0,0,0,0,0,0,0,0
130464,1,1,1997,0,0,0,0,0,0,0,0,0,0
130465,0,1,1997,0,0,0,0,0,0,0,0,0,0
130465,1,1,1997,0,0,0,0,0,0,0,0,0,0
130466,0,1,1997,7,7,7,7,7,7,7,7,7,7
130466,1,1,1997,0,0,0,0,0,0,0,0,0,0
130467,1,1,1997,0,0,0,0,0,0,0,0,0,0
130468,1,1,1997,0,0,0,0,0,0,0,0,0,0
130468,2,1,1997,0,0,0,0,0,0,0,0,0,0
130469,1,1,1997,0,0,0,0,0,0,0,0,0,0
130469,2,1,1997,0,0,0,0,0,0,0,0,0,0
130470,0,1,1997,0,0,0,0,0,0,0,0,0,0
130470,1,1,1997,0,0,0,0,0,0,0,0,0,0
130471,1,1,1997,0,0,0,0,0,0,0,0,0,0
130471,2,1,1997,0,0,0,0,0,0,0,0,0,0
130472,1,1,1997,0,0,0,0,0,0,0,0,0,0
130473,1,1,1997,0,0,0,0,0,0,0,0,0,0
130474,1,1,1997,0,0,0,0,0,0,0,0,0,0
130474,2,1,1997,0,0,0,0,0,0,0,0,0,0
130475,1,1,1997,3,3,3,3,3,3,3,3,3,3
130475,2,1,1997,0,0,0,0,0,0,0,0,0,0
130476,1,1,1997,0,0,0,0,0,0,0,0,0,0
130476,2,1,1997,0,0,0,0,0,0,0,0,0,0
130477,1,1,1997,0,0,0,0,0,0,0,0,0,0
130478,1,1,1997,28,28,28,28,28,28,28,28,28,28
130478,2,1,1997,0,0,0,0,0,0,0,0,0,0
130479,0,1,1997,23,23,23,23,23,23,23,23,23,23
130479,1,1,1997,12,0,0,5,0,0,0,0,0,0
130480,1,1,1997,0,0,0,0,0,0,0,0,0,0
130480,2,1,1997,0,0,0,0,0,0,0,0,0,0
130481,1,1,1997,18,18,18,18,18,18,18,18,18,18
130482,1,1,1997,0,0,0,0,0,0,0,0,0,0
130483,1,1,1997,8,8,8,8,8,8,8,8,8,8
130484,1,1,1997,0,0,0,0,0,0,0,0,0,0
130484,2,1,1997,0,0,0,0,0,0,0,0,0,0
130484,3,1,1997,0,0,0,0,0,0,0,0,0,0
130484,4,1,1997,0,0,0,0,0,0,0,0,0,0
130485,0,1,1997,0,0,0,0,0,0,0,0,0,0
130485,1,1,1997,0,0,0,0,0,0,0,0,0,0
130486,1,1,1997,0,0,0,0,0,0,0,0,0,0
130487,1,1,1997,0,0,0,0,0,0,0,0,0,0
130488,1,1,1997,0,0,0,0,0,0,0,0,0,0
130489,1,1,1997,0,0,0,0,0,0,0,0,0,0
130489,2,1,1997,0,0,0,0,0,0,0,0,0,0
130490,1,1,1997,0,0,0,0,0,0,0,0,0,0
130490,2,1,1997,0,0,0,0,0,0,0,0,0,0
130491,1,1,1997,0,0,0,0,0,0,0,0,0,0
130492,1,1,1997,0,0,0,0,0,0,0,0,0,0
130492,2,1,1997,0,0,0,0,0,0,0,0,0,0
130493,1,1,1997,13,13,13,13,13,13,13,13,13,13
130494,1,1,1997,0,0,0,0,0,0,0,0,0,0
130495,1,1,1997,0,0,0,0,0,0,0,0,0,0
130496,1,1,1997,0,0,5,28,0,0,0,9,0,11
130497,1,1,1997,17,18,15,22,0,14,0,19,23,12
130498,0,1,1997,0,0,0,0,0,0,0,0,0,0
130498,0,2,1997,0,0,0,12,0,0,0,0,0,7
130498,1,1,1997,8,8,8,8,8,8,8,8,8,8
130498,2,1,1997,0,0,0,0,0,0,0,0,0,0
130499,1,1,1997,17,17,17,17,17,17,17,17,17,17
130500,1,1,1997,0,0,13,9,0,0,0,0,0,11
130500,2,1,1997,22,22,22,22,22,22,22,22,22,22
130501,1,1,1997,0,0,0,0,0,0,0,0,0,0
130501,2,1,1997,0,0,0,0,0,0,0,0,0,0
130502,0,1,1997,0,0,0,0,0,0,0,0,0,0
130502,1,1,1997,0,0,0,0,0,0,0,0,0,0
130503,0,1,1997,0,0,0,0,0,0,0,0,0,0
130503,1,1,1997,0,0,0,0,0,0,0,0,0,0
130504,1,1,1997,0,0,0,0,0,0,0,0,0,0
130504,2,1,1997,23,23,23,23,23,23,23,23,23,23
130505,1,1,1997,0,0,0,0,0,0,0,0,0,0
130506,1,1,1997,0,0,0,0,0,0,0,0,0,0
130506,2,1,1997,0,0,0,0,0,0,0,0,0,0
130507,1,1,1997,0,0,0,0,0,0,0,0,0,0
130507,2,1,1997,0,0,0,0,0,0,0,0,0,0
130508,1,1,1997,0,0,0,0,0,0,0,0,0,0
130508,2,1,1997,0,0,0,0,0,0,0,0,0,0
130509,1,1,1997,0,0,0,0,0,0,0,0,0,0
130509,2,1,1997,0,0,0,0,0,0,0,0,0,0
130510,1,1,1997,0,0,0,0,0,0,0,0,0,0
130511,0,1,1997,0,0,0,0,0,0,0,0,0,0
130511,0,2,1997,0,0,0,0,0,0,0,0,0,0
130511,1,1,1997,0,0,0,0,0,0,0,0,0,0
130512,1,1,1997,11,11,11,11,11,11,11,11,11,11
130513,1,1,1997,0,0,0,0,0,0,0,0,0,0
130513,2,1,1997,0,0,0,0,0,0,0,0,0,0
130514,1,1,1997,21,21,21,21,21,21,21,21,21,21
130515,1,1,1997,0,0,0,0,0,0,0,0,0,0
130516,1,1,1997,13,13,13,13,13,13,13,13,13,13
130517,1,1,1997,4,4,4,4,4,4,4,4,4,4
130517,2,1,1997,0,0,0,0,0,0,0,0,0,0
130518,1,1,1997,0,0,0,0,0,0,0,0,0,0
130518,2,1,1997,0,0,0,0,0,0,0,0,0,0
130519,1,1,1997,0,0,0,0,0,0,0,0,0,0
130520,1,1,1997,0,0,0,0,0,0,0,0,0,0
130520,2,1,1997,0,0,0,0,0,0,0,0,0,0
130521,1,1,1997,0,0,0,0,0,0,0,0,0,0
130522,0,1,1997,10,10,10,10,10,10,10,10,10,10
130522,1,1,1997,0,0,0,0,0,0,0,0,0,0
130523,1,1,1997,0,0,0,0,0,0,0,0,0,0
130523,2,1,1997,0,0,0,0,0,0,0,0,0,0
130524,1,1,1997,25,25,25,25,25,25,25,25,25,25
130525,1,1,1997,0,0,0,0,0,0,0,0,0,0
130525,2,1,1997,0,0,0,0,0,0,0,0,0,0
130526,1,1,1997,0,0,0,0,0,0,0,0,0,0
130527,1,1,1997,0,0,0,0,0,0,0,0,0,0
130527,2,1,1997,0,0,0,0,0,0,0,0,0,0
130528,1,1,1997,15,15,15,15,15,15,15,15,15,15
130528,2,1,1997,0,0,0,0,0,0,0,0,0,0
130529,1,1,1997,0,0,0,0,0,0,0,0,0,0
130530,1,1,1997,0,0,0,0,0,0,0,0,0,0
130531,1,1,1997,0,0,0,0,0,0,0,0,0,0
130532,1,1,1997,0,0,0,0,0,0,0,0,0,0
130533,0,1,1997,23,23,23,23,23,23,23,23,23,23
130533,1,1,1997,0,0,0,0,0,0,0,0,0,0
130534,1,1,1997,16,16,16,16,16,16,16,16,16,16
130535,1,1,1997,22,22,22,22,22,22,22,22,22,22
130536,1,1,1997,0,11,9,0,0,0,13,0,16,14
130537,1,1,1997,0,0,0,0,0,0,0,0,0,0
130537,2,1,1997,0,0,0,0,0,0,0,0,0,0
130538,1,1,1997,0,0,0,0,33,0,0,7,0,0
130539,1,1,1997,19,19,19,19,19,19,19,19,19,19
130540,1,1,1997,0,0,0,0,0,0,0,0,0,0
130541,1,1,1997,0,0,0,0,0,0,0,0,0,0
130542,1,1,1997,0,0,0,0,0,0,0,0,0,0
130542,2,1,1997,0,0,0,0,0,0,0,0,0,0
130543,1,1,1997,0,0,0,0,0,0,0,0,0,0
130543,2,1,1997,0,0,0,0,0,0,0,0,0,0
130544,1,1,1997,0,0,0,0,0,0,0,0,0,0
130544,2,1,1997,0,0,0,0,0,0,0,0,0,0
130545,1,1,1997,7,7,7,7,7,7,7,7,7,7
130546,1,1,1997,0,0,0,0,0,0,0,0,0,0
130547,1,1,1997,4,4,4,4,4,4,4,4,4,4
130548,1,1,1997,20,20,20,20,20,20,20,20,20,20
130548,2,1,1997,0,0,0,0,0,0,0,0,0,0
130549,1,1,1997,18,18,18,18,18,18,18,18,18,18
130550,1,1,1997,0,0,0,0,0,0,0,0,0,0
130550,2,1,1997,0,0,0,0,0,0,0,0,0,0
130551,0,1,1997,38,38,38,38,38,38,38,38,38,38
130551,1,1,1997,0,0,0,0,0,0,0,0,0,0
130551,2,1,1997,0,0,0,0,0,0,0,0,0,0
130552,1,1,1997,0,0,0,0,0,0,0,0,0,0
130552,2,1,1997,0,0,0,0,0,0,0,0,0,0
130553,1,1,1997,22,22,22,22,22,22,22,22,22,22
130553,2,1,1997,0,0,0,0,0,0,0,0,0,0
130554,1,1,1997,0,0,0,0,0,0,0,0,0,0
130554,2,1,1997,0,0,0,0,0,0,0,0,0,0
130555,1,1,1997,27,27,27,27,27,27,27,27,27,27
130556,0,1,1997,0,0,0,0,0,0,0,0,27,0
130556,1,1,1997,0,0,0,0,0,0,0,0,0,0
130557,1,1,1997,0,0,0,0,0,0,0,0,0,0
130557,2,1,1997,0,0,0,0,0,0,0,0,0,0
130558,1,1,1997,12,12,12,12,12,12,12,12,12,12
130558,2,1,1997,0,0,0,0,0,0,0,0,0,0
130559,1,1,1997,0,0,0,0,0,0,0,0,0,0
130559,2,1,1997,0,0,0,0,0,0,0,0,0,0
130560,1,1,1997,0,0,0,0,0,11,0,0,0,0
130560,2,1,1997,0,0,0,0,0,0,0,0,0,0
130560,3,1,1997,0,0,0,0,0,0,0,0,0,0
130561,1,1,1997,12,12,12,12,12,12,12,12,12,12
130562,1,1,1997,22,0,10,0,18,17,0,24,27,27
130563,1,1,1997,0,0,0,0,0,0,0,0,0,0
130563,2,1,1997,0,0,0,0,0,0,0,0,0,0
130564,1,1,1997,0,0,0,0,0,0,0,0,0,0
130564,2,1,1997,0,0,0,0,0,0,0,0,0,0
130565,1,1,1997,0,0,0,0,0,0,0,0,0,0
130565,2,1,1997,0,0,0,0,0,0,0,0,0,0
130566,1,1,1997,18,18,18,18,18,18,18,18,18,18
130566,2,1,1997,0,0,0,0,0,0,0,0,0,0
130567,1,1,1997,0,0,0,0,0,0,0,0,0,0
130567,2,1,1997,0,0,0,0,0,0,0,0,0,0
130568,1,1,1997,0,0,0,0,0,0,0,0,0,0
130569,1,1,1997,17,17,17,17,17,17,17,17,17,17
130570,1,1,1997,0,0,0,0,0,0,0,0,0,0
130571,1,1,1997,0,0,0,0,0,0,0,0,0,0
130572,1,1,1997,9,9,9,9,9,9,9,9,9,9
130572,2,1,1997,0,0,0,0,0,0,0,0,0,0
130575,1,1,1997,0,0,0,0,0,0,0,0,0,0
130575,2,1,1997,0,0,0,11,0,0,0,9,0,0
130575,3,1,1997,0,0,0,0,0,0,0,0,0,0
130576,0,1,1997,20,20,20,20,20,20,20,20,20,20
130576,1,1,1997,0,0,0,0,0,0,0,0,0,0
130577,1,1,1997,6,6,6,6,6,6,6,6,6,6
130578,0,1,1997,0,0,0,0,0,0,0,0,0,0
130578,1,1,1997,0,0,0,0,0,0,0,0,0,0
130579,1,1,1997,20,20,20,20,20,20,20,20,20,20
130580,0,1,1997,23,23,23,23,23,23,23,23,23,23
130580,1,1,1997,0,0,0,0,0,0,0,0,0,0
130581,1,1,1997,0,0,0,0,0,0,0,0,0,0
130581,2,1,1997,0,0,0,0,0,0,0,0,0,0
130582,1,1,1997,15,15,15,15,15,15,15,15,15,15
130583,1,1,1997,21,21,21,21,21,21,21,21,21,21
130583,2,1,1997,3,3,3,3,3,3,3,3,3,3
130584,1,1,1997,0,0,0,0,0,0,0,0,0,0
130584,2,1,1997,0,0,0,0,0,15,0,0,0,0
130585,1,1,1997,16,16,16,16,16,16,16,16,16,16
130586,1,1,1997,0,0,0,0,0,0,0,0,0,0
130586,2,1,1997,0,0,0,0,0,0,0,0,0,0
130587,1,1,1997,0,0,0,0,0,0,0,0,0,0
130587,2,1,1997,0,0,0,0,0,0,0,0,0,0
130588,1,1,1997,0,0,0,0,0,0,0,0,0,0
130588,2,1,1997,0,0,0,0,0,0,0,0,0,0
130589,0,1,1997,0,0,0,0,0,0,0,0,0,0
130589,1,1,1997,0,0,0,0,0,0,0,0,0,0
130590,1,1,1997,0,0,0,0,0,0,0,0,0,0
130590,2,1,1997,0,0,0,0,0,0,0,0,0,0
130591,1,1,1997,0,0,0,0,0,0,0,0,0,0
130591,2,1,1997,0,0,0,0,0,0,0,0,0,0
130592,1,1,1997,30,30,30,30,30,30,30,30,30,30
130593,1,1,1997,10,10,10,10,10,10,10,10,10,10
130594,1,1,1997,0,0,0,0,0,0,0,0,0,0
130594,2,1,1997,0,0,0,0,0,0,0,0,0,0
130595,1,1,1997,18,18,18,18,18,18,18,18,18,18
130596,1,1,1997,0,0,0,0,0,0,0,0,0,0
130596,2,1,1997,0,0,0,0,0,0,0,0,0,0
130597,1,1,1997,0,0,0,0,0,0,0,0,0,0
130597,2,1,1997,0,0,0,0,0,0,0,0,0,0
130598,1,1,1997,0,0,0,0,0,0,0,0,0,0
130599,0,1,1997,0,0,0,0,0,0,0,0,0,0
130599,1,1,1997,0,0,0,0,0,0,0,0,0,0
130600,1,1,1997,0,0,0,0,0,0,0,0,0,0
130601,1,1,1997,0,0,3,20,0,0,0,0,0,0
130602,1,1,1997,0,0,0,0,0,0,0,0,0,0
130603,0,1,1997,0,0,0,0,0,0,0,0,0,0
130603,1,1,1997,0,0,0,0,0,0,0,0,0,0
130604,1,1,1997,19,19,19,19,19,19,19,19,19,19
130605,1,1,1997,20,20,20,20,20,20,20,20,20,20
130605,2,1,1997,0,0,0,0,0,0,0,0,0,0
130605,3,1,1997,0,0,0,0,0,9,0,0,0,0
130606,1,1,1997,0,0,0,0,0,0,0,0,0,0
130607,1,1,1997,23,15,19,15,0,17,16,0,13,14
130608,1,1,1997,4,4,4,4,4,4,4,4,4,4
130609,1,1,1997,0,0,0,0,0,0,0,0,0,0
130609,2,1,1997,4,4,4,4,4,4,4,4,4,4
130610,1,1,1997,0,0,0,0,0,0,0,0,0,0