ST_CASE,VEH_NO,PER_NO,YEAR,P1,P2,P3,P4,P5,P6,P7,P8,P9,P10
130610,2,1,1997,0,0,0,0,0,0,0,0,0,0
130611,1,1,1997,0,0,0,0,0,0,0,0,0,0
130611,2,1,1997,0,0,0,0,0,0,0,0,0,0
130612,1,1,1997,7,7,7,7,7,7,7,7,7,7
130613,1,1,1997,0,0,0,0,0,0,0,0,0,0
130614,1,1,1997,0,0,0,0,0,0,0,0,0,0
130614,2,1,1997,0,0,0,0,0,0,0,0,0,0
130615,0,1,1997,0,0,0,0,0,0,0,0,0,0
130615,1,1,1997,0,0,0,0,0,0,0,0,0,0
130616,1,1,1997,0,0,0,0,0,0,0,0,0,0
130616,2,1,1997,0,0,0,0,0,0,0,0,0,0
130617,1,1,1997,0,0,0,0,0,0,8,0,0,0
130617,2,1,1997,0,0,0,0,0,0,0,0,0,0
130618,0,1,1997,0,0,0,0,0,0,0,0,0,0
130618,1,1,1997,0,0,0,0,0,0,0,0,0,0
130619,1,1,1997,0,0,0,0,0,0,0,0,0,0
130620,1,1,1997,0,0,0,0,0,0,0,0,0,0
130620,2,1,1997,10,0,0,0,0,0,0,0,0,0
130621,1,1,1997,0,0,0,0,0,0,0,0,0,0
130622,0,1,1997,23,23,23,23,23,23,23,23,23,23
130622,1,1,1997,0,0,0,0,0,0,0,0,0,0
130623,0,1,1997,0,0,0,0,0,0,0,0,0,0
130623,1,1,1997,0,0,0,0,0,0,0,0,0,0
130624,1,1,1997,19,19,19,19,19,19,19,19,19,19
130625,1,1,1997,0,0,0,0,0,0,0,0,0,0
130626,1,1,1997,0,0,0,0,0,0,0,0,0,0
130627,1,1,1997,0,0,0,0,0,0,0,0,0,0
130628,1,1,1997,17,0,22,13,0,0,0,0,7,12
130629,1,1,1997,25,25,25,25,25,25,25,25,25,25
130630,1,1,1997,0,0,0,0,0,0,0,0,0,0
130630,2,1,1997,0,0,0,0,0,0,0,0,0,0
130631,1,1,1997,0,0,0,0,0,0,0,0,0,0
130631,2,1,1997,0,0,0,0,0,0,0,0,0,0
130631,3,1,1997,0,0,0,0,0,0,0,0,0,0
130631,4,1,1997,0,0,0,0,0,0,0,0,0,21
130632,1,1,1997,6,6,6,6,6,6,6,6,6,6
130632,2,1,1997,0,0,0,0,0,0,0,0,0,0
130633,1,1,1997,10,10,10,10,10,10,10,10,10,10
130633,2,1,1997,21,21,21,21,21,21,21,21,21,21
130634,1,1,1997,0,0,0,0,0,0,0,0,0,0
130634,2,1,1997,0,0,0,0,0,0,0,0,0,0
130635,0,1,1997,0,0,0,0,0,0,0,0,0,0
130635,1,1,1997,0,0,0,0,0,0,0,0,0,0
130636,1,1,1997,0,0,0,0,0,0,0,0,0,0
130637,1,1,1997,0,0,0,0,0,0,0,0,0,0
130637,2,1,1997,0,0,0,0,0,0,0,0,0,0
130638,0,1,1997,0,0,0,0,0,0,0,0,0,0
130638,1,1,1997,0,0,0,0,0,0,0,0,0,0
130638,2,1,1997,0,0,0,0,0,0,0,0,0,0
130639,1,1,1997,0,0,0,0,0,0,0,0,0,0
130640,1,1,1997,0,0,0,0,0,13,0,0,0,0
130641,1,1,1997,3,3,3,3,3,3,3,3,3,3
130642,1,1,1997,0,0,0,0,24,21,28,0,0,0
130643,1,1,1997,15,15,15,15,15,15,15,15,15,15
130643,2,1,1997,0,0,0,0,0,0,0,0,0,0
130644,0,1,1997,24,24,24,24,24,24,24,24,24,24
130644,1,1,1997,0,0,0,0,0,0,0,0,0,0
130645,1,1,1997,0,0,0,0,0,0,0,0,0,0
130646,1,1,1997,0,0,8,0,0,0,0,0,0,0
130647,1,1,1997,19,19,19,19,19,19,19,19,19,19
130648,1,1,1997,0,0,0,0,0,0,0,0,0,0
130649,1,1,1997,0,0,0,0,0,0,0,0,0,0
130649,2,1,1997,0,0,0,0,0,0,0,0,0,0
130650,1,1,1997,0,0,0,0,0,0,0,0,0,0
130650,2,1,1997,0,0,0,0,0,0,0,0,0,0
130650,3,1,1997,0,0,0,0,0,0,0,0,0,0
130650,4,1,1997,0,0,0,0,0,0,0,0,0,0
130651,1,1,1997,12,12,12,12,12,12,12,12,12,12
130651,2,1,1997,0,0,0,0,0,0,0,0,0,0
130652,1,1,1997,0,0,15,0,0,0,0,14,19,0
130653,1,1,1997,0,0,0,0,0,0,0,0,0,0
130653,2,1,1997,0,0,0,0,0,0,0,0,0,0
130654,1,1,1997,0,0,0,0,0,0,0,0,0,0
130654,2,1,1997,0,0,0,0,0,0,0,0,0,0
130655,1,1,1997,0,0,0,0,0,0,0,0,0,0
130655,2,1,1997,0,0,0,0,0,0,0,0,0,0
130656,1,1,1997,0,0,0,0,0,0,0,0,0,0
130657,0,1,1997,0,0,0,0,0,0,0,0,0,0
130657,1,1,1997,0,0,0,0,0,0,0,0,0,0
130657,2,1,1997,0,0,0,0,0,0,0,0,0,0
130657,3,1,1997,0,0,0,0,0,0,0,0,0,0
130658,1,1,1997,0,0,0,0,0,0,0,0,0,0
130658,2,1,1997,0,0,0,0,0,0,0,0,0,0
130658,3,1,1997,0,0,0,0,0,0,0,0,0,0
130659,1,1,1997,14,14,14,14,14,14,14,14,14,14
130659,2,1,1997,0,0,0,0,0,0,0,0,0,0
130660,1,1,1997,0,0,0,0,0,0,0,0,0,0
130661,1,1,1997,0,0,0,0,0,0,0,0,0,0
130662,1,1,1997,0,0,0,0,0,0,0,0,0,0
130662,2,1,1997,0,0,0,0,0,0,0,0,0,0
130663,1,1,1997,0,0,0,0,0,0,0,0,0,0
130663,2,1,1997,0,0,0,0,0,0,0,0,0,0
130664,1,1,1997,0,4,0,0,0,0,0,0,0,17
130664,2,1,1997,3,3,3,3,3,3,3,3,3,3
130665,1,1,1997,0,0,0,0,0,0,0,0,0,0
130665,2,1,1997,0,0,0,0,0,0,0,0,0,0
130666,1,1,1997,0,0,0,0,0,0,0,0,0,0
130666,2,1,1997,0,0,0,0,0,0,0,0,0,0
130667,1,1,1997,0,0,0,0,0,0,0,0,0,0
130667,2,1,1997,0,0,0,0,0,0,0,0,0,0
130668,1,1,1997,0,0,0,0,0,0,0,0,0,0
130668,2,1,1997,0,0,0,0,0,0,0,0,0,0
130669,1,1,1997,12,12,12,12,12,12,12,12,12,12
130670,1,1,1997,0,0,0,0,0,0,0,0,0,0
130670,2,1,1997,0,0,0,0,0,0,0,0,0,0
130671,1,1,1997,11,0,0,12,0,0,18,13,0,20
130671,2,1,1997,0,0,0,0,0,0,0,0,0,0
130672,1,1,1997,0,0,0,0,0,0,0,0,0,0
130673,1,1,1997,0,0,0,0,0,0,0,0,0,0
130673,2,1,1997,0,0,0,0,0,0,0,0,0,0
130674,1,1,1997,0,0,0,0,0,0,0,0,0,0
130674,2,1,1997,0,0,0,0,0,0,0,0,0,0
130675,0,1,1997,36,36,36,36,36,36,36,36,36,36
130675,1,1,1997,0,0,0,0,0,0,0,0,0,0
130676,1,1,1997,0,25,19,23,18,0,0,0,0,11
130676,2,1,1997,0,0,0,0,0,0,0,0,0,0
130677,1,1,1997,33,33,33,33,33,33,33,33,33,33
130677,2,1,1997,0,0,0,0,0,0,0,0,0,0
130678,1,1,1997,16,16,16,16,16,16,16,16,16,16
130679,1,1,1997,0,0,0,0,0,0,0,0,0,0
130680,1,1,1997,0,0,0,0,0,0,0,0,0,0
130680,2,1,1997,0,0,0,0,0,0,0,0,0,0
130681,1,1,1997,0,0,0,0,0,0,0,0,0,0
130682,1,1,1997,0,0,0,0,0,0,0,0,0,0
130682,2,1,1997,0,0,0,0,0,0,0,0,0,0
130683,1,1,1997,0,0,0,0,0,0,0,0,0,0
130684,1,1,1997,0,0,0,0,0,0,0,0,0,0
130684,2,1,1997,12,12,12,12,12,12,12,12,12,12
130685,1,1,1997,23,23,23,23,23,23,23,23,23,23
130685,2,1,1997,0,0,0,0,0,0,0,0,0,0
130686,0,1,1997,23,23,23,23,23,23,23,23,23,23
130686,1,1,1997,0,0,0,0,0,0,0,0,0,0
130687,1,1,1997,0,0,0,0,0,0,0,0,0,0
130687,2,1,1997,0,0,0,0,0,0,0,0,0,0
130688,1,1,1997,2,2,2,2,2,2,2,2,2,2
130689,1,1,1997,8,10,0,17,21,0,0,17,0,0
130690,1,1,1997,0,0,0,0,0,0,0,0,0,0
130690,2,1,1997,0,0,0,0,0,0,0,0,0,0
130691,1,1,1997,0,0,0,0,0,0,0,0,0,0
130692,1,1,1997,0,0,0,0,0,0,0,0,0,0
130693,0,1,1997,13,13,13,13,13,13,13,13,13,13
130693,1,1,1997,13,13,13,13,13,13,13,13,13,13
130693,2,1,1997,0,0,0,0,0,0,0,0,0,0
130694,1,1,1997,11,11,11,11,11,11,11,11,11,11
130694,2,1,1997,0,0,0,0,0,0,0,0,0,0
130695,0,1,1997,21,15,14,30,0,32,31,23,48,20
130695,1,1,1997,0,0,0,0,0,0,0,0,0,0
130695,2,1,1997,0,0,0,0,0,0,0,0,0,0
130696,1,1,1997,0,0,0,0,0,0,0,0,0,0
130698,1,1,1997,0,0,0,0,0,0,0,0,0,0
130699,0,1,1997,26,26,26,26,26,26,26,26,26,26
130699,1,1,1997,0,0,0,0,0,0,0,0,0,0
130700,0,1,1997,0,0,0,0,0,0,0,0,0,0
130700,1,1,1997,0,0,0,0,0,0,0,0,0,0
130701,1,1,1997,0,0,0,0,0,0,0,0,0,0
130701,2,1,1997,0,0,0,0,0,0,0,0,0,0
130702,1,1,1997,0,0,0,0,0,0,0,0,0,0
130702,2,1,1997,0,0,0,0,0,0,0,0,0,0
130703,1,1,1997,11,11,11,11,11,11,11,11,11,11
130703,2,1,1997,0,0,0,0,0,0,0,0,0,0
130704,1,1,1997,17,17,17,17,17,17,17,17,17,17
130705,1,1,1997,0,0,0,0,0,0,0,0,0,0
130706,1,1,1997,0,0,0,0,0,0,0,0,0,0
130706,2,1,1997,0,0,0,0,0,0,0,0,0,0
130708,1,1,1997,20,20,20,20,20,20,20,20,20,20
130709,1,1,1997,0,0,0,0,0,0,0,0,0,0
130709,2,1,1997,0,0,0,0,0,0,0,0,0,0
130710,1,1,1997,31,31,31,31,31,31,31,31,31,31
130710,2,1,1997,0,0,0,0,0,0,0,0,0,0
130710,3,1,1997,0,0,0,0,0,0,0,0,0,0
130711,1,1,1997,0,0,0,0,0,0,0,0,0,0
130712,1,1,1997,14,14,14,14,14,14,14,14,14,14
130713,0,1,1997,0,0,0,0,0,0,0,0,0,0
130713,0,2,1997,0,0,0,0,0,0,0,0,0,0
130713,0,3,1997,18,20,22,13,18,18,0,0,17,21
130713,1,1,1997,0,0,0,0,0,0,0,0,0,0
130714,1,1,1997,0,0,0,0,0,0,0,0,0,0
130714,2,1,1997,0,0,0,0,0,0,0,0,0,0
130715,1,1,1997,0,0,0,0,0,0,0,0,0,0
130715,2,1,1997,0,0,0,0,0,0,0,0,0,0
130716,1,1,1997,7,7,7,7,7,7,7,7,7,7
130717,1,1,1997,0,0,0,15,0,0,5,0,0,0
130717,2,1,1997,0,0,0,0,0,0,0,0,0,0
130718,1,1,1997,0,0,0,0,0,0,0,0,0,0
130719,1,1,1997,0,0,0,0,0,0,0,0,0,0
130719,2,1,1997,0,0,0,0,0,0,0,0,0,0
130719,3,1,1997,0,0,0,0,0,0,0,0,0,0
130719,4,1,1997,13,0,0,0,9,27,10,0,0,0
130720,1,1,1997,12,12,12,12,12,12,12,12,12,12
130720,2,1,1997,0,0,0,0,0,0,0,0,0,0
130720,3,1,1997,0,0,0,0,0,0,0,0,0,0
130721,1,1,1997,7,7,7,7,7,7,7,7,7,7
130722,1,1,1997,23,23,23,23,23,23,23,23,23,23
130723,1,1,1997,0,0,0,0,0,0,0,0,0,0
130723,2,1,1997,0,0,0,0,0,0,0,0,0,0
130724,1,1,1997,0,0,0,0,0,0,0,0,0,0
130724,2,1,1997,0,0,0,0,0,0,0,0,0,0
130725,1,1,1997,0,0,0,0,0,0,0,0,0,0
130725,2,1,1997,0,0,0,0,0,0,0,0,0,0
130726,1,1,1997,0,0,0,0,0,0,0,0,0,0
130727,1,1,1997,2,6,11,7,9,29,17,0,25,13
130728,1,1,1997,0,0,0,0,0,0,0,0,0,0
130728,2,1,1997,0,0,0,0,0,0,0,0,0,0
130729,1,1,1997,0,0,0,0,0,0,0,0,0,0
130729,2,1,1997,0,0,0,0,0,0,0,0,0,0
130730,1,1,1997,9,9,9,9,9,9,9,9,9,9
130731,1,1,1997,17,17,17,17,17,17,17,17,17,17
130732,1,1,1997,0,0,0,0,0,0,0,0,0,0
130733,1,1,1997,28,28,28,28,28,28,28,28,28,28
130734,1,1,1997,30,14,16,32,0,0,0,0,0,0
130734,2,1,1997,0,0,0,0,0,0,0,0,0,0
130735,1,1,1997,9,9,9,9,9,9,9,9,9,9
130735,2,1,1997,0,0,0,0,0,0,0,0,0,0
130736,1,1,1997,11,11,11,11,11,11,11,11,11,11
130737,1,1,1997,0,21,15,19,0,0,31,13,20,0
130738,1,1,1997,23,23,23,23,23,23,23,23,23,23
130738,2,1,1997,0,0,0,0,0,0,0,0,0,0
130739,1,1,1997,0,0,0,0,0,0,0,0,0,0
130740,0,1,1997,17,17,17,17,17,17,17,17,17,17
130740,1,1,1997,14,14,14,14,14,14,14,14,14,14
130740,2,1,1997,0,0,0,0,0,0,0,0,0,0
130741,1,1,1997,0,0,0,0,0,0,0,0,0,0
130741,2,1,1997,0,0,0,0,0,0,0,0,0,0
130742,1,1,1997,0,0,0,0,0,0,0,0,0,0
130743,1,1,1997,0,0,0,4,0,16,0,0,0,0
130743,2,1,1997,0,0,0,0,0,0,0,0,0,0
130744,1,1,1997,11,11,11,11,11,11,11,11,11,11
130744,2,1,1997,0,0,0,0,0,0,0,0,0,0
130745,1,1,1997,7,7,7,7,7,7,7,7,7,7
130745,2,1,1997,0,0,0,0,0,0,0,0,0,0
130745,3,1,1997,7,7,7,7,7,7,7,7,7,7
130746,1,1,1997,6,6,6,6,6,6,6,6,6,6
130747,1,1,1997,22,22,22,22,22,22,22,22,22,22
130748,1,1,1997,0,0,0,0,0,0,0,0,0,0
130749,1,1,1997,0,0,0,0,0,0,0,0,0,0
130750,1,1,1997,0,0,0,0,0,0,0,0,0,0
130750,2,1,1997,0,0,0,0,0,0,0,0,0,0
130751,1,1,1997,0,0,0,0,0,0,0,0,0,0
130751,2,1,1997,0,0,0,0,0,0,0,0,0,0
130752,1,1,1997,0,0,0,0,0,0,0,0,0,0
130752,2,1,1997,0,0,0,0,0,0,0,0,0,0
130753,1,1,1997,0,0,0,0,0,0,0,0,0,0
130754,0,1,1997,0,0,0,0,0,0,0,0,0,0
130754,1,1,1997,0,0,0,0,0,0,0,0,0,0
130755,1,1,1997,0,0,0,0,0,0,0,0,0,0
130755,2,1,1997,0,0,0,0,0,0,0,0,0,0
130756,1,1,1997,0,0,0,0,0,0,0,0,0,0
130756,2,1,1997,0,0,0,0,0,0,0,0,0,0
130757,1,1,1997,0,0,0,0,0,0,0,0,0,0
130757,2,1,1997,0,0,0,0,0,0,0,0,0,0
130758,1,1,1997,0,0,0,0,0,0,0,0,0,0
130759,1,1,1997,5,5,5,5,5,5,5,5,5,5
130760,1,1,1997,0,0,0,0,0,0,0,0,0,0
130761,1,1,1997,0,0,0,0,0,0,0,0,0,0
130761,2,1,1997,0,0,0,0,0,0,0,0,0,0
130762,1,1,1997,0,0,0,0,0,0,0,0,0,0
130762,2,1,1997,0,0,0,0,0,0,0,0,0,0
130763,1,1,1997,8,8,8,8,8,8,8,8,8,8
130764,1,1,1997,0,0,0,0,0,0,0,0,0,0
130764,2,1,1997,0,0,0,0,0,0,0,0,0,0
130764,3,1,1997,0,0,0,0,0,0,0,0,0,0
130764,4,1,1997,0,0,0,0,0,0,0,0,0,0
130764,5,1,1997,0,0,0,0,0,0,0,0,0,0
130765,1,1,1997,0,0,0,0,0,0,25,0,10,0
130765,2,1,1997,0,0,0,0,0,0,0,0,0,0
130766,1,1,1997,0,0,0,0,0,0,0,0,0,0
130767,1,1,1997,3,3,3,3,3,3,3,3,3,3
130768,1,1,1997,0,0,0,0,0,0,0,0,0,0
130768,2,1,1997,0,0,0,0,0,0,0,0,0,0
130769,1,1,1997,0,0,0,0,0,0,0,0,0,0
130770,1,1,1997,0,0,0,0,0,0,0,0,0,0
130770,2,1,1997,0,0,0,0,0,3,0,0,0,0
130771,1,1,1997,0,0,0,0,0,0,0,0,0,0
130771,2,1,1997,0,0,0,0,0,0,0,0,0,0
130772,1,1,1997,0,0,0,0,0,0,0,0,0,0
130773,1,1,1997,0,0,0,0,0,0,0,0,0,0
130773,2,1,1997,0,0,0,0,0,0,0,0,0,0
130774,1,1,1997,0,0,0,0,0,0,0,0,0,0
130775,1,1,1997,0,0,0,0,0,13,0,0,0,0
130775,2,1,1997,0,0,0,0,0,0,0,0,0,0
130776,1,1,1997,0,0,0,0,0,0,0,0,0,0
130776,2,1,1997,0,0,0,0,0,0,0,0,0,0
130777,0,1,1997,0,0,0,0,0,0,0,0,0,0
130777,1,1,1997,0,0,0,0,0,0,0,0,0,0
130778,1,1,1997,16,11,19,0,5,3,28,5,14,49
130778,2,1,1997,0,0,0,0,0,0,0,0,0,0
130779,1,1,1997,0,0,0,0,0,0,0,0,0,0
130779,2,1,1997,0,0,0,0,0,0,0,0,0,0
130780,1,1,1997,0,0,0,0,0,0,0,0,0,0
130780,2,1,1997,12,0,19,0,12,22,15,0,0,6
130780,3,1,1997,0,0,0,0,0,0,0,0,0,0
130781,1,1,1997,29,29,29,29,29,29,29,29,29,29
130782,1,1,1997,0,0,0,0,0,0,0,0,0,0
130783,1,1,1997,19,19,19,19,19,19,19,19,19,19
130784,1,1,1997,0,0,0,0,0,0,0,0,0,0
130785,1,1,1997,20,20,20,20,20,20,20,20,20,20
130786,1,1,1997,0,0,0,0,0,0,0,0,0,0
130786,2,1,1997,0,0,0,0,0,0,0,0,0,0
130786,3,1,1997,0,0,0,0,0,0,0,0,0,0
130787,1,1,1997,27,17,6,21,0,8,13,6,28,9
130787,2,1,1997,0,0,0,0,0,0,0,0,0,0
130788,1,1,1997,0,0,0,0,0,0,0,0,0,0
130788,2,1,1997,0,0,0,0,0,0,0,0,0,0
130789,1,1,1997,0,0,0,0,0,0,0,0,0,3
130789,2,1,1997,0,0,0,0,0,0,0,0,0,0
130790,0,1,1997,10,0,27,0,0,0,0,0,0,0
130790,0,2,1997,0,0,19,0,0,0,0,0,0,0
130790,1,1,1997,12,12,12,12,12,12,12,12,12,12
130791,1,1,1997,0,0,0,0,0,0,0,0,0,0
130791,2,1,1997,0,0,0,0,0,0,0,0,0,0
130791,3,1,1997,0,0,0,0,0,0,0,0,0,0
130792,1,1,1997,23,23,23,23,23,23,23,23,23,23
130792,2,1,1997,0,0,0,0,0,0,0,0,0,0
130793,1,1,1997,0,0,0,0,0,0,0,0,0,0
130793,2,1,1997,3,3,3,3,3,3,3,3,3,3
130794,1,1,1997,0,0,0,0,0,0,0,0,0,0
130794,2,1,1997,0,0,0,0,0,0,0,0,0,0
130794,3,1,1997,0,0,0,0,0,0,0,0,0,0
130795,1,1,1997,0,0,0,0,0,0,0,0,0,0
130796,1,1,1997,9,13,14,21,17,19,40,31,12,21
130797,0,1,1997,35,0,0,0,0,7,18,0,0,0
130797,1,1,1997,0,0,0,0,0,0,0,0,0,0
130798,1,1,1997,38,9,10,0,18,29,10,16,15,0
130799,1,1,1997,0,0,0,0,0,0,0,0,0,0
130800,0,1,1997,0,0,0,0,0,0,0,0,0,0
130800,1,1,1997,0,0,0,0,0,0,0,0,0,0
130801,1,1,1997,0,0,0,0,0,0,0,0,0,0
130802,1,1,1997,0,0,0,0,0,0,17,0,0,0
130803,1,1,1997,18,18,18,18,18,18,18,18,18,18
130804,1,1,1997,0,0,0,0,0,0,0,0,0,0
130804,2,1,1997,0,0,0,0,0,0,0,0,0,0
130805,0,1,1997,13,13,13,13,13,13,13,13,13,13
130805,1,1,1997,0,0,0,0,0,0,0,0,0,0
130806,1,1,1997,24,24,24,24,24,24,24,24,24,24
130806,2,1,1997,0,0,0,0,0,0,0,0,0,0
130807,1,1,1997,0,0,0,0,0,0,0,0,0,0
130807,2,1,1997,0,0,0,0,0,0,0,0,0,0
130808,1,1,1997,0,0,0,0,0,0,0,0,0,0
130808,2,1,1997,0,0,0,0,0,12,0,0,0,0
130809,1,1,1997,11,11,11,11,11,11,11,11,11,11
130810,1,1,1997,0,0,0,0,0,0,0,0,0,0
130811,1,1,1997,0,0,0,0,0,0,0,0,0,0
130811,2,1,1997,0,0,0,0,0,0,0,0,0,0
130812,1,1,1997,0,0,0,0,0,0,0,0,0,0
130812,2,1,1997,0,0,0,0,0,0,0,0,0,0
130812,3,1,1997,0,0,0,0,0,0,0,0,0,0
130812,4,1,1997,0,0,0,0,0,0,0,0,0,0
130812,5,1,1997,0,0,0,0,0,0,0,0,0,0
130813,1,1,1997,0,0,0,0,0,0,0,0,0,0
130814,1,1,1997,0,0,0,0,0,0,0,0,0,0
130814,2,1,1997,0,0,0,0,0,0,0,0,0,0
130815,1,1,1997,0,0,0,0,0,0,0,0,0,0
130815,2,1,1997,0,0,0,0,0,0,0,0,0,0
130816,0,1,1997,0,0,0,0,0,0,0,0,0,0
130816,0,2,1997,22,0,0,15,29,21,0,3,6,25
130816,1,1,1997,0,0,0,0,0,0,0,0,0,0
130817,0,1,1997,0,0,0,0,0,0,0,0,0,0
130817,1,1,1997,8,8,8,8,8,8,8,8,8,8
130818,1,1,1997,21,21,21,21,21,21,21,21,21,21
130819,1,1,1997,0,0,0,0,0,0,0,0,0,0
130820,1,1,1997,0,0,0,0,0,0,0,0,0,0
130821,1,1,1997,0,0,0,0,0,0,0,0,0,0
130822,1,1,1997,11,26,0,9,8,15,18,22,34,23
130823,1,1,1997,0,0,0,0,0,0,0,0,0,0
130823,2,1,1997,0,0,0,0,0,0,0,0,0,0
130824,0,1,1997,24,6,22,19,18,18,32,24,22,19
130824,1,1,1997,0,0,0,0,0,0,0,0,0,0
130825,1,1,1997,0,0,0,24,0,0,2,0,4,0
130825,2,1,1997,0,0,0,0,0,0,0,0,0,0
130826,1,1,1997,0,0,0,0,0,0,0,0,0,0
130827,1,1,1997,17,17,17,17,17,17,17,17,17,17
130828,1,1,1997,0,0,0,0,0,0,0,0,0,0
130829,1,1,1997,0,0,0,0,0,0,0,0,0,0
130830,1,1,1997,30,30,30,30,30,30,30,30,30,30
130831,1,1,1997,0,0,0,0,0,0,0,0,0,0
130831,2,1,1997,0,0,0,0,0,0,0,0,0,0
130832,1,1,1997,0,0,0,0,0,0,0,0,0,0
130832,2,1,1997,0,0,0,0,0,0,0,0,0,0
130833,1,1,1997,0,0,0,0,0,0,0,0,0,0
130833,2,1,1997,0,0,0,0,0,0,0,0,0,8
130834,1,1,1997,8,0,33,0,0,0,0,0,21,0
130835,1,1,1997,0,0,0,0,0,0,0,0,0,0
130835,2,1,1997,0,0,0,0,0,0,0,0,0,0
130835,3,1,1997,0,0,0,0,0,0,0,0,0,0
130835,4,1,1997,0,0,0,0,0,0,0,0,0,0
130836,1,1,1997,24,24,24,24,24,24,24,24,24,24
130836,2,1,1997,0,0,0,0,0,0,0,0,0,0
130837,1,1,1997,2,2,2,2,2,2,2,2,2,2
130837,2,1,1997,0,0,0,0,0,0,0,0,0,0
130837,3,1,1997,0,0,0,0,0,0,0,0,0,0
130838,1,1,1997,25,25,25,25,25,25,25,25,25,25
130839,1,1,1997,10,4,17,0,4,0,13,2,0,0
130839,2,1,1997,0,0,0,0,0,0,0,0,0,0
130840,1,1,1997,24,24,24,24,24,24,24,24,24,24
130841,1,1,1997,0,0,0,0,0,0,0,0,0,0
130841,2,1,1997,20,0,22,0,0,0,0,0,0,27
130842,1,1,1997,0,0,0,0,0,0,0,0,0,0
130843,1,1,1997,0,0,0,0,0,0,0,0,0,0
130843,2,1,1997,0,0,0,0,0,0,0,14,0,0
130844,1,1,1997,17,11,16,9,8,10,20,16,34,11
130845,1,1,1997,0,0,0,0,0,0,0,0,0,0
130846,1,1,1997,0,0,0,0,0,0,0,0,0,0
130846,2,1,1997,0,0,0,0,0,0,0,0,0,0
130847,1,1,1997,0,0,0,0,0,0,0,0,0,0
130848,1,1,1997,0,0,0,0,0,24,0,0,0,0
130848,2,1,1997,0,0,0,0,0,0,0,0,0,0
130849,0,1,1997,15,15,15,15,15,15,15,15,15,15
130849,1,1,1997,0,0,0,12,0,0,12,0,16,0
130850,0,1,1997,28,0,16,0,25,8,0,5,14,0
130850,1,1,1997,14,14,14,14,14,14,14,14,14,14
130851,1,1,1997,0,0,0,0,0,0,0,0,0,0
130851,2,1,1997,0,0,0,0,0,0,0,0,0,0
130851,3,1,1997,0,0,0,0,0,0,0,0,0,0
130852,1,1,1997,0,0,0,0,0,0,0,0,0,0
130852,2,1,1997,0,0,0,0,0,0,0,0,0,0
130853,1,1,1997,0,0,0,0,0,0,0,0,0,0
130853,2,1,1997,0,0,0,0,0,0,0,0,0,0
130853,3,1,1997,0,0,0,0,0,0,0,0,0,0
130854,1,1,1997,0,0,0,0,0,0,0,0,0,0
130854,2,1,1997,0,0,0,0,0,0,0,0,0,0
130855,1,1,1997,0,0,0,0,0,0,0,0,0,0
130855,2,1,1997,0,0,0,0,0,0,0,0,0,0
130856,0,1,1997,0,0,0,0,0,0,0,0,0,0
130856,1,1,1997,0,0,0,0,0,0,0,0,0,0
130857,1,1,1997,0,0,0,0,0,0,0,0,0,0
130857,2,1,1997,0,0,0,0,0,0,0,0,0,0
130858,1,1,1997,0,0,0,0,0,0,0,0,0,0
130859,1,1,1997,0,0,0,0,0,0,0,0,0,0
130860,1,1,1997,24,24,24,24,24,24,24,24,24,24
130861,1,1,1997,13,13,13,13,13,13,13,13,13,13
130862,1,1,1997,0,0,0,0,0,0,0,0,0,0
130863,1,1,1997,15,15,15,15,15,15,15,15,15,15
130864,1,1,1997,0,0,0,0,0,0,0,0,0,0
130865,1,1,1997,25,25,25,25,25,25,25,25,25,25
130866,1,1,1997,0,9,0,0,4,18,16,0,11,18
130866,2,1,1997,29,0,4,11,0,0,0,0,0,15
130867,0,1,1997,0,0,0,0,0,0,0,0,0,0
130867,1,1,1997,0,0,0,0,0,0,0,0,0,0
130868,1,1,1997,26,26,26,26,26,26,26,26,26,26
130869,1,1,1997,0,0,0,0,0,0,0,0,0,0
130869,2,1,1997,0,0,0,0,0,0,0,0,0,0
130870,1,1,1997,0,0,0,0,0,0,0,0,0,0
130870,2,1,1997,0,0,0,0,0,0,0,0,0,0
130871,1,1,1997,0,0,0,0,0,0,0,0,0,0
130871,2,1,1997,0,0,0,2,0,0,0,0,11,0
130871,3,1,1997,0,0,0,0,0,0,0,0,0,0
130871,4,1,1997,0,0,0,0,0,0,0,0,0,0
130872,1,1,1997,37,37,37,37,37,37,37,37,37,37
130873,1,1,1997,0,0,20,0,0,0,21,0,0,8
130873,2,1,1997,0,0,0,0,0,0,0,0,0,0
130873,3,1,1997,0,0,0,0,0,0,0,0,0,0
130874,0,1,1997,0,0,0,0,0,0,0,0,0,0
130874,1,1,1997,0,0,0,0,0,0,0,0,0,0
130875,0,1,1997,0,0,0,0,0,0,0,0,0,0
130875,1,1,1997,0,0,0,0,0,0,0,0,0,0
130876,1,1,1997,0,0,0,0,0,0,0,0,0,0
130876,2,1,1997,0,0,0,0,0,0,0,0,0,0
130877,0,1,1997,0,0,0,0,0,0,0,0,0,0
130877,1,1,1997,0,0,0,0,0,0,0,0,0,12
130878,1,1,1997,0,0,0,0,0,0,0,0,0,0
130878,2,1,1997,0,0,0,0,0,0,0,0,0,0