ST_CASE,VEH_NO,PER_NO,YEAR,P1,P2,P3,P4,P5,P6,P7,P8,P9,P10
131144,2,1,1997,0,0,0,0,0,0,0,0,0,0
131145,0,1,1997,0,0,0,0,0,0,0,0,0,0
131145,0,2,1997,0,0,0,0,0,0,0,0,0,0
131145,1,1,1997,0,0,0,0,0,0,0,0,0,0
131146,1,1,1997,5,5,5,5,5,5,5,5,5,5
131147,1,1,1997,0,0,0,0,0,0,0,0,0,0
131149,1,1,1997,0,0,0,0,0,0,0,0,0,0
131149,2,1,1997,24,24,24,24,24,24,24,24,24,24
131150,1,1,1997,0,0,0,0,0,0,0,0,0,0
131150,2,1,1997,0,0,0,0,0,0,0,0,0,0
131151,1,1,1997,0,0,0,0,0,0,0,0,0,0
131151,2,1,1997,0,0,0,0,0,0,0,0,0,0
131152,1,1,1997,23,23,23,23,23,23,23,23,23,23
131153,1,1,1997,0,0,0,0,0,0,0,0,0,0
131153,2,1,1997,0,0,0,0,0,0,0,0,0,0
131154,1,1,1997,0,0,0,0,0,0,0,0,0,0
131155,0,1,1997,0,0,0,0,0,0,0,0,0,0
131155,0,2,1997,2,2,2,2,2,2,2,2,2,2
131155,1,1,1997,0,0,0,0,9,0,0,0,0,0
131156,1,1,1997,0,0,0,0,0,0,0,0,0,0
131157,1,1,1997,0,0,0,0,0,0,0,0,0,0
131157,2,1,1997,0,0,0,0,0,0,0,0,0,0
131158,1,1,1997,0,0,0,0,0,0,0,0,0,0
131158,2,1,1997,0,0,0,0,0,0,0,0,0,0
131159,1,1,1997,0,0,0,0,0,0,0,0,0,0
131159,2,1,1997,0,0,0,0,0,0,0,0,0,0
131160,1,1,1997,0,0,0,0,0,0,0,0,0,0
131160,2,1,1997,0,0,0,0,0,0,0,0,0,0
131161,1,1,1997,0,0,0,0,0,0,0,0,0,0
131162,1,1,1997,0,0,0,0,0,0,0,0,0,0
131163,1,1,1997,4,4,4,4,4,4,4,4,4,4
131163,2,1,1997,0,0,0,0,0,0,0,0,0,0
131164,1,1,1997,0,0,0,0,0,0,0,0,0,0
131165,1,1,1997,20,20,20,20,20,20,20,20,20,20
131166,1,1,1997,15,15,15,15,15,15,15,15,15,15
131167,1,1,1997,0,0,0,0,0,0,0,0,0,0
131167,2,1,1997,0,0,0,0,0,0,0,0,0,0
131168,1,1,1997,10,10,10,10,10,10,10,10,10,10
131169,1,1,1997,0,0,0,0,0,0,0,0,0,0
131170,0,1,1997,15,15,15,15,15,15,15,15,15,15
131170,1,1,1997,0,0,0,0,0,0,0,7,0,0
131171,1,1,1997,22,22,22,22,22,22,22,22,22,22
131172,2,1,1997,0,0,0,0,0,0,0,0,0,0
131173,0,1,1997,0,14,14,9,27,4,23,0,0,0
131173,1,1,1997,0,0,0,0,0,0,0,0,0,0
131174,1,1,1997,0,0,0,0,0,0,0,0,0,0
131175,1,1,1997,0,0,0,0,0,0,36,0,0,0
131175,2,1,1997,0,0,0,0,0,0,0,0,0,0
131176,1,1,1997,0,0,0,0,0,0,0,0,0,0
131176,2,1,1997,0,0,0,0,0,0,0,0,0,0
131177,1,1,1997,0,0,0,0,0,0,0,0,0,0
131177,2,1,1997,0,0,0,0,0,0,0,0,0,0
131178,1,1,1997,0,0,0,0,0,0,0,0,0,0
131178,2,1,1997,0,0,0,0,0,0,0,0,0,0
131178,3,1,1997,0,0,0,0,0,0,0,0,0,0
131179,1,1,1997,0,0,0,0,0,0,0,0,0,0
131179,2,1,1997,0,0,0,0,0,0,0,0,0,0
131180,1,1,1997,0,0,0,0,0,0,0,0,7,0
131180,2,1,1997,28,28,28,28,28,28,28,28,28,28
131181,1,1,1997,0,0,29,0,0,0,0,0,0,0
131181,2,1,1997,0,0,0,0,0,0,0,0,0,0
131182,1,1,1997,19,19,19,19,19,19,19,19,19,19
131183,1,1,1997,29,29,29,29,29,29,29,29,29,29
131183,2,1,1997,0,0,0,0,0,0,0,0,0,0
131184,0,1,1997,20,20,20,20,20,20,20,20,20,20
131184,1,1,1997,19,0,0,0,0,0,0,0,12,0
131185,1,1,1997,7,7,7,7,7,7,7,7,7,7
131185,2,1,1997,0,0,0,0,0,0,0,0,0,0
131185,3,1,1997,0,0,0,0,0,0,0,0,0,0
131185,4,1,1997,0,0,0,0,0,0,0,0,0,0
131186,1,1,1997,0,0,0,0,0,0,0,0,0,0
131186,2,1,1997,0,0,0,0,0,0,0,0,0,0
131187,1,1,1997,20,20,20,20,20,20,20,20,20,20
131188,0,1,1997,0,0,0,0,0,0,0,0,0,0
131188,1,1,1997,0,0,0,0,0,0,0,0,0,0
131189,1,1,1997,21,21,21,21,21,21,21,21,21,21
131190,0,1,1997,0,0,0,0,0,0,0,0,0,0
131190,1,1,1997,0,0,0,0,0,0,0,0,0,0
131191,1,1,1997,3,3,3,3,3,3,3,3,3,3
131191,2,1,1997,0,0,0,0,0,0,0,0,0,0
131192,1,1,1997,0,0,0,0,0,0,0,0,0,0
131192,2,1,1997,0,0,0,0,0,0,0,0,0,0
131193,1,1,1997,30,30,30,30,30,30,30,30,30,30
131194,0,1,1997,0,0,0,0,0,0,0,0,0,0
131194,1,1,1997,0,0,0,0,0,0,0,0,0,0
131195,1,1,1997,9,9,9,9,9,9,9,9,9,9
131196,1,1,1997,21,21,21,21,21,21,21,21,21,21
131197,1,1,1997,12,12,12,12,12,12,12,12,12,12
131198,1,1,1997,0,0,0,0,0,0,0,0,0,0
131199,1,1,1997,28,28,28,28,28,28,28,28,28,28
131199,2,1,1997,0,0,0,0,0,0,0,0,0,0
131200,1,1,1997,0,0,0,0,0,0,0,0,0,0
131200,2,1,1997,0,0,0,0,0,0,0,0,0,0
131201,1,1,1997,0,0,10,0,0,0,0,28,18,6
131202,1,1,1997,0,0,0,0,0,0,0,0,0,0
131202,2,1,1997,0,0,0,0,0,0,0,0,0,0
131202,3,1,1997,15,15,15,15,15,15,15,15,15,15
131203,1,1,1997,0,0,0,0,0,0,0,0,0,0
131204,1,1,1997,21,21,21,21,21,21,21,21,21,21
131204,2,1,1997,0,0,0,0,0,0,0,0,0,0
131205,1,1,1997,16,16,16,16,16,16,16,16,16,16
131205,2,1,1997,0,0,0,0,0,0,0,0,0,0
131206,0,1,1997,0,0,0,17,38,0,0,24,0,0
131206,0,2,1997,0,0,0,0,0,0,16,31,0,0
131206,0,3,1997,0,0,0,0,0,0,0,0,0,0
131206,1,1,1997,0,0,0,0,0,0,0,0,0,0
131207,1,1,1997,0,0,0,0,0,0,0,0,0,0
131207,2,1,1997,0,0,0,0,0,0,0,0,0,0
131208,1,1,1997,0,0,0,0,0,0,0,0,0,0
131208,2,1,1997,0,0,0,0,0,0,0,0,0,0
131209,1,1,1997,0,0,0,0,0,0,0,0,0,0
131209,2,1,1997,0,0,0,0,0,0,0,0,0,0
131209,3,1,1997,0,0,0,0,0,0,0,0,0,0
131209,4,1,1997,0,0,0,0,0,0,0,0,0,0
131209,5,1,1997,0,0,0,0,0,0,0,0,0,0
131210,1,1,1997,0,0,0,0,0,0,0,0,0,0
131210,2,1,1997,0,0,0,0,0,0,0,0,0,0
131211,1,1,1997,0,0,0,0,0,0,0,0,0,0
131212,0,1,1997,0,0,0,0,0,0,0,0,0,0
131212,1,1,1997,0,0,0,0,0,0,0,0,0,0
131213,0,1,1997,0,0,0,0,0,0,0,0,0,0
131213,1,1,1997,0,0,0,0,0,0,0,0,0,0
131214,1,1,1997,31,31,31,31,31,31,31,31,31,31
131214,2,1,1997,0,0,0,0,0,0,0,0,0,0
131215,1,1,1997,0,0,0,0,0,0,0,0,0,0
131216,1,1,1997,0,0,0,0,0,0,0,0,0,0
131216,2,1,1997,0,0,0,0,0,0,0,0,0,0
131217,1,1,1997,0,0,0,0,0,0,0,0,0,0
131217,2,1,1997,0,0,0,0,0,0,0,0,0,0
131218,1,1,1997,0,17,0,0,0,0,20,0,0,0
131218,2,1,1997,0,0,0,0,0,0,0,0,0,0
131219,0,1,1997,2,2,2,2,2,2,2,2,2,2
131219,1,1,1997,0,0,0,0,0,0,0,0,0,0
131220,1,1,1997,0,0,0,0,0,10,0,0,0,20
131221,1,1,1997,0,0,0,0,0,0,0,0,0,0
131221,2,1,1997,0,0,0,0,0,0,0,0,0,22
131222,1,1,1997,0,22,0,0,11,9,0,0,0,0
131222,2,1,1997,20,0,0,0,11,0,22,0,0,5
131223,1,1,1997,14,14,14,14,14,14,14,14,14,14
131224,1,1,1997,0,0,0,0,0,0,0,0,0,0
131225,1,1,1997,0,0,0,0,0,0,0,0,0,0
131225,2,1,1997,0,0,0,0,0,0,0,0,0,0
131225,3,1,1997,0,0,0,0,0,0,0,0,0,0
131226,1,1,1997,0,0,0,0,0,0,0,0,0,0
131226,2,1,1997,0,0,0,0,0,0,0,0,0,0
131227,1,1,1997,0,0,0,0,0,0,0,0,0,0
131227,2,1,1997,0,0,0,0,0,0,0,0,0,0
131228,0,1,1997,0,0,0,0,0,0,0,0,0,0
131228,1,1,1997,0,0,0,0,0,0,0,0,0,0
131229,1,1,1997,0,0,0,0,0,0,0,0,0,0
131230,1,1,1997,0,0,0,0,0,0,0,0,0,0
131230,2,1,1997,0,0,0,0,0,0,0,0,0,0
131231,1,1,1997,0,0,0,0,0,0,0,0,0,0
131232,1,1,1997,0,0,0,0,0,0,0,0,0,0
131232,2,1,1997,0,0,0,0,0,0,0,0,0,0
131233,1,1,1997,0,0,0,0,0,0,0,0,0,0
131233,2,1,1997,0,0,0,0,0,0,0,0,0,0
131234,1,1,1997,0,0,0,0,0,0,0,0,0,0
131234,2,1,1997,0,0,0,0,0,0,0,0,0,0
131235,1,1,1997,0,0,0,0,0,0,0,0,0,0
131236,1,1,1997,0,0,0,0,0,0,0,10,0,0
131236,2,1,1997,0,0,0,0,0,0,0,0,0,0
131237,1,1,1997,0,0,0,0,0,0,0,0,0,0
131237,2,1,1997,0,0,0,0,0,0,0,0,0,0
131238,1,1,1997,14,14,14,14,14,14,14,14,14,14
131239,1,1,1997,0,0,0,0,0,0,0,0,0,0
131239,2,1,1997,0,0,0,0,0,0,0,0,0,0
131240,1,1,1997,0,0,0,0,0,0,0,0,0,0
131240,2,1,1997,0,0,0,0,0,0,0,0,0,0
131241,1,1,1997,0,0,0,0,0,0,0,0,0,0
131241,2,1,1997,0,0,0,0,0,0,0,0,0,0
131242,1,1,1997,0,0,0,0,0,0,0,0,0,0
131242,2,1,1997,0,0,0,0,0,0,0,0,0,0
131243,0,1,1997,27,0,0,0,16,0,0,0,0,0
131243,1,1,1997,0,0,0,0,0,0,0,0,0,0
131244,0,1,1997,0,0,0,0,0,0,0,0,0,0
131245,1,1,1997,17,17,17,17,17,17,17,17,17,17
131246,1,1,1997,0,0,0,0,0,0,0,0,0,0
131246,2,1,1997,0,0,0,0,0,0,0,0,0,0
131247,1,1,1997,0,0,0,0,0,0,0,0,0,0
131248,1,1,1997,0,0,0,0,0,0,0,0,0,0
131248,2,1,1997,0,0,0,0,0,0,0,0,0,0
131249,1,1,1997,15,0,0,0,0,0,0,0,0,0
131249,2,1,1997,15,11,21,12,19,5,26,0,0,11
131250,1,1,1997,0,0,0,0,0,0,0,0,0,0
131250,2,1,1997,0,0,0,0,0,0,0,0,0,0
131251,1,1,1997,14,14,14,14,14,14,14,14,14,14
131252,1,1,1997,0,0,0,0,0,0,0,0,0,0
131252,2,1,1997,0,0,0,0,0,0,0,0,0,0
131253,1,1,1997,0,0,0,0,0,0,0,0,0,0
131254,1,1,1997,38,38,38,38,38,38,38,38,38,38
131255,1,1,1997,13,13,13,13,13,13,13,13,13,13
131255,2,1,1997,20,20,20,20,20,20,20,20,20,20
131256,0,1,1997,0,0,0,0,0,0,0,0,0,0
131256,1,1,1997,0,0,0,0,0,0,0,0,0,0
131257,1,1,1997,13,13,13,13,13,13,13,13,13,13
131258,1,1,1997,11,13,14,37,13,28,30,33,20,31
131259,0,1,1997,28,28,28,28,28,28,28,28,28,28
131259,1,1,1997,0,0,0,0,0,0,0,0,0,0
131260,1,1,1997,0,0,0,0,0,0,0,0,0,0
131260,2,1,1997,0,0,0,0,0,0,0,0,0,0
131261,1,1,1997,0,0,0,0,0,0,0,0,0,0
131261,2,1,1997,0,0,0,0,0,0,0,0,0,0
131262,1,1,1997,0,17,0,15,5,16,0,0,0,9
131263,0,1,1997,3,3,3,3,3,3,3,3,3,3
131263,1,1,1997,0,0,0,0,0,0,0,0,0,0
131264,1,1,1997,0,0,0,0,0,0,0,0,0,0
131264,2,1,1997,0,0,0,0,0,0,0,0,0,0
131265,1,1,1997,0,0,0,0,0,0,0,0,0,0
131265,2,1,1997,0,0,0,0,0,0,0,0,0,0
131266,0,1,1997,41,41,41,41,41,41,41,41,41,41
131266,1,1,1997,0,0,0,0,0,0,0,0,0,0
131267,1,1,1997,10,10,10,10,10,10,10,10,10,10
131267,2,1,1997,0,0,0,0,0,0,8,0,0,0
131268,1,1,1997,0,0,0,0,0,0,0,0,0,0
131268,2,1,1997,0,0,0,0,0,0,0,0,0,0
131269,1,1,1997,21,21,21,21,21,21,21,21,21,21
131270,1,1,1997,0,0,0,0,0,0,0,0,0,0
131271,1,1,1997,15,15,15,15,15,15,15,15,15,15
131272,1,1,1997,0,0,0,0,0,0,0,0,0,0
131272,2,1,1997,0,0,0,0,0,0,0,0,0,0
131273,0,1,1997,35,35,35,35,35,35,35,35,35,35
131273,1,1,1997,8,8,8,8,8,8,8,8,8,8
131274,1,1,1997,0,0,0,0,0,0,0,0,0,0
131274,2,1,1997,0,0,0,0,0,0,0,11,0,0
131274,3,1,1997,0,0,0,0,0,0,0,0,0,0
131275,0,1,1997,0,0,0,0,0,0,0,0,0,0
131275,1,1,1997,0,0,0,0,0,0,0,0,0,0
131276,1,1,1997,12,6,0,0,0,32,18,14,13,6
131277,1,1,1997,0,18,0,0,0,0,28,0,0,0
131278,1,1,1997,0,0,0,0,0,0,0,0,0,0
131278,2,1,1997,0,0,0,0,0,0,0,0,0,0
131279,1,1,1997,0,0,0,0,0,0,0,0,0,0
131279,2,1,1997,0,0,0,0,0,0,0,0,0,0
131280,1,1,1997,0,0,0,0,0,0,0,0,0,0
131280,2,1,1997,0,0,0,0,0,0,0,0,0,0
131280,3,1,1997,0,0,0,0,0,0,0,0,0,0
131281,1,1,1997,0,0,0,0,0,0,0,0,0,0
131282,1,1,1997,0,0,0,0,0,0,0,0,0,0
131283,1,1,1997,8,7,11,18,25,11,0,10,19,15
131283,2,1,1997,0,0,0,0,0,0,0,0,0,0
131284,1,1,1997,0,0,0,0,0,0,0,0,0,0
131285,1,1,1997,0,0,0,0,0,0,0,0,0,0
131285,2,1,1997,0,0,0,0,0,0,0,0,0,0
131286,1,1,1997,0,0,0,0,0,0,0,0,0,0
131287,1,1,1997,20,20,20,20,20,20,20,20,20,20
131288,1,1,1997,14,14,14,14,14,14,14,14,14,14
131288,2,1,1997,0,0,0,0,0,0,0,0,0,0
131289,1,1,1997,22,22,22,22,22,22,22,22,22,22
131289,2,1,1997,0,0,0,0,0,0,0,0,0,0
131290,0,1,1997,0,0,0,0,0,0,0,0,0,0
131290,0,2,1997,17,17,17,17,17,17,17,17,17,17
131290,1,1,1997,0,0,0,0,0,0,0,0,0,0
131291,1,1,1997,18,18,18,18,18,18,18,18,18,18
131292,1,1,1997,20,20,20,20,20,20,20,20,20,20
131293,0,1,1997,22,22,22,22,22,22,22,22,22,22
131293,1,1,1997,9,9,9,9,9,9,9,9,9,9
131294,1,1,1997,0,0,0,0,0,0,0,0,0,0
131294,2,1,1997,0,0,0,0,0,0,0,0,0,0
131295,1,1,1997,0,0,0,0,0,0,0,0,0,0
131296,1,1,1997,0,0,0,0,0,0,0,0,0,0
131297,0,1,1997,0,0,0,0,0,15,0,0,0,0
131297,0,2,1997,0,0,0,0,0,0,0,0,0,0
131297,1,1,1997,0,0,0,0,0,0,0,0,0,0
131298,1,1,1997,0,0,0,0,0,0,0,0,0,0
131299,1,1,1997,0,0,0,0,0,0,0,0,0,0
131299,2,1,1997,0,0,0,0,0,0,0,0,0,0
131300,1,1,1997,0,0,0,0,0,0,0,0,0,0
131301,1,1,1997,33,33,33,33,33,33,33,33,33,33
131302,1,1,1997,18,18,18,18,18,18,18,18,18,18
131303,1,1,1997,6,6,6,6,6,6,6,6,6,6
131304,1,1,1997,0,0,0,0,0,0,0,0,0,0
131304,2,1,1997,0,0,0,0,0,0,0,0,0,0
131305,1,1,1997,4,0,0,0,32,0,10,0,0,0
131305,2,1,1997,0,0,0,0,0,0,0,0,0,0
131305,3,1,1997,0,0,0,0,0,0,0,0,0,0
131306,1,1,1997,6,6,6,6,6,6,6,6,6,6
131306,2,1,1997,0,0,0,0,0,0,0,0,0,0
131307,1,1,1997,0,0,0,0,0,0,0,0,0,0
131307,2,1,1997,0,0,0,0,0,0,0,0,0,0
131308,1,1,1997,0,0,0,0,0,0,0,0,0,0
131308,2,1,1997,0,24,0,0,0,0,0,0,0,0
131309,0,1,1997,0,0,0,0,0,0,0,0,0,0
131309,1,1,1997,0,0,0,0,0,0,0,0,0,0
131310,1,1,1997,0,0,0,0,0,0,0,0,0,0
131311,1,1,1997,0,0,0,0,0,0,0,0,0,0
131312,1,1,1997,0,0,0,0,0,0,0,0,0,0
131312,2,1,1997,0,0,0,0,0,0,0,0,0,0
131313,0,1,1997,7,25,0,0,18,0,0,0,0,0
131313,1,1,1997,0,0,0,0,0,0,12,0,0,16
131314,1,1,1997,20,20,20,20,20,20,20,20,20,20
131315,1,1,1997,0,0,0,0,0,0,0,0,0,0
131315,2,1,1997,0,0,0,0,0,0,0,0,0,0
131316,1,1,1997,0,0,0,0,0,0,0,0,0,0
131317,1,1,1997,0,0,0,0,0,0,0,0,0,0
131317,2,1,1997,0,0,0,0,0,0,0,0,0,0
131318,1,1,1997,15,15,15,15,15,15,15,15,15,15
131319,0,1,1997,0,0,0,0,0,0,0,0,0,0
131319,1,1,1997,16,16,16,16,16,16,16,16,16,16
131320,1,1,1997,0,0,0,0,0,0,0,0,0,0
131320,2,1,1997,0,0,0,0,0,0,0,0,0,0
131321,1,1,1997,21,21,21,21,21,21,21,21,21,21
131322,1,2,1997,0,0,0,0,0,9,0,0,0,0
131323,0,1,1997,0,0,30,0,0,0,0,0,0,0
131323,1,1,1997,0,0,0,0,0,0,0,0,0,0
131324,1,1,1997,0,13,0,0,0,0,0,0,0,0
131325,1,1,1997,0,0,0,0,0,33,0,0,0,0
131326,0,1,1997,0,0,0,0,0,0,0,0,0,0
131326,1,1,1997,0,0,0,0,0,0,0,0,0,0
131327,1,1,1997,0,0,0,0,0,0,0,0,0,0
131327,2,1,1997,0,0,0,0,0,0,0,0,0,0
131328,1,1,1997,0,0,0,0,0,0,0,0,0,0
131328,2,1,1997,0,0,0,0,0,0,0,0,0,0
131329,1,1,1997,24,24,24,24,24,24,24,24,24,24
131329,2,1,1997,0,0,0,0,0,0,0,0,0,0
131330,1,1,1997,0,0,0,0,0,0,0,0,0,0
131330,2,1,1997,0,0,0,0,0,0,0,0,0,0
131331,0,1,1997,0,0,0,0,0,0,0,0,0,0
131331,1,1,1997,0,0,0,0,0,0,0,0,0,0
131333,1,1,1997,13,13,13,13,13,13,13,13,13,13
131333,2,1,1997,0,0,0,0,0,0,0,0,0,0
131334,1,1,1997,0,0,0,0,0,0,0,0,0,0
131334,2,1,1997,0,0,0,0,0,0,0,0,0,0
131335,1,1,1997,0,0,0,0,0,0,0,0,0,0
131335,2,1,1997,21,21,21,21,21,21,21,21,21,21
131336,1,1,1997,0,0,0,0,0,0,0,0,0,0
131336,2,1,1997,0,0,0,0,0,0,0,0,0,0
131337,0,1,1997,0,0,0,0,0,0,0,0,0,0
131337,1,1,1997,0,0,0,0,0,0,0,0,0,0
131338,1,1,1997,15,15,15,15,15,15,15,15,15,15
131339,0,1,1997,0,0,4,0,0,0,30,0,0,0
131339,1,1,1997,0,0,0,0,0,0,0,0,0,0
131340,1,1,1997,0,0,0,0,0,0,0,0,0,0
131340,2,1,1997,0,0,0,0,0,0,0,0,0,0
131340,3,1,1997,0,0,0,0,0,0,0,0,0,0
131340,4,1,1997,0,0,0,0,0,0,0,0,0,0
131341,0,1,1997,0,0,0,0,0,0,0,0,0,0
131341,1,1,1997,0,0,0,0,0,0,0,0,0,0
131342,1,1,1997,0,0,0,0,0,0,0,0,0,0
131342,2,1,1997,32,32,32,32,32,32,32,32,32,32
131343,0,1,1997,28,28,28,28,28,28,28,28,28,28
131343,1,1,1997,0,0,0,0,0,0,0,0,0,0
131344,1,1,1997,0,0,0,0,0,0,0,0,0,0
131345,1,1,1997,0,0,0,0,0,0,0,0,0,0
131345,2,1,1997,0,0,0,0,0,0,0,0,0,0
131346,1,1,1997,0,0,0,0,0,0,0,0,0,0
131346,2,1,1997,0,0,0,0,0,0,0,0,0,0
131347,1,1,1997,0,0,0,0,0,0,0,0,0,0
131348,0,1,1997,0,0,0,0,0,0,0,0,0,0
131348,1,1,1997,0,0,0,0,0,0,0,0,0,0
131349,1,1,1997,0,0,0,0,0,0,0,0,0,0
131350,1,1,1997,0,0,0,0,0,0,0,0,0,0
131350,2,1,1997,0,0,0,0,0,0,0,0,0,0
131351,1,1,1997,0,0,0,0,0,0,0,0,0,0
131351,2,1,1997,0,0,0,0,0,0,0,0,0,0
131352,1,1,1997,18,18,18,18,18,18,18,18,18,18
131353,1,1,1997,13,0,0,0,0,0,0,0,0,0
131354,1,1,1997,0,0,0,0,0,0,0,0,0,0
131354,2,1,1997,0,0,0,0,0,0,0,0,0,0
131354,3,1,1997,0,0,0,0,0,0,0,0,0,0
131355,1,1,1997,0,0,0,0,0,0,0,0,0,0
131356,0,1,1997,16,16,16,16,16,16,16,16,16,16
131356,1,1,1997,0,0,13,0,6,0,0,9,0,0
131357,1,1,1997,2,2,2,2,2,2,2,2,2,2
131358,1,1,1997,0,0,0,0,0,0,0,0,0,0
131358,2,1,1997,0,0,0,0,0,0,0,0,0,0
131359,1,1,1997,0,0,0,0,0,0,0,0,0,0
131359,2,1,1997,0,0,0,0,0,0,0,0,0,0
131360,1,1,1997,0,0,0,0,0,0,0,0,0,0
131360,2,1,1997,2,2,2,2,2,2,2,2,2,2
131361,1,1,1997,13,13,13,13,13,13,13,13,13,13
131362,1,1,1997,0,0,0,0,0,0,0,0,0,0
131362,2,1,1997,0,0,0,0,0,0,0,0,0,0
131362,3,1,1997,0,0,0,0,0,0,0,0,0,0
131363,1,1,1997,3,3,3,3,3,3,3,3,3,3
131363,2,1,1997,0,0,0,0,0,0,0,0,0,0
131364,1,1,1997,2,2,2,2,2,2,2,2,2,2
131365,1,1,1997,0,0,0,0,0,0,0,0,0,0
131365,2,1,1997,0,0,0,0,0,0,0,0,0,0
131366,1,1,1997,21,0,0,0,0,0,0,7,0,0
131366,2,1,1997,0,0,0,0,0,0,0,0,0,0
131367,1,1,1997,33,33,33,33,33,33,33,33,33,33
131367,2,1,1997,0,0,0,0,0,0,0,0,0,0
131368,1,1,1997,0,0,0,0,0,0,0,0,0,0
131369,0,1,1997,0,0,0,0,0,0,0,0,0,0
131369,1,1,1997,0,0,0,0,0,0,0,0,37,0
131370,0,1,1997,0,19,0,0,0,0,0,10,0,0
131370,1,1,1997,0,0,0,0,0,0,0,0,0,0
131371,1,1,1997,9,9,9,9,9,9,9,9,9,9
131371,2,1,1997,0,0,0,0,0,0,0,0,0,0
131372,1,1,1997,0,0,0,0,0,0,0,0,0,0
131372,2,1,1997,0,0,0,0,0,0,0,0,0,0
131373,1,1,1997,0,0,0,0,0,0,0,0,0,0
131373,2,1,1997,0,0,0,0,0,0,0,0,0,16
131374,1,1,1997,22,22,22,22,22,22,22,22,22,22
131375,1,1,1997,0,0,0,0,0,0,0,0,0,0
131375,2,1,1997,0,0,0,0,0,0,0,0,0,0
131376,1,1,1997,20,0,6,9,0,0,9,0,0,18
131377,1,1,1997,15,0,0,8,16,24,0,7,0,31
131377,2,1,1997,0,0,0,0,0,0,0,0,0,0
131377,3,1,1997,0,0,0,0,0,0,0,0,0,0
131377,4,1,1997,0,0,0,0,0,0,0,0,0,0
131378,1,1,1997,0,0,0,0,0,0,0,0,0,0
131379,1,1,1997,0,0,0,0,0,0,0,0,0,0
131380,0,1,1997,0,0,0,0,0,0,0,0,0,0
131380,1,1,1997,0,0,0,0,0,0,0,0,0,0
131381,1,1,1997,0,0,0,0,0,0,0,0,0,0
131381,2,1,1997,0,0,0,17,0,0,0,0,0,0
131382,1,1,1997,0,0,0,0,0,0,0,0,0,0
131383,1,1,1997,5,5,5,5,5,5,5,5,5,5
131383,2,1,1997,0,0,0,0,0,0,0,0,0,0
131384,1,1,1997,10,10,10,10,10,10,10,10,10,10
131385,1,1,1997,0,0,0,0,0,0,0,0,0,0
131385,2,1,1997,0,0,4,7,0,0,0,0,0,0
131386,1,1,1997,0,0,0,0,0,0,0,0,0,0
131386,2,1,1997,0,0,0,0,0,0,0,0,0,0
131387,0,1,1997,0,0,0,0,0,0,0,0,0,0
131387,1,1,1997,0,0,0,0,0,0,0,0,0,0
131388,1,1,1997,0,0,0,0,0,0,0,0,0,0
131389,1,1,1997,0,0,0,0,0,0,0,0,0,0
131389,2,1,1997,0,0,0,0,0,0,0,0,0,0
131390,1,1,1997,6,31,29,3,30,0,26,14,0,17
131391,1,1,1997,0,0,0,0,0,0,0,0,0,0
131392,1,1,1997,0,0,0,0,0,0,0,0,0,0
131392,2,1,1997,0,0,17,0,0,0,0,0,0,0
131393,1,1,1997,0,0,0,0,0,0,0,0,0,0
131393,2,1,1997,0,8,0,0,0,0,0,0,0,0
131393,3,1,1997,0,0,0,0,0,0,0,0,0,0
131394,1,1,1997,0,0,0,0,0,0,0,0,0,0
131394,2,1,1997,0,0,0,0,0,0,0,0,0,0
131395,1,1,1997,0,0,0,0,0,0,0,0,0,0
131395,2,1,1997,0,0,0,0,0,0,9,0,0,0
131396,1,1,1997,0,9,0,0,0,0,0,0,0,0
131397,1,1,1997,14,14,14,14,14,14,14,14,14,14
131398,1,1,1997,0,0,0,0,0,0,0,0,0,0
131399,1,1,1997,0,7,20,16,36,46,19,2,0,3
131400,1,1,1997,0,0,0,0,0,0,0,0,0,0
131400,2,1,1997,0,0,0,0,0,0,0,0,0,0
131401,0,1,1997,13,13,13,13,13,13,13,13,13,13
131401,1,1,1997,0,0,0,0,0,0,0,0,0,0
131402,1,1,1997,5,0,0,0,0,0,0,0,0,0
131402,2,1,1997,0,0,0,0,0,0,0,0,0,0
131403,1,1,1997,0,7,15,23,14,14,38,0,0,7
131404,1,1,1997,14,14,14,14,14,14,14,14,14,14
131404,2,1,1997,0,0,0,0,0,0,0,0,0,0
131404,3,1,1997,0,0,0,0,0,0,0,0,0,0
131405,1,1,1997,0,0,0,0,0,0,0,0,0,0
131406,1,1,1997,0,0,0,0,0,0,0,0,0,0
131406,2,1,1997,0,0,0,0,0,0,0,0,0,0
131407,1,1,1997,0,0,0,0,0,0,0,0,0,0
131407,2,1,1997,0,0,0,0,0,0,0,0,0,0
131408,1,1,1997,0,0,0,12,0,0,0,0,0,0
131409,1,1,1997,0,0,0,0,0,0,0,0,0,0
131409,2,1,1997,0,0,0,0,0,0,0,0,0,0
131410,1,1,1997,0,0,0,0,0,0,0,0,0,0
131410,2,1,1997,0,0,0,0,0,0,0,0,0,0
131411,1,1,1997,0,0,0,0,0,0,0,0,0,0
131411,2,1,1997,0,0,0,0,11,0,0,0,0,0
131412,0,1,1997,0,0,0,0,0,0,0,7,0,0
131412,1,1,1997,0,0,0,0,0,0,0,0,0,0
131413,1,1,1997,0,0,0,0,0,0,0,0,0,0
150001,0,1,1997,0,0,0,0,0,0,0,0,0,0