ST_CASE,VEH_NO,PER_NO,YEAR,P1,P2,P3,P4,P5,P6,P7,P8,P9,P10
170219,1,1,1997,11,11,11,11,11,11,11,11,11,11
170220,1,1,1997,0,0,0,0,0,0,0,0,0,0
170220,2,1,1997,0,0,0,0,0,0,0,0,0,0
170221,1,1,1997,18,18,18,18,18,18,18,18,18,18
170221,2,1,1997,9,9,9,9,9,9,9,9,9,9
170222,1,1,1997,0,0,0,0,0,7,0,0,0,0
170222,2,1,1997,0,0,0,0,0,0,0,0,0,0
170223,1,1,1997,0,0,0,0,0,0,0,0,0,0
170224,1,1,1997,23,23,23,23,23,23,23,23,23,23
170224,2,1,1997,0,0,0,0,0,0,0,0,0,0
170225,1,1,1997,4,4,4,4,4,4,4,4,4,4
170225,2,1,1997,0,0,0,0,0,0,0,0,0,0
170226,1,1,1997,18,11,0,15,0,0,10,0,0,0
170227,1,1,1997,0,0,0,0,0,0,0,0,0,0
170228,1,1,1997,11,0,0,0,0,0,0,0,0,12
170228,2,1,1997,0,0,0,0,0,0,0,0,0,0
170229,1,1,1997,5,5,5,5,5,5,5,5,5,5
170230,1,1,1997,20,0,3,13,0,9,13,15,0,0
170231,1,1,1997,0,0,0,0,0,0,0,0,10,0
170232,1,1,1997,0,0,0,0,0,0,10,0,0,0
170232,2,1,1997,0,0,0,0,0,0,0,0,0,0
170233,1,1,1997,0,0,0,0,0,0,0,0,0,0
170233,2,1,1997,0,0,0,0,0,0,0,0,0,0
170234,1,1,1997,0,0,0,0,0,0,0,0,0,0
170234,2,1,1997,0,0,0,0,0,0,0,0,0,0
170235,1,1,1997,0,0,0,0,0,0,0,0,0,0
170235,2,1,1997,0,0,0,0,0,0,0,0,0,0
170236,1,1,1997,27,27,27,27,27,27,27,27,27,27
170237,1,1,1997,17,17,17,17,17,17,17,17,17,17
170238,1,1,1997,18,18,18,18,18,18,18,18,18,18
170239,1,1,1997,0,0,0,0,0,0,0,0,0,0
170240,1,1,1997,0,0,0,0,0,0,0,0,0,0
170240,2,1,1997,0,0,0,0,0,0,0,0,0,0
170241,1,1,1997,24,24,24,24,24,24,24,24,24,24
170241,2,1,1997,0,0,0,18,0,0,0,0,0,0
170242,0,1,1997,0,0,0,0,0,0,0,0,0,0
170242,1,1,1997,0,0,0,0,0,0,0,0,0,0
170243,0,1,1997,0,0,0,0,0,0,0,0,0,0
170243,1,1,1997,0,11,0,0,0,0,0,0,0,0
170243,2,1,1997,0,0,0,0,0,0,0,0,0,0
170244,0,1,1997,0,0,0,0,0,0,0,0,0,0
170244,1,1,1997,0,0,0,0,0,0,0,0,0,0
170245,1,1,1997,19,19,19,19,19,19,19,19,19,19
170245,2,1,1997,0,0,0,0,0,0,0,0,0,0
170245,3,1,1997,0,0,0,0,11,0,0,0,0,0
170246,1,1,1997,20,20,20,20,20,20,20,20,20,20
170247,1,1,1997,0,0,0,0,0,0,0,0,0,0
170248,1,1,1997,0,0,0,0,0,0,0,24,0,0
170248,2,1,1997,0,0,0,0,0,0,0,6,0,0
170249,1,1,1997,13,13,13,13,13,13,13,13,13,13
170249,2,1,1997,0,0,0,0,0,0,0,0,0,0
170250,1,1,1997,24,24,24,24,24,24,24,24,24,24
170251,0,1,1997,25,25,25,25,25,25,25,25,25,25
170251,1,1,1997,0,0,0,0,0,0,0,0,0,0
170252,1,1,1997,13,13,13,13,13,13,13,13,13,13
170253,1,1,1997,0,0,0,0,0,0,0,0,0,0
170254,1,1,1997,0,0,0,0,0,0,0,0,0,0
170255,1,1,1997,11,11,11,11,11,11,11,11,11,11
170255,2,1,1997,0,0,0,0,0,0,0,0,0,0
170256,1,1,1997,0,0,0,0,0,0,0,0,0,0
170256,2,1,1997,0,0,0,0,0,0,0,0,0,0
170257,1,1,1997,0,0,0,0,0,0,0,0,0,0
170257,2,1,1997,0,0,0,0,0,0,0,0,0,0
170258,1,1,1997,5,5,5,5,5,5,5,5,5,5
170259,1,1,1997,13,13,13,13,13,13,13,13,13,13
170260,0,1,1997,0,21,0,0,0,0,0,0,0,0
170260,1,1,1997,0,0,0,0,0,0,0,0,0,0
170261,1,1,1997,0,0,0,0,0,0,0,0,0,0
170261,2,1,1997,0,0,0,0,0,0,0,0,0,0
170262,1,1,1997,0,0,0,0,17,0,0,12,19,0
170262,2,1,1997,0,0,0,0,0,3,0,0,0,0
170263,0,1,1997,0,10,0,41,32,37,0,0,19,0
170263,1,1,1997,0,0,0,0,0,0,0,0,0,0
170264,1,1,1997,27,27,27,27,27,27,27,27,27,27
170265,1,1,1997,0,0,0,0,0,0,0,0,0,0
170266,1,1,1997,0,0,0,0,0,0,0,0,0,0
170266,2,1,1997,0,0,0,0,0,0,0,0,0,0
170267,1,1,1997,0,0,0,0,0,0,0,0,0,0
170267,2,1,1997,0,0,0,0,0,0,0,0,0,0
170268,1,1,1997,0,0,0,0,0,0,0,0,0,0
170268,2,1,1997,0,0,0,0,0,0,0,0,0,0
170269,1,1,1997,27,27,27,27,27,27,27,27,27,27
170269,2,1,1997,0,0,0,0,0,0,4,0,0,0
170270,0,1,1997,0,0,0,0,0,0,0,0,0,0
170270,1,1,1997,0,0,0,0,0,0,0,0,0,0
170271,1,1,1997,19,19,19,19,19,19,19,19,19,19
170272,1,1,1997,9,9,9,9,9,9,9,9,9,9
170273,1,1,1997,0,0,0,0,0,0,0,0,0,0
170273,2,1,1997,0,0,0,0,0,0,0,0,0,14
170273,3,1,1997,0,0,0,0,0,0,0,0,0,0
170274,1,1,1997,0,0,0,0,0,0,0,0,0,0
170274,2,1,1997,0,0,0,0,0,0,0,0,0,0
170275,1,1,1997,0,0,0,0,0,0,0,0,0,0
170275,2,1,1997,1,1,1,1,1,1,1,1,1,1
170276,1,1,1997,19,19,19,19,19,19,19,19,19,19
170277,1,1,1997,0,0,0,0,0,0,0,0,0,0
170277,2,1,1997,0,0,0,0,0,0,0,0,0,0
170278,1,1,1997,18,18,18,18,18,18,18,18,18,18
170279,1,1,1997,7,7,7,7,7,7,7,7,7,7
170280,0,1,1997,0,0,0,0,0,0,0,0,0,0
170280,1,1,1997,11,11,11,11,11,11,11,11,11,11
170281,1,1,1997,28,28,28,28,28,28,28,28,28,28
170282,0,1,1997,2,2,2,2,2,2,2,2,2,2
170282,1,1,1997,0,7,0,0,0,0,0,0,0,5
170283,1,1,1997,14,14,14,14,14,14,14,14,14,14
170284,1,1,1997,0,0,0,0,0,0,0,0,0,0
170284,2,1,1997,0,0,0,0,0,0,0,0,0,0
170285,1,1,1997,0,0,0,0,0,0,0,0,0,0
170286,1,1,1997,10,10,10,10,10,10,10,10,10,10
170287,0,1,1997,0,0,0,0,0,0,0,0,0,0
170287,0,2,1997,26,0,0,0,0,0,0,0,0,0
170287,1,1,1997,0,0,0,0,0,0,0,0,0,0
170287,2,1,1997,0,0,0,0,0,0,0,0,0,0
170288,1,1,1997,25,25,25,25,25,25,25,25,25,25
170289,1,1,1997,0,0,0,0,0,0,0,0,0,0
170289,2,1,1997,0,0,0,0,0,0,0,0,0,0
170290,1,1,1997,0,0,0,0,0,0,0,0,0,0
170290,2,1,1997,0,0,0,0,0,0,0,0,0,7
170291,1,1,1997,0,0,0,0,0,0,0,0,0,0
170291,2,1,1997,19,0,0,0,0,0,0,0,15,0
170292,1,1,1997,3,3,3,3,3,3,3,3,3,3
170292,2,1,1997,0,0,0,0,0,0,0,0,0,0
170293,0,1,1997,29,0,20,0,16,37,0,34,32,6
170293,1,1,1997,0,0,0,0,0,0,7,0,0,0
170294,0,1,1997,0,0,0,0,0,0,0,0,0,0
170294,1,1,1997,0,0,0,0,0,0,0,0,0,0
170295,1,1,1997,13,13,13,13,13,13,13,13,13,13
170296,1,1,1997,0,0,0,0,0,0,0,0,0,0
170297,0,1,1997,19,19,19,19,19,19,19,19,19,19
170297,1,1,1997,0,0,0,0,0,0,8,0,0,0
170298,1,1,1997,0,0,0,0,0,0,0,0,0,0
170298,2,1,1997,0,0,0,0,0,0,0,0,0,0
170299,1,1,1997,0,0,0,0,0,0,0,0,0,0
170300,1,1,1997,28,28,28,28,28,28,28,28,28,28
170301,1,1,1997,0,0,0,0,0,0,0,0,0,0
170302,1,1,1997,11,11,11,11,11,11,11,11,11,11
170303,1,1,1997,14,14,14,14,14,14,14,14,14,14
170304,1,1,1997,0,0,0,0,0,0,0,0,0,0
170305,1,1,1997,0,0,0,0,0,0,0,0,0,0
170305,2,1,1997,0,0,0,0,0,0,0,0,0,0
170306,1,1,1997,0,0,0,0,0,0,0,0,0,0
170307,1,1,1997,18,18,18,18,18,18,18,18,18,18
170308,1,1,1997,0,0,0,0,0,0,0,0,0,0
170308,2,1,1997,0,0,0,0,0,0,0,0,0,0
170309,1,1,1997,0,0,0,0,0,0,0,0,0,0
170309,2,1,1997,0,0,0,0,0,0,0,0,0,0
170310,1,1,1997,11,11,11,11,11,11,11,11,11,11
170310,2,1,1997,10,0,0,0,16,0,0,16,0,0
170311,1,1,1997,14,13,0,13,40,0,11,9,25,9
170311,2,1,1997,0,0,0,0,0,0,0,0,0,0
170312,1,1,1997,0,0,24,23,19,24,17,26,23,16
170313,1,1,1997,0,0,0,0,0,0,0,0,0,0
170313,2,1,1997,0,0,0,0,0,0,0,0,0,0
170314,1,1,1997,0,0,0,0,0,0,0,0,0,0
170315,1,1,1997,13,13,13,13,13,13,13,13,13,13
170315,2,1,1997,0,0,0,0,0,0,0,0,0,0
170316,1,1,1997,0,0,0,0,0,0,0,0,0,0
170316,2,1,1997,0,0,0,0,0,0,0,0,0,0
170317,1,1,1997,21,21,21,21,21,21,21,21,21,21
170318,0,1,1997,12,12,12,12,12,12,12,12,12,12
170318,1,1,1997,3,3,3,3,3,3,3,3,3,3
170319,1,1,1997,28,28,28,28,28,28,28,28,28,28
170320,1,1,1997,9,0,0,0,0,0,0,0,0,21
170320,2,1,1997,0,0,0,0,0,0,0,0,0,0
170321,1,1,1997,0,0,0,0,0,0,13,0,0,8
170321,2,1,1997,7,7,7,7,7,7,7,7,7,7
170322,1,1,1997,0,0,0,0,0,0,0,0,0,0
170322,2,1,1997,0,0,0,0,0,0,0,0,0,0
170322,3,1,1997,0,0,0,0,0,0,0,0,0,0
170322,4,1,1997,0,0,0,0,0,0,15,0,0,0
170323,1,1,1997,1,1,1,1,1,1,1,1,1,1
170323,2,1,1997,0,0,0,0,0,0,0,0,0,0
170324,0,1,1997,0,0,0,0,0,0,0,0,0,0
170324,1,1,1997,0,0,0,0,0,0,0,0,0,0
170325,1,1,1997,24,12,17,15,13,8,8,23,13,13
170326,1,1,1997,0,0,0,0,0,0,0,0,0,0
170327,1,1,1997,0,0,0,0,0,0,0,0,0,0
170327,2,1,1997,0,0,0,0,0,0,0,0,0,0
170328,1,1,1997,0,0,0,0,0,0,0,0,0,0
170329,1,1,1997,0,0,0,0,0,0,0,0,0,0
170329,2,1,1997,0,0,0,0,0,0,0,0,0,0
170330,1,1,1997,0,0,5,0,0,0,0,0,0,26
170331,0,1,1997,0,0,0,0,0,0,0,0,0,0
170331,1,1,1997,0,0,0,0,0,0,0,0,0,0
170332,1,1,1997,10,10,10,10,10,10,10,10,10,10
170332,2,1,1997,3,3,3,3,3,3,3,3,3,3
170333,1,1,1997,0,0,0,0,0,0,0,0,0,0
170333,2,1,1997,0,0,0,0,0,0,0,0,0,0
170334,1,1,1997,24,24,24,24,24,24,24,24,24,24
170335,1,1,1997,0,0,0,0,0,0,0,0,0,0
170336,1,1,1997,0,0,0,0,0,0,0,0,0,0
170336,2,1,1997,0,0,0,0,0,0,0,0,0,0
170337,1,1,1997,29,25,0,9,19,10,6,13,13,7
170337,2,1,1997,0,0,0,0,0,0,0,0,0,0
170338,1,1,1997,3,3,3,3,3,3,3,3,3,3
170339,1,1,1997,0,0,0,0,0,0,0,0,0,0
170339,2,1,1997,0,0,0,0,0,0,0,0,0,0
170340,1,1,1997,0,0,0,0,0,0,0,0,6,15
170341,1,1,1997,11,11,11,11,11,11,11,11,11,11
170342,0,1,1997,0,0,0,0,0,0,0,0,0,0
170342,1,1,1997,0,0,0,0,0,0,0,0,0,0
170343,0,1,1997,0,0,0,0,0,0,0,0,0,0
170343,1,1,1997,0,0,0,0,0,0,0,0,0,0
170343,2,1,1997,0,0,0,0,0,0,0,0,0,0
170344,1,1,1997,0,0,0,0,0,0,0,0,0,0
170344,2,1,1997,15,0,0,0,0,0,0,0,0,0
170345,1,1,1997,16,16,16,16,16,16,16,16,16,16
170346,1,1,1997,8,8,8,8,8,8,8,8,8,8
170347,1,1,1997,22,22,22,22,22,22,22,22,22,22
170347,2,1,1997,0,0,0,0,0,0,0,0,0,0
170348,1,1,1997,0,0,0,0,0,0,0,0,0,0
170348,2,1,1997,0,0,0,0,0,0,0,0,0,0
170349,1,1,1997,0,8,0,0,0,0,0,0,0,0
170349,2,1,1997,0,0,0,0,0,0,0,0,0,0
170350,0,1,1997,0,0,0,0,0,0,0,0,0,0
170350,0,2,1997,0,24,0,4,33,34,0,0,30,34
170350,1,1,1997,0,0,0,0,0,0,0,0,0,0
170351,1,1,1997,0,0,0,0,0,0,0,0,0,0
170352,1,1,1997,8,11,0,0,12,13,0,16,0,0
170353,0,1,1997,7,7,7,7,7,7,7,7,7,7
170353,1,1,1997,0,0,0,0,0,2,0,0,4,0
170354,1,1,1997,0,0,0,0,0,0,0,0,0,0
170355,0,1,1997,0,0,0,0,0,0,0,0,0,0
170355,1,1,1997,0,8,0,0,0,0,0,0,0,0
170356,0,1,1997,0,0,0,0,0,0,0,0,0,0
170356,1,1,1997,0,0,0,0,0,0,0,0,0,0
170357,0,1,1997,0,0,0,0,0,0,0,0,0,0
170357,1,1,1997,18,13,19,18,29,8,23,22,8,8
170358,1,1,1997,12,12,12,12,12,12,12,12,12,12
170359,1,1,1997,23,23,23,23,23,23,23,23,23,23
170359,2,1,1997,0,0,0,0,0,13,0,0,0,0
170360,1,1,1997,0,0,0,0,0,0,0,0,0,0
170361,1,1,1997,0,0,11,0,0,0,0,0,0,0
170361,2,1,1997,0,0,0,0,0,0,0,0,0,0
170361,3,1,1997,0,0,0,0,0,0,0,0,0,0
170362,1,1,1997,0,0,0,0,0,0,0,0,0,0
170363,1,1,1997,0,0,0,0,0,0,0,0,0,0
170364,1,1,1997,0,0,0,0,0,0,0,0,0,0
170364,2,1,1997,0,0,0,0,0,0,0,0,0,0
170365,0,1,1997,25,25,25,25,25,25,25,25,25,25
170365,1,1,1997,0,0,0,0,0,0,0,0,0,0
170366,1,1,1997,0,0,0,0,0,0,0,0,0,0
170367,1,1,1997,0,0,0,0,0,0,0,0,0,0
170367,2,1,1997,12,0,0,0,0,0,0,0,0,10
170368,1,1,1997,38,38,38,38,38,38,38,38,38,38
170369,0,1,1997,0,0,0,0,0,0,0,0,0,0
170369,1,1,1997,15,0,0,0,0,0,0,0,0,0
170370,1,1,1997,4,4,4,4,4,4,4,4,4,4
170371,1,1,1997,21,21,21,21,21,21,21,21,21,21
170372,1,1,1997,17,17,17,17,17,17,17,17,17,17
170373,1,1,1997,28,28,28,28,28,28,28,28,28,28
170374,1,1,1997,0,0,0,0,0,0,0,0,0,0
170374,2,1,1997,0,0,0,0,28,21,0,0,0,26
170375,1,1,1997,18,18,18,18,18,18,18,18,18,18
170376,1,1,1997,0,0,0,0,0,0,0,0,0,0
170376,2,1,1997,0,0,0,0,0,0,0,0,0,0
170377,1,1,1997,0,0,0,0,0,24,0,0,0,0
170377,2,1,1997,0,0,0,0,23,0,0,0,0,0
170378,1,1,1997,26,26,26,26,26,26,26,26,26,26
170379,1,1,1997,15,15,15,15,15,15,15,15,15,15
170379,2,1,1997,0,0,0,0,0,0,0,0,0,0
170380,1,1,1997,8,8,8,8,8,8,8,8,8,8
170380,2,1,1997,0,0,0,0,0,0,0,0,0,0
170381,1,1,1997,7,7,7,7,7,7,7,7,7,7
170382,1,1,1997,0,0,0,0,0,0,0,0,0,0
170383,1,1,1997,0,0,0,0,0,0,0,0,0,0
170384,1,1,1997,0,0,24,0,0,0,0,0,5,0
170385,1,1,1997,0,0,0,0,0,0,0,0,0,0
170386,1,1,1997,5,5,5,5,5,5,5,5,5,5
170386,2,1,1997,0,0,0,0,0,0,0,0,0,0
170386,3,1,1997,0,4,0,0,0,0,0,0,0,17
170387,1,1,1997,0,0,0,0,0,0,0,0,0,0
170388,1,1,1997,30,30,30,30,30,30,30,30,30,30
170388,2,1,1997,0,0,0,0,0,0,0,0,0,0
170389,1,1,1997,0,0,0,0,0,0,0,0,0,0
170389,2,1,1997,28,28,28,28,28,28,28,28,28,28
170390,1,1,1997,0,0,0,0,0,0,0,0,0,0
170391,1,1,1997,0,0,0,0,0,0,0,0,0,0
170391,2,1,1997,0,0,0,0,0,0,0,0,0,0
170392,1,1,1997,0,0,0,0,0,0,0,0,0,0
170393,1,1,1997,0,0,0,0,0,0,0,0,0,0
170393,2,1,1997,0,0,0,0,0,0,0,0,0,0
170394,1,1,1997,23,23,23,23,23,23,23,23,23,23
170395,1,1,1997,0,0,0,0,0,0,0,0,0,0
170396,1,1,1997,24,24,24,24,24,24,24,24,24,24
170397,0,1,1997,0,0,0,0,0,0,0,0,0,0
170397,0,2,1997,22,0,0,0,0,0,0,0,0,0
170397,0,3,1997,0,0,0,0,0,0,0,0,30,0
170397,1,1,1997,0,0,0,0,0,0,0,0,0,0
170398,1,1,1997,0,0,0,13,0,0,0,0,0,0
170399,1,1,1997,0,0,0,0,0,0,0,0,0,15
170399,2,1,1997,0,0,0,0,0,0,0,0,0,0
170400,1,1,1997,0,0,0,0,0,0,0,0,0,0
170400,2,1,1997,0,0,0,0,0,0,0,0,0,0
170400,3,1,1997,0,0,0,0,0,0,0,0,0,0
170400,4,1,1997,0,0,0,0,0,0,0,0,0,0
170401,1,1,1997,0,0,0,0,0,0,0,0,0,0
170402,0,1,1997,0,0,0,0,0,0,0,0,0,0
170402,1,1,1997,0,0,0,0,0,0,0,0,0,0
170403,1,1,1997,5,5,5,5,5,5,5,5,5,5
170403,2,1,1997,0,0,0,0,0,0,0,0,0,0
170404,1,1,1997,0,0,0,0,0,0,0,0,0,0
170405,1,1,1997,0,0,0,0,0,0,0,0,0,0
170405,2,1,1997,0,0,0,0,0,0,0,0,0,0
170406,1,1,1997,14,14,14,14,14,14,14,14,14,14
170407,0,1,1997,0,0,0,0,0,0,0,0,37,0
170407,1,1,1997,0,0,0,0,0,0,0,0,0,0
170408,1,1,1997,5,0,18,0,30,0,0,0,13,25
170408,2,1,1997,0,0,0,0,0,0,0,0,0,0
170409,1,1,1997,0,0,0,0,0,0,0,0,0,0
170409,2,1,1997,0,0,0,0,0,0,0,0,0,0
170410,0,1,1997,0,0,0,0,0,0,0,0,0,0
170410,1,1,1997,0,0,0,0,0,13,6,0,0,0
170410,2,1,1997,0,0,0,0,0,0,0,0,0,0
170411,1,1,1997,25,25,25,25,25,25,25,25,25,25
170412,1,1,1997,0,0,0,0,0,0,0,0,0,0
170412,2,1,1997,0,0,0,0,0,0,0,0,0,0
170413,1,1,1997,0,0,0,0,0,0,0,0,0,0
170413,2,1,1997,0,0,0,0,0,0,0,0,0,0
170414,1,1,1997,0,0,0,0,0,0,0,0,0,0
170415,0,1,1997,2,2,2,2,2,2,2,2,2,2
170415,1,1,1997,0,0,0,0,0,0,10,18,27,7
170416,1,1,1997,12,12,12,12,12,12,12,12,12,12
170417,1,1,1997,0,0,0,0,0,0,0,0,0,0
170418,1,1,1997,2,2,2,2,2,2,2,2,2,2
170419,1,1,1997,32,32,32,32,32,32,32,32,32,32
170420,1,1,1997,0,0,0,0,0,0,0,0,0,0
170420,2,1,1997,35,35,35,35,35,35,35,35,35,35
170421,0,1,1997,0,0,0,0,0,0,0,0,0,0
170421,1,1,1997,0,0,0,0,0,0,0,0,0,0
170422,1,1,1997,0,0,0,0,0,0,0,0,0,0
170423,1,1,1997,0,0,0,0,0,0,0,0,0,0
170423,2,1,1997,0,0,0,0,0,0,0,0,0,0
170424,1,1,1997,9,0,25,17,33,13,30,0,21,15
170425,1,1,1997,15,15,15,15,15,15,15,15,15,15
170426,1,1,1997,18,18,18,18,18,18,18,18,18,18
170426,2,1,1997,0,0,0,0,0,0,0,0,0,0
170427,1,1,1997,0,0,0,10,0,0,0,0,0,0
170427,2,1,1997,0,0,0,0,0,0,0,0,0,0
170428,1,1,1997,16,0,0,0,25,0,13,0,0,4
170429,1,1,1997,0,0,0,0,0,0,0,0,0,0
170430,1,1,1997,9,9,9,9,9,9,9,9,9,9
170430,2,1,1997,0,0,0,0,0,0,0,0,0,0
170431,1,1,1997,24,24,24,24,24,24,24,24,24,24
170431,2,1,1997,0,0,0,0,9,0,0,31,0,0
170431,3,1,1997,0,0,0,0,0,0,0,0,0,5
170432,1,1,1997,0,0,0,0,0,0,0,0,0,0
170432,2,1,1997,0,0,0,0,0,0,0,0,0,0
170433,1,1,1997,8,8,8,8,8,8,8,8,8,8
170433,2,1,1997,0,0,0,0,0,0,0,0,0,0
170434,1,1,1997,7,7,7,7,7,7,7,7,7,7
170434,2,1,1997,0,0,0,0,0,0,0,4,0,0
170435,1,1,1997,0,0,0,0,0,0,0,0,4,0
170435,2,1,1997,0,0,0,4,0,6,8,0,12,0
170436,1,1,1997,0,0,0,15,7,0,0,0,0,22
170437,1,1,1997,0,0,0,0,0,0,0,0,0,0
170437,2,1,1997,0,0,0,0,0,0,0,0,0,0
170438,0,1,1997,0,0,0,0,0,0,0,0,0,0
170438,1,1,1997,0,0,0,0,0,0,0,0,0,0
170439,0,1,1997,23,23,23,23,23,23,23,23,23,23
170439,1,1,1997,0,0,0,0,0,0,0,0,0,0
170440,1,1,1997,0,0,0,0,0,0,0,0,0,0
170440,2,1,1997,0,0,0,0,0,0,0,2,0,0
170441,1,1,1997,13,13,13,13,13,13,13,13,13,13
170441,2,1,1997,13,13,13,13,13,13,13,13,13,13
170442,1,1,1997,0,0,0,0,0,0,0,0,0,0
170442,2,1,1997,18,18,18,18,18,18,18,18,18,18
170443,1,1,1997,17,0,0,0,0,0,0,0,0,0
170443,2,1,1997,0,0,0,0,0,0,0,0,0,0
170443,3,1,1997,0,0,0,0,0,0,0,0,0,0
170443,4,1,1997,0,0,0,0,0,0,0,0,0,0
170444,1,1,1997,17,17,17,17,17,17,17,17,17,17
170445,1,1,1997,24,24,24,24,24,24,24,24,24,24
170446,1,1,1997,0,0,0,0,0,0,0,0,0,0
170446,2,1,1997,21,21,21,21,21,21,21,21,21,21
170447,1,1,1997,0,0,0,0,0,0,0,0,0,0
170447,2,1,1997,0,0,0,0,0,0,0,0,0,0
170448,0,1,1997,26,26,26,26,26,26,26,26,26,26
170448,1,1,1997,0,16,0,0,0,9,0,0,0,0
170449,1,1,1997,0,0,0,0,0,0,12,0,0,0
170449,2,1,1997,23,23,23,23,23,23,23,23,23,23
170450,0,1,1997,0,0,0,0,0,0,0,0,0,0
170450,1,1,1997,0,0,0,0,11,0,0,0,0,0
170451,1,1,1997,17,17,17,17,17,17,17,17,17,17
170452,1,1,1997,0,0,0,0,0,0,0,0,0,0
170453,1,1,1997,0,0,0,0,0,0,0,0,0,0
170454,1,1,1997,21,21,21,21,21,21,21,21,21,21
170455,1,1,1997,0,0,0,0,0,0,0,0,0,0
170456,1,1,1997,0,0,0,0,0,0,0,0,0,0
170457,1,1,1997,0,0,0,0,0,0,0,0,0,0
170458,1,1,1997,0,0,0,0,0,0,0,0,0,0
170458,2,1,1997,0,0,0,0,0,0,0,0,0,0
170459,1,1,1997,0,0,0,0,0,0,0,0,0,0
170460,1,1,1997,0,0,0,0,0,0,0,0,0,0
170460,2,1,1997,0,0,0,0,0,0,0,0,0,0
170461,1,1,1997,0,8,0,19,0,0,0,29,0,0
170462,1,1,1997,22,22,22,22,22,22,22,22,22,22
170463,1,1,1997,0,0,0,0,0,0,0,0,0,0
170464,1,1,1997,22,22,22,22,22,22,22,22,22,22
170464,2,1,1997,10,0,0,18,0,16,30,13,12,2
170465,1,1,1997,9,9,9,9,9,9,9,9,9,9
170466,1,1,1997,0,0,0,0,0,0,0,0,0,0
170467,1,1,1997,0,0,0,0,0,0,0,0,0,0
170467,2,1,1997,0,0,0,0,0,0,0,0,0,0
170468,0,1,1997,13,13,13,13,13,13,13,13,13,13
170468,1,1,1997,13,0,0,0,0,0,0,0,20,0
170469,1,1,1997,0,0,0,0,0,0,0,0,0,0
170470,0,1,1997,20,20,20,20,20,20,20,20,20,20
170470,1,1,1997,0,0,4,0,0,0,24,3,0,6
170471,1,1,1997,15,15,15,15,15,15,15,15,15,15
170472,1,1,1997,16,16,16,16,16,16,16,16,16,16
170473,1,1,1997,0,0,0,0,0,0,0,0,0,0
170474,1,1,1997,0,0,0,0,0,0,0,0,0,0
170474,2,1,1997,0,0,0,0,0,0,0,0,0,0
170475,1,1,1997,0,0,0,0,0,0,0,0,0,0
170475,2,1,1997,0,0,0,0,0,0,0,0,0,0
170476,1,1,1997,0,0,0,0,0,0,0,0,0,0
170476,2,1,1997,0,0,0,0,0,0,0,0,0,0
170477,0,1,1997,0,0,0,0,0,0,0,0,0,0
170477,1,1,1997,0,0,0,0,0,0,0,0,0,0
170478,1,1,1997,0,0,0,0,0,0,0,0,0,0
170479,1,1,1997,0,0,0,0,0,0,0,0,0,0
170479,2,1,1997,0,0,0,0,0,0,0,0,0,0
170480,1,1,1997,0,0,0,0,0,0,0,0,0,0
170480,2,1,1997,0,0,0,0,0,0,0,0,0,0
170481,1,1,1997,0,0,0,0,0,0,0,0,0,0
170481,2,1,1997,0,0,0,0,0,0,0,0,0,0
170482,1,1,1997,0,0,0,0,0,0,0,0,0,0
170482,2,1,1997,0,0,0,0,0,0,0,0,0,0
170483,1,1,1997,0,0,0,0,0,0,0,0,0,0
170484,1,1,1997,25,25,25,25,25,25,25,25,25,25
170485,1,1,1997,0,0,0,0,0,0,0,0,0,0
170486,1,1,1997,25,25,25,25,25,25,25,25,25,25
170486,2,1,1997,0,0,1,0,0,0,0,0,0,0
170487,1,1,1997,12,12,12,12,12,12,12,12,12,12
170488,1,1,1997,26,26,26,26,26,26,26,26,26,26
170488,2,1,1997,0,0,8,0,0,0,31,12,0,14
170489,0,1,1997,28,28,28,28,28,28,28,28,28,28
170489,1,1,1997,0,0,0,0,0,0,0,0,0,0
170490,1,1,1997,0,0,0,0,0,0,0,0,0,0
170490,2,1,1997,0,0,0,0,0,12,0,0,0,0
170491,1,1,1997,18,18,18,18,18,18,18,18,18,18
170491,2,1,1997,0,0,0,0,0,0,0,0,0,0
170491,3,1,1997,0,0,0,0,0,0,4,0,0,0
170492,1,1,1997,15,15,15,15,15,15,15,15,15,15
170493,0,1,1997,0,0,0,0,0,0,0,0,0,0
170493,1,1,1997,0,0,0,0,0,0,0,0,0,0
170494,1,1,1997,0,0,0,0,0,0,0,0,0,0
170494,2,1,1997,0,0,0,0,0,0,0,0,0,0
170495,1,1,1997,0,0,0,0,7,0,0,0,0,0
170496,1,1,1997,21,21,21,21,21,21,21,21,21,21
170497,1,1,1997,21,21,21,21,21,21,21,21,21,21
170498,1,1,1997,0,0,0,0,0,0,0,0,0,0
170499,1,1,1997,26,26,26,26,26,26,26,26,26,26