ST_CASE,VEH_NO,PER_NO,YEAR,P1,P2,P3,P4,P5,P6,P7,P8,P9,P10
170769,0,1,1997,0,0,0,0,0,0,0,0,0,0
170769,1,1,1997,20,20,20,20,20,20,20,20,20,20
170770,1,1,1997,0,0,0,0,0,0,11,0,0,0
170770,2,1,1997,19,19,19,19,19,19,19,19,19,19
170771,1,1,1997,15,21,0,0,0,0,30,14,12,20
170772,1,1,1997,9,10,16,21,16,4,14,8,13,16
170772,2,1,1997,0,0,0,0,0,0,0,0,0,0
170772,3,1,1997,0,0,0,0,0,0,11,0,0,0
170773,1,1,1997,0,0,0,0,0,0,0,0,0,0
170774,1,1,1997,10,10,10,10,10,10,10,10,10,10
170775,0,1,1997,0,4,16,6,0,13,0,0,24,19
170775,1,1,1997,0,0,0,0,0,0,0,0,20,0
170776,1,1,1997,0,0,0,0,0,0,0,0,0,0
170777,1,1,1997,20,20,20,20,20,20,20,20,20,20
170778,1,1,1997,0,0,0,0,0,0,0,0,0,0
170778,2,1,1997,0,0,0,0,0,0,0,0,0,0
170779,1,1,1997,0,0,0,0,0,0,0,0,0,0
170780,1,1,1997,0,0,0,0,0,0,0,0,0,0
170780,2,1,1997,0,0,0,0,0,0,0,0,0,0
170781,1,1,1997,0,0,0,0,0,0,0,0,9,0
170782,1,1,1997,10,10,10,10,10,10,10,10,10,10
170783,1,1,1997,0,0,0,0,0,0,0,0,0,0
170784,1,1,1997,29,29,29,29,29,29,29,29,29,29
170784,2,1,1997,0,0,0,0,0,0,0,0,0,0
170785,1,1,1997,0,0,0,0,0,0,0,0,0,0
170785,2,1,1997,0,0,0,0,0,0,0,0,0,0
170786,1,1,1997,0,0,0,0,0,0,0,0,0,0
170786,2,1,1997,0,0,0,0,0,0,0,0,0,0
170787,1,1,1997,0,0,0,0,0,0,0,0,0,0
170787,2,1,1997,0,0,7,0,0,0,0,0,0,0
170788,1,1,1997,15,15,15,15,15,15,15,15,15,15
170789,1,1,1997,0,0,0,0,0,0,0,0,0,0
170789,2,1,1997,0,0,0,0,0,0,0,0,0,0
170789,3,1,1997,0,0,0,0,0,0,0,0,0,0
170790,1,1,1997,0,0,0,0,22,0,0,36,15,0
170790,2,1,1997,0,0,0,0,0,0,0,0,0,0
170791,1,1,1997,0,0,0,0,0,0,0,0,0,0
170792,1,1,1997,0,0,0,0,0,0,0,0,0,0
170793,1,1,1997,0,0,0,0,0,0,0,0,0,0
170793,2,1,1997,0,0,0,0,0,0,0,0,0,0
170794,1,1,1997,0,0,0,0,0,0,0,0,0,0
170794,2,1,1997,0,0,0,0,13,7,13,0,16,0
170795,1,1,1997,23,23,23,23,23,23,23,23,23,23
170796,1,1,1997,0,0,0,0,0,0,0,0,0,0
170796,2,1,1997,0,0,0,0,0,0,0,0,0,0
170798,1,1,1997,19,19,19,19,19,19,19,19,19,19
170799,1,1,1997,19,19,19,19,19,19,19,19,19,19
170800,1,1,1997,18,18,18,18,18,18,18,18,18,18
170801,1,1,1997,0,0,0,0,0,0,0,0,0,0
170801,2,1,1997,0,0,0,0,0,0,0,0,0,20
170802,1,1,1997,0,0,0,0,0,0,0,0,0,0
170802,2,1,1997,0,0,0,0,0,0,0,0,0,0
170803,1,1,1997,0,0,0,0,0,0,0,0,0,0
170803,2,1,1997,0,0,0,0,0,0,0,0,0,0
170804,0,1,1997,15,15,15,15,15,15,15,15,15,15
170804,1,1,1997,0,0,0,7,0,0,0,0,0,0
170805,1,1,1997,0,0,0,0,0,0,0,0,0,0
170805,2,1,1997,0,0,0,0,0,0,0,0,0,0
170806,0,1,1997,0,0,0,0,0,0,0,0,0,0
170806,1,1,1997,0,0,0,0,0,0,0,0,22,0
170807,1,1,1997,0,0,0,0,0,0,0,0,0,0
170807,2,1,1997,0,0,0,0,0,0,0,0,0,0
170807,3,1,1997,0,0,0,0,0,0,0,0,0,0
170808,1,1,1997,0,0,0,0,0,0,0,0,0,0
170808,2,1,1997,1,1,1,1,1,1,1,1,1,1
170809,1,1,1997,1,1,1,1,1,1,1,1,1,1
170809,2,1,1997,0,0,0,0,0,0,0,0,0,0
170810,1,1,1997,0,0,0,0,0,0,0,0,0,0
170810,2,1,1997,0,0,0,0,0,0,0,0,0,0
170811,1,1,1997,0,0,0,0,0,0,0,0,0,0
170811,2,1,1997,0,0,0,0,0,0,0,0,0,0
170811,3,1,1997,0,0,0,0,0,0,0,0,0,0
170812,1,1,1997,0,0,0,0,0,0,0,0,0,0
170812,2,1,1997,0,0,0,0,0,0,0,0,0,0
170813,0,1,1997,0,0,0,0,0,0,0,0,0,0
170813,1,1,1997,0,0,11,0,19,2,0,0,26,4
170814,1,1,1997,0,0,0,0,0,0,0,0,0,0
170814,2,1,1997,0,0,0,0,0,0,0,0,0,0
170815,1,1,1997,0,0,0,0,0,0,0,0,0,0
170815,2,1,1997,0,0,0,19,0,0,0,0,27,0
170816,1,1,1997,0,0,0,0,0,0,0,0,0,0
170817,1,1,1997,4,0,0,0,0,0,0,0,0,0
170818,1,1,1997,0,0,0,0,0,0,0,0,0,0
170819,1,1,1997,0,0,0,0,11,0,0,24,30,12
170819,2,1,1997,0,0,0,0,0,0,0,0,0,0
170820,0,1,1997,0,0,0,0,0,0,0,0,0,0
170820,1,1,1997,0,7,0,0,0,0,9,0,0,0
170821,1,1,1997,0,0,0,0,0,0,0,0,0,0
170822,1,1,1997,13,13,13,13,13,13,13,13,13,13
170823,1,1,1997,0,0,0,0,0,0,0,0,0,0
170823,2,1,1997,0,0,0,0,0,0,0,0,0,0
170824,1,1,1997,12,12,12,12,12,12,12,12,12,12
170825,1,1,1997,0,0,0,0,0,0,0,0,0,0
170825,2,1,1997,0,0,0,0,0,0,0,0,0,0
170825,3,1,1997,0,0,0,0,0,0,0,0,0,0
170826,1,1,1997,0,0,0,0,0,0,0,0,0,0
170827,1,1,1997,0,0,0,0,0,0,0,0,0,0
170827,2,1,1997,0,0,0,0,0,0,0,0,10,0
170828,0,1,1997,0,0,0,0,0,0,0,0,0,0
170828,1,1,1997,0,0,0,0,0,0,0,0,0,0
170829,1,1,1997,0,0,0,0,0,0,0,0,0,0
170829,2,1,1997,0,0,0,0,0,0,0,0,0,0
170830,1,1,1997,0,0,0,0,0,0,0,0,0,0
170830,2,1,1997,0,0,0,0,0,0,0,0,0,0
170831,1,1,1997,1,1,1,1,1,1,1,1,1,1
170831,2,1,1997,0,0,0,0,0,0,12,0,0,0
170832,1,1,1997,14,14,14,14,14,14,14,14,14,14
170832,2,1,1997,14,14,14,14,14,14,14,14,14,14
170833,1,1,1997,9,9,9,9,9,9,9,9,9,9
170834,0,1,1997,0,0,0,0,0,0,0,0,0,0
170834,1,1,1997,0,0,0,0,0,0,0,0,0,0
170835,1,1,1997,0,0,0,0,0,0,0,0,0,0
170835,2,1,1997,0,0,0,0,0,0,0,0,0,0
170835,3,1,1997,1,1,1,1,1,1,1,1,1,1
170836,1,1,1997,0,0,0,0,0,0,0,0,0,0
170837,0,1,1997,26,26,26,26,26,26,26,26,26,26
170837,1,1,1997,10,3,0,0,0,0,0,0,0,0
170838,0,1,1997,9,9,9,9,9,9,9,9,9,9
170838,1,1,1997,0,0,0,0,0,0,0,0,0,0
170839,1,1,1997,18,18,18,18,18,18,18,18,18,18
170840,1,1,1997,0,0,0,0,0,0,0,0,0,0
170840,2,1,1997,0,0,0,0,0,0,0,0,0,0
170841,1,1,1997,23,23,23,23,23,23,23,23,23,23
170842,1,1,1997,24,24,24,24,24,24,24,24,24,24
170842,2,1,1997,0,0,0,0,0,0,0,0,0,9
170843,0,1,1997,0,0,0,0,0,0,0,0,0,0
170843,1,1,1997,0,0,0,0,0,0,0,0,0,0
170844,1,1,1997,6,15,24,0,0,23,11,0,0,0
170845,0,1,1997,0,0,0,0,0,0,0,0,0,0
170845,1,1,1997,0,0,0,0,0,0,0,0,0,0
170846,1,1,1997,0,0,0,0,0,0,0,0,0,0
170846,2,1,1997,0,0,0,0,0,0,0,0,0,0
170847,1,1,1997,0,0,0,0,0,0,0,0,0,0
170847,2,1,1997,0,0,0,0,0,0,0,0,0,0
170848,1,1,1997,0,0,0,0,0,0,0,0,0,0
170848,2,1,1997,0,0,0,0,0,0,0,0,0,0
170849,1,1,1997,15,15,15,15,15,15,15,15,15,15
170849,2,1,1997,0,0,0,0,0,0,0,0,0,0
170850,1,1,1997,10,10,10,10,10,10,10,10,10,10
170850,2,1,1997,0,0,0,0,0,0,0,0,0,0
170851,1,1,1997,30,30,30,30,30,30,30,30,30,30
170852,1,1,1997,10,10,10,10,10,10,10,10,10,10
170852,2,1,1997,0,0,0,0,0,0,0,0,0,0
170853,1,1,1997,5,5,5,5,5,5,5,5,5,5
170854,1,1,1997,20,20,20,20,20,20,20,20,20,20
170855,0,1,1997,0,0,0,0,0,0,0,0,0,0
170855,1,1,1997,0,0,0,0,0,0,24,0,0,0
170856,1,1,1997,0,0,0,0,0,0,0,0,0,0
170857,1,1,1997,0,0,0,0,0,0,0,0,0,0
170858,1,1,1997,7,7,7,7,7,7,7,7,7,7
170859,1,1,1997,0,0,0,0,0,0,0,0,0,0
170859,2,1,1997,0,0,0,0,0,0,0,0,0,0
170860,1,1,1997,0,0,0,0,0,0,0,0,0,0
170860,2,1,1997,0,0,0,0,0,0,0,0,0,0
170861,1,1,1997,0,0,0,0,0,0,0,0,0,0
170861,2,1,1997,0,0,0,0,0,0,0,0,0,0
170861,3,1,1997,0,0,0,0,0,0,0,0,0,0
170862,0,1,1997,0,0,0,0,0,0,0,0,0,0
170862,1,1,1997,0,0,0,0,0,0,0,0,0,0
170862,2,1,1997,0,0,0,0,0,0,0,0,0,0
170863,1,1,1997,0,0,0,0,0,0,0,0,0,0
170863,2,1,1997,0,0,0,0,0,0,0,0,0,0
170864,1,1,1997,0,0,0,0,0,0,0,0,0,0
170864,2,1,1997,0,0,0,0,0,0,0,0,0,0
170865,1,1,1997,0,0,0,0,0,0,0,0,0,0
170865,2,1,1997,0,0,0,0,0,0,0,0,0,0
170865,3,1,1997,0,0,0,0,9,0,0,0,0,0
170866,0,1,1997,0,0,0,0,0,0,0,0,0,0
170866,1,1,1997,0,0,0,21,0,0,0,0,0,0
170867,1,1,1997,0,0,0,0,0,0,0,0,0,0
170867,2,1,1997,0,0,0,0,0,0,0,0,0,0
170867,3,1,1997,0,0,0,0,0,0,0,0,0,0
170868,1,1,1997,0,0,0,0,0,0,0,0,0,0
170868,2,1,1997,0,0,0,0,0,0,0,0,0,0
170869,0,1,1997,0,0,0,0,0,0,0,0,0,0
170869,0,2,1997,16,22,0,5,3,14,0,12,0,0
170869,1,1,1997,4,4,4,4,4,4,4,4,4,4
170870,1,1,1997,0,0,0,0,0,0,0,0,0,0
170871,1,1,1997,0,0,0,26,0,0,0,0,0,0
170872,1,1,1997,0,0,0,0,0,0,0,0,0,0
170872,2,1,1997,0,0,0,0,0,0,0,0,0,0
170873,1,1,1997,0,0,0,0,0,0,0,0,0,0
170873,2,1,1997,0,0,0,0,0,0,0,0,0,0
170874,1,1,1997,24,24,24,24,24,24,24,24,24,24
170875,1,1,1997,6,6,6,6,6,6,6,6,6,6
170875,2,1,1997,0,0,0,0,0,0,0,0,0,0
170876,1,1,1997,6,6,6,6,6,6,6,6,6,6
170876,2,1,1997,0,0,0,0,0,0,0,0,0,0
170877,1,1,1997,0,0,0,0,0,0,0,0,0,0
170877,2,1,1997,0,0,0,0,0,0,0,0,0,0
170878,1,1,1997,0,0,0,0,0,0,0,0,0,0
170878,2,1,1997,0,0,0,0,0,0,0,0,0,0
170879,1,1,1997,26,26,26,26,26,26,26,26,26,26
170880,1,1,1997,0,0,0,0,0,0,0,0,0,0
170880,2,1,1997,0,15,0,18,0,0,16,0,0,10
170881,1,1,1997,23,31,19,0,25,0,17,0,29,23
170882,0,1,1997,0,0,0,0,0,0,0,0,0,0
170882,1,1,1997,0,0,0,0,0,0,0,0,0,0
170883,1,1,1997,19,19,19,19,19,19,19,19,19,19
170884,1,1,1997,0,0,0,0,0,0,0,0,0,0
170884,2,1,1997,0,0,0,0,0,0,0,0,0,0
170885,1,1,1997,0,0,0,0,0,0,0,0,0,0
170885,2,1,1997,0,0,0,0,0,0,0,0,0,0
170886,1,1,1997,0,0,0,0,0,0,0,0,0,0
170887,1,1,1997,21,21,21,21,21,21,21,21,21,21
170888,1,1,1997,0,0,0,0,0,0,0,0,0,0
170889,1,1,1997,17,17,17,17,17,17,17,17,17,17
170889,2,1,1997,0,0,0,0,0,0,0,0,0,0
170890,1,1,1997,12,12,12,12,12,12,12,12,12,12
170891,1,1,1997,10,10,10,10,10,10,10,10,10,10
170891,2,1,1997,21,21,21,21,21,21,21,21,21,21
170892,0,1,1997,0,0,0,0,0,0,0,0,0,0
170892,1,1,1997,0,0,0,0,0,0,0,0,0,0
170893,1,1,1997,29,29,29,29,29,29,29,29,29,29
170894,1,1,1997,12,12,12,12,12,12,12,12,12,12
170895,1,1,1997,0,0,0,0,0,0,0,0,0,0
170895,2,1,1997,0,0,0,0,0,0,0,0,0,0
170896,1,1,1997,0,0,0,0,0,0,0,0,0,0
170896,2,1,1997,0,0,0,0,0,0,0,0,0,0
170897,1,1,1997,38,38,38,38,38,38,38,38,38,38
170897,2,1,1997,0,0,10,0,0,0,0,0,0,0
170898,1,1,1997,0,0,0,0,0,0,0,0,0,0
170899,1,1,1997,9,9,9,9,9,9,9,9,9,9
170900,1,1,1997,25,25,25,25,25,25,25,25,25,25
170901,1,1,1997,0,0,0,0,0,0,0,0,0,0
170902,1,1,1997,2,2,2,2,2,2,2,2,2,2
170903,1,1,1997,12,12,12,12,12,12,12,12,12,12
170903,2,1,1997,0,0,0,0,0,0,0,0,0,0
170904,1,1,1997,23,23,23,23,23,23,23,23,23,23
170905,0,1,1997,0,0,0,0,0,0,0,0,0,24
170905,1,1,1997,0,0,0,0,0,0,0,0,0,0
170906,1,1,1997,29,19,27,20,19,30,29,17,16,17
170907,1,1,1997,10,10,10,10,10,10,10,10,10,10
170908,0,1,1997,0,0,0,0,0,0,0,0,0,0
170908,0,2,1997,12,0,24,10,37,0,18,0,0,13
170908,1,1,1997,0,0,0,0,0,0,0,0,0,0
170909,1,1,1997,0,0,0,0,0,0,0,0,0,0
170909,2,1,1997,0,0,0,0,0,0,0,0,0,0
170910,0,1,1997,0,0,0,0,0,0,0,0,0,0
170910,1,1,1997,0,0,0,0,0,0,0,0,0,0
170911,1,1,1997,0,0,0,0,0,0,0,0,0,0
170911,2,1,1997,0,6,0,0,0,0,0,0,0,0
170912,1,1,1997,0,0,0,0,0,0,0,0,0,0
170913,1,1,1997,24,7,0,9,17,20,12,14,5,13
170914,1,1,1997,0,0,0,0,0,0,0,0,0,0
170915,1,1,1997,0,0,0,0,0,0,0,0,0,0
170916,0,1,1997,0,0,0,0,0,0,0,0,0,0
170916,1,1,1997,0,0,0,0,0,0,0,0,0,0
170917,1,1,1997,0,0,0,0,0,0,0,0,0,0
170917,2,1,1997,0,0,0,0,0,0,0,0,0,0
170918,1,1,1997,18,18,18,18,18,18,18,18,18,18
170919,1,1,1997,0,0,0,0,0,0,0,0,0,0
170919,2,1,1997,0,8,17,0,0,0,0,0,0,0
170920,1,1,1997,0,0,0,7,0,3,0,0,0,0
170920,2,1,1997,0,0,0,0,0,0,0,0,0,0
170921,1,1,1997,9,9,9,9,9,9,9,9,9,9
170921,2,1,1997,0,0,0,0,0,0,0,0,0,0
170922,1,1,1997,0,0,0,0,0,0,0,0,0,0
170922,2,1,1997,0,0,0,0,0,0,0,0,0,0
170922,3,1,1997,0,0,0,0,0,0,0,0,0,0
170923,1,1,1997,15,15,15,15,15,15,15,15,15,15
170924,1,1,1997,0,13,12,0,0,16,0,6,0,0
170924,2,1,1997,6,6,6,6,6,6,6,6,6,6
170925,1,1,1997,0,0,0,0,0,0,0,0,0,0
170927,1,1,1997,0,0,0,0,0,0,0,0,0,0
170927,2,1,1997,0,0,0,0,0,0,0,0,0,0
170928,0,1,1997,0,0,0,0,0,0,0,0,0,0
170928,1,1,1997,0,0,0,0,0,0,0,0,0,0
170929,1,1,1997,0,0,0,0,0,0,0,0,0,0
170929,2,1,1997,0,0,0,0,0,0,0,0,0,0
170930,0,1,1997,0,0,0,0,0,0,0,0,0,0
170930,0,2,1997,0,0,0,0,14,0,0,0,0,0
170930,0,3,1997,0,0,0,0,0,0,0,23,0,0
170930,0,4,1997,0,0,0,0,0,0,0,0,0,0
170930,0,5,1997,20,0,0,0,0,0,0,0,0,0
170930,0,6,1997,0,0,0,11,0,0,0,9,0,0
170930,0,7,1997,24,9,0,0,16,0,0,0,0,0
170930,0,8,1997,0,0,38,27,25,0,0,22,0,0
170930,1,1,1997,0,0,0,0,0,0,0,0,0,0
170930,2,1,1997,0,0,0,0,0,0,0,0,0,0
170930,3,1,1997,0,0,0,0,0,0,0,0,0,0
170931,1,1,1997,0,0,0,0,0,0,0,0,0,0
170931,2,1,1997,0,0,0,0,0,0,0,0,0,0
170932,1,1,1997,0,0,0,0,0,0,0,0,0,0
170933,0,1,1997,0,0,0,0,0,0,0,0,0,0
170933,1,1,1997,0,0,0,0,0,0,0,0,0,0
170934,1,1,1997,0,0,0,0,0,0,0,0,0,0
170934,2,1,1997,0,0,0,0,0,0,0,0,0,0
170935,1,1,1997,0,0,0,0,0,0,0,0,0,0
170935,2,1,1997,0,0,0,0,0,0,0,0,0,0
170935,3,1,1997,0,0,0,0,0,0,0,0,0,0
170936,1,1,1997,0,0,0,0,0,0,0,0,0,0
170936,2,1,1997,0,0,0,0,0,0,0,0,0,0
170937,1,1,1997,0,0,0,0,0,0,0,0,0,0
170937,2,1,1997,0,0,0,0,0,0,0,0,0,0
170937,3,1,1997,0,0,0,0,0,0,0,0,0,0
170938,1,1,1997,0,0,0,0,0,0,0,0,0,0
170938,2,1,1997,0,0,0,0,0,0,0,0,0,0
170939,1,1,1997,39,0,11,8,12,6,0,0,0,0
170940,1,1,1997,0,0,0,0,0,0,0,0,0,0
170940,2,1,1997,0,0,0,0,0,0,0,0,0,0
170941,0,1,1997,0,27,4,16,22,11,24,19,36,21
170941,1,1,1997,5,0,4,0,12,12,14,0,0,0
170942,1,1,1997,9,9,9,9,9,9,9,9,9,9
170942,2,1,1997,19,0,0,0,14,0,19,0,0,0
170943,1,1,1997,14,14,14,14,14,14,14,14,14,14
170944,1,1,1997,12,12,12,12,12,12,12,12,12,12
170945,1,1,1997,0,0,17,0,0,0,0,0,0,12
170945,2,1,1997,0,0,0,0,0,0,0,0,0,0
170946,1,1,1997,0,0,0,0,0,0,0,0,0,0
170947,1,1,1997,0,0,0,0,0,0,0,0,0,0
170948,1,1,1997,0,0,0,0,0,0,0,0,0,0
170949,1,1,1997,7,7,7,7,7,7,7,7,7,7
170949,2,1,1997,0,13,10,0,0,0,0,0,0,0
170950,1,1,1997,19,7,14,0,0,6,0,14,0,0
170951,0,1,1997,0,0,0,0,0,0,0,0,0,0
170951,1,1,1997,0,0,0,0,0,0,0,0,0,0
170952,1,1,1997,0,0,0,0,0,0,0,0,0,0
170952,2,1,1997,0,0,0,0,0,0,0,0,0,0
170953,1,1,1997,0,0,0,0,0,0,0,0,0,0
170954,1,1,1997,2,2,2,2,2,2,2,2,2,2
170954,2,1,1997,0,0,0,0,0,0,0,0,0,13
170955,1,1,1997,0,0,0,0,0,0,0,0,0,0
170955,2,1,1997,0,0,0,0,0,0,0,0,0,0
170956,1,1,1997,10,10,10,10,10,10,10,10,10,10
170957,1,1,1997,0,0,0,0,0,0,0,0,0,0
170957,2,1,1997,0,0,0,0,0,0,0,0,0,0
170958,1,1,1997,26,26,26,26,26,26,26,26,26,26
170958,2,1,1997,0,0,0,0,0,0,0,0,0,0
170958,3,1,1997,0,0,0,0,0,0,0,0,0,0
170958,4,1,1997,0,0,0,0,0,0,0,0,0,0
170959,0,1,1997,14,14,14,14,14,14,14,14,14,14
170959,1,1,1997,0,0,0,0,0,0,0,0,0,0
170960,1,1,1997,0,0,0,0,0,0,0,0,0,0
170960,2,1,1997,0,0,0,0,24,0,0,0,0,9
170961,1,1,1997,0,19,0,0,10,25,0,0,0,36
170962,1,1,1997,29,29,29,29,29,29,29,29,29,29
170963,1,1,1997,17,17,17,17,17,17,17,17,17,17
170964,0,1,1997,0,0,0,0,0,0,0,0,0,0
170964,1,1,1997,0,0,0,0,0,0,0,0,0,0
170965,1,1,1997,5,5,5,5,5,5,5,5,5,5
170966,1,1,1997,19,19,19,19,19,19,19,19,19,19
170967,1,1,1997,0,0,0,0,0,0,0,0,0,0
170968,0,1,1997,0,0,0,0,0,0,0,0,0,0
170968,1,1,1997,0,0,0,0,0,0,0,0,0,22
170969,1,1,1997,0,0,0,0,0,0,0,0,0,0
170970,0,1,1997,19,19,19,19,19,19,19,19,19,19
170970,1,1,1997,0,0,0,0,0,0,0,0,0,0
170971,0,3,1997,24,24,0,15,14,10,0,15,0,0
170971,0,4,1997,0,0,0,0,0,0,0,0,0,0
170971,0,5,1997,0,16,0,0,0,0,0,0,16,11
170971,0,6,1997,0,0,0,0,0,0,0,15,8,0
170971,0,7,1997,0,0,0,21,27,15,0,15,17,21
170971,1,1,1997,0,0,0,0,0,0,0,0,0,0
170972,1,1,1997,0,0,0,0,0,0,0,0,0,0
170972,2,1,1997,0,0,0,0,0,0,0,0,0,0
170972,3,1,1997,0,0,0,0,0,0,0,0,0,0
170973,1,1,1997,18,0,0,0,0,0,0,0,0,0
170973,2,1,1997,0,0,0,0,0,0,0,0,0,0
170974,0,1,1997,0,0,0,0,0,0,0,0,0,0
170974,1,1,1997,0,0,0,0,0,0,0,0,0,0
170975,1,1,1997,0,0,0,0,0,0,0,0,0,0
170976,1,1,1997,0,0,0,0,0,0,0,0,0,14
170976,2,1,1997,0,0,0,10,0,15,0,0,0,0
170977,1,1,1997,0,0,0,0,0,0,0,0,0,0
170977,2,1,1997,0,0,0,0,0,0,0,0,0,0
170977,3,1,1997,0,0,0,0,0,0,0,0,0,0
170977,4,1,1997,0,0,0,0,0,0,0,0,0,0
170977,5,1,1997,0,0,0,0,0,0,0,0,0,0
170978,0,1,1997,0,0,0,0,0,0,0,0,0,0
170978,1,1,1997,0,0,0,0,0,0,0,0,0,0
170979,1,1,1997,9,9,9,9,9,9,9,9,9,9
170979,2,1,1997,0,0,0,0,0,0,0,0,0,0
170980,1,1,1997,0,0,0,0,0,0,0,0,0,0
170980,2,1,1997,0,0,0,0,0,8,0,0,0,0
170981,1,1,1997,0,0,0,0,0,0,9,0,0,0
170981,2,1,1997,0,0,0,0,0,0,0,0,0,0
170982,1,1,1997,12,12,12,12,12,12,12,12,12,12
170983,1,1,1997,3,3,3,3,3,3,3,3,3,3
170984,1,1,1997,3,3,3,3,3,3,3,3,3,3
170984,2,1,1997,0,0,0,0,0,0,0,0,0,0
170985,1,1,1997,12,12,12,12,12,12,12,12,12,12
170986,1,1,1997,0,0,0,6,0,0,0,0,0,0
170986,2,1,1997,13,0,0,0,0,0,0,0,0,0
170987,1,1,1997,0,0,0,0,0,0,0,0,0,0
170987,2,1,1997,0,0,0,0,0,0,0,0,0,0
170988,1,1,1997,13,13,13,13,13,13,13,13,13,13
170989,1,1,1997,0,7,0,0,0,0,0,3,0,0
170989,2,1,1997,0,0,0,0,0,0,0,0,0,0
170990,1,1,1997,0,0,0,0,0,0,0,0,0,0
170991,0,1,1997,22,22,22,22,22,22,22,22,22,22
170991,1,1,1997,0,0,0,0,0,0,0,0,0,0
170992,0,1,1997,0,0,0,0,0,0,0,0,0,0
170992,1,1,1997,0,0,0,0,0,0,0,0,0,0
170993,1,1,1997,0,0,0,0,0,0,0,0,0,0
170993,2,1,1997,0,0,0,0,0,0,0,0,0,0
170994,0,1,1997,16,0,0,0,0,0,0,0,23,0
170994,0,2,1997,0,0,0,0,0,0,0,0,18,21
170994,1,1,1997,1,1,1,1,1,1,1,1,1,1
170995,1,1,1997,0,0,6,0,0,0,0,0,0,0
170995,2,1,1997,0,0,0,0,0,0,0,0,0,0
170996,1,1,1997,4,4,4,4,4,4,4,4,4,4
170997,1,1,1997,16,16,16,16,16,16,16,16,16,16
170997,2,1,1997,16,16,16,16,16,16,16,16,16,16
170998,1,1,1997,0,0,0,0,0,0,0,0,0,0
170999,0,1,1997,0,0,0,0,0,0,0,0,0,0
170999,1,1,1997,0,0,0,0,0,0,0,0,0,0
171000,0,1,1997,26,26,26,26,26,26,26,26,26,26
171000,0,2,1997,0,0,0,13,32,0,0,24,17,0
171000,1,1,1997,14,14,14,14,14,14,14,14,14,14
171001,1,1,1997,0,0,0,0,0,0,0,0,0,0
171001,2,1,1997,0,0,0,0,0,0,0,0,0,0
171002,1,1,1997,18,18,18,18,18,18,18,18,18,18
171002,2,1,1997,0,0,0,0,0,0,0,0,0,0
171003,1,1,1997,0,0,0,0,0,0,0,0,0,0
171003,2,1,1997,0,0,0,0,0,0,0,0,0,0
171003,3,1,1997,0,0,0,0,0,0,0,0,0,0
171004,1,1,1997,9,9,9,9,9,9,9,9,9,9
171004,2,1,1997,0,0,0,0,0,0,0,0,0,0
171005,1,1,1997,19,19,19,19,19,19,19,19,19,19
171006,0,1,1997,0,0,0,0,0,0,0,0,0,0
171006,1,1,1997,3,3,3,3,3,3,3,3,3,3
171007,1,1,1997,12,12,12,12,12,12,12,12,12,12
171007,2,1,1997,0,0,0,5,0,0,0,0,0,0
171008,1,1,1997,0,0,0,0,0,0,0,0,0,0
171008,2,1,1997,0,0,0,0,0,0,0,0,0,0
171009,0,1,1997,6,23,0,30,35,25,0,0,32,25
171009,0,2,1997,11,11,11,11,11,11,11,11,11,11
171009,1,1,1997,8,8,8,8,8,8,8,8,8,8
171010,1,1,1997,0,0,0,0,0,0,0,0,0,0
171010,2,1,1997,0,0,0,0,0,0,0,0,0,0
171011,1,1,1997,0,0,18,0,0,0,0,8,0,0
171012,1,1,1997,0,0,0,0,0,0,0,0,0,0
171012,2,1,1997,0,17,0,0,19,0,0,0,0,0
171013,1,1,1997,0,0,0,0,0,0,0,0,0,0
171013,2,1,1997,0,0,0,0,0,0,0,0,0,0
171014,1,1,1997,17,17,17,17,17,17,17,17,17,17
171016,1,1,1997,15,15,15,15,15,15,15,15,15,15
171017,0,1,1997,0,0,0,0,0,0,0,0,0,0
171017,1,1,1997,0,0,0,0,0,0,0,0,0,0
171018,1,1,1997,0,7,36,12,29,0,18,24,11,0
171019,1,1,1997,0,0,0,0,0,0,0,0,0,0
171019,2,1,1997,0,0,0,0,0,0,0,0,0,0
171020,0,1,1997,16,16,16,16,16,16,16,16,16,16
171020,1,1,1997,19,19,19,19,19,19,19,19,19,19
171021,1,1,1997,0,0,19,0,0,0,0,0,0,0
171021,2,1,1997,0,0,0,0,0,0,0,0,0,0
171022,0,1,1997,14,14,14,14,14,14,14,14,14,14
171022,1,1,1997,5,5,5,5,5,5,5,5,5,5
171023,1,1,1997,0,0,0,0,0,0,0,0,0,0
171023,2,1,1997,0,0,0,0,0,0,0,0,0,0
171024,1,1,1997,7,7,7,7,7,7,7,7,7,7
171024,2,1,1997,0,0,0,0,0,0,0,0,0,0
171024,3,1,1997,0,0,0,0,0,0,0,0,0,0
171025,1,1,1997,15,15,15,15,15,15,15,15,15,15
171026,1,1,1997,0,0,0,0,0,0,0,0,0,0
171027,0,1,1997,0,0,0,0,0,0,0,0,0,0
171027,1,1,1997,0,11,0,0,0,0,0,0,0,0
171028,1,1,1997,0,0,0,0,0,0,0,0,0,0