ST_CASE,VEH_NO,PER_NO,YEAR,P1,P2,P3,P4,P5,P6,P7,P8,P9,P10
171029,1,1,1997,0,0,0,0,0,0,0,0,0,0
171030,1,1,1997,0,0,0,0,0,0,0,0,0,0
171030,2,1,1997,0,0,0,0,0,0,0,0,0,0
171031,0,1,1997,0,0,0,0,0,0,0,0,0,0
171031,1,1,1997,0,0,0,0,0,0,0,0,0,0
171032,1,1,1997,0,0,0,0,0,0,0,0,0,0
171032,2,1,1997,0,0,0,0,0,0,0,0,0,0
171032,3,1,1997,0,0,0,0,0,0,0,0,0,0
171033,1,1,1997,0,0,0,0,0,0,0,0,0,0
171033,2,1,1997,0,0,0,0,0,0,0,0,0,0
171033,3,1,1997,0,0,0,0,0,0,0,0,0,0
171034,0,1,1997,0,0,0,0,0,0,0,0,0,0
171034,0,2,1997,24,0,20,24,0,0,19,0,0,13
171034,1,1,1997,0,0,0,0,0,0,0,0,0,0
171035,1,1,1997,26,10,7,7,16,6,9,9,14,14
171036,1,1,1997,19,19,19,19,19,19,19,19,19,19
171037,1,1,1997,15,15,15,15,15,15,15,15,15,15
171037,2,1,1997,0,0,0,0,0,0,0,0,0,19
171038,0,1,1997,0,0,0,0,0,0,0,16,0,0
171038,1,1,1997,1,1,1,1,1,1,1,1,1,1
171039,1,1,1997,23,23,23,23,23,23,23,23,23,23
171040,0,1,1997,0,0,0,0,0,0,0,0,0,0
171040,1,1,1997,0,0,0,0,0,0,0,0,0,0
171041,1,1,1997,0,0,0,0,0,0,0,0,0,0
171041,2,1,1997,0,0,0,0,0,0,0,0,0,0
171042,1,1,1997,25,25,25,25,25,25,25,25,25,25
171043,1,1,1997,0,0,0,0,0,0,0,0,0,0
171043,2,1,1997,0,0,0,0,0,0,0,0,0,0
171044,1,1,1997,0,0,0,0,0,0,0,0,0,0
171044,2,1,1997,0,0,0,0,0,0,0,0,0,0
171045,1,1,1997,0,0,0,0,0,0,0,0,0,0
171045,2,1,1997,0,0,0,0,0,0,0,0,0,0
171046,1,1,1997,0,0,0,0,0,0,0,0,0,0
171047,0,1,1997,0,0,0,0,0,0,0,0,0,0
171047,1,1,1997,0,0,0,0,0,0,0,0,0,0
171048,1,1,1997,12,12,12,12,12,12,12,12,12,12
171049,0,1,1997,0,29,0,11,0,0,0,32,0,29
171049,1,1,1997,0,0,0,0,0,0,0,0,0,0
171050,1,1,1997,0,0,0,0,0,0,0,0,0,0
171051,0,1,1997,0,0,0,0,0,0,0,0,0,0
171051,1,1,1997,0,0,0,0,0,0,0,0,0,0
171052,0,1,1997,0,0,0,0,0,0,0,0,0,0
171052,1,1,1997,0,0,0,8,0,0,0,0,0,0
171053,0,1,1997,0,0,0,0,0,0,0,0,0,0
171053,1,1,1997,0,0,0,0,0,0,0,0,0,0
171054,1,1,1997,26,26,26,26,26,26,26,26,26,26
171055,1,1,1997,0,0,0,0,0,0,0,0,0,0
171055,2,1,1997,0,17,0,0,0,0,12,0,0,0
171055,3,1,1997,0,0,0,0,0,0,0,0,0,0
171056,1,1,1997,0,0,0,0,0,0,0,0,0,0
171056,2,1,1997,0,0,0,0,0,0,0,0,0,0
171057,1,1,1997,1,1,1,1,1,1,1,1,1,1
171057,2,1,1997,0,0,0,0,12,0,0,0,0,0
171057,3,1,1997,0,0,0,0,0,0,0,0,0,0
171058,0,1,1997,0,0,0,0,0,0,0,0,0,0
171058,1,1,1997,1,1,1,1,1,1,1,1,1,1
171059,1,1,1997,26,26,26,26,26,26,26,26,26,26
171059,2,1,1997,0,0,0,0,0,0,0,0,0,0
171060,0,1,1997,0,0,0,0,0,0,0,0,0,0
171060,1,1,1997,0,0,0,0,0,0,0,0,0,0
171061,1,1,1997,0,0,0,0,0,0,0,0,0,0
171061,2,1,1997,0,0,0,0,0,0,0,0,0,0
171062,1,1,1997,7,7,7,7,7,7,7,7,7,7
171062,2,1,1997,0,0,0,0,0,0,0,0,0,0
171062,3,1,1997,0,0,0,0,0,0,0,0,0,0
171063,1,1,1997,0,19,22,0,0,0,0,0,0,0
171063,2,1,1997,0,0,0,0,0,0,0,0,0,0
171063,3,1,1997,0,0,0,0,0,0,0,0,0,0
171064,1,1,1997,43,43,43,43,43,43,43,43,43,43
171064,2,1,1997,0,0,0,0,0,0,0,0,0,0
171064,3,1,1997,0,0,0,0,5,0,13,14,0,0
171065,1,1,1997,21,21,21,21,21,21,21,21,21,21
171066,1,1,1997,13,13,13,13,13,13,13,13,13,13
171066,2,1,1997,0,11,14,0,0,0,0,0,0,0
171067,1,1,1997,18,18,18,18,18,18,18,18,18,18
171067,2,1,1997,0,0,0,0,0,0,0,0,0,0
171067,3,1,1997,0,0,0,0,0,0,0,0,4,0
171068,1,1,1997,0,0,0,0,0,0,0,0,0,0
171069,1,1,1997,0,0,0,0,0,0,0,0,0,0
171070,1,1,1997,0,0,0,0,0,0,0,0,0,0
171070,2,1,1997,0,0,0,0,0,0,0,0,0,0
171071,1,1,1997,0,0,0,0,0,0,0,0,0,0
171071,2,1,1997,0,0,0,0,0,0,0,0,0,0
171072,0,1,1997,0,0,0,0,0,0,0,0,0,0
171072,1,1,1997,0,0,0,0,0,0,0,0,0,0
171073,1,1,1997,11,11,11,11,11,11,11,11,11,11
171074,0,1,1997,0,0,0,0,0,0,0,0,0,0
171074,1,1,1997,0,0,0,0,0,0,0,0,0,0
171076,1,1,1997,0,0,0,0,0,0,0,0,0,0
171076,2,1,1997,0,0,0,0,0,0,0,0,0,0
171076,3,1,1997,0,0,0,0,0,0,0,0,0,0
171077,1,1,1997,21,21,21,21,21,21,21,21,21,21
171078,1,1,1997,0,0,0,0,0,0,0,0,0,0
171078,2,1,1997,0,0,0,0,0,0,0,0,0,0
171079,1,1,1997,0,0,0,0,0,0,0,0,0,0
171080,1,1,1997,21,21,21,21,21,21,21,21,21,21
171080,2,1,1997,0,0,0,0,0,0,0,0,0,0
171081,1,1,1997,0,0,0,0,0,0,0,0,0,0
171082,1,1,1997,0,0,0,0,0,0,0,0,0,0
171082,2,1,1997,0,0,0,0,0,0,0,0,0,0
171083,0,1,1997,0,0,0,0,0,0,0,0,0,0
171083,1,1,1997,0,0,0,0,0,0,0,0,0,0
171084,1,1,1997,22,22,22,22,22,22,22,22,22,22
171084,2,1,1997,0,0,0,0,0,0,0,0,0,0
171085,0,1,1997,0,0,0,0,0,0,0,0,0,0
171085,1,1,1997,0,0,0,0,0,0,0,0,0,0
171086,1,1,1997,0,0,0,0,0,0,0,0,0,0
171086,2,1,1997,0,0,0,0,0,0,0,0,0,0
171086,3,1,1997,0,0,0,0,0,0,0,0,0,0
171087,1,1,1997,18,18,18,18,18,18,18,18,18,18
171088,0,1,1997,30,30,30,30,30,30,30,30,30,30
171088,1,1,1997,21,16,17,12,0,7,12,18,5,19
171089,0,1,1997,0,0,0,0,0,0,0,0,0,0
171089,1,1,1997,0,0,0,0,0,0,0,0,0,0
171090,1,1,1997,0,0,0,0,0,0,0,0,0,0
171090,2,1,1997,0,12,0,0,9,0,0,0,0,0
171091,1,1,1997,0,0,0,0,0,0,0,0,0,0
171091,2,1,1997,0,0,0,0,0,0,0,0,0,0
171092,1,1,1997,9,10,28,10,0,0,0,8,29,17
171092,2,1,1997,0,0,0,14,0,0,0,0,0,0
171093,1,1,1997,3,3,3,3,3,3,3,3,3,3
171094,1,1,1997,33,33,33,33,33,33,33,33,33,33
171095,1,1,1997,31,31,31,31,31,31,31,31,31,31
171096,1,1,1997,13,13,13,13,13,13,13,13,13,13
171097,1,1,1997,8,8,8,8,8,8,8,8,8,8
171098,1,1,1997,0,0,5,0,0,0,0,0,0,0
171098,2,1,1997,17,0,0,0,0,0,0,0,0,0
171099,1,1,1997,0,0,0,0,0,28,0,0,7,0
171099,2,1,1997,0,0,0,0,0,0,0,0,0,0
171100,1,1,1997,23,27,25,19,19,0,35,0,15,0
171101,1,1,1997,0,18,0,21,14,0,0,19,0,0
171101,2,1,1997,0,16,7,13,20,30,0,18,31,6
171102,1,1,1997,17,17,17,17,17,17,17,17,17,17
171102,2,1,1997,0,0,0,0,0,0,0,0,0,0
171103,1,1,1997,15,15,15,15,15,15,15,15,15,15
171104,1,1,1997,0,0,0,0,0,0,0,13,0,0
171104,2,1,1997,0,0,0,0,0,0,0,0,0,0
171104,3,1,1997,0,0,0,0,0,0,0,0,0,0
171105,0,1,1997,39,18,14,12,38,0,0,13,29,22
171105,1,1,1997,0,0,0,0,0,0,0,0,0,0
171106,0,1,1997,0,0,0,0,0,0,0,0,0,0
171106,1,1,1997,0,0,0,0,0,0,0,0,0,0
171107,0,1,1997,0,0,19,0,0,0,22,0,0,0
171107,1,1,1997,0,0,0,0,0,0,0,0,0,0
171108,1,1,1997,0,0,0,0,0,0,0,0,0,0
171108,2,1,1997,0,0,0,0,0,0,0,0,0,0
171109,0,1,1997,8,8,8,8,8,8,8,8,8,8
171109,1,1,1997,0,0,0,0,0,0,23,21,0,0
171110,0,1,1997,0,0,0,0,0,0,0,0,0,0
171110,1,1,1997,0,0,0,0,0,0,0,0,0,0
171111,1,1,1997,21,21,21,21,21,21,21,21,21,21
171112,0,1,1997,0,0,0,0,0,0,0,0,0,0
171112,1,1,1997,0,0,0,0,0,0,0,0,0,0
171113,1,1,1997,0,0,0,0,0,0,0,0,0,0
171113,2,1,1997,0,0,0,0,0,0,0,16,0,0
171114,1,1,1997,22,22,22,22,22,22,22,22,22,22
171115,0,1,1997,0,0,0,0,0,0,0,0,0,0
171115,1,1,1997,13,13,13,13,13,13,13,13,13,13
171116,1,1,1997,0,0,0,0,0,0,0,0,0,0
171117,0,1,1997,0,0,0,0,0,0,0,0,0,0
171117,1,1,1997,16,16,16,16,16,16,16,16,16,16
171118,0,1,1997,0,0,0,0,0,0,0,0,0,0
171118,1,1,1997,0,0,0,0,0,0,0,0,0,0
171119,1,1,1997,0,0,0,0,0,0,0,0,0,0
171119,2,1,1997,0,0,0,0,0,0,0,0,0,0
171120,1,1,1997,0,0,0,0,0,0,0,0,0,0
171120,2,1,1997,0,0,0,0,0,0,0,0,0,0
171121,1,1,1997,0,0,0,0,0,0,0,0,0,0
171121,2,1,1997,0,0,0,0,0,0,20,0,0,0
171122,1,1,1997,1,1,1,1,1,1,1,1,1,1
171122,2,1,1997,0,0,0,0,0,0,0,0,0,0
171123,1,1,1997,0,0,0,0,0,0,0,0,0,0
171123,2,1,1997,0,0,0,0,0,0,0,0,0,0
171124,1,1,1997,0,0,0,0,0,0,0,0,0,0
171125,1,1,1997,17,17,17,17,17,17,17,17,17,17
171126,1,1,1997,24,24,24,24,24,24,24,24,24,24
171127,0,1,1997,0,0,0,0,0,0,0,0,0,0
171127,1,1,1997,0,0,0,0,0,0,0,0,0,0
171128,1,1,1997,0,0,0,0,0,0,0,0,0,0
171128,2,1,1997,0,0,0,0,0,0,0,0,0,0
171128,3,1,1997,0,0,0,0,0,0,0,0,0,0
171128,4,1,1997,0,0,0,0,0,0,0,0,0,0
171129,1,1,1997,16,16,16,16,16,16,16,16,16,16
171130,1,1,1997,0,0,0,0,0,0,0,0,0,0
171131,1,1,1997,0,0,0,0,0,0,0,0,0,0
171132,1,1,1997,24,24,24,24,24,24,24,24,24,24
171132,2,1,1997,14,14,14,14,14,14,14,14,14,14
171133,1,1,1997,0,0,0,0,0,0,0,0,0,0
171133,2,1,1997,0,0,0,0,0,0,0,0,0,0
171134,1,1,1997,0,0,0,0,0,0,0,0,0,0
171135,1,1,1997,0,0,0,0,0,0,0,0,0,0
171135,2,1,1997,0,0,0,0,0,0,0,0,0,0
171136,0,1,1997,0,0,0,0,0,0,0,0,0,0
171136,1,1,1997,0,0,0,0,0,0,0,0,0,0
171137,1,1,1997,0,0,0,0,0,0,0,0,0,0
171138,1,1,1997,16,16,16,16,16,16,16,16,16,16
171139,1,1,1997,0,0,0,0,14,0,0,0,0,0
171139,2,1,1997,0,0,0,0,0,0,0,0,0,0
171140,0,1,1997,18,18,18,18,18,18,18,18,18,18
171140,1,1,1997,0,0,0,0,0,0,0,0,0,0
171142,0,1,1997,0,21,0,0,0,0,0,25,0,0
171142,1,1,1997,0,0,0,0,0,0,0,0,6,0
171143,0,1,1997,3,3,3,3,3,3,3,3,3,3
171143,1,1,1997,0,2,0,0,0,0,0,0,0,0
171144,1,1,1997,0,0,0,10,0,0,9,0,0,0
171145,1,1,1997,27,27,27,27,27,27,27,27,27,27
171146,1,1,1997,0,8,0,20,8,6,15,0,12,0
171147,1,1,1997,0,0,0,0,0,0,0,0,0,0
171148,1,1,1997,0,0,0,0,0,0,0,0,0,0
171149,1,1,1997,0,0,0,0,0,0,0,0,0,0
171150,1,1,1997,12,12,12,12,12,12,12,12,12,12
171150,2,1,1997,0,0,0,0,0,0,0,0,0,0
171150,3,1,1997,7,7,7,7,7,7,7,7,7,7
171151,1,1,1997,0,0,0,0,0,0,0,0,0,8
171151,2,1,1997,0,0,0,0,0,0,0,0,0,0
171152,1,1,1997,0,0,10,0,0,0,0,0,0,24
171152,2,1,1997,0,0,0,0,0,0,0,0,0,0
171153,1,1,1997,0,0,0,0,0,0,0,0,0,0
171153,2,1,1997,0,0,0,0,0,0,0,0,0,0
171154,0,1,1997,0,0,0,0,0,0,0,0,0,0
171154,0,2,1997,0,6,0,0,0,0,0,20,0,0
171154,1,1,1997,0,0,0,0,0,0,0,0,4,0
171155,1,1,1997,0,0,0,0,0,0,0,0,0,0
171155,2,1,1997,0,0,0,0,0,0,0,0,0,0
171155,3,1,1997,0,0,0,0,0,0,0,0,0,0
171156,0,1,1997,0,0,0,0,0,0,0,0,0,0
171156,1,1,1997,0,0,0,0,0,0,0,0,0,0
171158,0,1,1997,0,0,0,0,0,0,0,0,0,0
171158,1,1,1997,0,0,0,0,0,0,0,0,0,0
171159,1,1,1997,23,23,23,23,23,23,23,23,23,23
171159,2,1,1997,27,7,35,5,31,27,21,34,12,19
171160,1,1,1997,0,0,0,0,0,0,0,0,0,0
171160,2,1,1997,0,0,0,0,0,0,0,0,0,0
171161,1,1,1997,0,0,0,0,0,0,0,0,0,0
171161,2,1,1997,0,0,0,0,0,0,0,0,0,0
171162,1,1,1997,21,21,21,21,21,21,21,21,21,21
171162,2,1,1997,0,0,0,0,0,0,0,0,0,41
171163,1,1,1997,23,23,23,23,23,23,23,23,23,23
171164,1,1,1997,9,9,9,9,9,9,9,9,9,9
171164,2,1,1997,0,0,0,0,0,0,0,0,0,0
171165,1,1,1997,0,0,0,0,0,0,0,0,0,0
171166,1,1,1997,18,18,18,18,18,18,18,18,18,18
171167,1,1,1997,0,0,0,0,0,0,0,0,0,0
171167,2,1,1997,0,0,0,0,0,0,0,0,0,0
171168,1,1,1997,21,21,21,21,21,21,21,21,21,21
171170,1,1,1997,0,0,0,0,0,0,0,0,0,0
171170,2,1,1997,0,0,0,0,0,0,0,0,0,0
171171,1,1,1997,0,0,0,0,0,0,0,0,0,0
171171,2,1,1997,0,0,0,0,0,0,0,0,0,0
171172,1,1,1997,0,0,0,0,0,0,0,0,0,0
171173,1,1,1997,6,6,6,6,6,6,6,6,6,6
171173,2,1,1997,0,0,0,0,0,0,0,0,0,0
171174,1,1,1997,0,0,0,0,18,0,0,0,0,0
171175,0,1,1997,0,0,0,0,0,0,0,0,0,0
171175,1,1,1997,0,0,0,0,0,0,0,0,0,0
171176,0,1,1997,0,0,0,0,0,0,0,0,0,0
171176,1,1,1997,0,0,0,0,0,0,0,0,0,0
171177,1,1,1997,0,0,0,0,0,0,0,0,0,0
171178,1,1,1997,22,22,22,22,22,22,22,22,22,22
171179,1,1,1997,0,0,0,0,0,0,0,0,0,0
171179,2,1,1997,0,0,0,0,0,0,0,0,0,0
171180,1,1,1997,31,31,31,31,31,31,31,31,31,31
171181,0,1,1997,0,0,0,0,0,0,0,0,0,0
171181,1,1,1997,0,0,0,0,0,0,0,0,0,0
171182,1,1,1997,0,0,0,0,0,0,0,0,0,0
171183,1,1,1997,0,0,0,0,0,0,0,0,0,0
171184,1,1,1997,14,14,14,14,14,14,14,14,14,14
171185,1,1,1997,0,0,12,0,0,0,8,0,0,0
171186,1,1,1997,0,0,0,0,0,0,0,0,0,0
171186,2,1,1997,0,0,5,0,0,0,0,0,0,0
171186,3,1,1997,0,0,0,0,0,0,0,0,0,0
171187,0,1,1997,13,13,13,13,13,13,13,13,13,13
171187,1,1,1997,0,0,0,0,0,0,0,0,0,0
171189,0,1,1997,16,0,0,0,21,0,16,0,0,0
171189,1,1,1997,0,0,0,0,0,0,0,0,0,0
171190,1,1,1997,0,0,0,0,0,0,0,0,0,0
171190,2,1,1997,0,0,0,0,0,0,16,0,0,0
171191,1,1,1997,0,0,0,0,0,0,0,0,0,0
171192,0,1,1997,0,0,0,0,0,0,0,0,0,0
171192,1,1,1997,0,0,0,0,0,0,0,0,0,0
171193,1,1,1997,0,0,0,0,0,0,0,0,0,0
171193,2,1,1997,0,0,0,0,0,0,0,0,0,0
171194,1,1,1997,0,0,0,0,0,0,0,0,0,0
171194,2,1,1997,0,0,0,0,0,0,0,0,0,0
171195,0,1,1997,30,30,30,30,30,30,30,30,30,30
171195,1,1,1997,1,1,1,1,1,1,1,1,1,1
171196,1,1,1997,11,0,14,13,0,0,7,8,13,12
171196,2,1,1997,0,0,0,0,0,0,0,0,0,0
171197,1,1,1997,12,12,12,12,12,12,12,12,12,12
171198,1,1,1997,0,0,0,0,0,0,0,0,0,0
171198,2,1,1997,0,0,0,0,0,0,0,0,0,0
171199,1,1,1997,0,10,0,0,0,0,13,0,0,0
171199,2,1,1997,12,12,12,12,12,12,12,12,12,12
171200,1,1,1997,0,0,0,0,0,0,0,3,0,0
171201,1,1,1997,0,18,0,0,0,0,0,0,0,0
171202,1,1,1997,0,0,0,0,0,0,0,0,0,0
171202,2,1,1997,0,0,0,0,0,0,0,0,0,27
171203,1,1,1997,0,0,0,0,0,0,0,0,0,0
171204,1,1,1997,22,22,22,22,22,22,22,22,22,22
171205,0,1,1997,42,42,42,42,42,42,42,42,42,42
171205,1,1,1997,0,0,0,0,0,0,0,0,0,0
171206,1,1,1997,0,0,0,0,0,0,0,0,0,0
171206,2,1,1997,0,0,0,0,0,0,0,0,0,0
171207,0,1,1997,2,2,2,2,2,2,2,2,2,2
171207,1,1,1997,0,12,0,0,0,0,0,0,0,0
171208,1,1,1997,0,0,0,0,0,0,0,0,0,0
171208,2,1,1997,0,0,0,0,0,0,0,0,0,0
171209,0,1,1997,0,0,0,0,0,0,0,0,0,0
171209,1,1,1997,0,0,0,0,0,0,0,0,0,0
171210,0,1,1997,0,0,0,0,0,0,0,0,0,0
171210,1,1,1997,0,0,0,0,0,0,0,0,0,0
171211,1,1,1997,21,21,21,21,21,21,21,21,21,21
171211,2,1,1997,0,13,2,25,0,0,7,0,0,0
171212,0,1,1997,27,27,27,27,27,27,27,27,27,27
171212,1,1,1997,20,0,0,0,0,0,0,0,0,0
171213,0,1,1997,0,0,0,0,0,0,0,0,0,0
171213,1,1,1997,0,0,0,0,0,0,0,0,0,0
171214,1,1,1997,19,19,19,19,19,19,19,19,19,19
171215,0,1,1997,0,0,0,0,0,0,0,0,0,0
171215,1,1,1997,0,0,0,0,0,0,0,0,0,0
171216,1,1,1997,14,14,14,14,14,14,14,14,14,14
171216,2,1,1997,0,0,0,0,0,0,0,0,0,0
171216,3,1,1997,0,0,0,0,0,0,0,5,0,0
171216,4,1,1997,0,0,0,0,0,0,28,0,14,0
171217,0,1,1997,0,0,0,0,0,0,0,0,0,0
171217,1,1,1997,0,0,0,0,0,0,0,0,0,0
171218,0,1,1997,0,0,0,0,0,0,0,0,0,0
171219,1,1,1997,3,3,3,3,3,3,3,3,3,3
171220,0,1,1997,2,2,2,2,2,2,2,2,2,2
171220,1,1,1997,0,0,0,0,0,0,0,0,19,0
171221,0,1,1997,0,0,0,0,0,0,0,0,0,0
171221,1,1,1997,0,0,0,0,0,0,0,0,0,0
171222,1,1,1997,0,0,0,0,0,0,0,0,0,0
171222,2,1,1997,0,16,0,0,0,0,0,0,0,0
171223,0,1,1997,0,0,0,0,0,0,0,0,0,0
171223,1,1,1997,0,0,0,0,0,0,0,0,0,0
171224,1,1,1997,0,0,0,0,0,0,0,0,0,0
171224,2,1,1997,0,0,0,0,0,0,0,0,0,0
171224,3,1,1997,0,0,0,0,0,0,0,0,0,0
171225,1,1,1997,0,0,0,0,0,0,0,0,0,0
171225,2,1,1997,0,0,8,0,0,0,0,0,0,0
171226,1,1,1997,0,0,0,0,0,0,0,0,0,0
171226,2,1,1997,0,0,0,0,0,0,0,0,0,0
171227,1,1,1997,0,0,0,0,0,0,0,0,0,0
171227,2,1,1997,0,0,0,0,0,0,0,0,0,0
171227,3,1,1997,0,0,0,0,0,0,0,0,0,0
171228,0,1,1997,0,27,0,0,0,13,20,0,19,0
171228,0,2,1997,0,0,0,0,0,0,0,0,0,0
171228,0,3,1997,0,0,0,0,0,0,0,0,0,0
171228,1,1,1997,0,0,0,0,0,0,0,0,0,0
171229,0,1,1997,18,18,18,18,18,18,18,18,18,18
171229,1,1,1997,0,0,0,0,0,0,21,0,0,0
171230,1,1,1997,3,12,16,33,0,0,0,0,0,24
171230,2,1,1997,28,0,0,11,18,0,10,12,7,28
171231,1,1,1997,0,0,0,0,0,0,0,0,0,0
171231,2,1,1997,0,0,0,0,0,0,0,0,0,0
171231,3,1,1997,0,0,0,0,0,0,0,0,0,0
171232,0,1,1997,0,0,0,0,0,0,0,0,0,0
171232,1,1,1997,0,0,0,0,0,0,0,0,0,0
171233,1,1,1997,18,18,18,18,18,18,18,18,18,18
171233,2,1,1997,22,22,22,22,22,22,22,22,22,22
171234,1,1,1997,0,0,0,0,0,0,0,0,0,0
171235,1,1,1997,0,0,0,0,0,0,0,0,0,0
171236,1,1,1997,17,17,17,17,17,17,17,17,17,17
171236,2,1,1997,0,0,0,0,0,0,0,0,0,0
171237,1,1,1997,7,7,7,7,7,7,7,7,7,7
171237,2,1,1997,0,13,0,0,0,0,0,0,0,0
171238,1,1,1997,32,21,19,29,18,18,20,13,16,26
171239,1,1,1997,0,0,0,0,0,0,0,0,0,0
171239,2,1,1997,0,0,0,0,0,0,0,0,0,0
171240,1,1,1997,0,0,0,0,0,0,0,0,0,0
171240,2,1,1997,0,0,0,0,0,0,0,0,0,0
171241,1,1,1997,16,16,16,16,16,16,16,16,16,16
171242,1,1,1997,19,19,19,19,19,19,19,19,19,19
171243,1,1,1997,13,13,13,13,13,13,13,13,13,13
171244,0,1,1997,16,16,16,16,16,16,16,16,16,16
171244,1,1,1997,0,0,8,0,0,17,28,0,14,0
171245,1,1,1997,0,0,6,14,0,0,4,16,0,0
171245,2,1,1997,0,0,0,0,0,0,0,0,0,0
171246,1,1,1997,0,0,0,0,0,0,0,0,0,0
171246,2,1,1997,0,0,0,0,0,0,0,0,0,0
171247,1,1,1997,0,0,0,0,0,0,0,0,0,0
171247,2,1,1997,0,0,0,0,0,0,0,0,0,0
171248,1,1,1997,0,0,0,0,0,0,0,0,0,0
171248,2,1,1997,0,0,0,0,0,0,0,0,0,0
171249,1,1,1997,3,3,3,3,3,3,3,3,3,3
171251,0,1,1997,21,21,21,21,21,21,21,21,21,21
171251,1,1,1997,0,0,0,0,0,0,0,0,0,0
171252,1,1,1997,0,0,0,0,0,0,0,0,0,0
171252,2,1,1997,0,0,0,0,0,0,0,0,0,0
171253,1,1,1997,0,0,0,0,0,0,0,0,0,0
171253,2,1,1997,0,0,0,0,0,0,0,0,0,0
171253,3,1,1997,0,0,0,0,0,0,13,0,0,0
171254,0,1,1997,0,0,0,0,0,0,0,0,0,0
171254,1,1,1997,13,13,13,13,13,13,13,13,13,13
171255,1,1,1997,6,6,6,6,6,6,6,6,6,6
171256,1,1,1997,0,0,0,0,0,0,0,0,0,0
171256,2,1,1997,0,0,0,0,0,0,0,0,0,0
171257,1,1,1997,0,0,0,0,0,0,0,0,0,0
171257,2,1,1997,0,0,0,0,0,0,0,0,0,0
171257,3,1,1997,0,0,0,0,0,0,0,0,0,0
171258,1,1,1997,0,0,0,0,0,0,0,0,0,0
171258,2,1,1997,0,0,0,0,0,0,0,0,0,0
171259,1,1,1997,0,0,0,0,0,0,0,0,0,0
171259,2,1,1997,0,0,0,0,0,0,0,0,0,0
171260,1,1,1997,9,7,16,15,0,0,24,0,4,27
171260,2,1,1997,0,0,0,0,0,0,0,0,0,0
171261,1,1,1997,0,0,0,0,0,0,0,0,0,0
171261,2,1,1997,0,0,0,0,0,0,8,0,0,0
171262,1,1,1997,15,15,15,15,15,15,15,15,15,15
171263,1,1,1997,17,17,17,17,17,17,17,17,17,17
171264,0,1,1997,0,0,0,13,0,0,0,0,0,10
171264,1,1,1997,0,0,0,0,0,0,0,0,0,0
171265,1,1,1997,0,0,0,0,0,0,0,0,0,0
171265,2,1,1997,0,0,0,0,0,0,0,0,0,0
171265,3,1,1997,0,0,0,0,0,0,0,0,0,0
171266,0,1,1997,22,22,22,22,22,22,22,22,22,22
171266,1,1,1997,0,13,0,0,0,0,6,0,6,0
171267,0,1,1997,0,0,0,0,0,0,0,0,0,0
171267,1,1,1997,0,0,0,0,0,0,0,0,0,0
171268,0,1,1997,0,0,0,0,0,0,0,0,0,0
171268,1,1,1997,0,0,0,0,0,0,0,0,0,0
171268,2,1,1997,0,0,0,14,0,0,0,0,0,0
171269,1,1,1997,0,0,0,0,0,0,0,0,0,0
171269,2,1,1997,0,0,0,0,0,0,0,0,0,0
171270,0,1,1997,14,11,32,0,14,28,20,8,0,27
171270,1,1,1997,0,0,0,0,0,0,0,0,0,0
171271,0,1,1997,0,0,0,0,0,0,0,0,0,0
171271,1,1,1997,0,0,0,0,0,0,0,0,0,0
171272,1,1,1997,0,0,0,0,6,0,0,0,0,0
171272,2,1,1997,0,0,0,0,0,0,0,0,0,0
171273,1,1,1997,0,0,0,0,0,0,0,0,0,0
171273,2,1,1997,0,13,0,0,0,0,0,0,9,0
171274,1,1,1997,0,0,0,0,0,0,0,0,0,0
171274,2,1,1997,0,0,0,0,0,0,0,0,0,0
171275,0,1,1997,0,0,0,0,0,0,0,0,0,0
171275,1,1,1997,0,0,0,0,8,0,0,0,0,0
171275,2,1,1997,0,0,0,0,0,0,0,0,0,0
171276,1,1,1997,0,0,0,0,0,0,0,0,0,0
171276,2,1,1997,0,0,0,0,0,0,0,0,0,0
180001,1,1,1997,0,0,0,0,0,0,0,0,0,0
180002,1,1,1997,23,23,23,23,23,23,23,23,23,23
180002,2,1,1997,0,0,0,0,0,0,0,0,0,0
180003,1,1,1997,0,0,0,0,0,0,0,0,0,0
180003,2,1,1997,0,0,0,0,0,0,0,0,0,0
180004,1,1,1997,0,6,0,0,0,0,0,0,0,0
180005,1,1,1997,0,0,0,0,0,0,16,0,0,0
180006,0,1,1997,0,15,0,0,0,0,0,0,0,0
180006,0,2,1997,0,0,0,0,0,0,0,0,0,0
180006,0,3,1997,0,0,0,18,9,0,0,0,0,0
180006,0,4,1997,0,0,0,14,0,0,0,0,0,0
180006,0,5,1997,0,21,0,0,18,0,0,31,12,18
180006,0,6,1997,0,0,0,21,18,0,0,0,10,0
180006,0,7,1997,0,0,0,0,0,0,0,19,0,0
180006,1,1,1997,0,0,0,0,0,0,0,0,0,0
180007,1,1,1997,22,22,22,22,22,22,22,22,22,22
180008,1,1,1997,12,0,0,0,0,0,0,0,0,0
180008,2,1,1997,0,0,0,0,0,0,0,0,0,0