ST_CASE,VEH_NO,PER_NO,YEAR,P1,P2,P3,P4,P5,P6,P7,P8,P9,P10
180009,1,1,1997,0,0,0,0,0,0,0,0,0,0
180009,2,1,1997,0,0,0,0,0,0,0,0,0,0
180010,0,1,1997,31,31,31,31,31,31,31,31,31,31
180010,1,1,1997,0,0,0,0,0,0,0,0,0,0
180011,1,1,1997,0,0,0,0,0,0,0,0,0,0
180012,1,1,1997,0,0,0,0,0,0,0,0,0,0
180013,1,1,1997,0,16,0,0,0,0,0,0,0,0
180014,1,1,1997,0,0,0,0,0,0,0,0,0,0
180015,1,1,1997,0,0,0,0,0,0,0,0,0,0
180015,2,1,1997,0,0,0,0,0,0,0,0,0,0
180016,1,1,1997,0,0,0,11,0,0,0,0,9,0
180016,2,1,1997,0,0,0,10,0,0,0,0,0,0
180017,1,1,1997,0,0,0,0,0,0,0,0,0,0
180017,2,1,1997,0,0,0,0,0,0,2,0,0,0
180018,1,1,1997,0,0,0,0,3,0,0,0,0,0
180019,1,1,1997,0,0,0,0,0,0,0,0,0,0
180019,2,1,1997,0,0,0,0,0,0,11,0,0,0
180020,1,1,1997,29,29,29,29,29,29,29,29,29,29
180020,2,1,1997,0,0,0,0,0,0,0,0,0,0
180021,1,1,1997,27,27,27,27,27,27,27,27,27,27
180022,1,1,1997,0,0,0,0,0,0,0,0,0,0
180022,2,1,1997,0,0,13,0,10,0,0,0,0,0
180023,1,1,1997,0,0,0,3,0,0,0,0,0,0
180023,2,1,1997,0,0,0,0,0,0,0,0,0,0
180024,1,1,1997,19,0,0,0,0,0,0,0,0,0
180024,2,1,1997,0,0,0,0,0,0,0,0,0,0
180024,3,1,1997,0,0,0,0,0,0,0,0,0,0
180025,1,1,1997,14,0,0,0,16,15,16,0,0,23
180025,2,1,1997,0,0,0,0,0,0,0,0,0,0
180026,1,1,1997,0,0,0,0,0,0,0,0,0,0
180026,2,1,1997,0,0,0,0,0,0,0,0,0,0
180027,1,1,1997,0,0,0,0,0,0,0,0,0,0
180027,2,1,1997,0,0,0,0,0,0,0,0,0,0
180028,1,1,1997,0,0,0,0,0,0,0,0,0,0
180029,1,1,1997,0,0,0,0,0,0,0,0,0,0
180029,2,1,1997,0,0,0,0,0,0,0,0,0,0
180030,1,1,1997,0,0,0,0,0,0,0,0,0,0
180030,2,1,1997,0,0,0,0,0,0,0,0,0,0
180030,3,1,1997,0,0,0,0,0,0,0,0,0,0
180031,1,1,1997,0,0,0,0,0,0,0,0,0,0
180031,2,1,1997,0,9,0,0,0,0,0,0,0,0
180032,1,1,1997,0,0,0,0,0,0,0,0,0,0
180032,2,1,1997,0,0,0,0,0,0,0,0,0,0
180033,1,1,1997,0,0,0,0,0,0,0,0,0,0
180034,1,1,1997,0,0,0,0,0,0,0,0,0,0
180034,2,1,1997,0,0,0,0,0,0,0,0,0,0
180035,1,1,1997,28,0,0,0,0,0,19,18,0,0
180036,1,1,1997,22,22,22,22,22,22,22,22,22,22
180036,2,1,1997,0,0,0,0,0,0,0,0,0,0
180036,3,1,1997,0,0,0,0,0,0,0,0,0,0
180037,1,1,1997,0,0,0,0,0,0,0,0,0,21
180037,2,1,1997,0,0,0,0,0,0,0,0,0,0
180038,1,1,1997,0,0,0,0,0,0,0,0,0,0
180038,2,1,1997,0,0,0,0,0,0,0,0,0,0
180039,1,1,1997,17,17,17,17,17,17,17,17,17,17
180040,1,1,1997,0,0,0,0,0,0,0,0,0,0
180040,2,1,1997,0,0,0,0,0,0,0,0,0,0
180041,1,1,1997,0,0,0,0,0,0,0,0,0,0
180042,1,1,1997,0,0,0,0,0,0,0,0,0,0
180043,1,1,1997,0,0,0,0,0,0,0,0,0,0
180043,2,1,1997,0,0,0,0,0,0,0,0,0,0
180043,3,1,1997,0,0,0,0,13,0,0,0,0,0
180044,1,1,1997,0,0,0,0,0,0,0,0,0,0
180044,2,1,1997,0,0,0,0,0,0,0,0,0,0
180045,1,1,1997,0,0,0,0,0,0,0,0,0,5
180045,2,1,1997,0,0,0,0,0,0,0,0,0,0
180046,1,1,1997,0,0,0,0,0,0,0,0,0,0
180047,1,1,1997,0,0,0,0,0,0,0,0,0,0
180047,2,1,1997,0,0,0,0,21,17,23,0,0,0
180047,3,1,1997,0,0,0,0,0,0,0,0,0,14
180048,1,1,1997,0,0,0,0,0,0,0,0,0,0
180048,2,1,1997,0,0,0,0,0,0,0,0,0,0
180048,3,1,1997,0,0,0,0,0,0,0,0,0,0
180049,0,1,1997,28,8,0,0,0,0,0,0,0,0
180049,1,1,1997,0,23,0,36,0,0,0,0,0,0
180050,0,1,1997,0,0,0,0,0,0,0,0,0,0
180050,0,2,1997,0,0,0,0,0,0,0,0,0,0
180050,1,1,1997,0,0,0,0,0,0,0,0,0,0
180051,1,1,1997,0,0,0,0,0,0,0,0,0,0
180051,2,1,1997,28,28,28,28,28,28,28,28,28,28
180052,1,1,1997,0,0,0,0,0,0,0,0,0,0
180052,2,1,1997,0,0,0,0,0,0,0,0,0,0
180053,1,1,1997,0,0,0,0,0,0,0,0,0,0
180053,2,1,1997,0,0,0,0,0,0,15,0,13,0
180054,1,1,1997,0,0,0,0,0,0,0,0,0,0
180055,1,1,1997,0,0,0,0,0,0,0,0,0,0
180055,2,1,1997,0,0,0,0,0,0,0,0,0,0
180056,1,1,1997,0,0,0,0,0,0,0,0,0,0
180056,2,1,1997,0,0,0,0,0,0,0,0,0,0
180057,1,1,1997,15,15,15,15,15,15,15,15,15,15
180058,1,1,1997,7,7,7,7,7,7,7,7,7,7
180058,2,1,1997,0,0,0,0,0,0,0,0,0,0
180059,1,1,1997,0,0,0,0,0,0,0,0,0,0
180059,2,1,1997,2,2,2,2,2,2,2,2,2,2
180059,3,1,1997,0,0,0,0,0,0,0,0,0,0
180060,1,1,1997,0,0,0,0,0,0,0,0,0,0
180060,2,1,1997,0,0,0,0,0,0,0,0,0,0
180061,1,1,1997,0,0,0,0,0,0,0,0,15,0
180062,1,1,1997,0,0,0,0,0,0,0,25,0,0
180063,1,1,1997,0,0,0,0,0,0,0,0,0,0
180063,2,1,1997,0,0,0,0,0,0,0,0,0,0
180064,1,1,1997,0,0,0,0,0,11,0,0,0,0
180065,1,1,1997,0,0,0,0,0,0,0,0,0,0
180066,1,1,1997,22,22,22,22,22,22,22,22,22,22
180067,0,1,1997,0,0,0,0,0,0,0,0,0,0
180067,1,1,1997,0,0,0,0,0,0,0,0,0,0
180068,1,1,1997,0,0,0,0,0,0,0,0,0,0
180069,1,1,1997,0,0,0,0,33,0,0,0,0,0
180070,1,1,1997,0,0,0,0,0,0,0,0,0,0
180070,2,1,1997,0,0,0,0,0,0,0,0,0,0
180071,1,1,1997,0,0,0,0,0,0,0,0,0,0
180071,2,1,1997,0,0,0,0,0,0,0,0,0,0
180071,3,1,1997,0,0,0,0,0,0,0,0,0,0
180071,4,1,1997,0,0,0,0,0,0,0,0,0,0
180071,5,1,1997,0,0,0,0,0,0,0,0,0,0
180071,6,1,1997,0,0,0,0,0,0,0,0,0,0
180071,7,1,1997,0,0,0,0,0,7,0,0,0,0
180071,8,1,1997,0,0,0,0,0,0,0,0,0,0
180071,9,1,1997,0,0,0,0,0,0,0,0,0,0
180072,1,1,1997,0,18,0,0,7,28,25,0,21,14
180073,1,1,1997,0,0,0,0,0,0,0,0,0,0
180073,2,1,1997,12,12,12,12,12,12,12,12,12,12
180073,3,1,1997,0,0,0,0,14,0,0,0,0,4
180074,1,1,1997,0,0,0,0,0,0,0,0,0,0
180074,2,1,1997,0,0,0,0,0,0,0,0,0,0
180075,1,1,1997,22,22,22,22,22,22,22,22,22,22
180075,2,1,1997,0,0,0,0,0,0,0,0,0,0
180075,3,1,1997,0,0,0,0,0,0,0,0,0,0
180076,1,1,1997,15,15,15,15,15,15,15,15,15,15
180077,1,1,1997,1,1,1,1,1,1,1,1,1,1
180078,1,1,1997,0,0,0,0,0,0,0,0,0,0
180078,2,1,1997,0,0,0,0,0,0,0,0,0,0
180078,3,1,1997,0,0,0,0,0,0,0,0,0,0
180078,4,1,1997,0,0,0,0,0,0,0,0,0,0
180079,1,1,1997,0,0,0,0,0,0,0,0,0,0
180079,2,1,1997,0,26,0,0,0,0,28,0,0,0
180080,1,1,1997,0,0,0,0,0,0,0,0,0,0
180081,1,1,1997,0,0,0,0,0,0,0,0,0,0
180082,1,1,1997,26,26,26,26,26,26,26,26,26,26
180083,1,1,1997,0,0,0,0,0,0,0,0,0,0
180083,2,1,1997,0,0,0,0,0,0,0,0,0,0
180084,1,1,1997,0,0,0,0,0,0,0,0,0,0
180084,2,1,1997,0,0,0,0,0,0,0,0,0,0
180085,1,1,1997,39,39,39,39,39,39,39,39,39,39
180086,1,1,1997,0,0,0,0,0,0,0,0,0,0
180087,1,1,1997,29,29,29,29,29,29,29,29,29,29
180088,0,1,1997,30,22,7,19,33,32,33,38,0,27
180088,1,1,1997,0,0,0,0,0,0,0,0,0,14
180089,1,1,1997,0,0,0,0,0,0,0,0,0,0
180089,2,1,1997,0,0,0,0,0,0,0,0,0,0
180089,3,1,1997,0,0,0,0,0,0,0,0,0,0
180089,4,1,1997,0,0,0,0,0,0,0,0,0,0
180090,1,1,1997,0,0,0,0,0,0,0,0,0,0
180090,2,1,1997,0,0,0,15,0,0,0,0,0,0
180091,1,1,1997,0,0,0,0,0,19,17,0,0,0
180092,1,1,1997,30,30,30,30,30,30,30,30,30,30
180093,1,1,1997,25,25,25,25,25,25,25,25,25,25
180093,2,1,1997,0,0,0,0,0,0,0,0,0,0
180094,1,1,1997,19,19,19,19,19,19,19,19,19,19
180095,1,1,1997,0,0,0,0,0,0,0,0,0,0
180095,2,1,1997,0,0,0,0,0,0,0,0,0,0
180096,1,1,1997,0,0,0,0,0,0,0,0,0,0
180097,1,1,1997,0,5,0,0,0,0,17,13,0,0
180097,2,1,1997,0,0,0,0,0,0,0,0,0,0
180097,3,1,1997,0,0,19,0,0,0,0,0,0,0
180098,1,1,1997,0,0,0,0,0,0,0,0,0,0
180098,2,1,1997,0,0,0,0,0,0,0,0,0,0
180099,1,1,1997,0,0,0,0,0,0,0,0,0,0
180100,1,1,1997,0,0,0,0,0,0,0,0,0,0
180100,2,1,1997,0,0,0,0,0,0,0,0,0,0
180101,1,1,1997,20,30,0,0,0,0,0,0,0,0
180101,2,1,1997,0,0,0,0,0,0,0,0,0,0
180102,1,1,1997,0,0,0,0,0,0,0,0,0,0
180102,2,1,1997,0,0,0,0,0,0,0,0,0,0
180102,3,1,1997,0,0,0,0,0,0,0,0,0,0
180102,4,1,1997,0,0,0,0,0,0,0,0,0,0
180102,5,1,1997,0,0,2,0,0,0,9,0,0,0
180103,1,1,1997,25,25,25,25,25,25,25,25,25,25
180104,1,1,1997,0,0,0,0,0,0,0,0,0,0
180104,2,1,1997,0,0,0,0,0,0,0,0,0,0
180105,1,1,1997,11,11,11,11,11,11,11,11,11,11
180106,1,1,1997,32,8,0,10,0,0,16,0,14,19
180107,1,1,1997,0,0,0,0,0,0,0,0,0,0
180107,2,1,1997,0,0,0,0,0,0,0,0,0,0
180108,0,1,1997,0,0,0,0,0,0,0,0,0,0
180108,1,1,1997,0,0,0,0,0,0,0,0,0,0
180109,1,1,1997,11,13,20,4,17,19,0,15,0,8
180110,1,1,1997,0,0,0,0,0,0,0,0,0,0
180111,1,1,1997,0,0,0,0,0,0,0,0,0,0
180112,1,1,1997,0,0,0,0,0,0,0,0,0,0
180113,1,1,1997,24,0,0,0,8,0,0,0,0,0
180113,2,1,1997,0,0,0,0,0,0,0,0,0,0
180114,1,1,1997,0,0,0,0,0,0,0,0,0,0
180114,2,1,1997,0,0,0,0,0,0,0,0,0,0
180115,1,1,1997,0,0,7,0,0,0,0,0,0,0
180115,2,1,1997,0,0,6,26,0,0,0,0,0,24
180116,1,1,1997,0,0,0,0,0,0,0,0,0,0
180116,2,1,1997,0,0,0,0,0,0,0,0,0,0
180117,1,1,1997,0,0,0,0,0,0,0,0,0,0
180117,2,1,1997,0,0,0,0,0,0,0,0,0,0
180117,3,1,1997,0,0,0,0,0,0,0,0,0,0
180118,1,1,1997,0,0,0,0,0,0,0,0,0,0
180119,1,1,1997,15,0,0,0,23,0,0,0,19,0
180120,0,1,1997,0,0,0,0,0,0,0,0,0,0
180120,1,1,1997,0,0,0,0,0,0,0,0,0,0
180121,1,1,1997,13,33,10,37,20,16,13,16,39,18
180122,1,1,1997,0,0,0,0,0,0,0,0,0,0
180122,2,1,1997,0,0,0,0,0,0,0,0,0,0
180123,1,1,1997,0,0,0,0,0,0,0,0,0,0
180123,2,1,1997,0,0,0,0,0,0,0,0,0,0
180124,1,1,1997,28,28,28,28,28,28,28,28,28,28
180125,1,1,1997,5,5,5,5,5,5,5,5,5,5
180125,2,1,1997,0,0,0,0,0,0,0,0,0,0
180126,0,1,1997,16,16,16,16,16,16,16,16,16,16
180126,1,1,1997,0,0,0,0,0,0,0,0,0,0
180127,1,1,1997,22,22,22,22,22,22,22,22,22,22
180128,1,1,1997,50,50,50,50,50,50,50,50,50,50
180128,2,1,1997,0,0,0,0,0,0,0,0,0,0
180128,3,1,1997,0,0,0,0,0,18,23,0,0,0
180129,1,1,1997,0,20,0,0,0,0,0,0,0,0
180130,1,1,1997,8,8,8,8,8,8,8,8,8,8
180131,1,1,1997,0,0,0,0,0,0,0,0,0,0
180132,1,1,1997,0,0,0,0,0,0,0,0,0,0
180133,1,1,1997,0,0,0,0,0,0,0,0,0,0
180134,1,1,1997,0,0,0,0,0,0,0,0,0,0
180134,2,1,1997,0,0,0,0,0,0,0,0,0,0
180135,1,1,1997,12,14,16,0,11,12,3,4,4,22
180136,1,1,1997,15,15,15,15,15,15,15,15,15,15
180137,1,1,1997,25,25,25,25,25,25,25,25,25,25
180138,1,1,1997,0,0,0,0,0,0,0,0,0,0
180139,1,1,1997,0,0,0,0,0,0,0,0,0,0
180140,1,1,1997,0,0,0,0,0,0,0,0,0,0
180140,2,1,1997,0,0,0,0,0,0,0,0,0,0
180141,1,1,1997,0,0,0,0,0,0,0,0,10,0
180142,1,1,1997,27,27,27,27,27,27,27,27,27,27
180142,2,1,1997,0,0,0,0,0,0,0,0,0,0
180143,1,1,1997,22,22,22,22,22,22,22,22,22,22
180143,2,1,1997,0,0,0,0,0,0,0,0,0,0
180144,1,1,1997,10,10,10,10,10,10,10,10,10,10
180145,1,1,1997,0,0,0,0,0,0,0,0,0,0
180145,2,1,1997,0,0,0,0,0,0,0,0,0,0
180145,3,1,1997,0,0,0,0,0,0,0,0,0,0
180146,1,1,1997,0,0,0,0,0,0,0,0,0,0
180147,1,1,1997,0,0,0,0,0,0,0,0,0,0
180147,2,1,1997,0,0,0,0,0,0,0,0,0,0
180148,0,1,1997,35,35,35,35,35,35,35,35,35,35
180148,1,1,1997,23,15,19,2,2,11,10,22,22,0
180149,1,1,1997,0,0,0,0,0,0,0,0,0,0
180150,1,1,1997,0,0,0,0,0,0,0,0,0,0
180150,2,1,1997,0,0,0,0,0,23,0,0,0,0
180151,1,1,1997,0,0,0,0,0,0,0,0,0,0
180152,1,1,1997,0,0,0,15,7,19,27,23,0,0
180152,2,1,1997,0,0,0,14,36,0,0,39,12,0
180153,1,1,1997,0,0,0,0,0,0,0,0,0,0
180153,2,1,1997,0,0,0,0,0,0,0,0,0,0
180154,1,1,1997,0,0,0,0,0,0,0,0,0,0
180154,2,1,1997,0,0,0,0,0,0,0,0,0,0
180155,0,1,1997,0,0,0,11,21,0,26,27,0,14
180155,1,1,1997,0,0,0,0,0,0,0,0,0,0
180156,1,1,1997,0,0,0,0,0,0,0,0,0,0
180157,1,1,1997,0,0,0,0,0,0,0,0,0,0
180157,2,1,1997,0,0,0,0,0,0,0,0,0,0
180158,1,1,1997,0,0,0,0,0,0,0,0,0,0
180158,2,1,1997,0,0,0,0,0,0,0,0,0,0
180159,1,1,1997,28,28,28,28,28,28,28,28,28,28
180160,1,1,1997,0,0,0,0,0,0,0,0,0,0
180160,2,1,1997,0,0,0,0,0,0,0,0,0,0
180161,1,1,1997,0,0,0,0,0,0,0,0,0,0
180161,2,1,1997,0,0,0,0,0,0,0,0,0,0
180162,1,1,1997,16,16,16,16,16,16,16,16,16,16
180162,2,1,1997,0,0,0,0,0,0,0,0,0,0
180163,1,1,1997,0,0,0,0,0,0,0,0,0,0
180164,1,1,1997,0,0,0,0,0,0,0,0,0,0
180164,2,1,1997,0,0,0,0,0,0,0,0,0,0
180165,1,1,1997,0,0,0,32,0,0,0,0,0,11
180165,2,1,1997,0,0,0,0,0,0,0,0,0,0
180166,1,1,1997,0,0,0,0,0,0,0,0,0,0
180166,2,1,1997,0,0,0,0,0,0,0,0,0,0
180167,0,1,1997,6,6,6,6,6,6,6,6,6,6
180167,1,1,1997,0,0,0,0,0,0,0,0,0,0
180168,1,1,1997,23,23,23,23,23,23,23,23,23,23
180169,1,1,1997,20,5,16,0,6,34,11,8,28,0
180170,1,1,1997,0,0,0,0,0,0,0,0,0,0
180170,2,1,1997,0,0,0,0,0,0,0,0,0,0
180171,1,1,1997,0,0,0,0,0,0,0,0,0,0
180171,2,1,1997,0,0,0,0,0,0,0,0,0,0
180172,1,1,1997,0,0,0,0,0,0,0,0,0,0
180172,2,1,1997,0,0,0,0,0,0,0,0,0,0
180173,1,1,1997,14,14,14,14,14,14,14,14,14,14
180174,1,1,1997,26,26,26,26,26,26,26,26,26,26
180175,0,1,1997,3,3,3,3,3,3,3,3,3,3
180175,1,1,1997,0,0,0,0,0,0,0,0,0,0
180176,1,1,1997,0,0,0,0,0,0,0,0,0,0
180176,2,1,1997,75,75,75,75,75,75,75,75,75,75
180177,1,1,1997,0,0,0,0,0,0,0,0,0,0
180178,1,1,1997,0,0,0,0,0,0,0,0,0,0
180179,0,1,1997,17,20,32,20,28,15,59,34,34,28
180179,1,1,1997,0,0,0,0,0,0,0,0,0,0
180180,1,1,1997,0,0,0,0,0,0,0,0,0,0
180181,1,1,1997,9,0,12,11,23,15,17,19,17,35
180182,1,1,1997,28,28,28,28,28,28,28,28,28,28
180183,1,1,1997,0,0,0,0,0,0,0,0,0,0
180183,2,1,1997,0,0,0,0,0,0,0,0,0,0
180185,1,1,1997,20,20,20,20,20,20,20,20,20,20
180185,2,1,1997,0,0,0,0,8,0,0,0,0,0
180186,1,1,1997,3,0,16,0,7,15,8,0,40,9
180187,1,1,1997,0,0,0,0,0,0,0,0,0,0
180187,2,1,1997,0,17,0,0,0,0,0,0,0,0
180188,1,1,1997,0,0,0,0,0,0,0,0,0,0
180188,2,1,1997,0,0,8,0,0,0,0,0,0,0
180189,1,1,1997,0,0,0,0,0,0,0,0,0,0
180190,1,1,1997,0,0,0,0,0,0,0,0,0,0
180190,2,1,1997,0,0,0,0,0,0,0,0,0,0
180190,3,1,1997,0,0,0,0,0,0,0,0,0,0
180191,0,1,1997,47,19,18,19,27,16,10,23,9,29
180191,1,1,1997,14,14,14,14,14,14,14,14,14,14
180192,1,1,1997,0,0,0,0,0,0,0,0,0,0
180192,2,1,1997,0,0,0,0,0,0,0,0,0,0
180193,1,1,1997,0,0,13,0,0,12,26,0,0,13
180194,1,1,1997,5,5,5,5,5,5,5,5,5,5
180195,1,1,1997,0,0,16,0,23,0,0,0,11,8
180196,1,1,1997,0,0,0,0,0,0,0,0,0,0
180196,2,1,1997,0,0,0,0,0,0,0,0,0,0
180196,3,1,1997,0,0,0,0,0,0,0,0,0,0
180197,1,1,1997,0,0,0,0,0,0,0,0,0,0
180197,2,1,1997,0,0,0,0,0,0,0,0,0,0
180198,1,1,1997,0,0,5,0,0,0,0,0,0,0
180198,2,1,1997,0,0,0,0,0,0,0,0,0,0
180199,0,1,1997,0,0,0,0,0,0,0,0,0,0
180199,1,1,1997,0,0,0,0,0,0,0,0,0,0
180200,0,1,1997,0,0,0,0,0,0,0,0,0,0
180200,1,1,1997,0,0,0,0,0,0,0,0,0,0
180201,0,1,1997,0,0,0,0,0,0,0,0,0,0
180201,0,2,1997,0,0,0,15,0,0,0,0,0,19
180201,1,1,1997,0,0,0,0,0,0,0,0,0,0
180202,1,1,1997,0,0,0,0,0,0,0,0,0,0
180202,2,1,1997,0,0,0,0,0,0,0,0,0,0
180203,1,1,1997,4,4,4,4,4,4,4,4,4,4
180204,1,1,1997,5,5,5,5,5,5,5,5,5,5
180205,1,1,1997,0,0,0,0,0,0,0,0,0,0
180205,2,1,1997,0,0,0,0,0,0,0,0,0,0
180206,1,1,1997,0,0,0,0,0,0,0,0,0,0
180206,2,1,1997,0,0,0,0,0,0,0,0,0,0
180206,3,1,1997,0,0,0,0,0,0,0,0,0,0
180207,1,1,1997,0,0,0,0,0,0,0,0,0,0
180208,1,1,1997,0,0,0,0,0,0,0,0,0,0
180209,1,1,1997,0,0,0,0,0,0,0,0,0,0
180210,1,1,1997,24,24,24,24,24,24,24,24,24,24
180211,1,1,1997,0,0,0,0,0,0,0,0,0,0
180211,2,1,1997,0,0,0,0,0,0,0,0,0,0
180212,1,1,1997,0,0,0,0,0,0,0,0,0,0
180212,2,1,1997,0,0,0,0,0,0,0,0,0,0
180212,3,1,1997,0,0,0,0,0,0,0,0,0,0
180212,4,1,1997,0,0,0,0,0,0,0,0,0,0
180212,5,1,1997,0,0,0,0,0,0,0,0,0,0
180213,1,1,1997,0,0,0,0,21,0,0,0,0,0
180213,2,1,1997,0,0,0,0,0,0,0,0,23,0
180214,1,1,1997,18,18,18,18,18,18,18,18,18,18
180215,1,1,1997,22,25,23,7,27,13,14,23,15,11
180216,1,1,1997,0,0,0,0,0,0,0,0,0,0
180216,2,1,1997,0,0,0,0,0,0,0,0,0,8
180217,1,1,1997,0,0,0,0,0,0,0,0,0,0
180217,2,1,1997,19,0,0,0,0,8,0,0,0,0
180218,1,1,1997,18,15,24,9,19,18,3,25,15,8
180219,1,1,1997,0,0,0,0,0,0,0,0,0,0
180219,2,1,1997,0,0,0,0,0,0,0,0,0,0
180220,1,2,1997,0,0,0,0,18,16,36,18,0,16
180221,1,1,1997,0,0,0,0,0,0,0,0,0,0
180221,2,1,1997,0,0,0,0,0,0,0,0,0,0
180222,1,1,1997,0,0,0,0,0,0,0,0,0,0
180223,0,1,1997,0,0,0,0,0,0,0,0,0,0
180223,1,1,1997,0,0,0,0,0,0,0,0,0,0
180224,0,1,1997,0,0,0,0,0,0,0,0,0,0
180224,1,1,1997,0,0,0,0,0,0,0,0,0,0
180225,0,1,1997,0,0,0,0,0,0,0,0,0,0
180225,1,1,1997,0,0,0,0,0,0,0,0,0,0
180226,1,1,1997,17,17,17,17,17,17,17,17,17,17
180227,1,1,1997,0,0,0,0,0,0,0,0,0,0
180228,1,1,1997,29,29,29,29,29,29,29,29,29,29
180228,2,1,1997,0,0,0,0,0,0,0,0,0,0
180230,1,1,1997,0,0,0,0,0,0,0,0,0,0
180230,2,1,1997,0,0,0,0,0,0,0,0,0,0
180230,3,1,1997,0,0,0,0,0,0,0,0,0,0
180231,1,1,1997,0,0,0,0,0,0,0,0,0,0
180232,1,1,1997,0,0,0,0,0,0,0,0,0,0
180232,2,1,1997,0,0,0,0,0,0,0,0,0,0
180233,1,1,1997,8,8,8,8,8,8,8,8,8,8
180233,2,1,1997,20,20,20,20,20,20,20,20,20,20
180234,1,1,1997,0,0,0,0,0,0,0,0,0,0
180234,2,1,1997,20,20,20,20,20,20,20,20,20,20
180235,0,1,1997,15,15,15,15,15,15,15,15,15,15
180235,1,1,1997,0,0,0,0,0,0,0,0,0,0
180236,1,1,1997,16,16,16,16,16,16,16,16,16,16
180237,1,1,1997,0,0,0,0,0,0,0,0,0,0
180238,1,1,1997,0,0,0,0,0,0,0,0,0,0
180238,2,1,1997,0,0,0,0,0,0,0,0,0,0
180239,1,1,1997,0,0,0,0,0,0,0,0,0,0
180239,2,1,1997,0,0,0,0,0,0,0,0,0,0
180240,1,1,1997,0,0,0,0,0,0,0,0,0,0
180241,0,1,1997,0,0,0,0,0,0,0,0,0,0
180241,1,1,1997,0,0,0,0,0,0,0,0,0,0
180242,1,1,1997,0,0,0,0,0,0,0,0,0,0
180242,2,1,1997,0,0,0,0,0,0,0,0,0,0
180243,0,1,1997,0,0,0,0,0,0,0,0,0,0
180243,1,1,1997,0,0,0,0,0,0,0,0,0,0
180244,0,1,1997,0,0,0,0,0,0,0,0,0,0
180244,1,1,1997,0,0,0,0,0,0,0,0,0,0
180245,1,1,1997,0,0,0,0,0,0,0,0,0,0
180245,2,1,1997,0,0,0,0,0,0,0,0,0,0
180246,1,1,1997,0,0,0,0,0,0,0,0,0,0
180246,2,1,1997,0,0,0,0,0,0,0,0,0,8
180246,3,1,1997,0,0,0,0,0,0,0,3,0,15
180246,4,1,1997,0,0,0,0,0,0,0,0,0,0
180247,1,1,1997,17,17,17,17,17,17,17,17,17,17
180248,1,1,1997,0,0,0,26,0,0,11,0,6,0
180249,1,1,1997,0,0,0,0,0,0,0,0,0,0
180249,2,1,1997,0,0,0,0,0,0,0,0,0,0
180250,1,1,1997,19,0,0,0,18,0,0,0,0,0
180251,1,1,1997,10,0,10,4,11,4,5,23,0,11
180252,1,1,1997,25,25,25,25,25,25,25,25,25,25
180253,1,1,1997,21,21,21,21,21,21,21,21,21,21
180253,2,1,1997,0,0,0,0,0,0,0,0,0,0
180254,0,1,1997,13,13,13,13,13,13,13,13,13,13
180254,1,1,1997,0,0,0,0,0,0,0,16,9,0
180255,1,1,1997,0,0,0,0,0,0,0,0,0,0
180255,2,1,1997,0,0,0,0,0,0,0,0,0,0
180256,1,1,1997,0,0,0,0,0,0,0,0,0,0
180256,2,1,1997,0,0,0,0,0,0,0,0,0,0
180257,1,1,1997,0,0,0,0,0,0,0,0,0,0
180257,2,1,1997,0,0,0,0,0,0,0,0,0,0
180258,1,1,1997,19,19,19,19,19,19,19,19,19,19
180259,1,1,1997,0,0,0,0,10,5,0,0,0,0
180259,2,1,1997,0,0,0,0,0,0,0,0,0,0
180260,1,1,1997,0,21,0,0,0,0,0,0,0,0
180261,1,1,1997,0,0,0,0,0,0,0,0,0,0
180261,2,1,1997,0,0,0,0,0,0,0,0,0,0
180261,3,1,1997,0,0,0,0,0,0,0,0,0,0
180262,1,1,1997,0,0,0,0,0,0,0,0,0,0
180262,2,1,1997,0,0,0,0,0,0,0,0,0,0
180263,1,1,1997,0,0,0,0,0,0,0,0,0,0
180263,2,1,1997,0,0,0,0,0,0,0,0,0,0
180264,1,1,1997,0,0,0,0,0,0,0,0,0,0
180264,2,1,1997,0,0,0,0,0,0,0,0,0,0
180265,1,1,1997,0,0,0,0,0,0,0,0,0,0
180266,1,1,1997,19,19,19,19,19,19,19,19,19,19
180266,2,1,1997,0,0,0,0,0,0,0,0,0,0
180267,1,1,1997,0,0,0,0,0,0,0,0,0,0
180267,2,1,1997,0,0,0,0,0,0,0,0,0,0
180268,0,1,1997,0,3,0,26,0,0,0,0,25,0
180268,1,1,1997,0,0,0,0,0,0,0,0,0,0
180269,1,1,1997,0,0,0,0,0,0,0,0,0,0
180270,1,1,1997,0,0,0,0,0,0,0,0,0,0
180270,2,1,1997,0,0,0,0,0,0,0,0,0,0
180271,1,1,1997,0,0,0,0,0,0,0,0,0,0
180271,2,1,1997,0,0,0,0,0,0,0,0,0,0
180271,3,1,1997,0,0,0,0,0,0,0,0,0,0
180272,1,1,1997,14,14,14,14,14,14,14,14,14,14
180272,2,1,1997,0,0,0,0,0,0,0,0,0,0
180272,3,1,1997,0,0,0,0,0,0,0,0,0,0
180273,1,1,1997,20,20,20,20,20,20,20,20,20,20
180274,1,1,1997,0,0,0,0,0,0,0,0,0,0
180275,1,1,1997,0,0,0,0,0,0,0,0,0,0