ST_CASE,VEH_NO,PER_NO,YEAR,P1,P2,P3,P4,P5,P6,P7,P8,P9,P10
180276,1,1,1997,0,0,0,0,0,0,0,0,0,0
180276,2,1,1997,0,0,0,0,0,0,0,0,0,0
180277,0,1,1997,0,0,0,0,0,0,0,0,0,0
180277,1,1,1997,0,0,0,0,0,0,0,0,0,0
180278,1,1,1997,0,0,0,0,0,0,0,0,0,0
180278,2,1,1997,0,0,0,0,0,0,0,0,0,0
180279,1,1,1997,14,14,14,14,14,14,14,14,14,14
180280,1,1,1997,0,0,0,0,0,0,0,0,0,0
180281,1,1,1997,0,0,0,0,0,0,23,0,0,0
180282,1,1,1997,0,0,0,0,0,0,0,0,0,0
180282,2,1,1997,0,0,0,0,0,0,0,0,0,0
180283,1,1,1997,0,0,0,0,0,0,0,0,0,0
180284,1,1,1997,0,0,0,0,0,0,0,0,0,0
180284,2,1,1997,0,0,0,0,0,0,0,0,0,0
180285,1,1,1997,0,0,0,0,0,0,0,0,0,0
180285,2,1,1997,0,0,0,0,0,0,0,0,0,0
180286,1,1,1997,0,0,0,0,0,0,0,0,0,0
180286,2,1,1997,3,3,3,3,3,3,3,3,3,3
180287,1,1,1997,0,0,0,0,0,0,0,0,0,0
180287,2,1,1997,0,18,0,0,0,0,0,0,0,0
180288,1,1,1997,25,25,25,25,25,25,25,25,25,25
180289,1,1,1997,0,0,0,0,0,0,0,0,0,0
180290,0,1,1997,16,0,20,14,0,0,0,0,0,8
180290,0,2,1997,0,0,0,0,0,0,0,0,0,0
180290,1,1,1997,3,3,3,3,3,3,3,3,3,3
180291,1,1,1997,0,0,0,0,0,0,0,0,0,0
180291,2,1,1997,0,0,0,0,0,0,0,0,0,0
180292,1,1,1997,29,29,29,29,29,29,29,29,29,29
180293,1,1,1997,0,0,0,0,0,0,0,0,0,9
180294,0,1,1997,0,0,0,0,0,0,0,0,0,0
180294,0,2,1997,15,24,32,0,22,0,0,17,29,26
180294,1,1,1997,0,0,0,0,0,0,0,0,0,0
180295,1,1,1997,0,0,0,0,0,0,0,0,0,0
180295,2,1,1997,0,0,0,0,0,0,0,0,0,0
180295,3,1,1997,0,0,0,0,0,0,0,0,0,0
180295,4,1,1997,0,0,0,0,0,0,0,0,0,0
180296,0,1,1997,0,0,0,0,0,0,0,0,0,0
180296,1,1,1997,0,0,0,0,0,0,0,0,0,0
180297,1,1,1997,0,0,0,0,0,0,0,0,0,0
180297,2,1,1997,0,0,0,0,0,0,0,0,0,0
180298,1,1,1997,3,3,3,3,3,3,3,3,3,3
180299,1,1,1997,0,0,0,0,0,0,0,0,0,0
180299,2,1,1997,0,20,0,0,0,0,0,0,0,0
180299,3,1,1997,0,0,0,0,0,0,0,0,0,0
180299,4,1,1997,0,0,0,0,0,0,0,0,0,0
180300,1,1,1997,17,17,17,17,17,17,17,17,17,17
180300,2,1,1997,16,16,16,16,16,16,16,16,16,16
180301,1,1,1997,0,0,0,0,0,0,0,0,0,10
180302,1,1,1997,0,0,0,0,0,0,0,0,0,0
180302,2,1,1997,0,0,0,0,0,0,0,0,0,0
180303,1,1,1997,0,0,0,0,0,0,0,0,0,0
180304,1,1,1997,0,0,0,0,0,0,0,0,0,0
180304,2,1,1997,0,0,0,0,0,0,0,0,0,0
180305,0,1,1997,0,0,0,0,0,0,0,0,0,0
180305,1,1,1997,0,0,0,0,0,0,0,0,0,0
180306,1,1,1997,17,17,17,17,17,17,17,17,17,17
180307,1,1,1997,17,17,17,17,17,17,17,17,17,17
180308,0,1,1997,0,24,17,16,41,24,26,0,35,7
180308,1,1,1997,0,0,10,0,0,0,0,0,0,0
180309,1,1,1997,0,2,0,0,0,33,20,0,0,11
180310,1,1,1997,36,36,36,36,36,36,36,36,36,36
180310,2,1,1997,9,9,9,9,9,9,9,9,9,9
180311,1,1,1997,14,14,14,14,14,14,14,14,14,14
180312,0,1,1997,0,0,14,0,16,16,0,0,16,0
180312,1,1,1997,0,0,0,0,0,0,0,0,0,0
180313,1,1,1997,0,0,0,0,0,0,0,0,0,0
180314,0,1,1997,0,0,0,0,0,0,0,0,0,0
180314,1,1,1997,0,0,0,0,0,0,0,0,0,0
180315,1,1,1997,19,19,19,19,19,19,19,19,19,19
180315,2,1,1997,0,0,0,0,0,0,0,0,0,0
180316,1,1,1997,8,8,8,8,8,8,8,8,8,8
180316,2,1,1997,0,0,0,0,0,0,0,0,0,0
180317,1,1,1997,0,0,0,0,0,0,0,0,0,0
180317,2,1,1997,0,0,0,0,0,0,0,0,0,0
180318,0,1,1997,14,14,14,14,14,14,14,14,14,14
180318,1,1,1997,0,0,0,0,0,0,0,0,0,0
180319,1,1,1997,0,0,0,0,0,0,0,0,0,0
180320,1,1,1997,0,0,0,0,0,0,0,0,0,0
180320,2,1,1997,0,0,0,8,0,0,0,0,0,0
180321,1,1,1997,0,0,0,0,0,0,0,0,0,0
180322,1,1,1997,0,0,0,0,0,0,0,0,0,0
180322,2,1,1997,18,18,18,18,18,18,18,18,18,18
180323,0,1,1997,0,0,0,0,0,0,0,0,0,0
180323,1,1,1997,0,0,0,0,0,0,0,0,0,0
180324,1,1,1997,0,0,0,0,0,0,0,0,0,0
180324,2,1,1997,0,0,0,0,0,0,0,0,0,0
180325,1,1,1997,0,0,0,0,0,0,0,0,0,0
180325,2,1,1997,0,0,0,0,0,0,0,0,0,0
180326,1,1,1997,17,17,17,17,17,17,17,17,17,17
180327,1,1,1997,24,24,24,24,24,24,24,24,24,24
180328,1,1,1997,24,24,17,12,19,34,31,10,21,22
180328,2,1,1997,0,0,0,0,0,0,0,0,0,0
180329,0,1,1997,14,21,41,5,24,20,9,32,20,28
180329,1,1,1997,12,28,29,22,0,11,0,12,14,5
180330,1,1,1997,21,21,21,21,21,21,21,21,21,21
180331,1,1,1997,0,0,0,0,0,0,0,0,0,0
180332,1,1,1997,24,24,24,24,24,24,24,24,24,24
180333,1,1,1997,8,8,8,8,8,8,8,8,8,8
180333,2,1,1997,0,0,0,0,0,0,0,0,0,0
180333,3,1,1997,6,0,0,0,0,0,7,3,0,3
180333,4,1,1997,0,0,0,0,0,0,0,0,0,0
180334,1,1,1997,15,15,15,15,15,15,15,15,15,15
180335,1,1,1997,10,10,10,10,10,10,10,10,10,10
180336,1,1,1997,39,39,39,39,39,39,39,39,39,39
180337,1,1,1997,0,0,0,0,14,0,22,0,0,15
180338,1,1,1997,0,0,0,0,0,0,0,0,0,0
180338,2,1,1997,0,0,0,0,0,0,0,0,0,0
180338,3,1,1997,0,0,0,0,0,0,0,0,0,0
180339,1,1,1997,0,0,0,0,0,0,0,0,0,0
180339,2,1,1997,0,0,0,0,0,0,0,0,0,0
180340,0,1,1997,0,0,0,0,0,0,0,0,0,0
180340,1,1,1997,0,0,0,0,0,0,0,0,0,0
180341,1,1,1997,0,0,0,0,0,0,7,0,0,0
180342,1,1,1997,19,19,19,19,19,19,19,19,19,19
180342,2,1,1997,0,0,0,0,0,0,0,0,0,0
180343,1,1,1997,13,21,20,9,9,25,11,14,5,20
180343,2,1,1997,6,0,0,0,0,0,26,0,0,24
180344,1,1,1997,0,0,0,0,0,0,0,0,0,0
180344,2,1,1997,0,0,0,0,0,0,0,0,0,0
180345,1,1,1997,0,0,0,0,0,0,0,0,0,0
180345,2,1,1997,0,0,0,0,0,0,0,0,0,0
180346,1,1,1997,18,18,18,18,18,18,18,18,18,18
180347,1,1,1997,0,0,3,0,0,0,0,0,6,0
180347,2,1,1997,0,0,0,0,0,0,0,0,0,0
180348,1,1,1997,0,0,0,0,0,0,0,0,0,0
180349,1,1,1997,15,15,15,15,15,15,15,15,15,15
180350,1,1,1997,0,0,0,0,0,0,0,0,0,0
180350,2,1,1997,0,0,0,0,0,0,0,0,0,0
180351,1,1,1997,0,0,0,0,22,12,0,0,0,0
180351,2,1,1997,0,24,0,0,0,0,0,0,0,0
180351,3,1,1997,0,0,0,0,0,0,0,0,0,0
180352,1,1,1997,15,15,15,15,15,15,15,15,15,15
180353,1,1,1997,0,0,0,0,0,0,0,0,0,0
180353,2,1,1997,0,0,0,0,0,0,0,0,0,0
180354,1,1,1997,25,25,25,25,25,25,25,25,25,25
180355,1,1,1997,0,0,0,0,0,0,0,0,0,0
180355,2,1,1997,0,0,0,0,0,0,0,0,0,0
180356,1,1,1997,0,0,0,0,0,0,0,0,0,0
180356,2,1,1997,0,0,0,0,0,0,0,0,0,0
180357,1,1,1997,0,0,0,0,0,0,0,0,0,0
180357,2,1,1997,0,0,0,0,0,0,0,0,0,0
180358,1,1,1997,0,0,0,0,0,0,0,0,0,0
180358,2,1,1997,0,0,0,0,0,0,0,0,0,0
180359,1,1,1997,0,0,0,0,0,0,0,0,0,0
180360,1,1,1997,0,0,0,0,0,0,0,0,0,0
180360,2,1,1997,13,0,7,10,18,22,0,0,19,7
180361,1,1,1997,0,0,0,0,0,0,0,0,0,0
180361,2,1,1997,0,0,0,0,0,0,0,0,0,0
180362,1,1,1997,24,24,24,24,24,24,24,24,24,24
180363,1,1,1997,20,20,20,20,20,20,20,20,20,20
180364,1,1,1997,0,0,0,0,0,0,0,0,0,0
180366,1,1,1997,0,0,0,0,0,0,0,0,0,0
180366,2,1,1997,0,0,0,0,0,0,0,0,0,0
180367,1,1,1997,0,0,0,0,0,0,0,0,0,0
180367,2,1,1997,0,0,0,0,0,0,0,0,0,0
180367,3,1,1997,0,0,0,0,0,0,0,0,0,0
180368,1,1,1997,0,0,0,0,0,0,0,0,0,0
180368,2,1,1997,0,0,0,0,0,0,0,0,0,0
180369,1,1,1997,0,0,0,0,0,0,0,0,0,0
180369,2,1,1997,0,0,0,0,0,0,0,0,0,9
180370,1,1,1997,21,21,21,21,21,21,21,21,21,21
180370,2,1,1997,0,0,0,0,0,0,0,0,0,0
180371,1,1,1997,0,0,0,0,0,0,0,0,0,0
180371,2,1,1997,0,0,0,0,0,0,0,0,0,0
180372,0,1,1997,0,28,0,0,22,14,13,30,33,0
180372,1,1,1997,0,0,0,0,0,0,0,0,0,0
180373,1,1,1997,0,0,0,0,0,0,0,0,0,0
180373,2,1,1997,0,0,0,0,0,0,0,0,0,0
180374,1,1,1997,20,20,20,20,20,20,20,20,20,20
180375,1,1,1997,0,17,0,0,0,0,0,22,0,0
180376,0,1,1997,0,0,0,0,0,0,0,0,16,0
180376,1,1,1997,0,0,0,0,0,0,0,0,0,0
180377,0,1,1997,0,0,0,0,0,0,0,0,0,25
180377,0,2,1997,0,0,0,0,0,0,0,0,0,9
180377,1,1,1997,0,0,0,0,0,0,0,0,0,0
180378,1,1,1997,0,0,0,0,0,0,0,0,0,0
180378,2,1,1997,0,0,0,0,0,0,0,0,0,0
180379,1,1,1997,0,0,0,0,0,0,0,0,0,0
180379,2,1,1997,18,0,0,0,0,10,0,0,0,0
180380,1,1,1997,0,0,0,0,0,0,0,0,0,0
180380,2,1,1997,0,0,0,0,0,0,0,0,0,0
180380,3,1,1997,0,0,0,0,0,0,0,0,0,0
180381,1,1,1997,0,0,0,0,0,0,0,0,0,0
180381,2,1,1997,0,0,0,0,0,0,0,0,0,0
180382,1,1,1997,0,0,0,0,0,0,0,0,0,0
180383,1,1,1997,0,0,0,0,0,0,0,0,0,0
180383,2,1,1997,0,0,0,0,0,0,0,0,0,0
180384,1,1,1997,0,0,0,0,0,0,0,0,0,8
180384,2,1,1997,0,0,0,0,0,0,0,0,0,0
180385,1,1,1997,0,0,0,0,0,0,0,0,0,0
180385,2,1,1997,0,0,0,0,0,0,0,0,0,0
180386,1,1,1997,26,26,26,26,26,26,26,26,26,26
180387,1,1,1997,0,0,0,0,0,0,0,0,0,0
180387,2,1,1997,0,0,0,0,0,0,0,0,0,0
180388,1,2,1997,0,4,0,7,0,8,13,12,0,0
180389,1,1,1997,0,0,0,0,0,0,0,0,0,0
180389,2,1,1997,0,0,0,0,0,0,0,0,0,0
180390,1,1,1997,17,17,17,17,17,17,17,17,17,17
180390,2,1,1997,0,0,0,0,0,0,0,0,0,0
180391,1,1,1997,13,12,10,19,16,15,18,6,8,9
180392,0,1,1997,0,0,0,0,0,0,0,0,0,0
180392,1,1,1997,0,0,0,0,0,0,0,0,0,0
180393,1,1,1997,8,8,8,8,8,8,8,8,8,8
180394,1,1,1997,15,15,15,15,15,15,15,15,15,15
180395,1,1,1997,0,0,0,0,0,32,20,0,10,0
180395,2,1,1997,0,0,0,0,0,0,0,0,0,0
180396,1,1,1997,23,23,23,23,23,23,23,23,23,23
180397,1,1,1997,0,0,0,0,0,0,0,0,0,0
180398,1,1,1997,0,0,0,0,0,0,0,0,0,0
180398,2,1,1997,0,0,0,0,0,0,0,0,0,0
180399,1,1,1997,21,28,22,34,29,0,40,12,30,39
180400,1,1,1997,0,0,0,0,0,0,0,0,0,0
180400,2,1,1997,22,22,22,22,22,22,22,22,22,22
180401,1,1,1997,14,22,20,21,17,18,17,24,22,36
180402,1,1,1997,0,0,0,0,0,0,0,0,0,0
180403,1,1,1997,0,0,0,0,0,0,0,0,0,0
180404,1,1,1997,0,0,0,0,0,0,0,0,0,0
180404,2,1,1997,0,0,0,0,0,0,0,0,0,0
180405,1,1,1997,0,0,0,0,0,0,0,0,0,0
180406,1,1,1997,17,17,17,17,17,17,17,17,17,17
180406,2,1,1997,18,18,18,18,18,18,18,18,18,18
180407,1,1,1997,0,0,0,0,0,0,0,0,0,0
180407,2,1,1997,0,0,0,0,0,0,0,0,0,0
180408,0,1,1997,0,0,0,0,0,0,0,0,0,0
180408,1,1,1997,0,0,0,0,0,0,0,0,0,0
180409,1,1,1997,0,0,0,0,0,0,27,0,0,0
180410,1,1,1997,0,0,0,0,18,0,0,0,0,0
180411,1,1,1997,0,0,0,0,0,0,0,0,0,0
180411,2,1,1997,0,0,0,0,0,0,0,0,0,0
180412,1,1,1997,0,0,9,0,0,0,0,0,0,0
180413,1,1,1997,6,6,6,6,6,6,6,6,6,6
180414,1,1,1997,0,0,0,0,0,0,0,0,0,0
180414,2,1,1997,0,0,0,0,0,0,0,0,0,0
180415,0,1,1997,0,0,14,0,11,28,26,0,21,15
180415,1,1,1997,0,0,0,0,0,0,0,0,0,0
180416,1,1,1997,0,0,0,0,0,0,0,0,0,0
180416,2,1,1997,0,0,0,0,0,0,10,0,0,0
180417,1,1,1997,0,0,0,0,0,0,0,0,0,0
180417,2,1,1997,0,0,0,0,0,0,0,0,0,0
180418,1,1,1997,0,0,0,0,0,0,0,0,0,0
180419,1,1,1997,0,0,0,20,0,0,0,0,2,0
180419,2,1,1997,0,0,0,0,0,0,0,5,0,0
180420,0,1,1997,0,0,0,0,0,0,0,0,0,0
180420,1,1,1997,0,0,0,0,0,0,0,0,0,0
180421,1,1,1997,0,0,0,0,0,0,0,0,0,0
180422,0,1,1997,24,24,24,24,24,24,24,24,24,24
180422,1,1,1997,0,0,0,0,0,0,0,0,0,0
180423,1,1,1997,0,0,0,0,0,0,0,0,0,0
180424,1,1,1997,0,0,0,0,0,0,0,0,0,0
180424,2,1,1997,0,0,0,0,0,0,0,0,0,0
180425,1,1,1997,0,0,0,0,0,0,0,0,0,0
180426,1,1,1997,0,0,0,0,0,0,0,0,0,0
180426,2,1,1997,0,0,0,0,0,0,0,0,0,0
180427,0,1,1997,0,0,0,0,0,0,0,0,0,0
180427,1,1,1997,16,28,0,0,6,0,3,0,0,0
180428,1,1,1997,0,0,0,0,0,0,0,0,0,0
180429,1,1,1997,24,24,24,24,24,24,24,24,24,24
180430,1,1,1997,0,0,0,26,0,0,0,13,15,0
180431,1,1,1997,0,0,0,0,0,0,0,0,0,0
180431,2,1,1997,0,0,0,0,0,0,0,0,0,0
180432,1,1,1997,7,7,7,7,7,7,7,7,7,7
180432,2,1,1997,0,0,0,0,0,0,0,0,0,0
180433,1,1,1997,29,29,29,29,29,29,29,29,29,29
180434,1,1,1997,21,21,21,21,21,21,21,21,21,21
180435,1,1,1997,0,0,0,0,0,0,0,0,0,0
180435,2,1,1997,0,0,0,0,2,0,0,0,0,0
180436,1,1,1997,0,0,0,0,0,17,14,0,0,0
180436,2,1,1997,0,0,0,0,0,0,0,0,0,0
180437,0,1,1997,21,21,21,21,21,21,21,21,21,21
180437,1,1,1997,24,24,24,24,24,24,24,24,24,24
180438,1,1,1997,0,0,0,0,0,0,0,0,0,0
180438,2,1,1997,0,0,0,0,0,0,0,0,0,0
180439,1,1,1997,0,0,0,0,0,0,0,0,0,0
180439,2,1,1997,0,0,0,0,0,0,0,0,0,0
180439,3,1,1997,0,0,0,0,0,0,0,0,0,0
180440,1,1,1997,27,27,27,27,27,27,27,27,27,27
180441,1,1,1997,0,0,0,0,0,0,0,0,0,0
180441,2,1,1997,0,0,0,0,0,0,0,0,0,0
180442,1,1,1997,16,16,16,16,16,16,16,16,16,16
180443,1,1,1997,0,0,0,0,0,0,0,0,0,0
180443,2,1,1997,0,0,0,0,0,0,0,0,0,0
180444,1,1,1997,18,18,18,18,18,18,18,18,18,18
180445,1,1,1997,3,3,3,3,3,3,3,3,3,3
180446,1,1,1997,0,0,0,0,0,0,0,0,0,0
180446,2,1,1997,0,0,0,0,0,0,0,0,0,0
180447,1,1,1997,19,19,19,19,19,19,19,19,19,19
180448,1,1,1997,0,0,0,0,0,0,0,0,10,16
180449,1,1,1997,0,0,0,0,0,24,0,21,0,0
180450,1,1,1997,0,0,0,0,0,0,0,0,22,0
180450,2,1,1997,0,0,0,0,0,0,0,0,0,0
180451,1,1,1997,28,0,0,0,0,0,0,0,0,3
180452,1,1,1997,25,25,25,25,25,25,25,25,25,25
180452,2,1,1997,0,0,0,0,0,0,0,0,0,0
180453,1,1,1997,14,14,14,14,14,14,14,14,14,14
180453,2,1,1997,0,0,0,0,0,0,0,0,0,0
180454,1,1,1997,0,0,0,0,0,0,0,0,0,0
180455,1,1,1997,17,0,15,0,5,0,0,0,0,0
180456,1,1,1997,11,11,11,11,11,11,11,11,11,11
180457,1,1,1997,14,14,14,14,14,14,14,14,14,14
180458,0,1,1997,21,21,21,21,21,21,21,21,21,21
180458,1,1,1997,0,0,0,0,0,0,0,0,0,0
180459,1,1,1997,18,18,18,18,18,18,18,18,18,18
180460,1,1,1997,0,0,0,0,0,0,0,0,0,0
180460,2,1,1997,0,0,0,0,24,0,21,17,0,8
180461,1,1,1997,0,9,0,0,0,0,0,0,0,0
180462,1,1,1997,0,0,0,0,0,0,0,0,0,0
180462,2,1,1997,0,0,0,0,0,0,0,0,0,0
180463,1,1,1997,0,0,0,0,0,0,0,0,0,0
180463,2,1,1997,0,0,0,0,0,0,0,0,0,0
180464,1,1,1997,0,0,0,0,0,0,0,0,0,0
180465,1,1,1997,12,12,12,12,12,12,12,12,12,12
180466,1,1,1997,17,17,17,17,17,17,17,17,17,17
180467,1,1,1997,0,0,0,0,0,0,0,0,0,0
180467,2,1,1997,0,0,0,0,0,0,0,0,0,0
180467,3,1,1997,0,0,0,0,0,0,0,0,0,0
180468,1,1,1997,0,0,0,0,0,0,0,0,0,0
180468,2,1,1997,0,0,0,0,0,0,0,0,0,0
180468,3,1,1997,0,0,0,0,0,0,0,0,0,0
180469,1,1,1997,0,0,0,0,0,0,0,0,0,0
180470,1,1,1997,0,0,0,0,0,0,0,0,0,0
180471,1,1,1997,16,16,16,16,16,16,16,16,16,16
180472,1,1,1997,0,0,0,0,0,0,0,0,0,0
180472,2,1,1997,0,0,0,0,0,0,0,0,0,0
180473,1,1,1997,0,0,0,0,0,0,0,0,0,0
180473,2,1,1997,0,0,0,0,0,0,0,0,0,0
180474,1,1,1997,0,0,0,0,0,0,0,0,0,0
180474,2,1,1997,10,0,0,0,0,0,0,0,0,0
180475,1,1,1997,0,0,0,0,0,0,0,0,0,0
180475,2,1,1997,16,0,0,0,0,14,0,0,0,0
180476,1,1,1997,0,0,0,0,0,0,0,0,0,0
180477,1,1,1997,14,14,14,14,14,14,14,14,14,14
180478,1,1,1997,0,0,0,0,0,0,0,0,0,0
180478,2,1,1997,25,25,25,25,25,25,25,25,25,25
180479,0,1,1997,5,5,5,5,5,5,5,5,5,5
180479,1,1,1997,0,0,0,0,0,0,0,0,0,0
180480,1,1,1997,23,14,10,24,23,9,26,0,0,21
180481,0,1,1997,0,0,4,0,18,0,0,0,0,0
180481,0,2,1997,0,0,0,0,0,0,0,0,21,0
180481,0,3,1997,0,0,0,0,0,0,0,0,0,0
180481,1,1,1997,0,0,0,0,0,0,0,0,0,0
180482,1,1,1997,0,0,17,22,0,32,15,0,20,0
180483,0,1,1997,0,0,0,0,0,0,0,0,0,0
180483,1,1,1997,0,0,0,0,0,0,0,0,0,0
180484,1,1,1997,17,17,17,17,17,17,17,17,17,17
180485,1,1,1997,0,0,0,0,0,0,15,0,0,0
180485,2,1,1997,0,0,0,0,0,0,0,0,0,0
180486,1,1,1997,0,0,0,0,0,0,0,0,0,0
180486,2,1,1997,0,0,0,0,0,0,0,0,0,0
180487,1,1,1997,3,3,3,3,3,3,3,3,3,3
180487,2,1,1997,0,0,0,2,5,0,0,0,0,0
180488,1,1,1997,0,0,0,0,0,0,0,0,0,0
180489,1,1,1997,0,0,0,0,0,0,19,0,0,0
180489,2,1,1997,0,28,0,0,0,0,0,0,0,0
180490,1,1,1997,0,0,0,0,0,0,0,0,0,0
180490,2,1,1997,0,0,0,0,0,0,0,0,0,0
180491,1,1,1997,21,15,9,20,0,19,30,12,3,13
180491,2,1,1997,0,0,0,0,0,0,0,0,0,0
180492,0,1,1997,0,0,0,0,0,0,0,0,0,0
180492,1,1,1997,0,0,0,0,0,0,0,0,0,0
180493,0,1,1997,0,0,0,0,0,0,0,0,0,0
180493,1,1,1997,0,0,0,0,0,0,0,0,0,0
180494,1,1,1997,0,0,0,0,0,0,0,0,0,0
180494,2,1,1997,21,21,21,21,21,21,21,21,21,21
180495,1,1,1997,0,0,0,0,0,0,0,0,0,0
180496,1,1,1997,0,0,0,0,0,0,0,0,0,0
180496,2,1,1997,0,0,0,0,0,0,0,0,25,0
180497,1,1,1997,0,0,0,0,0,0,0,0,0,0
180497,2,1,1997,0,0,0,0,0,0,0,0,0,0
180498,1,1,1997,0,0,0,0,0,0,0,0,0,0
180499,1,1,1997,15,15,15,15,15,15,15,15,15,15
180500,0,1,1997,0,0,0,0,0,0,0,0,0,0
180500,0,2,1997,0,6,0,13,0,0,0,0,0,0
180500,1,1,1997,24,24,24,24,24,24,24,24,24,24
180501,1,1,1997,0,10,0,0,0,0,0,0,0,0
180502,1,1,1997,0,9,0,0,9,0,0,14,0,0
180502,2,1,1997,0,17,0,0,0,0,0,0,0,0
180503,1,1,1997,0,0,0,0,0,0,0,0,0,0
180504,0,1,1997,0,0,0,0,0,0,0,0,0,0
180504,1,1,1997,0,0,0,0,0,0,0,0,0,0
180505,1,1,1997,0,0,0,0,0,0,0,0,0,0
180506,1,1,1997,0,0,0,0,0,0,0,0,0,0
180506,2,1,1997,0,0,0,0,0,0,0,0,0,0
180507,1,1,1997,26,12,0,5,30,20,19,7,0,15
180508,1,1,1997,0,0,0,0,0,0,0,0,0,0
180508,2,1,1997,0,0,0,0,0,0,0,0,0,0
180508,3,1,1997,0,0,0,0,0,0,0,0,0,0
180508,4,1,1997,0,0,0,0,0,0,0,0,0,0
180509,1,1,1997,0,0,0,0,0,0,0,0,0,0
180509,2,1,1997,0,0,0,0,0,0,0,0,0,0
180510,1,1,1997,0,0,0,0,0,0,0,0,0,0
180510,2,1,1997,0,0,0,0,0,0,0,0,0,0
180511,1,1,1997,0,0,0,0,0,0,0,0,0,0
180511,2,1,1997,0,0,0,0,0,0,0,0,0,0
180512,1,1,1997,0,0,0,0,0,0,0,0,0,0
180512,2,1,1997,0,0,0,0,0,0,0,0,0,0
180513,1,1,1997,0,0,0,0,0,0,0,13,0,0
180514,1,1,1997,0,0,0,0,0,0,0,0,0,0
180514,2,1,1997,0,0,0,0,0,7,0,0,0,0
180514,3,1,1997,0,0,0,0,0,0,0,0,0,0
180515,0,1,1997,0,0,0,0,0,28,0,0,13,0
180515,1,1,1997,0,0,0,0,0,0,0,0,0,0
180516,1,1,1997,0,0,0,0,0,0,0,0,0,0
180516,2,1,1997,0,0,0,0,0,0,0,0,0,0
180517,1,1,1997,0,22,0,0,17,25,0,11,25,0
180518,1,1,1997,0,0,0,0,0,0,0,0,0,0
180519,1,1,1997,0,0,0,0,0,0,0,0,0,0
180519,2,1,1997,0,0,21,0,0,0,0,0,0,0
180520,1,1,1997,0,0,0,0,0,0,0,0,0,0
180521,1,1,1997,0,0,0,0,0,0,0,0,0,0
180522,1,1,1997,0,0,0,0,0,0,0,0,0,0
180523,1,1,1997,0,0,0,0,0,0,0,0,0,0
180524,0,1,1997,0,0,0,0,0,0,0,0,0,0
180524,1,1,1997,0,0,0,0,0,0,0,0,0,0
180525,1,1,1997,0,0,0,0,0,0,0,0,0,0
180525,2,1,1997,0,0,0,2,0,0,0,0,0,0
180526,1,1,1997,0,0,0,0,0,0,0,0,0,0
180527,1,1,1997,0,0,0,0,0,0,0,0,0,0
180527,2,1,1997,0,0,0,0,0,0,0,0,0,0
180528,1,1,1997,0,0,0,0,0,0,0,0,0,0
180528,2,1,1997,0,0,0,0,0,0,0,0,0,0
180529,1,1,1997,21,21,21,21,21,21,21,21,21,21
180530,1,1,1997,0,0,0,0,0,0,0,0,0,0
180530,2,1,1997,0,0,0,0,0,0,0,0,0,0
180531,1,1,1997,0,0,11,0,0,0,0,0,0,0
180531,2,1,1997,0,0,10,3,0,0,0,0,20,9
180532,1,1,1997,0,0,0,0,0,0,0,0,0,0
180532,2,1,1997,0,0,0,0,0,0,0,0,0,0
180533,1,1,1997,13,13,13,13,13,13,13,13,13,13
180534,1,1,1997,17,17,17,17,17,17,17,17,17,17
180534,2,1,1997,0,0,0,0,0,0,0,0,0,0
180535,1,1,1997,28,28,28,28,28,28,28,28,28,28
180536,1,1,1997,17,17,17,17,17,17,17,17,17,17
180537,0,1,1997,11,11,11,11,11,11,11,11,11,11
180537,1,1,1997,0,0,0,0,0,0,0,0,0,0
180538,1,1,1997,0,0,0,0,0,0,0,0,0,0
180538,2,1,1997,0,0,0,0,0,0,0,0,0,0
180539,1,1,1997,0,0,0,0,0,0,0,0,0,0
180540,1,1,1997,0,19,0,0,0,0,0,0,0,0
180541,1,1,1997,0,0,0,0,0,0,0,0,0,0
180541,2,1,1997,0,0,0,0,0,0,0,0,0,0
180542,1,1,1997,0,0,0,0,0,0,0,0,0,0
180542,2,1,1997,0,0,0,0,0,0,0,0,0,0
180542,3,1,1997,0,0,0,0,0,0,0,0,0,0
180543,1,1,1997,0,0,0,0,0,0,0,0,0,0
180543,2,1,1997,0,0,0,0,0,0,0,0,0,0
180544,1,1,1997,23,23,23,23,23,23,23,23,23,23
180544,2,1,1997,0,0,0,0,0,0,0,0,0,0
180545,1,1,1997,20,20,20,20,20,20,20,20,20,20
180546,1,1,1997,0,0,0,0,0,0,0,0,0,0
180546,2,1,1997,0,0,0,0,0,0,0,0,0,0
180547,0,1,1997,23,0,0,0,0,18,0,0,0,21
180547,1,1,1997,15,15,15,15,15,15,15,15,15,15
180548,1,1,1997,0,0,0,0,0,0,0,0,0,0
180548,2,1,1997,0,0,0,0,0,0,0,0,0,0
180548,3,1,1997,0,0,0,0,0,0,0,0,0,0
180549,1,1,1997,0,0,0,0,0,0,0,0,0,0
180549,2,1,1997,18,0,17,22,0,0,0,27,16,4
180550,1,1,1997,0,0,0,0,0,0,0,0,0,0