ST_CASE,VEH_NO,PER_NO,YEAR,P1,P2,P3,P4,P5,P6,P7,P8,P9,P10
180551,1,1,1997,18,27,23,33,29,18,15,15,14,12
180552,1,1,1997,18,18,18,18,18,18,18,18,18,18
180553,1,1,1997,0,0,0,0,0,0,0,0,0,0
180553,2,1,1997,8,0,0,0,11,0,0,0,0,0
180554,1,1,1997,15,15,15,15,15,15,15,15,15,15
180555,1,1,1997,0,0,0,0,0,0,0,0,0,0
180555,2,1,1997,0,0,0,0,0,0,0,0,0,0
180556,1,1,1997,0,0,0,21,0,0,12,0,0,0
180556,2,1,1997,0,0,0,0,0,0,0,0,0,0
180557,1,1,1997,28,28,28,28,28,28,28,28,28,28
180557,2,1,1997,0,0,0,0,0,0,0,0,0,0
180558,1,1,1997,0,0,33,0,0,0,0,0,0,0
180558,2,1,1997,11,11,11,11,11,11,11,11,11,11
180559,1,1,1997,0,0,0,0,0,0,0,0,0,0
180559,2,1,1997,0,0,0,0,0,0,0,0,0,0
180560,1,1,1997,0,0,0,0,0,0,0,0,0,0
180561,1,1,1997,0,0,0,0,0,0,0,0,0,0
180561,2,1,1997,0,0,0,0,0,0,0,0,0,0
180562,1,1,1997,21,21,21,21,21,21,21,21,21,21
180563,1,1,1997,20,20,20,20,20,20,20,20,20,20
180564,1,1,1997,0,0,0,0,0,0,0,0,0,0
180564,2,1,1997,0,0,0,0,0,0,0,0,0,0
180565,1,1,1997,0,0,0,0,0,0,0,0,0,0
180565,2,1,1997,0,0,0,0,0,0,0,0,0,0
180566,1,1,1997,0,0,0,0,0,0,0,0,0,0
180566,2,1,1997,0,0,0,0,0,0,0,0,0,0
180567,1,1,1997,19,19,19,19,19,19,19,19,19,19
180567,2,1,1997,0,0,0,0,0,0,0,0,0,0
180568,1,1,1997,0,22,8,12,18,0,0,0,0,0
180568,2,1,1997,0,0,0,0,0,0,0,0,0,0
180569,1,1,1997,0,0,0,0,0,0,0,0,0,0
180570,1,1,1997,0,0,0,0,0,0,0,0,0,0
180570,2,1,1997,0,0,0,0,0,0,15,0,10,0
180570,3,1,1997,0,0,0,0,0,0,0,0,0,0
180571,1,1,1997,0,0,0,0,0,0,0,0,0,0
180572,1,1,1997,0,0,0,0,0,0,0,0,0,0
180572,2,1,1997,0,0,0,0,0,0,0,0,0,0
180573,1,1,1997,22,22,22,22,22,22,22,22,22,22
180574,0,1,1997,0,0,0,0,4,0,0,0,0,0
180574,1,1,1997,0,0,0,0,0,0,0,0,0,0
180575,1,1,1997,0,0,0,0,0,0,0,0,0,0
180575,2,1,1997,0,0,0,0,0,0,0,0,0,0
180576,1,1,1997,22,22,22,22,22,22,22,22,22,22
180577,1,1,1997,0,0,0,0,0,0,0,0,0,0
180577,2,1,1997,0,0,0,0,0,0,0,0,0,0
180578,1,1,1997,0,0,0,13,0,0,17,0,0,0
180578,2,1,1997,0,0,0,0,0,0,0,0,0,0
180579,1,1,1997,0,0,0,0,0,0,0,0,0,0
180579,2,1,1997,8,8,8,8,8,8,8,8,8,8
180580,0,1,1997,13,0,0,0,0,0,0,0,0,0
180580,1,1,1997,0,0,0,0,0,0,0,0,0,0
180581,1,1,1997,0,0,0,0,0,0,0,0,0,0
180581,2,1,1997,0,0,0,0,0,0,0,0,0,0
180582,1,1,1997,21,21,21,21,21,21,21,21,21,21
180583,1,1,1997,0,0,0,0,0,0,0,0,0,0
180584,1,1,1997,0,0,0,0,0,0,0,0,0,0
180584,2,1,1997,0,0,0,0,0,0,0,0,0,0
180585,1,1,1997,0,0,0,27,0,0,0,0,0,0
180586,1,1,1997,0,0,0,0,0,0,0,0,0,0
180586,2,1,1997,0,0,0,0,0,0,0,0,0,0
180587,0,1,1997,14,0,0,0,0,0,20,0,0,0
180587,1,1,1997,0,0,0,0,0,0,0,0,0,0
180588,1,1,1997,0,8,14,0,0,0,9,0,0,0
180588,2,1,1997,10,6,16,14,14,7,9,16,17,16
180589,1,1,1997,0,0,0,0,0,0,0,0,0,0
180589,2,1,1997,0,0,0,0,0,0,0,0,0,0
180590,1,1,1997,0,0,0,5,0,12,0,0,0,13
180590,2,1,1997,0,0,0,0,0,0,0,0,0,0
180591,1,1,1997,0,0,0,0,0,0,0,0,0,0
180592,0,1,1997,0,0,0,0,0,0,0,0,0,0
180592,1,1,1997,0,0,0,0,0,0,0,0,0,0
180593,1,1,1997,0,0,0,0,0,0,0,0,0,0
180593,2,1,1997,0,0,0,0,0,0,0,0,0,0
180594,1,1,1997,0,0,0,0,0,0,0,0,0,0
180595,1,1,1997,11,11,3,9,23,26,17,20,12,9
180595,2,1,1997,0,0,0,0,0,0,0,0,0,0
180596,1,1,1997,17,17,17,17,17,17,17,17,17,17
180596,2,1,1997,0,0,0,0,0,0,0,0,0,0
180597,1,1,1997,0,0,0,0,0,0,0,0,0,0
180597,2,1,1997,0,0,21,0,24,0,0,0,0,0
180597,3,1,1997,0,0,0,0,0,0,0,0,0,0
180597,4,1,1997,0,0,0,7,0,0,0,0,0,0
180598,1,1,1997,0,0,0,0,0,0,0,0,0,0
180598,2,1,1997,0,0,0,0,0,0,0,0,0,0
180599,1,1,1997,6,6,6,6,6,6,6,6,6,6
180600,1,1,1997,0,0,0,0,0,0,0,0,0,0
180600,2,1,1997,0,0,0,0,0,0,0,0,0,0
180600,3,1,1997,0,0,0,0,0,0,0,0,0,0
180601,1,1,1997,0,0,0,0,0,0,0,0,0,0
180601,2,1,1997,0,0,0,0,0,0,0,0,15,0
180601,3,1,1997,0,0,0,0,0,0,0,0,0,0
180602,1,1,1997,0,0,0,19,0,8,10,19,0,0
180603,1,1,1997,0,0,0,0,0,0,0,0,0,0
180603,2,1,1997,0,0,0,0,0,0,0,0,0,0
180604,0,1,1997,0,0,24,0,0,0,0,0,0,0
180604,1,1,1997,0,0,0,0,0,0,0,0,0,0
180605,1,1,1997,0,0,0,0,0,0,0,0,0,0
180605,2,1,1997,0,0,0,0,0,0,0,0,0,0
180606,0,1,1997,27,27,27,27,27,27,27,27,27,27
180606,1,1,1997,0,9,0,0,0,10,0,0,0,0
180607,1,1,1997,0,0,0,0,0,0,0,0,0,0
180607,2,1,1997,0,0,0,0,0,0,0,0,0,0
180608,1,1,1997,17,17,17,17,17,17,17,17,17,17
180609,1,1,1997,15,15,15,15,15,15,15,15,15,15
180610,1,1,1997,0,0,0,0,0,0,0,0,0,0
180610,2,1,1997,0,0,0,0,0,14,0,0,0,0
180611,1,1,1997,15,15,15,15,15,15,15,15,15,15
180611,2,1,1997,2,2,2,2,2,2,2,2,2,2
180612,1,1,1997,25,25,25,25,25,25,25,25,25,25
180613,1,1,1997,7,7,7,7,7,7,7,7,7,7
180614,1,1,1997,0,0,0,0,0,0,0,0,0,0
180614,2,1,1997,0,0,0,0,0,0,0,0,0,0
180614,3,1,1997,16,0,0,0,0,0,0,0,0,0
180615,1,1,1997,0,0,0,0,0,0,0,0,0,0
180615,2,1,1997,0,0,0,0,0,0,0,0,0,0
180616,1,1,1997,20,20,20,20,20,20,20,20,20,20
180616,2,1,1997,0,0,0,0,0,0,0,0,0,0
180617,1,1,1997,0,0,0,0,0,0,0,0,0,0
180618,1,1,1997,0,0,0,0,0,0,0,0,0,0
180619,1,1,1997,0,0,0,0,0,0,0,0,0,0
180620,1,1,1997,9,9,9,9,9,9,9,9,9,9
180621,1,1,1997,0,0,0,0,0,0,0,0,0,0
180621,2,1,1997,13,0,0,0,0,0,0,0,0,0
180622,1,1,1997,0,0,0,0,0,0,0,0,0,0
180623,1,1,1997,0,0,0,0,0,0,0,0,0,0
180623,2,1,1997,0,0,0,0,0,0,0,0,0,0
180624,1,1,1997,0,0,0,0,0,0,0,0,0,0
180625,1,1,1997,0,0,0,0,0,0,0,0,0,0
180626,0,1,1997,0,0,0,0,0,0,0,0,0,26
180626,1,1,1997,14,14,14,14,14,14,14,14,14,14
180627,1,1,1997,14,14,14,14,14,14,14,14,14,14
180628,1,1,1997,12,12,12,12,12,12,12,12,12,12
180629,1,1,1997,25,25,25,25,25,25,25,25,25,25
180630,1,1,1997,21,21,21,21,21,21,21,21,21,21
180631,1,1,1997,0,0,16,0,0,0,0,0,0,0
180631,2,1,1997,0,0,0,17,0,0,0,0,0,0
180632,1,1,1997,0,0,0,0,0,0,0,0,0,0
180632,2,1,1997,0,0,0,0,0,0,0,0,0,0
180632,3,1,1997,0,0,0,0,0,0,0,0,0,0
180632,4,1,1997,0,0,0,0,0,0,0,0,0,0
180632,5,1,1997,0,0,0,0,0,0,0,0,0,0
180633,1,1,1997,0,0,0,0,0,0,0,0,0,0
180633,2,1,1997,0,0,0,0,0,0,0,0,0,0
180634,1,1,1997,0,0,0,0,0,0,0,0,0,0
180634,2,1,1997,0,0,0,0,0,0,0,0,0,10
180635,1,1,1997,0,0,0,0,0,0,0,0,0,0
180635,2,1,1997,0,0,0,0,0,0,0,0,0,0
180636,1,1,1997,16,16,16,16,16,16,16,16,16,16
180636,2,1,1997,0,0,0,0,0,0,0,0,0,0
180637,1,1,1997,0,0,0,0,0,0,0,0,0,0
180638,1,1,1997,31,31,31,31,31,31,31,31,31,31
180639,1,1,1997,0,0,0,0,0,0,0,0,0,5
180639,2,1,1997,0,0,0,0,0,0,0,12,0,0
180640,1,1,1997,23,23,23,23,23,23,23,23,23,23
180640,2,1,1997,0,0,8,0,0,0,0,0,0,0
180641,1,1,1997,23,23,23,23,23,23,23,23,23,23
180641,2,1,1997,0,0,0,0,0,0,0,0,0,0
180642,1,1,1997,0,0,0,0,15,0,0,0,0,0
180642,2,1,1997,17,0,0,0,0,0,0,0,0,0
180642,3,1,1997,0,0,0,0,0,0,0,0,0,0
180643,1,1,1997,0,0,0,0,0,0,0,0,0,0
180643,2,1,1997,0,0,0,0,0,0,0,0,0,0
180644,1,1,1997,23,23,23,23,23,23,23,23,23,23
180645,1,1,1997,19,19,19,19,19,19,19,19,19,19
180645,2,1,1997,0,0,0,0,0,0,0,0,0,0
180645,3,1,1997,0,0,0,0,0,0,0,0,0,0
180645,4,1,1997,0,0,0,0,0,0,0,4,0,0
180646,1,1,1997,0,13,26,0,17,0,36,29,0,28
180647,1,1,1997,0,0,0,4,0,0,0,0,0,0
180647,2,1,1997,0,0,0,0,0,0,0,0,0,0
180648,1,1,1997,21,21,21,21,21,21,21,21,21,21
180649,1,1,1997,0,0,0,0,0,0,0,0,0,0
180649,2,1,1997,18,18,18,18,18,18,18,18,18,18
180650,1,1,1997,0,0,0,0,0,0,0,0,0,0
180650,2,1,1997,0,0,0,0,0,0,0,0,0,0
180651,0,1,1997,0,0,0,0,0,0,0,0,0,0
180651,1,1,1997,0,0,0,0,0,0,0,0,0,0
180652,1,1,1997,0,14,0,0,0,0,0,0,0,0
180653,1,1,1997,18,18,18,18,18,18,18,18,18,18
180654,1,1,1997,23,23,23,23,23,23,23,23,23,23
180655,1,1,1997,0,0,0,0,0,0,0,0,0,0
180656,1,1,1997,0,0,0,0,0,0,0,0,0,0
180656,2,1,1997,0,0,0,0,0,0,0,0,0,0
180657,1,1,1997,0,0,0,0,0,0,0,0,0,0
180658,1,1,1997,0,0,0,0,0,0,0,0,0,0
180658,2,1,1997,0,0,0,0,0,0,0,0,0,0
180659,1,1,1997,0,0,0,0,0,0,0,0,0,0
180659,2,1,1997,0,0,0,0,0,0,0,0,0,0
180660,1,1,1997,0,0,0,0,0,0,0,0,0,0
180661,1,1,1997,0,0,0,0,0,0,0,0,0,0
180661,2,1,1997,0,0,0,0,0,0,0,0,0,0
180662,1,1,1997,0,0,0,0,0,0,0,0,0,0
180662,2,1,1997,0,0,0,0,0,0,0,0,0,0
180662,3,1,1997,0,0,0,0,0,0,0,0,0,0
180663,1,1,1997,0,0,0,0,0,0,0,0,0,0
180664,1,1,1997,0,0,0,0,29,0,0,0,0,0
180664,2,1,1997,16,0,0,0,0,0,0,0,0,0
180665,1,1,1997,0,0,0,0,0,0,0,0,0,0
180666,1,1,1997,0,0,0,0,0,0,0,0,0,0
180666,2,1,1997,0,0,0,0,0,0,0,0,0,0
180667,1,1,1997,12,0,12,0,0,0,0,0,0,11
180667,2,1,1997,0,0,0,9,0,0,11,0,0,0
180668,1,1,1997,31,31,31,31,31,31,31,31,31,31
180669,1,1,1997,19,0,0,0,0,19,0,0,0,14
180670,1,1,1997,0,0,0,0,0,0,0,0,0,0
180670,2,1,1997,0,0,0,0,0,0,0,0,0,0
180671,1,1,1997,16,16,16,16,16,16,16,16,16,16
180671,2,1,1997,0,0,0,0,0,0,0,0,0,0
180671,3,1,1997,0,0,0,0,0,0,0,0,0,0
180672,1,1,1997,17,17,17,17,17,17,17,17,17,17
180673,1,1,1997,0,0,0,0,0,0,0,0,0,0
180673,2,1,1997,0,0,0,0,0,0,0,0,22,0
180674,1,1,1997,0,0,0,0,0,0,0,0,0,0
180674,2,1,1997,0,0,0,0,0,0,0,0,0,0
180674,3,1,1997,0,0,0,0,0,0,0,0,0,0
180674,4,1,1997,0,0,0,0,0,0,0,0,0,0
180675,1,1,1997,15,15,15,15,15,15,15,15,15,15
180676,1,1,1997,0,14,13,11,0,15,27,12,21,15
180677,1,1,1997,0,0,0,0,0,0,0,0,0,0
180678,1,1,1997,16,16,16,16,16,16,16,16,16,16
180679,1,1,1997,0,0,0,0,0,0,0,0,0,0
180679,2,1,1997,0,0,0,0,0,0,0,0,0,0
180680,1,1,1997,0,0,0,0,0,0,0,0,0,0
180680,2,1,1997,0,0,0,0,0,0,0,7,0,0
180681,1,1,1997,20,20,20,20,20,20,20,20,20,20
180682,1,1,1997,0,0,0,0,0,0,0,0,0,0
180682,2,1,1997,0,0,0,0,0,0,0,0,0,0
180684,1,1,1997,0,0,0,0,0,0,0,0,0,0
180685,0,1,1997,15,0,0,0,0,0,0,0,11,0
180685,1,1,1997,0,0,0,0,0,0,0,0,0,0
180686,1,1,1997,0,0,0,0,0,0,0,0,0,0
180686,2,1,1997,0,0,0,0,0,0,0,0,0,0
180687,1,1,1997,34,34,34,34,34,34,34,34,34,34
180688,1,1,1997,11,32,32,18,36,0,24,29,18,3
180689,1,1,1997,0,0,0,0,0,0,0,0,0,0
180690,0,1,1997,16,16,16,16,16,16,16,16,16,16
180690,1,1,1997,0,0,0,0,0,0,0,0,0,0
180691,1,1,1997,23,23,23,23,23,23,23,23,23,23
180691,2,1,1997,0,0,0,0,24,0,0,0,0,0
180692,0,1,1997,0,0,0,0,0,0,0,0,0,0
180692,1,1,1997,0,0,0,0,0,0,0,0,0,0
180693,1,1,1997,0,0,0,0,0,17,0,0,0,0
180693,2,1,1997,0,0,0,0,0,0,0,0,0,0
180694,1,1,1997,0,0,0,29,0,0,0,0,0,0
180695,1,1,1997,20,20,20,20,20,20,20,20,20,20
180696,1,1,1997,0,0,0,0,0,0,0,0,0,0
180697,1,1,1997,0,0,0,11,0,0,0,0,0,0
180697,2,1,1997,0,0,0,0,0,0,0,0,0,0
180697,3,1,1997,0,0,0,0,0,0,0,0,0,0
180698,1,1,1997,0,0,0,0,0,0,0,0,0,0
180698,2,1,1997,0,0,0,0,0,0,0,0,0,0
180699,1,1,1997,10,10,10,10,10,10,10,10,10,10
180699,2,1,1997,0,0,0,0,0,0,0,0,0,0
180699,3,1,1997,10,10,10,10,10,10,10,10,10,10
180700,1,1,1997,0,19,0,0,0,0,0,0,0,0
180700,2,1,1997,0,0,0,0,0,0,0,0,0,24
180701,1,1,1997,0,0,0,0,0,0,0,0,0,0
180701,2,1,1997,0,0,0,0,0,0,0,0,0,0
180702,1,1,1997,7,7,7,7,7,7,7,7,7,7
180703,1,1,1997,0,0,0,0,0,0,0,0,0,0
180703,2,1,1997,0,0,0,0,0,0,0,0,0,0
180704,1,1,1997,0,0,0,0,0,0,0,0,0,0
180704,2,1,1997,0,0,0,0,0,0,0,0,0,0
180705,1,1,1997,0,0,0,0,0,0,0,0,0,0
180705,2,1,1997,0,0,0,0,0,0,0,0,0,0
180706,1,1,1997,0,0,0,0,0,0,0,0,0,0
180707,1,1,1997,0,0,0,0,0,0,0,0,0,0
180707,2,1,1997,0,0,0,0,0,0,0,0,0,0
180708,1,1,1997,0,0,0,0,0,0,0,0,0,0
180709,0,1,1997,0,0,0,0,0,0,0,0,0,0
180709,1,1,1997,13,13,13,13,13,13,13,13,13,13
180710,1,1,1997,0,0,0,0,0,0,0,0,0,0
180710,2,1,1997,0,0,0,0,0,0,0,0,0,0
180711,1,1,1997,0,0,0,0,0,0,0,0,0,0
180711,2,1,1997,0,0,0,0,0,0,0,0,0,0
180712,1,1,1997,0,0,0,0,0,0,0,0,0,0
180712,2,1,1997,0,0,0,0,0,0,0,0,0,0
180712,3,1,1997,0,0,0,0,0,0,0,0,0,0
180713,1,1,1997,0,0,0,0,0,0,0,0,0,0
180713,2,1,1997,0,0,0,17,0,0,14,0,0,25
180714,1,1,1997,0,0,0,0,0,0,0,0,0,0
180714,2,1,1997,0,0,0,0,0,0,0,0,0,0
180715,1,1,1997,0,0,0,0,0,0,0,0,0,0
180716,1,1,1997,0,0,0,0,0,0,0,0,0,0
180717,1,1,1997,0,0,0,0,0,0,0,0,0,0
180717,2,1,1997,0,0,0,0,0,0,0,0,0,0
180718,1,1,1997,0,0,0,0,0,0,0,0,0,0
180719,0,1,1997,0,0,0,0,23,0,0,0,0,0
180719,1,1,1997,0,0,0,0,0,0,0,0,0,0
180720,1,1,1997,0,0,0,0,0,0,0,0,0,0
180721,1,1,1997,0,0,0,0,0,0,0,0,0,0
180721,2,1,1997,0,0,0,0,0,0,0,0,0,0
180722,0,1,1997,0,0,0,0,0,0,0,0,0,0
180722,1,1,1997,0,0,0,0,0,0,0,0,0,0
180723,1,1,1997,0,0,0,0,0,0,0,0,0,0
180723,2,1,1997,24,24,24,24,24,24,24,24,24,24
180724,1,1,1997,0,0,0,0,0,0,0,0,0,0
180724,2,1,1997,14,0,19,0,10,0,14,0,0,0
180725,1,1,1997,0,0,0,0,0,0,0,0,0,0
180725,2,1,1997,0,0,0,0,0,0,0,0,0,0
180725,3,1,1997,0,0,0,0,0,0,0,0,0,0
180725,4,1,1997,0,0,0,0,0,0,0,0,0,0
180726,1,1,1997,0,0,0,0,9,0,0,0,0,0
180726,2,1,1997,0,0,0,0,0,0,0,0,0,0
180727,1,1,1997,0,0,0,0,0,0,0,0,0,0
180727,2,1,1997,0,0,0,0,0,0,0,0,0,0
180728,1,1,1997,11,15,0,0,9,16,0,0,0,0
180729,1,1,1997,14,14,14,14,14,14,14,14,14,14
180729,2,1,1997,0,0,0,0,0,0,0,0,0,0
180730,1,1,1997,0,0,0,0,0,0,0,0,0,0
180730,2,1,1997,0,0,0,0,0,0,0,0,0,0
180730,3,1,1997,0,0,0,0,0,0,0,0,0,0
180731,1,1,1997,0,0,0,0,0,0,0,0,0,0
180732,0,1,1997,38,38,38,38,38,38,38,38,38,38
180732,1,1,1997,0,0,0,0,0,0,0,0,0,0
180733,1,1,1997,0,0,0,0,0,0,0,16,0,0
180733,2,1,1997,0,0,0,0,0,0,0,0,0,0
180733,3,1,1997,0,0,0,0,0,0,0,0,0,0
180734,0,1,1997,0,12,0,0,0,0,0,0,0,0
180734,1,1,1997,0,0,0,0,0,0,0,0,0,0
180735,1,1,1997,16,31,17,28,28,9,22,25,27,25
180736,1,1,1997,16,16,16,16,16,16,16,16,16,16
180737,1,1,1997,0,0,0,0,0,0,0,0,0,0
180738,1,1,1997,19,19,19,19,19,19,19,19,19,19
180739,1,1,1997,20,20,20,20,20,20,20,20,20,20
180739,2,1,1997,0,0,0,0,0,0,0,0,0,0
180740,1,1,1997,0,27,0,16,0,0,0,0,0,0
180741,1,1,1997,20,20,20,20,20,20,20,20,20,20
180742,1,1,1997,0,0,0,0,0,0,0,0,0,0
180743,1,1,1997,0,0,0,0,0,0,0,0,0,0
180743,2,1,1997,0,0,0,0,0,0,0,0,0,0
180744,1,1,1997,18,4,12,24,14,0,15,23,32,14
180745,1,1,1997,0,0,0,0,0,0,0,0,0,0
180745,2,1,1997,0,0,0,0,0,0,0,0,0,0
180745,3,1,1997,0,0,0,0,0,0,0,0,0,0
180745,4,1,1997,0,0,0,0,0,0,0,0,0,0
180746,1,1,1997,0,0,0,0,0,0,0,0,0,0
180747,1,1,1997,0,0,0,0,0,0,0,0,0,0
180747,2,1,1997,0,0,0,0,0,0,0,0,0,0
180748,1,1,1997,0,21,0,27,0,0,25,0,0,0
180749,1,1,1997,10,4,0,0,0,30,0,0,0,0
180750,1,1,1997,41,26,21,28,0,7,19,0,17,11
180751,1,1,1997,28,28,28,28,28,28,28,28,28,28
180752,1,1,1997,26,23,22,21,9,13,24,12,12,33
180753,1,1,1997,15,15,15,15,15,15,15,15,15,15
180753,2,1,1997,0,0,0,0,0,0,0,0,0,0
180754,1,1,1997,21,21,21,21,21,21,21,21,21,21
180755,1,1,1997,0,0,0,0,0,0,0,0,0,0
180755,2,1,1997,0,0,0,0,0,0,0,0,0,0
180756,1,1,1997,0,0,0,0,0,0,0,0,0,0
180757,1,1,1997,17,17,17,17,17,17,17,17,17,17
180758,1,1,1997,0,0,0,0,0,0,0,0,0,0
180759,1,1,1997,17,17,17,17,17,17,17,17,17,17
180760,1,1,1997,0,0,0,0,0,0,0,0,0,0
180760,2,1,1997,0,0,0,0,0,0,0,0,0,0
180760,3,1,1997,0,0,0,0,0,0,0,0,0,0
180761,1,1,1997,0,0,0,0,0,0,0,0,0,0
180761,2,1,1997,0,0,0,0,0,0,0,0,0,0
180762,1,1,1997,0,0,0,0,0,0,0,0,0,0
180762,2,1,1997,0,0,0,0,0,0,0,0,0,0
180763,0,1,1997,0,14,0,0,0,0,0,12,0,0
180763,0,2,1997,0,0,0,0,12,18,0,0,0,0
180763,1,1,1997,12,13,7,17,16,8,34,17,2,21
180764,1,1,1997,7,7,7,7,7,7,7,7,7,7
180765,1,1,1997,9,9,9,9,9,9,9,9,9,9
180766,1,1,1997,0,0,0,0,0,0,0,0,0,0
180766,2,1,1997,0,0,0,0,0,0,0,0,0,0
180766,3,1,1997,14,0,0,0,0,0,0,0,0,0
180767,1,1,1997,0,0,0,0,0,0,0,0,0,0
180768,1,1,1997,0,0,0,0,0,0,0,0,0,0
180769,0,1,1997,0,0,6,0,0,0,0,0,21,0
180769,1,1,1997,0,0,0,0,0,0,0,0,0,0
180770,1,1,1997,0,0,0,8,0,0,9,0,0,0
180770,2,1,1997,0,0,14,0,0,0,0,0,0,0
180771,1,1,1997,0,0,0,0,0,0,0,0,0,0
180771,2,1,1997,0,0,0,0,0,0,0,0,0,0
180772,1,1,1997,0,0,0,11,9,0,0,26,0,0
180773,1,1,1997,28,28,28,28,28,28,28,28,28,28
180774,1,1,1997,0,0,0,0,0,0,0,0,0,0
180775,1,1,1997,0,0,0,0,0,0,0,0,0,0
180775,2,1,1997,0,0,0,0,0,0,0,0,0,0
180776,1,1,1997,0,0,0,0,0,0,0,0,0,0
180776,2,1,1997,0,0,0,0,0,0,0,0,0,0
180777,1,1,1997,28,28,28,28,28,28,28,28,28,28
180778,1,1,1997,0,0,0,0,0,0,0,0,0,0
180778,2,1,1997,0,0,0,0,0,0,16,0,26,0
180779,1,1,1997,0,0,0,0,0,0,0,0,0,0
180779,2,1,1997,0,0,0,0,0,0,29,0,2,0
180780,1,1,1997,0,0,0,0,0,0,0,0,0,0
180780,2,1,1997,0,0,0,0,0,0,0,0,0,0
180781,1,1,1997,0,0,0,0,6,0,0,0,0,0
180781,2,1,1997,0,0,0,0,0,0,0,0,0,19
180782,1,1,1997,0,0,0,0,0,0,0,0,0,0
180782,2,1,1997,0,0,0,0,0,0,0,0,0,0
180783,1,1,1997,0,0,18,0,0,0,0,0,0,0
180783,2,1,1997,0,0,0,0,0,0,0,0,0,0
180783,3,1,1997,0,0,0,0,0,0,0,0,0,0
180784,1,1,1997,0,0,0,0,0,0,0,0,0,0
180784,2,1,1997,0,0,0,0,0,0,0,0,0,0
180784,3,1,1997,0,0,0,0,0,0,0,0,0,0
180785,1,1,1997,0,0,0,0,0,0,0,0,0,0
180785,2,1,1997,22,0,0,0,0,0,0,0,0,0
180786,1,1,1997,0,0,0,0,0,0,0,0,0,0
180786,2,1,1997,0,0,0,0,0,0,0,0,0,0
180787,1,1,1997,0,0,0,17,0,0,10,16,0,0
180788,1,1,1997,0,0,0,0,0,0,0,0,0,0
180788,2,1,1997,0,0,0,0,0,0,0,0,0,0
180788,3,1,1997,0,0,0,0,0,0,0,0,0,0
180789,1,1,1997,0,0,0,0,0,0,0,0,0,0
180789,2,1,1997,0,0,0,0,0,0,0,0,0,0
180790,1,1,1997,0,0,0,0,0,0,0,0,0,0
180791,1,1,1997,0,0,0,0,0,0,0,0,0,0
180791,2,1,1997,0,0,0,0,0,0,0,0,0,0
180791,3,1,1997,0,0,0,0,0,0,0,0,0,0
180792,1,1,1997,0,0,0,0,0,0,11,0,0,0
180793,1,1,1997,0,0,0,0,0,0,0,0,0,0
180793,2,1,1997,0,0,0,0,0,0,0,0,0,0
180793,3,1,1997,0,0,0,0,0,0,0,0,0,0
180794,1,1,1997,0,0,0,0,5,0,0,0,0,0
180794,2,1,1997,0,0,0,0,0,0,0,0,0,0
180795,1,1,1997,0,0,0,0,0,0,0,0,0,0
180795,2,1,1997,0,0,0,0,0,0,0,0,0,23
180796,1,1,1997,8,8,8,8,8,8,8,8,8,8
180797,0,1,1997,29,29,29,29,29,29,29,29,29,29
180797,1,1,1997,0,0,0,0,19,0,3,0,0,12
180798,1,1,1997,20,20,20,20,20,20,20,20,20,20
180798,2,1,1997,0,0,0,0,0,0,0,0,0,0
180798,3,1,1997,0,0,0,0,0,0,0,0,0,0
180799,1,1,1997,0,0,0,0,0,0,0,0,0,0
180800,1,1,1997,0,19,0,15,0,24,26,25,26,9
180801,1,1,1997,26,0,0,0,0,30,0,0,0,0
180802,1,1,1997,0,0,0,0,0,0,0,0,0,0
180803,1,1,1997,0,0,0,0,0,0,0,0,0,0
180803,2,1,1997,0,0,0,0,0,0,0,0,0,0
180804,1,1,1997,0,0,0,0,0,0,0,0,0,0
180804,2,1,1997,0,0,0,0,0,0,0,0,0,0
180805,1,1,1997,12,12,12,12,12,12,12,12,12,12
180806,0,1,1997,27,11,0,17,21,30,0,0,0,16
180806,1,1,1997,7,7,7,7,7,7,7,7,7,7
180807,1,1,1997,0,29,29,0,0,0,0,0,19,0
180808,1,1,1997,0,0,0,0,0,0,0,0,0,0
180808,2,1,1997,0,0,0,0,0,0,0,0,0,0
180809,1,1,1997,11,11,11,11,11,11,11,11,11,11
180809,2,1,1997,0,0,0,0,0,0,0,0,0,21
180809,3,1,1997,0,0,0,0,0,0,0,0,0,0
180810,1,1,1997,0,0,0,0,0,0,0,0,0,0
180810,2,1,1997,0,0,0,0,0,0,0,0,0,0
180811,1,1,1997,0,0,0,0,0,0,0,0,0,0
180812,1,1,1997,21,21,21,21,21,21,21,21,21,21
180813,1,1,1997,3,0,0,17,0,16,0,0,6,0
180814,1,1,1997,2,0,0,0,0,0,0,0,0,0
180814,2,1,1997,0,0,0,6,0,0,0,0,0,0
180815,1,1,1997,8,8,8,8,8,8,8,8,8,8
180816,1,1,1997,0,0,0,0,0,0,0,0,0,0
180817,1,1,1997,15,2,12,3,12,22,22,27,21,25
180818,0,1,1997,0,0,23,0,0,0,0,0,0,0
180818,1,1,1997,0,0,0,0,0,0,0,0,0,0
180819,1,1,1997,0,0,0,0,0,0,0,0,0,0
180819,2,1,1997,0,0,0,0,0,0,0,0,0,0