ST_CASE,VEH_NO,PER_NO,YEAR,P1,P2,P3,P4,P5,P6,P7,P8,P9,P10
180820,1,1,1997,0,0,0,0,0,0,0,0,0,0
180820,2,1,1997,0,0,0,0,0,0,0,0,0,0
180821,1,1,1997,0,0,0,0,0,0,0,0,0,0
180821,2,1,1997,0,0,0,0,0,0,10,0,0,0
180821,3,1,1997,0,0,0,0,0,0,0,0,0,0
180822,1,1,1997,0,0,0,0,0,0,0,0,0,0
180822,2,1,1997,0,0,0,0,0,0,0,0,0,0
180823,1,1,1997,0,0,0,0,0,0,0,0,15,0
180824,1,1,1997,0,0,0,0,0,0,0,16,0,8
180824,2,1,1997,0,0,0,0,0,0,0,0,0,0
180825,1,1,1997,20,20,20,20,20,20,20,20,20,20
180825,2,1,1997,0,0,0,0,0,0,0,0,0,0
180826,1,1,1997,0,29,0,0,17,22,0,0,0,0
180827,1,1,1997,14,14,14,14,14,14,14,14,14,14
180828,1,1,1997,0,0,15,0,0,0,0,0,0,0
180828,2,1,1997,0,0,0,0,0,0,0,0,0,0
180829,0,1,1997,0,0,0,0,0,23,38,0,0,0
180829,1,1,1997,0,0,0,0,0,0,0,0,0,0
180830,1,1,1997,0,0,0,0,0,0,0,0,0,0
180830,2,1,1997,0,0,0,0,0,0,0,0,0,0
180831,1,1,1997,3,3,3,3,3,3,3,3,3,3
180832,1,1,1997,0,0,0,0,0,0,0,0,0,0
180832,2,1,1997,0,0,0,0,0,0,0,0,0,3
180833,1,1,1997,0,0,0,0,15,7,0,0,0,0
180833,2,1,1997,0,0,0,0,0,0,0,0,0,0
180834,1,1,1997,0,0,0,0,0,0,0,0,0,0
180834,2,1,1997,0,0,0,0,0,0,0,0,0,0
180835,1,1,1997,10,10,10,10,10,10,10,10,10,10
180835,2,1,1997,0,0,0,0,0,0,0,0,0,0
180836,1,1,1997,26,26,26,26,26,26,26,26,26,26
180837,0,1,1997,0,0,0,0,0,0,0,16,0,0
180837,1,1,1997,0,0,0,0,0,0,0,0,0,12
180838,1,1,1997,0,0,0,0,0,0,0,0,0,0
180838,2,1,1997,8,0,0,0,0,0,0,0,0,0
180838,3,1,1997,0,0,0,0,0,0,0,0,0,0
180839,1,1,1997,0,0,0,0,0,0,0,0,0,19
180839,2,1,1997,0,0,0,0,0,0,0,0,0,0
180840,1,1,1997,0,0,0,0,0,0,0,0,0,0
180840,2,1,1997,0,0,0,0,0,0,0,0,0,0
180841,1,1,1997,0,0,0,0,0,0,0,0,0,0
180841,2,1,1997,0,0,0,0,0,0,0,0,0,0
180842,1,1,1997,0,0,0,0,0,0,0,0,0,0
180842,2,1,1997,0,0,0,0,0,0,0,0,0,0
180843,1,1,1997,21,21,21,21,21,21,21,21,21,21
180844,0,1,1997,19,0,10,14,16,0,0,16,28,11
180844,1,1,1997,0,13,0,0,0,0,0,0,0,0
180845,1,1,1997,17,10,8,18,16,0,21,17,0,25
180846,1,1,1997,17,17,17,17,17,17,17,17,17,17
180847,1,1,1997,0,0,0,0,0,0,0,0,0,0
180847,2,1,1997,10,17,0,23,11,14,16,12,10,0
180848,0,1,1997,0,0,0,11,0,0,0,8,0,0
180848,1,1,1997,0,0,3,0,0,0,0,0,0,0
180848,2,1,1997,0,0,0,0,0,0,0,0,0,0
180849,1,1,1997,0,0,0,0,0,0,0,0,0,0
180849,2,1,1997,0,0,0,0,0,0,0,0,0,0
180850,1,1,1997,43,43,43,43,43,43,43,43,43,43
190001,1,1,1997,4,4,4,4,4,4,4,4,4,4
190001,2,1,1997,0,0,0,0,0,0,0,0,0,0
190002,1,1,1997,0,0,0,0,0,0,0,0,0,0
190002,2,1,1997,0,0,0,0,0,0,0,0,0,0
190003,1,1,1997,0,0,0,0,0,0,0,0,0,0
190003,2,1,1997,0,0,0,0,4,0,0,0,0,0
190004,1,1,1997,0,0,0,0,0,0,0,0,0,0
190004,2,1,1997,0,0,0,0,0,0,0,0,0,0
190004,3,1,1997,0,0,0,0,0,0,0,0,0,0
190005,1,1,1997,13,0,0,0,0,0,0,0,0,0
190006,1,1,1997,0,0,0,0,0,0,0,0,0,0
190006,2,1,1997,0,0,0,0,0,0,0,0,0,0
190007,1,1,1997,0,0,0,0,0,0,0,0,0,0
190007,2,1,1997,0,0,0,0,0,0,0,0,0,0
190008,1,1,1997,0,0,0,0,9,0,0,0,0,0
190009,1,1,1997,0,0,0,0,0,0,0,0,0,0
190010,1,1,1997,0,0,0,0,0,0,0,0,0,0
190010,2,1,1997,0,0,0,0,0,0,0,0,0,0
190011,1,1,1997,7,17,0,0,0,0,0,0,0,0
190011,2,1,1997,26,26,26,26,26,26,26,26,26,26
190012,1,1,1997,0,0,0,0,0,0,0,0,0,0
190012,2,1,1997,0,0,0,0,0,0,0,0,0,0
190013,1,1,1997,0,0,0,0,0,0,0,0,0,0
190013,2,1,1997,4,0,0,0,0,0,0,0,0,0
190014,1,1,1997,0,0,0,0,0,0,0,0,0,0
190014,2,1,1997,0,0,0,0,0,0,0,0,0,0
190015,1,1,1997,8,0,0,8,0,0,0,0,0,0
190016,1,1,1997,0,0,0,0,0,0,0,0,0,0
190016,2,1,1997,0,0,0,2,0,0,0,0,0,0
190017,1,1,1997,20,20,20,20,20,20,20,20,20,20
190018,1,1,1997,16,17,0,0,0,0,0,8,0,8
190018,2,1,1997,0,0,0,0,0,14,0,0,10,0
190019,1,1,1997,0,0,0,0,0,0,6,0,10,0
190019,2,1,1997,0,0,0,0,0,0,0,0,0,0
190020,1,1,1997,0,0,0,0,0,0,0,0,0,0
190020,2,1,1997,0,0,0,0,0,0,0,0,0,0
190021,1,1,1997,0,0,0,0,0,0,15,0,0,0
190022,1,1,1997,0,0,0,0,0,0,0,0,0,0
190022,2,1,1997,0,0,0,0,0,0,0,0,0,0
190023,1,1,1997,0,0,0,0,0,0,0,0,0,0
190023,2,1,1997,0,0,0,0,0,0,0,0,0,0
190024,1,1,1997,0,0,0,0,0,0,0,0,0,0
190025,1,1,1997,1,1,1,1,1,1,1,1,1,1
190025,2,1,1997,10,10,10,10,10,10,10,10,10,10
190026,0,1,1997,0,0,0,0,0,0,0,0,0,0
190026,2,1,1997,0,0,0,0,0,0,0,0,0,0
190026,3,1,1997,0,0,0,5,0,0,0,0,0,0
190027,1,1,1997,0,20,0,4,0,0,0,6,0,0
190028,1,1,1997,17,17,17,17,17,17,17,17,17,17
190029,1,1,1997,0,17,0,0,0,0,0,0,0,0
190029,2,1,1997,0,0,0,0,0,0,0,0,9,0
190030,1,1,1997,0,0,0,0,18,0,0,0,0,0
190030,2,1,1997,0,0,7,0,0,15,0,0,0,0
190030,3,1,1997,0,0,0,0,21,0,0,0,0,0
190031,1,1,1997,0,0,0,0,0,0,0,0,0,0
190031,2,1,1997,0,0,0,0,0,0,0,0,0,0
190032,1,1,1997,0,0,0,0,0,0,0,0,0,0
190032,2,1,1997,0,18,0,18,0,0,0,0,0,0
190033,1,1,1997,0,0,0,0,0,0,0,0,0,0
190033,2,1,1997,0,0,0,0,6,0,0,0,0,7
190034,1,1,1997,25,25,25,25,25,25,25,25,25,25
190035,1,1,1997,0,15,37,13,16,4,19,22,8,35
190036,1,1,1997,0,0,0,0,0,0,0,14,0,0
190037,1,1,1997,0,0,0,0,0,0,0,0,0,0
190037,2,1,1997,0,0,0,0,0,0,0,0,0,0
190037,3,1,1997,0,0,0,0,0,7,8,0,0,0
190039,1,1,1997,0,0,0,0,0,0,0,0,0,0
190039,2,1,1997,0,0,0,0,0,0,0,0,0,0
190040,1,1,1997,0,0,0,0,0,0,0,0,0,0
190040,2,1,1997,0,0,0,0,0,0,0,0,0,0
190041,1,1,1997,0,0,0,0,0,0,0,0,0,0
190041,2,1,1997,0,0,0,0,0,0,0,0,0,0
190042,1,1,1997,24,24,24,24,24,24,24,24,24,24
190043,1,1,1997,30,7,0,0,0,20,17,7,0,23
190043,2,1,1997,0,12,0,0,0,0,0,0,0,0
190044,1,1,1997,15,15,15,15,15,15,15,15,15,15
190045,1,1,1997,0,27,0,14,19,18,0,0,0,0
190046,1,1,1997,0,0,0,0,0,0,0,0,0,0
190046,2,1,1997,0,0,0,0,0,0,0,0,0,0
190047,1,1,1997,0,0,0,0,0,0,0,0,0,0
190047,2,1,1997,0,0,0,0,0,0,0,0,0,0
190048,1,1,1997,16,16,16,16,16,16,16,16,16,16
190049,1,1,1997,11,11,11,11,11,11,11,11,11,11
190050,1,1,1997,0,0,0,0,0,0,0,0,0,0
190051,0,1,1997,0,0,0,0,0,0,0,0,12,27
190051,1,1,1997,0,0,0,0,19,0,0,13,0,0
190052,0,1,1997,12,0,0,0,0,0,0,0,21,15
190052,1,1,1997,4,4,4,4,4,4,4,4,4,4
190054,1,1,1997,0,0,0,0,0,0,0,0,0,0
190054,2,1,1997,0,0,0,0,0,0,0,0,0,0
190055,1,1,1997,27,0,0,0,15,45,25,26,23,14
190055,2,1,1997,10,10,10,10,10,10,10,10,10,10
190056,1,1,1997,16,16,16,16,16,16,16,16,16,16
190057,0,1,1997,0,0,0,0,0,0,0,0,0,0
190058,1,1,1997,0,0,0,0,0,0,0,0,0,0
190058,2,1,1997,3,3,3,3,3,3,3,3,3,3
190059,1,1,1997,0,0,0,0,0,0,0,0,0,0
190060,1,1,1997,11,11,11,11,11,11,11,11,11,11
190061,1,1,1997,0,0,0,0,0,0,0,0,0,0
190061,2,1,1997,11,11,11,11,11,11,11,11,11,11
190061,3,1,1997,0,0,0,0,0,0,0,0,0,0
190062,1,1,1997,0,0,0,0,0,0,21,0,0,0
190062,2,1,1997,0,0,0,0,0,0,0,0,0,0
190063,1,1,1997,15,15,15,15,15,15,15,15,15,15
190063,2,1,1997,0,0,0,0,0,0,0,0,0,0
190064,1,1,1997,0,0,0,0,0,0,0,0,0,0
190065,1,1,1997,7,7,7,7,7,7,7,7,7,7
190065,2,1,1997,19,19,19,19,19,19,19,19,19,19
190066,1,1,1997,4,4,4,4,4,4,4,4,4,4
190066,2,1,1997,0,0,24,0,0,0,0,0,0,0
190067,1,1,1997,11,11,11,11,11,11,11,11,11,11
190068,1,1,1997,11,11,11,11,11,11,11,11,11,11
190068,2,1,1997,0,12,0,0,0,8,0,10,0,0
190069,1,1,1997,0,0,0,0,0,0,0,0,0,0
190069,2,1,1997,0,0,0,0,0,0,0,0,0,0
190070,1,1,1997,0,0,0,0,0,0,0,0,0,0
190070,2,1,1997,7,0,0,0,3,0,0,0,0,5
190071,1,1,1997,0,0,0,0,0,24,0,0,0,12
190072,1,1,1997,0,0,21,19,39,39,33,17,12,27
190073,1,1,1997,25,25,25,25,25,25,25,25,25,25
190074,1,1,1997,0,0,0,0,0,0,0,0,0,0
190074,2,1,1997,0,0,0,0,0,0,0,0,0,11
190075,1,1,1997,13,13,13,13,13,13,13,13,13,13
190076,1,1,1997,0,0,0,0,0,0,0,0,0,0
190076,2,1,1997,1,1,1,1,1,1,1,1,1,1
190077,1,1,1997,25,25,25,25,25,25,25,25,25,25
190078,0,1,1997,0,0,0,17,21,35,35,0,21,18
190078,1,1,1997,0,38,0,0,0,16,20,5,0,0
190079,1,1,1997,0,0,0,0,0,0,0,0,0,0
190079,2,1,1997,0,0,0,0,0,0,0,0,0,0
190080,1,1,1997,0,0,0,0,0,0,0,0,0,0
190080,2,1,1997,0,0,0,0,0,0,0,0,0,0
190081,1,1,1997,0,0,0,0,0,0,17,15,0,0
190081,2,1,1997,0,0,0,0,0,0,0,0,0,0
190082,1,1,1997,2,9,26,0,0,0,0,14,29,0
190083,1,1,1997,17,17,17,17,17,17,17,17,17,17
190084,1,1,1997,11,11,11,11,11,11,11,11,11,11
190084,2,1,1997,0,0,0,0,0,0,0,14,0,0
190085,1,1,1997,12,12,12,12,12,12,12,12,12,12
190085,2,1,1997,0,0,0,0,0,0,0,0,0,0
190086,0,1,1997,0,0,0,0,0,0,0,0,0,0
190086,0,2,1997,0,8,0,12,9,0,12,20,18,0
190086,0,3,1997,0,25,0,0,20,20,0,0,0,0
190086,1,1,1997,0,0,0,0,0,0,0,0,0,0
190087,1,1,1997,0,0,0,0,0,0,0,0,0,0
190088,1,1,1997,0,0,0,0,0,0,0,0,0,0
190089,1,1,1997,0,0,8,0,0,0,0,0,0,0
190089,2,1,1997,1,1,1,1,1,1,1,1,1,1
190090,1,1,1997,0,0,0,0,0,0,0,0,0,0
190090,2,1,1997,0,0,0,0,0,0,0,0,0,0
190091,1,1,1997,15,0,0,0,23,0,0,0,0,0
190091,2,1,1997,17,0,0,0,0,0,0,0,0,0
190091,3,1,1997,0,0,0,0,0,0,0,0,0,0
190091,4,1,1997,0,0,0,0,0,0,0,0,0,0
190092,1,1,1997,0,0,0,0,0,0,0,0,0,0
190092,2,1,1997,0,0,0,0,0,0,0,0,0,0
190093,1,1,1997,0,0,0,0,0,0,0,0,0,0
190093,2,1,1997,0,0,0,0,0,0,0,0,8,0
190094,1,1,1997,0,0,0,0,0,0,0,0,0,0
190094,2,1,1997,0,0,0,0,0,0,0,0,0,0
190095,1,1,1997,0,0,0,0,0,0,0,15,0,0
190095,2,1,1997,0,0,0,0,0,0,20,0,6,0
190096,1,1,1997,0,14,0,25,22,0,13,13,12,0
190097,1,1,1997,0,0,0,0,0,0,0,0,0,0
190097,2,1,1997,0,0,0,0,0,0,0,0,0,0
190098,1,1,1997,13,13,13,13,13,13,13,13,13,13
190099,1,1,1997,0,0,0,0,0,0,0,0,0,0
190099,2,1,1997,0,0,0,2,0,0,0,0,0,0
190100,1,1,1997,0,0,0,0,0,0,0,0,0,0
190100,2,1,1997,0,0,0,0,0,0,0,0,0,0
190101,1,1,1997,26,26,26,26,26,26,26,26,26,26
190102,1,1,1997,0,0,0,0,0,0,0,0,0,0
190102,2,1,1997,0,0,0,0,0,0,0,0,0,0
190103,1,1,1997,0,0,0,0,0,0,0,0,0,0
190104,1,1,1997,28,24,21,14,24,22,28,26,11,14
190105,1,1,1997,0,0,0,0,0,0,0,0,0,0
190105,2,1,1997,12,12,12,12,12,12,12,12,12,12
190106,1,1,1997,0,0,0,0,0,5,0,18,0,0
190106,2,1,1997,0,0,0,0,0,0,0,0,0,0
190107,1,1,1997,0,0,0,0,0,0,0,0,0,0
190109,1,1,1997,20,0,0,14,20,0,0,0,0,0
190110,1,1,1997,0,21,0,22,0,16,0,0,16,0
190111,1,1,1997,0,0,0,0,0,0,0,12,0,0
190112,1,1,1997,0,0,0,0,0,0,0,0,0,0
190112,2,1,1997,0,0,0,5,0,0,0,0,0,0
190113,1,1,1997,0,0,0,0,0,0,0,0,0,0
190113,2,1,1997,0,0,0,0,0,0,0,0,0,0
190114,1,1,1997,0,0,0,0,0,0,9,0,10,0
190115,1,1,1997,0,0,0,0,0,0,0,0,0,0
190115,2,1,1997,0,0,0,0,0,0,0,0,0,0
190116,1,1,1997,0,0,0,0,0,0,0,0,0,0
190116,2,1,1997,0,0,0,0,0,0,0,0,0,0
190117,1,1,1997,0,0,0,0,0,0,0,7,0,0
190117,2,1,1997,0,0,0,0,0,0,0,0,0,0
190117,3,1,1997,0,0,14,12,0,0,4,0,0,0
190118,1,1,1997,19,19,19,19,19,19,19,19,19,19
190119,1,1,1997,0,0,0,0,0,0,0,0,0,0
190120,1,1,1997,0,0,0,0,0,0,0,0,0,0
190120,2,1,1997,0,0,0,0,0,0,0,0,0,0
190121,1,1,1997,26,26,26,26,26,26,26,26,26,26
190122,1,1,1997,0,0,0,0,0,0,0,0,0,0
190122,2,1,1997,0,0,7,0,0,0,9,20,9,0
190123,1,1,1997,0,0,0,0,0,0,0,0,0,0
190124,1,1,1997,17,17,17,17,17,17,17,17,17,17
190125,1,1,1997,0,0,0,0,15,0,0,0,0,0
190125,2,1,1997,0,0,0,0,8,0,0,0,0,0
190126,1,1,1997,0,0,0,0,0,0,0,0,0,0
190126,2,1,1997,0,0,0,0,0,0,0,0,0,0
190127,1,1,1997,0,0,0,0,0,0,0,0,0,0
190127,2,1,1997,0,0,0,0,0,0,0,0,0,0
190127,3,1,1997,0,0,30,0,0,0,0,0,26,0
190128,1,1,1997,13,15,18,13,14,15,11,12,0,17
190128,2,1,1997,0,0,5,11,0,0,0,0,13,0
190129,1,1,1997,0,0,0,0,0,0,0,0,0,0
190129,2,1,1997,13,13,13,13,13,13,13,13,13,13
190130,1,1,1997,0,0,0,0,0,0,0,0,0,0
190131,0,1,1997,6,24,7,22,15,40,9,16,15,14
190131,1,1,1997,0,8,0,23,17,0,0,0,0,0
190132,0,1,1997,0,0,0,0,0,0,0,0,0,0
190132,1,1,1997,0,0,0,0,0,0,0,0,0,0
190133,1,1,1997,0,0,0,0,0,0,0,0,0,0
190134,1,1,1997,28,0,0,24,0,0,21,0,0,0
190135,1,1,1997,0,0,0,0,11,0,0,0,0,0
190135,2,1,1997,0,0,0,0,0,0,0,0,0,0
190136,1,1,1997,0,0,0,0,0,0,0,0,0,0
190136,2,1,1997,0,0,0,0,0,0,0,0,0,0
190137,1,1,1997,5,5,5,5,5,5,5,5,5,5
190137,2,1,1997,8,17,0,8,0,0,0,16,0,4
190138,1,1,1997,17,17,17,17,17,17,17,17,17,17
190139,1,1,1997,0,0,0,0,0,0,0,0,0,0
190139,2,1,1997,0,0,0,0,5,0,8,0,0,0
190140,1,1,1997,0,0,0,0,0,0,0,0,0,0
190140,2,1,1997,0,0,0,0,0,0,0,0,0,0
190141,1,1,1997,0,0,0,0,0,0,0,0,0,0
190141,2,1,1997,0,0,9,0,0,15,0,0,0,0
190142,1,1,1997,10,10,10,10,10,10,10,10,10,10
190143,1,1,1997,0,0,0,0,0,0,0,0,0,0
190144,1,1,1997,0,0,0,0,0,0,0,15,0,19
190145,1,1,1997,0,0,0,0,0,2,0,0,0,0
190145,2,1,1997,0,0,0,0,0,0,0,0,14,0
190146,1,1,1997,0,0,0,0,0,19,0,0,0,0
190146,2,1,1997,0,0,0,0,0,0,0,0,0,0
190146,3,1,1997,0,0,0,0,19,0,0,0,0,5
190147,0,1,1997,0,0,0,0,0,0,0,26,0,0
190147,1,1,1997,0,0,0,0,0,0,0,0,0,0
190148,1,1,1997,0,0,0,0,0,0,0,0,0,0
190148,2,1,1997,0,0,0,0,0,0,0,0,0,0
190148,3,1,1997,0,24,0,0,0,0,0,4,0,23
190149,1,1,1997,0,9,4,0,0,0,0,0,0,0
190150,1,1,1997,0,0,22,0,0,0,0,0,0,0
190150,2,1,1997,0,0,0,0,0,0,0,0,0,0
190151,1,1,1997,0,0,0,0,0,0,0,0,0,0
190151,2,1,1997,0,0,0,0,0,0,0,0,0,0
190151,3,1,1997,0,0,0,0,0,0,0,0,0,0
190152,1,1,1997,22,0,0,0,12,26,0,21,0,0
190152,2,1,1997,11,0,0,16,0,0,0,0,0,0
190153,1,1,1997,0,0,0,0,0,0,0,0,0,0
190153,2,1,1997,19,14,4,15,0,0,7,10,29,0
190154,0,1,1997,0,0,0,0,0,0,0,0,0,19
190154,1,1,1997,0,0,0,0,0,0,0,9,0,0
190155,1,1,1997,0,0,0,0,0,0,0,0,0,0
190156,1,1,1997,20,20,20,20,20,20,20,20,20,20
190157,1,1,1997,0,22,16,0,0,23,0,19,0,0
190157,2,1,1997,0,0,0,0,0,0,0,0,0,0
190158,1,1,1997,0,0,0,0,0,0,0,0,0,0
190158,2,1,1997,0,0,0,0,0,0,0,0,0,0
190159,1,1,1997,0,0,0,0,0,0,0,0,0,0
190159,2,1,1997,0,0,0,0,0,0,0,0,0,0
190160,0,1,1997,17,7,18,12,30,38,23,23,20,16
190160,1,1,1997,0,0,12,20,0,0,0,0,0,0
190161,1,1,1997,0,0,0,0,0,0,0,0,0,0
190161,2,1,1997,0,0,0,0,0,0,0,0,0,0
190162,1,1,1997,20,20,20,20,20,20,20,20,20,20
190163,0,1,1997,0,0,0,0,0,0,0,0,0,0
190163,1,1,1997,0,0,0,0,0,0,0,0,0,0
190164,1,1,1997,0,0,0,0,0,0,0,0,0,0
190164,2,1,1997,0,0,0,0,0,0,0,0,0,0
190165,1,1,1997,17,17,17,17,17,17,17,17,17,17
190166,1,1,1997,12,0,0,32,0,16,0,17,0,13
190167,0,1,1997,0,0,0,0,0,0,0,0,0,0
190167,1,1,1997,17,17,17,17,17,17,17,17,17,17
190168,1,1,1997,0,0,0,0,0,0,0,0,0,0
190168,2,1,1997,0,0,0,0,0,0,0,0,0,0
190169,1,1,1997,0,0,0,0,0,0,18,0,0,0
190169,2,1,1997,0,0,0,0,0,0,0,0,0,0
190170,1,1,1997,0,0,0,0,0,0,0,0,0,0
190171,0,1,1997,0,0,0,0,0,0,0,0,0,0
190171,1,1,1997,0,0,0,0,0,0,0,0,0,0
190172,1,1,1997,0,0,0,0,0,0,0,0,0,0
190172,2,1,1997,0,0,0,0,0,0,0,0,0,0
190173,1,1,1997,0,0,0,0,0,0,0,0,0,0
190173,2,1,1997,0,0,0,0,0,14,6,0,0,12
190175,1,1,1997,0,0,15,32,21,21,0,0,0,0
190175,2,1,1997,0,0,0,0,0,0,0,0,0,0
190176,1,1,1997,0,0,0,0,0,0,0,0,0,0
190177,1,1,1997,0,0,0,11,0,0,0,0,9,0
190177,2,1,1997,17,17,17,17,17,17,17,17,17,17
190177,3,1,1997,24,7,0,0,0,17,0,0,0,0
190178,1,1,1997,0,0,0,0,0,0,0,0,0,0
190178,2,1,1997,0,0,0,0,0,0,0,0,0,0
190179,1,1,1997,34,34,34,34,34,34,34,34,34,34
190180,1,1,1997,0,0,0,0,0,0,0,0,0,0
190180,2,1,1997,0,0,0,0,0,0,0,0,0,0
190181,1,1,1997,0,0,0,8,13,0,0,0,0,0
190182,1,1,1997,0,0,0,0,20,0,0,0,0,0
190183,1,1,1997,0,0,10,15,0,0,0,9,7,0
190183,2,1,1997,0,0,0,0,0,0,0,0,5,0
190185,1,1,1997,0,0,0,0,0,0,0,0,0,0
190186,1,1,1997,0,0,0,0,0,0,0,0,0,0
190187,1,1,1997,2,2,2,2,2,2,2,2,2,2
190188,0,1,1997,0,0,0,0,0,0,13,0,0,0
190188,1,1,1997,0,0,0,0,0,0,0,0,0,0
190189,1,1,1997,0,0,0,0,0,0,0,0,0,0
190190,1,1,1997,0,0,0,0,0,0,0,0,0,0
190190,2,1,1997,0,10,0,7,0,0,0,15,9,0
190191,1,1,1997,13,0,8,0,21,8,0,32,19,0
190192,1,1,1997,0,0,0,0,0,0,0,0,0,0
190193,1,1,1997,0,0,0,0,0,0,0,0,0,0
190194,1,1,1997,0,0,0,0,0,0,0,0,0,0
190195,0,1,1997,21,21,21,21,21,21,21,21,21,21
190195,1,1,1997,0,0,0,0,0,0,12,0,0,0
190196,1,1,1997,0,0,0,0,0,0,0,0,0,0
190197,1,1,1997,16,16,16,16,16,16,16,16,16,16
190198,1,1,1997,14,14,14,14,14,14,14,14,14,14
190199,1,1,1997,0,0,0,0,0,0,0,0,0,0
190199,2,1,1997,0,0,0,0,0,0,0,0,0,0
190200,1,1,1997,0,0,0,0,0,0,0,0,0,0
190200,2,1,1997,0,0,0,6,0,12,0,0,0,28
190202,1,1,1997,0,0,0,0,0,0,0,0,0,0
190203,1,1,1997,0,0,0,0,0,0,0,0,0,0
190203,2,1,1997,0,0,10,0,0,0,0,0,0,0
190204,1,1,1997,0,0,0,5,0,0,0,0,0,0
190205,1,1,1997,0,0,0,0,0,0,0,0,0,0
190206,1,1,1997,0,0,0,0,0,0,0,0,0,0
190206,2,1,1997,0,0,0,0,0,0,0,0,0,0
190207,1,1,1997,10,10,10,10,10,10,10,10,10,10
190207,2,1,1997,0,0,0,0,0,0,0,0,0,0
190208,1,1,1997,0,0,0,0,0,0,0,0,0,0
190209,1,1,1997,0,0,17,14,0,0,15,0,4,16
190210,1,1,1997,0,0,0,0,0,17,0,0,0,0
190210,2,1,1997,0,0,0,0,0,0,0,0,0,0
190211,1,1,1997,0,0,0,0,0,0,0,0,0,0
190211,2,1,1997,0,0,0,0,21,0,0,10,0,0
190212,1,1,1997,0,0,0,0,0,0,0,0,0,0
190212,2,1,1997,0,0,0,0,0,0,0,0,0,0
190213,1,1,1997,0,0,0,0,0,0,0,0,0,0
190213,2,1,1997,0,0,0,0,19,0,0,0,0,6
190214,1,1,1997,0,0,0,8,0,0,0,0,0,0
190214,2,1,1997,14,0,0,0,0,0,10,0,0,0
190215,1,1,1997,0,12,5,0,0,0,0,0,0,4
190216,1,1,1997,0,0,0,0,0,0,0,0,0,0
190217,1,1,1997,2,2,2,2,2,2,2,2,2,2
190218,1,1,1997,0,0,0,0,0,0,0,0,0,0
190218,2,1,1997,0,0,0,0,0,0,0,0,0,0
190219,1,1,1997,0,20,18,0,19,34,0,0,0,0
190220,1,1,1997,10,10,10,10,10,10,10,10,10,10
190221,1,1,1997,0,0,0,9,17,0,0,0,0,0
190222,1,1,1997,0,9,0,0,0,0,0,0,0,0
190223,1,1,1997,0,0,0,0,0,0,0,0,0,0
190223,2,1,1997,0,0,0,0,0,0,0,0,0,0
190223,3,1,1997,0,0,0,0,0,0,0,0,0,0
190224,1,1,1997,0,0,0,0,0,0,0,0,0,0
190224,2,1,1997,0,0,0,0,0,0,23,0,0,0
190225,1,1,1997,0,0,0,0,0,0,0,0,0,0
190225,2,1,1997,27,25,0,26,0,8,0,20,9,41
190226,1,1,1997,16,16,16,16,16,16,16,16,16,16
190227,1,1,1997,0,0,0,0,0,0,0,0,0,0
190227,2,1,1997,23,23,23,23,23,23,23,23,23,23
190228,1,1,1997,0,0,0,0,0,0,0,0,0,0
190228,2,1,1997,0,0,0,0,0,0,0,0,0,0
190229,1,1,1997,0,0,0,0,0,0,0,0,0,0
190229,2,1,1997,16,0,0,7,0,24,13,0,14,25
190230,1,1,1997,5,17,29,19,7,8,4,6,0,24
190231,1,1,1997,0,0,0,0,0,0,0,0,0,0
190231,2,1,1997,0,0,0,0,0,0,0,0,0,0
190232,1,1,1997,0,0,0,0,0,0,0,0,0,0
190233,1,1,1997,18,18,18,18,18,18,18,18,18,18
190234,1,1,1997,26,26,26,26,26,26,26,26,26,26
190235,1,1,1997,4,4,4,4,4,4,4,4,4,4
190235,2,1,1997,0,0,0,0,0,0,0,0,0,0
190236,1,1,1997,0,0,0,0,0,0,0,0,0,0
190236,2,1,1997,0,0,0,0,0,0,0,0,0,0
190237,1,1,1997,0,0,0,0,0,0,0,0,0,0
190237,2,1,1997,0,0,0,0,0,0,0,0,0,0
190238,1,1,1997,0,0,0,0,0,0,0,0,0,0
190238,2,1,1997,0,0,0,0,0,0,0,0,0,0
190239,0,1,1997,0,0,0,0,0,0,0,18,0,18
190239,1,1,1997,4,4,4,4,4,4,4,4,4,4
190240,1,1,1997,7,7,7,7,7,7,7,7,7,7
190240,2,1,1997,0,0,0,0,0,0,0,0,0,0
190241,1,1,1997,0,0,0,0,0,0,0,0,0,0
190242,1,1,1997,0,0,0,0,0,0,0,0,0,0
190242,2,1,1997,0,0,0,0,0,0,0,0,0,0
190243,1,1,1997,0,0,0,0,0,0,0,0,0,0
190244,1,1,1997,0,0,0,0,0,0,0,0,0,0
190245,1,1,1997,0,0,0,0,0,0,0,0,0,0
190245,2,1,1997,0,0,0,0,0,0,0,0,0,0
190246,1,1,1997,0,0,0,0,0,0,0,0,0,0
190246,2,1,1997,0,0,0,5,0,0,0,0,0,0
190247,1,1,1997,12,12,12,12,12,12,12,12,12,12
190248,1,1,1997,0,0,0,0,0,0,0,0,0,11
190248,2,1,1997,0,0,0,0,11,0,0,0,0,0
190249,1,1,1997,0,0,0,0,0,0,0,0,0,0