ST_CASE,VEH_NO,PER_NO,YEAR,P1,P2,P3,P4,P5,P6,P7,P8,P9,P10
190250,1,1,1997,10,10,10,10,10,10,10,10,10,10
190251,1,1,1997,0,0,0,0,0,0,0,0,0,0
190251,2,1,1997,0,0,0,0,0,0,0,0,0,0
190251,3,1,1997,0,0,0,0,16,0,0,0,0,0
190252,1,1,1997,23,23,23,23,23,23,23,23,23,23
190253,1,1,1997,0,0,6,0,0,27,0,0,0,0
190253,2,1,1997,0,0,0,0,0,0,0,0,0,0
190254,1,1,1997,0,0,0,0,0,0,0,0,0,0
190255,1,1,1997,0,0,0,31,0,0,0,0,0,0
190256,1,1,1997,12,0,30,0,21,0,0,0,0,0
190256,2,1,1997,0,0,0,0,0,0,19,0,0,0
190257,1,1,1997,23,23,23,23,23,23,23,23,23,23
190258,1,1,1997,0,0,26,0,20,0,0,0,0,0
190259,1,1,1997,14,14,14,14,14,14,14,14,14,14
190261,1,1,1997,0,0,0,0,0,0,0,0,0,0
190261,2,1,1997,0,0,0,0,0,0,30,0,0,0
190262,1,1,1997,0,0,0,0,0,0,0,0,0,0
190262,2,1,1997,13,0,0,0,0,0,0,0,13,0
190263,0,1,1997,28,28,28,28,28,28,28,28,28,28
190263,1,1,1997,0,0,0,0,0,0,0,0,0,0
190264,1,1,1997,0,0,0,0,0,0,0,0,0,0
190264,2,1,1997,0,0,0,0,0,0,0,0,0,0
190264,3,1,1997,0,0,0,0,0,0,0,0,0,0
190265,1,1,1997,1,1,1,1,1,1,1,1,1,1
190265,2,1,1997,0,0,0,0,0,0,0,0,0,0
190266,1,1,1997,0,0,12,0,0,0,0,0,0,2
190266,2,1,1997,0,0,0,0,0,0,10,0,0,0
190267,1,1,1997,1,1,1,1,1,1,1,1,1,1
190267,2,1,1997,0,0,0,0,0,0,0,0,0,0
190268,1,1,1997,0,0,0,0,0,0,0,0,0,0
190268,2,1,1997,0,0,0,0,0,0,0,0,0,0
190269,1,1,1997,0,0,0,0,0,0,0,0,0,0
190269,2,1,1997,0,0,0,0,0,11,0,0,0,0
190270,1,1,1997,0,0,0,0,0,0,0,0,0,0
190270,2,1,1997,0,0,0,0,0,0,0,0,0,0
190270,3,1,1997,0,0,0,0,0,0,0,0,0,0
190271,1,1,1997,20,20,20,20,20,20,20,20,20,20
190272,1,1,1997,4,4,4,4,4,4,4,4,4,4
190273,1,1,1997,12,13,11,0,16,0,0,11,13,14
190273,2,1,1997,0,0,0,0,0,0,0,0,0,0
190274,1,1,1997,0,0,0,0,0,0,0,0,0,0
190275,1,1,1997,17,17,17,17,17,17,17,17,17,17
190275,2,1,1997,0,0,0,0,0,0,0,0,0,0
190276,1,1,1997,3,3,3,3,3,3,3,3,3,3
190277,0,1,1997,0,7,0,0,0,0,14,0,24,12
190277,1,1,1997,9,9,9,9,9,9,9,9,9,9
190278,0,1,1997,27,0,28,14,0,22,10,0,0,0
190278,1,1,1997,0,0,0,0,0,0,0,0,0,0
190279,1,1,1997,20,20,20,20,20,20,20,20,20,20
190280,0,1,1997,0,0,0,0,0,0,0,0,0,0
190280,1,1,1997,0,0,0,0,0,0,0,0,0,0
190281,1,1,1997,0,0,0,0,0,0,0,0,0,0
190281,2,1,1997,0,0,28,0,0,14,0,28,3,31
190281,3,1,1997,0,0,0,0,0,0,0,0,0,0
190281,4,1,1997,0,0,0,0,0,0,0,18,0,0
190282,1,1,1997,0,0,0,0,0,0,0,0,0,0
190282,2,1,1997,0,10,0,7,18,0,0,22,0,0
190283,0,1,1997,0,0,0,0,0,0,0,0,0,0
190283,1,1,1997,0,0,0,0,0,0,0,0,0,0
190284,1,1,1997,0,0,0,0,0,0,0,0,0,0
190285,1,1,1997,21,21,21,21,21,21,21,21,21,21
190286,0,1,1997,15,21,17,0,19,0,0,28,0,9
190286,1,1,1997,0,0,0,0,0,0,0,0,0,0
190287,1,1,1997,47,14,16,0,7,23,22,18,12,18
190288,1,1,1997,0,0,0,0,0,0,0,0,0,0
190289,1,1,1997,0,0,0,0,0,0,0,0,0,0
190290,1,1,1997,20,20,20,20,20,20,20,20,20,20
190291,1,1,1997,23,23,23,23,23,23,23,23,23,23
190291,2,1,1997,9,9,9,9,9,9,9,9,9,9
190292,1,1,1997,0,0,0,0,0,0,0,0,0,0
190292,2,1,1997,0,0,0,0,0,0,6,0,0,0
190293,1,1,1997,0,0,0,0,0,0,0,0,0,0
190294,1,1,1997,0,0,0,0,0,0,0,0,0,0
190295,1,1,1997,0,0,0,27,0,0,0,0,0,0
190295,2,1,1997,0,0,0,0,0,0,0,0,0,0
190296,1,1,1997,22,22,22,22,22,22,22,22,22,22
190297,1,1,1997,42,42,42,42,42,42,42,42,42,42
190297,2,1,1997,4,4,4,4,4,4,4,4,4,4
190298,1,1,1997,14,14,14,14,14,14,14,14,14,14
190299,1,1,1997,0,0,0,0,0,0,0,0,0,0
190299,2,1,1997,0,0,0,0,0,0,0,0,0,0
190300,1,1,1997,0,0,0,0,0,0,0,0,0,0
190300,2,1,1997,0,0,12,0,14,0,0,0,0,0
190301,1,1,1997,0,0,0,0,0,0,0,0,0,0
190302,1,1,1997,0,0,0,0,0,0,0,0,0,0
190302,2,1,1997,0,0,0,0,0,0,0,0,0,0
190303,1,1,1997,0,28,0,0,0,0,0,0,0,0
190304,1,1,1997,23,23,23,23,23,23,23,23,23,23
190305,1,1,1997,0,0,0,0,0,0,0,0,0,0
190305,2,1,1997,11,0,0,0,0,0,0,0,0,0
190306,1,1,1997,0,0,0,0,0,0,0,0,0,0
190307,1,1,1997,0,0,0,0,0,0,0,0,0,0
190308,1,1,1997,0,29,22,9,0,25,12,0,21,0
190309,1,1,1997,0,0,0,0,0,0,0,0,0,0
190309,2,1,1997,6,6,6,6,6,6,6,6,6,6
190310,1,1,1997,0,0,0,0,0,0,0,0,0,0
190310,2,1,1997,0,0,0,0,0,0,0,0,0,0
190311,1,1,1997,0,0,0,0,0,0,0,0,0,0
190311,2,1,1997,0,0,0,0,0,0,0,0,0,0
190312,1,1,1997,0,0,0,0,0,0,0,0,0,0
190312,2,1,1997,3,3,3,3,3,3,3,3,3,3
190313,1,1,1997,16,16,16,16,16,16,16,16,16,16
190314,1,1,1997,0,0,0,0,0,0,0,0,0,0
190314,2,1,1997,0,0,0,0,0,0,0,0,0,0
190314,3,1,1997,0,0,0,0,0,0,0,0,0,0
190315,0,1,1997,0,0,0,0,0,0,0,0,0,0
190315,1,1,1997,0,0,0,0,0,0,0,0,0,0
190316,1,1,1997,11,11,11,11,11,11,11,11,11,11
190316,2,1,1997,0,0,0,0,0,0,0,0,0,0
190317,1,1,1997,0,0,0,0,0,0,0,0,0,0
190317,2,1,1997,0,0,0,0,0,0,0,0,0,0
190318,1,1,1997,0,0,0,14,10,0,0,0,7,0
190318,2,1,1997,3,3,3,3,3,3,3,3,3,3
190319,0,1,1997,0,0,0,0,0,0,0,0,0,0
190319,1,1,1997,0,0,0,0,0,0,0,0,0,0
190320,1,1,1997,21,21,21,21,21,21,21,21,21,21
190321,1,1,1997,0,0,0,0,0,0,0,0,0,0
190321,2,1,1997,0,0,0,0,0,0,0,0,0,0
190322,1,1,1997,16,16,16,16,16,16,16,16,16,16
190323,1,1,1997,0,0,0,0,0,0,0,0,0,0
190323,2,1,1997,0,0,0,0,0,0,0,0,0,0
190324,1,1,1997,0,0,0,14,0,0,0,0,0,20
190324,2,1,1997,0,0,0,0,0,0,0,0,0,0
190325,1,1,1997,0,0,0,0,0,0,0,0,0,0
190325,2,1,1997,0,0,0,0,0,0,0,0,0,0
190326,1,1,1997,15,15,15,15,15,15,15,15,15,15
190327,1,1,1997,0,0,0,0,0,0,0,0,0,0
190327,2,1,1997,0,0,0,0,0,11,0,0,0,0
190328,1,1,1997,0,0,14,22,0,0,33,20,10,19
190329,1,1,1997,0,0,0,0,0,0,0,0,0,0
190329,2,1,1997,0,0,0,0,0,0,0,0,0,0
190330,1,1,1997,0,0,0,0,0,0,0,0,0,0
190330,2,1,1997,0,0,0,0,0,0,0,0,0,0
190331,1,1,1997,0,0,0,0,0,0,15,0,0,0
190331,2,1,1997,0,0,0,0,0,0,0,0,0,0
190332,1,1,1997,0,0,0,0,0,0,0,0,0,0
190332,2,1,1997,0,0,0,0,0,0,0,0,0,0
190333,1,1,1997,0,0,0,0,0,0,0,0,0,0
190333,2,1,1997,0,0,0,0,0,0,0,0,0,0
190334,1,1,1997,0,0,0,0,0,0,0,0,0,0
190335,1,1,1997,19,0,0,0,0,0,0,0,5,4
190335,2,1,1997,0,0,0,0,0,0,0,0,0,0
190336,1,1,1997,25,25,25,25,25,25,25,25,25,25
190337,1,1,1997,0,0,25,0,0,0,0,0,0,0
190337,2,1,1997,0,0,0,7,0,0,0,0,0,0
190337,3,1,1997,0,0,0,0,0,0,0,0,7,0
190338,1,1,1997,0,0,0,0,0,0,0,0,0,0
190338,2,1,1997,0,0,0,0,0,0,0,0,0,0
190339,1,1,1997,0,0,0,0,0,0,0,0,0,0
190340,0,1,1997,22,0,0,0,0,0,0,0,0,0
190340,1,1,1997,0,0,0,0,0,0,0,0,0,0
190341,0,1,1997,9,0,32,0,0,0,0,0,0,15
190341,1,1,1997,0,0,0,7,0,0,0,0,0,0
190342,1,1,1997,0,0,0,16,0,0,0,6,0,0
190343,1,1,1997,0,0,0,0,0,0,0,0,0,0
190343,2,1,1997,0,0,0,0,0,0,0,0,12,14
190344,1,1,1997,0,0,0,0,0,0,0,0,0,0
190344,2,1,1997,0,0,10,0,0,0,0,0,0,0
190345,1,1,1997,0,0,0,0,0,0,0,0,0,31
190346,1,1,1997,15,15,15,15,15,15,15,15,15,15
190347,1,1,1997,0,0,0,0,0,0,0,0,0,0
190347,2,1,1997,0,0,0,0,0,0,0,0,0,0
190348,1,1,1997,10,10,10,10,10,10,10,10,10,10
190349,1,1,1997,11,0,0,0,0,0,0,0,4,14
190349,2,1,1997,0,0,0,0,0,0,0,0,0,0
190350,1,1,1997,9,9,9,9,9,9,9,9,9,9
190351,1,1,1997,0,0,0,0,0,0,0,0,0,0
190351,2,1,1997,0,0,0,0,0,0,0,0,0,16
190352,1,1,1997,0,0,0,0,0,0,0,0,0,0
190353,1,1,1997,0,0,0,0,0,0,0,0,0,0
190353,2,1,1997,17,0,0,6,10,0,0,0,0,0
190353,3,1,1997,0,33,0,0,0,0,0,0,0,0
190354,0,1,1997,23,23,23,23,23,23,23,23,23,23
190354,1,1,1997,6,0,0,0,0,0,0,0,0,0
190355,1,1,1997,0,0,0,0,0,0,0,0,0,0
190355,2,1,1997,0,0,0,0,7,0,0,0,0,0
190355,3,1,1997,0,0,0,0,0,0,0,4,8,0
190356,1,1,1997,27,27,27,27,27,27,27,27,27,27
190357,1,1,1997,0,0,0,0,0,0,0,23,0,0
190358,1,1,1997,0,0,0,0,0,0,0,0,0,0
190358,2,1,1997,0,0,0,0,0,0,0,0,0,0
190359,1,1,1997,25,25,25,25,25,25,25,25,25,25
190360,1,1,1997,0,0,0,0,0,0,0,0,0,0
190360,2,1,1997,0,0,0,0,0,0,0,0,0,0
190361,1,1,1997,15,15,15,15,15,15,15,15,15,15
190361,2,1,1997,0,13,0,0,10,18,16,0,0,0
190362,1,1,1997,0,0,0,0,0,0,0,0,0,0
190362,2,1,1997,0,0,0,0,0,0,0,0,0,0
190363,1,1,1997,0,0,0,0,0,0,0,0,0,0
190363,2,1,1997,0,0,0,0,0,0,0,0,0,0
190364,1,1,1997,0,27,0,0,21,0,0,22,0,0
190365,0,1,1997,12,12,12,12,12,12,12,12,12,12
190365,1,1,1997,0,0,0,0,0,0,0,0,0,0
190366,1,1,1997,0,0,0,0,0,0,0,0,0,0
190366,2,1,1997,1,1,1,1,1,1,1,1,1,1
190367,1,1,1997,11,11,11,11,11,11,11,11,11,11
190368,1,1,1997,24,24,24,24,24,24,24,24,24,24
190368,2,1,1997,0,0,0,0,0,0,0,0,0,0
190369,1,1,1997,0,0,0,0,0,0,0,0,0,0
190369,2,1,1997,0,0,0,0,0,0,0,0,0,0
190370,1,1,1997,18,0,0,17,26,0,0,0,0,0
190371,1,1,1997,18,19,0,24,20,27,27,0,32,9
190372,1,1,1997,11,11,11,11,11,11,11,11,11,11
190373,1,1,1997,0,0,0,0,0,0,0,0,0,0
190373,2,1,1997,0,0,0,0,0,0,0,0,0,0
190374,1,1,1997,22,22,22,22,22,22,22,22,22,22
190375,1,1,1997,0,0,0,0,0,0,0,0,0,0
190376,1,1,1997,0,0,0,0,0,0,0,0,0,0
190376,2,1,1997,22,22,22,22,22,22,22,22,22,22
190377,1,1,1997,28,28,28,28,28,28,28,28,28,28
190378,1,1,1997,0,0,0,0,0,0,0,0,0,0
190378,2,1,1997,0,0,0,0,0,0,0,0,0,0
190379,1,1,1997,18,18,18,18,18,18,18,18,18,18
190381,1,1,1997,1,1,1,1,1,1,1,1,1,1
190381,2,1,1997,0,0,0,0,0,0,0,0,0,0
190382,1,1,1997,0,0,0,0,0,0,0,0,0,0
190382,2,1,1997,0,0,0,0,0,0,0,0,0,0
190383,1,1,1997,0,0,0,0,0,0,0,0,0,0
190383,2,1,1997,0,0,0,0,0,0,0,0,0,0
190384,1,1,1997,0,0,0,0,0,0,0,0,0,0
190384,2,1,1997,13,0,0,0,0,0,0,0,0,0
190385,1,1,1997,0,0,0,0,0,0,0,0,0,0
190385,2,1,1997,0,0,0,0,0,0,0,0,0,0
190386,1,1,1997,0,13,0,0,0,0,0,0,0,0
190386,2,1,1997,0,0,0,0,0,0,0,0,19,0
190387,1,1,1997,0,0,0,0,0,0,0,0,0,0
190388,1,1,1997,0,0,0,0,0,0,0,0,0,0
190388,2,1,1997,0,0,7,0,0,0,0,0,0,0
190389,1,1,1997,14,0,14,0,0,0,0,0,0,0
190389,2,1,1997,0,0,0,0,0,0,0,0,0,0
190390,1,1,1997,0,0,0,0,0,0,0,0,0,0
190391,1,1,1997,0,0,0,0,0,0,0,0,12,0
190392,0,1,1997,0,0,0,0,0,0,0,9,0,0
190392,1,1,1997,0,0,0,0,0,0,0,0,0,0
190393,0,1,1997,16,0,26,13,35,0,11,16,0,0
190393,1,1,1997,0,0,0,0,0,0,0,0,0,0
190394,1,1,1997,20,20,20,20,20,20,20,20,20,20
190395,1,1,1997,16,16,16,16,16,16,16,16,16,16
190395,2,1,1997,0,0,0,0,0,0,0,0,0,0
190396,0,1,1997,0,0,0,0,0,0,0,0,0,0
190396,1,1,1997,0,12,20,0,0,0,7,6,0,12
190397,1,1,1997,0,0,0,0,0,0,0,0,0,0
190397,2,1,1997,0,0,15,0,0,0,0,0,0,0
190398,1,1,1997,11,11,11,11,11,11,11,11,11,11
190399,1,1,1997,19,19,19,19,19,19,19,19,19,19
190400,1,1,1997,0,0,0,0,0,0,0,0,14,0
190400,2,1,1997,0,0,0,0,0,0,0,0,23,0
190401,1,1,1997,0,0,0,0,0,0,0,0,0,0
190401,2,1,1997,0,0,0,0,0,0,0,0,0,0
190402,1,1,1997,25,30,0,13,38,19,36,13,19,13
190403,1,1,1997,0,0,0,0,0,0,0,0,0,0
190403,2,1,1997,0,0,0,0,0,0,0,0,0,0
190404,1,1,1997,0,0,0,0,0,0,0,0,0,0
190404,2,1,1997,0,0,0,0,0,0,0,0,0,0
190405,1,1,1997,0,0,0,0,14,0,0,0,0,0
190405,2,1,1997,0,0,0,0,0,0,0,0,0,0
190406,1,1,1997,1,1,1,1,1,1,1,1,1,1
190406,2,1,1997,0,0,0,0,0,0,0,0,0,0
190407,1,1,1997,0,0,0,0,0,0,0,0,0,0
190407,2,1,1997,0,0,0,0,0,0,0,0,0,0
190408,1,1,1997,5,5,5,5,5,5,5,5,5,5
190409,1,1,1997,0,0,0,0,0,22,0,0,9,0
190410,1,1,1997,0,0,0,0,0,0,0,0,0,0
190410,2,1,1997,0,0,0,0,0,0,0,0,0,0
190411,1,1,1997,0,23,0,0,0,0,0,0,0,0
190411,2,1,1997,0,0,0,0,0,0,0,0,0,0
190412,1,1,1997,0,0,29,0,4,0,4,0,0,0
190412,2,1,1997,0,0,0,0,0,0,0,0,0,0
190413,1,1,1997,0,0,0,0,0,0,0,0,0,0
190413,2,1,1997,0,0,0,0,0,0,0,0,0,0
190414,1,1,1997,0,0,0,0,0,0,0,0,0,0
190414,2,1,1997,0,0,0,0,0,0,0,0,0,0
190415,1,1,1997,16,16,13,17,13,0,0,15,27,21
190416,1,1,1997,0,0,0,0,0,0,0,0,0,0
190416,2,1,1997,0,0,0,0,0,0,0,0,12,0
190417,1,1,1997,0,0,0,0,0,0,0,0,0,0
190417,2,1,1997,0,0,0,0,0,0,0,0,0,0
190418,1,1,1997,8,8,8,8,8,8,8,8,8,8
190419,1,1,1997,0,0,0,0,0,0,0,0,0,0
190419,2,1,1997,0,0,0,0,0,0,0,0,0,0
200001,1,1,1997,16,16,16,16,16,16,16,16,16,16
200001,2,1,1997,0,0,0,0,0,0,0,0,0,0
200002,1,1,1997,30,30,30,30,30,30,30,30,30,30
200003,1,1,1997,21,21,21,21,21,21,21,21,21,21
200004,1,1,1997,0,0,0,0,0,0,0,0,0,0
200004,2,1,1997,0,0,0,0,0,0,0,0,0,0
200005,1,1,1997,76,76,76,76,76,76,76,76,76,76
200006,1,1,1997,0,0,0,0,0,0,0,0,0,0
200006,2,1,1997,0,0,0,0,0,0,0,0,0,0
200006,3,1,1997,0,0,0,0,0,0,0,0,0,0
200007,0,1,1997,0,0,0,0,0,0,0,0,0,0
200007,1,1,1997,0,0,0,0,0,0,0,0,0,0
200008,1,1,1997,0,0,0,0,0,0,0,0,0,0
200008,2,1,1997,0,0,0,0,0,0,0,0,0,0
200009,1,1,1997,17,17,17,17,17,17,17,17,17,17
200009,2,1,1997,0,0,0,0,0,0,0,0,0,0
200009,3,1,1997,0,0,0,0,0,0,0,0,0,0
200010,1,1,1997,26,26,26,26,26,26,26,26,26,26
200011,1,1,1997,0,0,0,0,0,0,0,0,0,0
200011,2,1,1997,0,0,0,0,0,0,0,0,0,0
200012,1,1,1997,0,0,0,0,0,0,0,0,0,0
200012,2,1,1997,0,0,0,0,0,0,0,0,0,0
200013,1,1,1997,0,0,0,0,0,0,0,0,0,0
200013,2,1,1997,0,0,0,0,0,0,0,0,0,0
200014,1,1,1997,16,0,0,20,0,0,0,0,9,15
200014,2,1,1997,0,0,0,0,0,0,0,0,0,0
200015,1,1,1997,0,0,0,0,0,0,0,0,0,0
200015,2,1,1997,0,0,0,0,0,0,0,0,0,0
200016,1,1,1997,0,0,0,0,0,0,0,0,0,0
200016,2,1,1997,0,0,0,0,0,0,0,0,0,0
200016,3,1,1997,0,0,0,0,0,0,0,0,0,0
200016,4,1,1997,0,0,0,0,0,0,0,0,0,0
200016,5,1,1997,0,0,0,0,0,0,0,0,0,0
200016,6,1,1997,2,0,0,0,0,0,0,0,0,0
200016,7,1,1997,0,0,0,0,0,0,0,0,0,0
200017,1,1,1997,21,21,21,21,21,21,21,21,21,21
200018,1,1,1997,10,10,10,10,10,10,10,10,10,10
200019,1,1,1997,17,17,17,17,17,17,17,17,17,17
200020,1,1,1997,0,0,0,0,0,0,0,0,0,0
200021,1,1,1997,0,0,0,0,0,0,0,0,0,0
200021,2,1,1997,0,0,0,0,0,0,0,0,0,0
200022,1,1,1997,0,0,0,0,0,0,0,0,0,0
200022,2,1,1997,0,0,0,0,0,0,0,0,0,0
200023,1,1,1997,0,0,0,0,0,0,0,0,0,0
200024,1,1,1997,0,0,0,0,0,0,0,0,0,0
200025,1,1,1997,0,0,5,0,0,0,0,0,0,0
200025,2,1,1997,0,0,0,0,0,0,0,0,0,0
200026,1,1,1997,10,10,10,10,10,10,10,10,10,10
200026,2,1,1997,10,10,10,10,10,10,10,10,10,10
200027,1,1,1997,1,1,1,1,1,1,1,1,1,1
200027,2,1,1997,0,0,0,0,0,0,0,0,0,0
200028,1,1,1997,9,9,9,9,9,9,9,9,9,9
200029,1,1,1997,0,0,0,0,0,0,0,0,0,0
200029,2,1,1997,3,3,3,3,3,3,3,3,3,3
200030,1,1,1997,0,0,0,0,0,0,0,0,0,0
200031,1,1,1997,0,0,0,0,0,0,0,0,0,0
200031,2,1,1997,0,0,0,0,0,0,0,0,0,0
200032,1,1,1997,20,20,20,20,20,20,20,20,20,20
200033,1,1,1997,0,0,0,0,0,0,0,0,0,0
200033,2,1,1997,0,0,0,0,0,0,0,0,0,0
200034,1,1,1997,14,14,14,14,14,14,14,14,14,14
200035,1,1,1997,18,18,18,18,18,18,18,18,18,18
200036,1,1,1997,0,0,0,0,0,0,0,0,0,0
200037,1,1,1997,0,0,0,0,0,0,0,0,0,0
200038,1,1,1997,16,5,11,14,17,2,0,14,13,13
200039,1,1,1997,0,0,0,0,0,0,0,0,0,0
200041,1,1,1997,0,0,0,0,0,0,0,0,0,0
200042,1,1,1997,0,0,0,0,0,0,0,0,0,0
200042,2,1,1997,0,0,0,0,0,0,0,0,0,0
200043,1,1,1997,0,0,0,0,0,0,0,0,0,0
200043,2,1,1997,0,0,0,0,0,0,0,0,0,0
200044,1,1,1997,0,0,0,0,0,0,0,0,0,0
200044,2,1,1997,0,0,0,0,0,0,0,0,0,0
200045,1,1,1997,0,0,0,0,0,0,0,0,0,0
200045,2,1,1997,0,4,0,0,0,0,0,0,0,0
200046,1,1,1997,0,0,0,0,0,0,0,0,0,0
200046,2,1,1997,0,0,0,0,0,0,0,0,11,0
200047,1,1,1997,0,0,0,0,0,0,0,13,0,5
200047,2,1,1997,0,0,0,0,0,0,0,0,0,0
200048,1,1,1997,13,13,13,13,13,13,13,13,13,13
200048,2,1,1997,15,15,15,15,15,15,15,15,15,15
200049,1,1,1997,8,8,8,8,8,8,8,8,8,8
200050,1,1,1997,0,0,0,0,0,0,0,0,0,0
200050,2,1,1997,0,0,0,0,0,0,0,0,0,0
200051,1,1,1997,0,0,0,0,0,0,0,0,0,0
200051,2,1,1997,0,0,0,0,0,0,0,0,0,0
200051,3,1,1997,0,7,0,0,0,0,0,0,0,0
200052,0,1,1997,0,0,0,0,0,0,0,0,0,0
200052,1,1,1997,0,0,0,0,0,0,0,0,0,0
200053,1,1,1997,0,0,0,0,0,0,0,0,0,0
200053,2,1,1997,0,0,0,0,0,0,0,0,0,0
200054,1,1,1997,0,0,0,0,0,0,0,0,0,0
200054,2,1,1997,5,5,5,5,5,5,5,5,5,5
200055,1,1,1997,0,0,0,0,0,0,0,0,0,0
200056,1,1,1997,24,16,17,0,13,15,0,30,31,23
200057,1,1,1997,0,0,0,0,0,0,0,0,0,0
200057,2,1,1997,0,0,0,0,0,0,0,0,0,0
200058,1,1,1997,0,0,11,0,0,0,0,0,16,0
200059,1,1,1997,19,19,19,19,19,19,19,19,19,19
200060,1,1,1997,0,0,0,0,0,0,0,0,0,0
200060,2,1,1997,0,0,0,0,0,0,0,0,0,0
200061,1,1,1997,0,0,0,0,0,0,0,0,0,0
200061,2,1,1997,0,0,0,0,0,0,0,0,0,0
200062,1,1,1997,0,0,0,0,0,0,0,0,17,0
200063,1,1,1997,0,0,0,0,0,0,0,0,0,0
200064,1,1,1997,25,25,25,25,25,25,25,25,25,25
200064,2,1,1997,0,0,0,0,0,0,0,0,0,0
200065,1,1,1997,0,0,0,0,0,0,0,0,0,0
200065,2,1,1997,0,0,0,0,0,0,0,0,0,0
200066,1,1,1997,28,28,28,28,28,28,28,28,28,28
200066,2,1,1997,0,0,0,0,0,0,0,0,0,0
200067,1,1,1997,0,0,0,0,0,0,0,0,0,0
200067,2,1,1997,0,0,0,0,0,0,0,0,0,0
200068,1,1,1997,0,0,0,0,0,12,0,0,0,0
200068,2,1,1997,0,0,0,0,0,0,0,0,0,0
200069,1,1,1997,11,11,11,11,11,11,11,11,11,11
200070,1,1,1997,25,25,25,25,25,25,25,25,25,25
200071,1,1,1997,0,0,0,0,0,0,0,0,0,0
200072,0,1,1997,26,27,28,30,24,18,15,17,20,8
200072,1,1,1997,0,0,0,0,0,0,0,0,0,0
200073,1,1,1997,0,0,0,0,0,0,0,0,0,0
200073,2,1,1997,0,0,0,0,0,0,0,0,0,0
200074,1,1,1997,0,0,0,0,0,0,0,0,0,0
200074,2,1,1997,0,0,0,0,0,0,0,0,0,0
200075,1,1,1997,33,33,33,33,33,33,33,33,33,33
200076,1,1,1997,0,0,0,0,0,0,0,0,0,0
200076,2,1,1997,0,0,0,18,0,0,0,0,0,0
200077,1,1,1997,0,0,0,0,0,0,0,0,0,0
200078,1,1,1997,0,0,0,0,0,0,0,0,0,0
200078,2,1,1997,0,0,0,0,0,0,0,0,0,0
200079,1,1,1997,0,0,0,0,0,0,0,0,0,0
200080,1,1,1997,0,0,0,0,0,0,0,0,0,0
200080,2,1,1997,0,0,0,0,0,0,0,0,0,0
200080,3,1,1997,0,0,0,0,0,0,11,0,0,0
200081,1,1,1997,0,0,0,0,0,0,0,0,0,0
200081,2,1,1997,0,0,0,0,0,0,0,0,0,0
200082,1,1,1997,17,0,0,0,0,0,0,0,0,0
200082,2,1,1997,0,0,0,0,0,0,0,0,0,0
200084,1,1,1997,0,0,0,0,0,0,0,0,0,0
200085,1,1,1997,0,0,0,0,0,0,0,0,0,0
200085,2,1,1997,0,0,0,0,0,0,0,0,0,0
200086,1,1,1997,0,0,0,0,0,0,0,0,0,0
200087,1,1,1997,0,0,0,0,0,0,0,0,0,0
200088,1,1,1997,0,0,0,0,0,0,0,0,0,0
200088,2,1,1997,0,0,0,0,0,0,0,0,0,0
200089,1,1,1997,11,17,16,10,20,19,23,14,19,15
200089,2,1,1997,5,5,5,5,5,5,5,5,5,5
200090,1,1,1997,0,0,0,0,0,0,0,0,0,0
200090,2,1,1997,0,0,0,0,0,0,0,0,0,0
200091,1,1,1997,0,0,0,0,0,0,0,0,0,0
200091,2,1,1997,0,0,0,0,0,0,0,0,0,0
200092,1,1,1997,33,33,33,33,33,33,33,33,33,33
200093,1,1,1997,0,0,14,0,0,0,0,0,6,0
200094,1,1,1997,0,0,0,0,0,0,0,0,0,0
200094,2,1,1997,0,0,0,0,0,0,0,0,0,0
200095,1,1,1997,0,0,0,0,0,0,0,0,0,0
200095,2,1,1997,5,5,5,5,5,5,5,5,5,5
200096,1,1,1997,23,23,23,23,23,23,23,23,23,23
200097,1,1,1997,17,17,17,17,17,17,17,17,17,17
200098,1,1,1997,0,0,0,0,0,0,0,0,0,0
200098,2,1,1997,0,0,0,0,0,0,0,0,0,0
200099,1,1,1997,0,0,0,0,0,0,0,0,0,0
200099,2,1,1997,0,0,0,0,0,0,0,0,0,0
200100,1,1,1997,0,0,0,0,0,0,0,0,0,0
200100,2,1,1997,0,19,0,0,0,0,0,0,0,0
200101,1,1,1997,24,24,24,24,24,24,24,24,24,24
200101,2,1,1997,0,0,0,0,0,0,0,0,0,0
200102,1,1,1997,0,0,0,0,0,0,0,0,0,0
200102,2,1,1997,0,0,0,0,0,0,0,0,0,0
200103,1,1,1997,23,23,23,23,23,23,23,23,23,23
200103,2,1,1997,0,0,0,0,0,0,0,0,0,0
200104,1,1,1997,31,31,31,31,31,31,31,31,31,31
200105,1,1,1997,6,6,6,6,6,6,6,6,6,6
200106,0,1,1997,0,0,0,0,0,0,0,0,0,0
200106,1,1,1997,0,0,0,0,0,0,0,0,0,0
200107,1,1,1997,0,0,0,0,0,0,0,0,0,0
200108,1,1,1997,19,19,19,19,19,19,19,19,19,19
200108,2,1,1997,15,26,15,17,11,0,17,21,25,0