ST_CASE,VEH_NO,PER_NO,YEAR,P1,P2,P3,P4,P5,P6,P7,P8,P9,P10
200109,1,1,1997,0,0,0,0,0,0,0,0,0,0
200109,2,1,1997,0,0,0,0,0,0,0,0,0,0
200110,1,1,1997,0,0,0,0,0,0,0,0,0,0
200110,2,1,1997,0,0,0,0,0,0,0,0,0,0
200111,1,1,1997,0,0,0,0,0,0,0,0,0,0
200111,2,1,1997,0,0,0,0,0,0,0,0,0,0
200112,1,1,1997,8,8,8,8,8,8,8,8,8,8
200113,1,1,1997,0,0,0,0,0,0,0,9,0,0
200114,1,1,1997,0,0,0,18,11,0,0,8,0,0
200115,1,2,1997,12,19,21,15,8,38,0,30,14,0
200116,1,1,1997,0,0,0,0,0,0,0,0,0,0
200117,1,1,1997,13,0,0,0,13,6,0,6,16,0
200118,1,1,1997,0,0,0,0,0,0,0,0,0,3
200119,1,1,1997,13,13,13,13,13,13,13,13,13,13
200120,1,1,1997,13,13,13,13,13,13,13,13,13,13
200120,2,1,1997,13,13,13,13,13,13,13,13,13,13
200121,1,1,1997,3,3,3,3,3,3,3,3,3,3
200121,2,1,1997,0,0,0,0,0,0,0,0,0,0
200122,1,1,1997,0,0,0,0,0,0,0,0,0,0
200123,1,1,1997,0,0,0,0,0,0,0,0,0,0
200123,2,1,1997,0,0,0,0,0,0,0,0,0,0
200124,1,1,1997,0,0,0,0,0,0,0,0,0,0
200125,1,1,1997,0,0,0,0,0,0,0,0,0,0
200125,2,1,1997,0,0,0,0,0,0,0,0,0,0
200126,1,1,1997,0,0,0,0,0,0,0,0,0,0
200127,1,1,1997,0,0,0,0,0,0,0,0,0,0
200128,1,1,1997,15,18,17,0,8,12,15,14,17,9
200129,1,1,1997,0,0,0,0,0,0,0,0,0,0
200129,2,1,1997,0,0,0,0,0,0,0,0,0,0
200130,1,1,1997,0,0,0,0,0,0,0,0,0,0
200130,2,1,1997,0,0,0,0,0,0,0,0,0,0
200131,1,1,1997,13,13,13,13,13,13,13,13,13,13
200131,2,1,1997,0,0,0,0,0,0,0,0,0,0
200132,1,1,1997,21,21,21,21,21,21,21,21,21,21
200133,1,1,1997,0,0,0,0,0,0,0,0,0,0
200133,2,1,1997,0,0,0,0,0,0,0,0,0,0
200134,1,1,1997,16,16,16,16,16,16,16,16,16,16
200134,2,1,1997,0,0,0,0,0,0,0,0,0,0
200134,3,2,1997,8,12,0,0,0,0,0,21,0,0
200135,1,1,1997,0,0,0,0,0,0,0,0,0,0
200136,1,1,1997,0,0,0,0,0,0,0,0,0,0
200136,2,1,1997,0,0,0,0,0,0,0,0,0,0
200137,1,1,1997,0,0,0,0,0,0,0,0,0,0
200137,2,1,1997,0,0,0,0,0,0,0,28,0,0
200138,1,1,1997,10,7,28,11,0,4,0,18,13,0
200139,1,1,1997,0,0,0,0,0,0,0,0,0,0
200139,2,1,1997,0,0,0,15,0,0,0,0,0,0
200140,1,1,1997,0,0,0,0,0,0,0,0,0,0
200140,2,1,1997,0,0,0,0,0,0,0,0,0,0
200141,1,1,1997,0,0,0,0,0,0,0,0,0,0
200142,1,1,1997,0,0,0,0,0,0,0,0,0,0
200143,1,1,1997,0,0,0,0,0,0,0,0,0,0
200143,2,1,1997,0,0,0,0,0,0,0,0,0,0
200144,1,1,1997,27,27,27,27,27,27,27,27,27,27
200145,1,1,1997,0,0,0,0,0,0,0,0,0,0
200145,2,1,1997,0,0,0,0,0,0,0,0,0,0
200146,0,1,1997,0,0,0,0,0,0,0,0,0,0
200146,1,1,1997,0,0,0,0,0,0,0,0,0,0
200147,1,1,1997,0,0,0,0,0,0,0,0,0,0
200147,2,1,1997,0,0,0,0,0,0,0,0,0,0
200149,1,1,1997,5,5,5,5,5,5,5,5,5,5
200151,1,1,1997,20,20,20,20,20,20,20,20,20,20
200151,2,1,1997,0,0,0,0,0,0,0,0,0,0
200152,0,1,1997,0,0,0,0,0,0,0,0,0,0
200152,1,1,1997,0,0,0,0,0,0,0,0,0,0
200153,1,1,1997,0,0,0,0,0,0,0,0,0,0
200153,2,1,1997,0,0,0,0,0,0,0,0,0,0
200154,1,1,1997,0,0,0,0,0,0,0,0,0,0
200154,2,1,1997,0,0,0,0,0,0,0,0,0,0
200155,0,1,1997,0,0,0,0,0,0,0,0,0,0
200155,1,1,1997,0,0,0,0,0,0,0,0,0,0
200156,1,1,1997,0,0,0,0,0,21,0,10,0,0
200156,2,1,1997,0,0,0,0,0,0,0,0,0,0
200157,1,1,1997,0,0,0,0,0,0,0,0,0,0
200157,2,1,1997,0,0,0,0,0,0,0,0,0,0
200158,1,1,1997,0,0,0,0,0,0,0,0,0,0
200158,2,1,1997,0,0,0,0,0,0,0,0,0,0
200159,1,1,1997,21,21,21,21,21,21,21,21,21,21
200160,1,1,1997,0,0,0,0,0,0,0,0,0,0
200160,2,1,1997,0,0,0,0,0,0,0,0,0,0
200161,1,1,1997,14,0,0,34,0,0,0,0,0,0
200161,2,1,1997,0,0,0,0,0,0,0,0,0,0
200162,1,1,1997,0,0,0,0,0,0,0,0,0,0
200163,1,1,1997,0,0,0,0,0,0,0,0,0,0
200163,2,1,1997,0,0,0,0,0,0,0,0,0,0
200164,1,1,1997,0,0,0,0,0,0,0,0,0,0
200165,0,1,1997,9,9,9,9,9,9,9,9,9,9
200165,1,1,1997,9,9,9,9,9,9,9,9,9,9
200166,1,1,1997,18,18,18,18,18,18,18,18,18,18
200167,1,1,1997,3,3,3,3,3,3,3,3,3,3
200167,2,1,1997,0,0,0,0,0,0,0,0,0,0
200168,0,1,1997,0,0,0,0,0,0,0,0,0,0
200168,1,1,1997,0,0,0,0,0,0,0,0,0,0
200169,1,1,1997,0,0,0,0,0,0,0,0,0,0
200170,1,1,1997,0,0,0,0,0,0,0,0,0,0
200170,2,1,1997,0,0,0,0,0,0,0,0,0,0
200171,1,1,1997,0,0,0,0,0,0,0,0,0,0
200171,2,1,1997,0,0,0,0,0,0,0,0,0,0
200172,1,1,1997,8,8,8,8,8,8,8,8,8,8
200172,2,1,1997,19,19,19,19,19,19,19,19,19,19
200173,0,1,1997,0,0,0,0,0,0,0,0,0,0
200173,1,1,1997,0,0,0,0,0,0,0,0,0,0
200174,1,1,1997,0,0,0,0,0,0,0,0,0,0
200175,1,1,1997,0,0,0,0,0,0,0,0,0,0
200175,2,1,1997,0,21,0,0,0,21,0,21,0,0
200176,1,1,1997,0,0,0,0,0,0,0,0,0,0
200177,1,1,1997,0,0,0,0,0,0,0,0,0,0
200178,1,1,1997,0,0,0,0,0,0,0,0,0,0
200179,1,1,1997,0,0,0,0,0,0,0,0,0,0
200179,2,1,1997,0,0,0,0,0,0,0,0,0,0
200180,1,1,1997,0,0,0,0,0,0,0,0,0,0
200180,2,1,1997,0,0,0,0,0,0,0,0,0,0
200181,1,1,1997,14,14,14,14,14,14,14,14,14,14
200181,2,1,1997,0,0,0,0,0,0,0,0,0,0
200181,3,1,1997,0,0,0,0,0,0,0,0,0,0
200182,1,1,1997,0,0,0,0,0,0,0,0,0,0
200183,1,1,1997,0,28,0,0,0,0,0,0,0,0
200183,2,1,1997,0,0,0,0,0,0,0,0,0,0
200184,1,1,1997,0,0,0,0,0,0,0,0,0,0
200184,2,1,1997,0,0,0,0,0,0,0,0,0,0
200185,1,1,1997,0,0,0,0,0,0,0,0,0,0
200185,2,1,1997,0,0,0,0,0,0,0,0,0,0
200186,1,1,1997,0,0,0,0,0,0,0,0,0,0
200188,1,1,1997,7,7,7,7,7,7,7,7,7,7
200189,1,1,1997,0,0,0,0,0,0,0,0,0,0
200190,1,1,1997,0,0,0,0,0,0,0,0,0,0
200190,2,1,1997,0,0,0,0,0,0,0,0,0,0
200191,1,1,1997,0,0,0,0,0,0,0,0,0,0
200191,2,1,1997,0,0,0,0,0,0,0,0,0,0
200192,1,1,1997,28,28,28,28,28,28,28,28,28,28
200193,0,1,1997,0,0,0,0,0,0,0,0,0,0
200193,1,1,1997,0,0,0,0,0,0,0,0,0,0
200194,1,1,1997,19,19,19,19,19,19,19,19,19,19
200195,1,1,1997,0,0,0,0,0,0,0,0,0,0
200195,2,1,1997,20,20,20,20,20,20,20,20,20,20
200196,1,1,1997,0,0,0,0,0,0,0,0,0,0
200197,1,1,1997,0,0,0,0,0,0,0,0,0,0
200198,1,1,1997,0,0,0,0,0,0,0,0,0,0
200199,1,1,1997,30,30,30,30,30,30,30,30,30,30
200200,1,1,1997,0,0,0,0,0,0,0,0,0,0
200201,1,1,1997,0,0,0,0,0,0,0,0,0,0
200201,2,1,1997,0,0,0,0,0,0,0,0,0,0
200202,1,1,1997,0,0,0,0,0,0,0,0,0,0
200203,1,1,1997,0,0,0,0,0,0,0,0,0,0
200203,2,1,1997,0,0,0,0,0,0,0,0,0,0
200204,1,1,1997,0,0,0,0,0,0,0,0,0,0
200204,2,1,1997,0,0,0,0,0,0,0,0,0,0
200205,1,1,1997,0,0,0,0,0,0,0,0,0,0
200205,2,1,1997,0,0,0,0,0,0,0,0,0,0
200206,1,1,1997,0,0,0,0,0,0,0,0,0,0
200206,2,1,1997,0,0,0,0,0,0,0,0,0,0
200207,1,1,1997,5,5,5,5,5,5,5,5,5,5
200208,1,1,1997,14,33,0,30,0,0,19,11,25,14
200209,1,1,1997,0,0,0,0,0,0,0,0,0,0
200210,1,1,1997,0,0,0,0,0,0,0,0,0,0
200210,2,1,1997,0,0,0,0,0,0,0,0,0,0
200211,1,1,1997,16,16,16,16,16,16,16,16,16,16
200212,1,1,1997,9,0,0,0,0,0,0,0,0,0
200213,1,1,1997,0,0,0,0,0,0,0,0,0,0
200213,2,1,1997,0,0,0,0,0,0,0,0,0,0
200214,1,1,1997,0,0,0,0,0,0,0,0,0,0
200215,1,1,1997,0,0,0,0,0,0,0,0,0,0
200215,2,1,1997,0,0,0,0,0,0,0,0,0,0
200216,1,1,1997,0,0,0,0,0,0,0,0,0,20
200216,2,1,1997,16,16,16,16,16,16,16,16,16,16
200217,1,1,1997,0,0,0,0,0,0,0,0,0,0
200217,2,1,1997,0,0,0,0,0,0,0,0,0,0
200218,0,1,1997,0,0,0,0,0,0,0,0,0,0
200218,1,1,1997,0,0,0,0,0,0,0,0,0,0
200219,1,1,1997,11,11,11,11,11,11,11,11,11,11
200219,2,1,1997,0,0,0,0,0,0,0,0,0,0
200220,1,1,1997,0,0,0,0,0,0,0,0,0,0
200221,1,1,1997,0,0,0,0,0,0,0,0,0,0
200221,2,1,1997,0,0,0,0,0,0,0,0,0,0
200222,1,1,1997,0,0,0,0,0,0,0,0,0,0
200223,1,1,1997,0,0,0,0,0,0,0,0,0,0
200223,2,1,1997,0,0,0,0,0,0,0,0,0,0
200224,0,1,1997,0,0,0,0,0,0,0,0,0,0
200224,1,1,1997,0,0,0,0,0,0,0,0,0,0
200225,1,1,1997,25,15,8,10,25,38,15,10,25,25
200226,1,1,1997,0,0,0,0,0,0,0,0,0,0
200227,1,1,1997,2,2,2,2,2,2,2,2,2,2
200227,2,1,1997,0,0,0,0,0,0,0,0,0,0
200228,1,1,1997,0,0,0,0,0,0,0,0,0,0
200228,2,1,1997,0,0,0,0,0,0,0,0,0,0
200229,1,1,1997,0,0,0,0,0,0,0,0,0,0
200230,1,1,1997,0,0,0,0,0,0,0,0,0,0
200230,2,1,1997,0,0,0,0,0,0,0,0,0,0
200231,1,1,1997,20,20,20,20,20,20,20,20,20,20
200232,1,1,1997,0,0,0,0,0,0,0,0,0,0
200233,1,1,1997,0,0,0,0,0,0,0,0,0,0
200234,1,1,1997,0,0,0,0,0,0,0,17,0,0
200234,2,1,1997,0,0,0,0,0,0,0,0,0,0
200235,1,1,1997,0,0,0,0,0,0,0,0,0,0
200236,0,1,1997,0,0,0,0,0,0,0,0,0,0
200236,1,1,1997,0,0,0,0,0,0,0,0,0,0
200237,1,1,1997,0,0,0,0,0,0,0,0,0,0
200237,2,1,1997,0,0,0,0,0,0,0,0,0,0
200238,1,1,1997,0,0,0,0,0,0,0,0,0,0
200239,1,1,1997,0,0,0,0,0,0,0,0,0,0
200239,2,1,1997,0,0,0,0,0,0,0,0,0,0
200240,1,1,1997,0,0,0,0,8,0,0,0,0,0
200240,2,1,1997,0,0,0,0,0,0,0,0,0,0
200240,3,1,1997,0,0,0,0,0,0,0,0,0,0
200240,4,1,1997,0,0,0,0,0,0,0,0,0,0
200241,1,1,1997,0,0,0,0,0,0,0,0,0,0
200241,2,1,1997,0,0,0,0,0,0,0,0,0,0
200241,3,1,1997,0,0,0,0,0,0,0,0,0,0
200242,1,1,1997,0,0,0,0,0,0,0,0,0,0
200243,1,1,1997,0,0,0,0,0,0,0,0,0,0
200244,1,1,1997,9,9,9,9,9,9,9,9,9,9
200245,1,1,1997,22,29,0,0,0,0,0,0,0,0
200246,1,1,1997,0,0,0,0,0,0,0,0,0,0
200246,2,1,1997,0,0,0,0,0,0,0,0,0,0
200248,1,1,1997,0,0,0,0,0,0,0,0,0,0
200248,2,1,1997,0,0,0,0,0,0,0,0,0,7
200249,1,1,1997,0,0,0,0,0,0,0,0,0,0
200249,2,1,1997,0,0,0,0,0,0,0,0,0,0
200250,1,1,1997,12,12,12,12,12,12,12,12,12,12
200250,2,1,1997,0,0,0,0,0,0,0,0,0,0
200251,1,1,1997,0,0,0,0,0,0,0,23,0,0
200252,1,1,1997,0,0,0,0,0,0,0,0,0,0
200252,2,1,1997,0,0,6,7,0,0,0,0,0,0
200253,1,1,1997,0,0,0,0,0,0,0,0,0,0
200253,2,1,1997,0,0,0,0,0,0,0,0,0,0
200254,1,1,1997,0,17,0,0,0,0,0,0,0,21
200255,1,1,1997,0,0,0,0,0,0,0,0,0,0
200255,2,1,1997,0,0,0,0,19,0,0,0,0,0
200255,3,1,1997,0,0,0,0,0,0,0,0,0,0
200256,0,1,1997,0,0,0,0,0,0,0,0,0,0
200256,1,1,1997,0,0,0,0,0,0,0,0,0,0
200257,0,1,1997,0,0,0,0,0,0,0,0,0,0
200257,1,1,1997,0,0,0,0,0,0,0,0,0,0
200258,0,1,1997,0,0,0,0,0,0,0,0,0,0
200258,0,2,1997,0,0,0,0,0,0,0,0,0,0
200258,0,3,1997,0,0,0,0,5,0,0,0,18,0
200258,1,1,1997,9,13,24,9,7,12,17,16,16,28
200259,1,1,1997,4,4,4,4,4,4,4,4,4,4
200260,1,1,1997,0,0,0,0,0,0,11,0,0,0
200260,2,1,1997,0,0,0,0,0,0,0,0,0,0
200261,1,1,1997,0,0,0,0,0,0,0,0,0,0
200261,2,1,1997,0,0,0,0,0,0,0,0,0,0
200262,0,1,1997,0,0,0,0,0,0,0,0,0,0
200262,1,1,1997,0,0,0,0,0,0,0,0,0,0
200263,1,1,1997,0,0,0,0,0,0,0,0,0,0
200263,2,1,1997,0,0,0,0,0,0,0,0,0,0
200264,1,1,1997,0,0,0,0,0,0,0,0,0,0
200265,1,1,1997,19,19,19,19,19,19,19,19,19,19
200267,1,1,1997,0,0,0,0,0,0,0,0,0,0
200269,1,1,1997,0,0,0,0,0,0,0,0,0,0
200271,1,1,1997,0,0,0,0,0,0,0,0,0,0
200272,1,1,1997,28,28,28,28,28,28,28,28,28,28
200273,1,1,1997,0,0,0,0,0,0,0,0,0,0
200273,2,1,1997,0,0,0,0,0,0,0,0,0,0
200274,0,1,1997,0,0,0,0,0,0,0,0,0,0
200274,1,1,1997,0,0,0,0,0,0,0,0,0,0
200275,1,1,1997,0,0,0,0,0,0,0,0,0,0
200275,2,1,1997,0,0,0,0,0,0,0,0,0,0
200275,3,1,1997,0,0,0,0,0,0,0,0,0,0
200275,4,1,1997,0,0,0,0,0,0,0,0,0,0
200276,1,1,1997,0,0,0,0,0,0,0,0,0,0
200277,1,1,1997,0,0,0,0,0,0,0,0,0,0
200278,1,1,1997,0,0,0,0,0,0,0,0,17,0
200279,1,1,1997,5,5,5,5,5,5,5,5,5,5
200280,1,1,1997,24,24,24,24,24,24,24,24,24,24
200281,1,1,1997,0,0,0,0,0,0,0,0,0,0
200282,1,1,1997,0,0,0,0,0,0,0,0,0,0
200282,2,1,1997,0,0,0,0,0,0,0,0,0,0
200284,1,1,1997,0,0,0,0,0,0,0,0,0,0
200284,2,1,1997,0,0,0,0,0,0,0,0,0,0
200284,3,1,1997,0,0,0,0,0,0,0,0,0,0
200285,1,1,1997,0,0,0,0,0,0,0,0,0,0
200286,1,1,1997,0,0,0,0,0,0,0,0,0,0
200286,2,1,1997,0,0,0,0,0,0,0,0,0,0
200287,0,1,1997,0,0,0,0,0,0,0,0,0,0
200287,1,1,1997,0,0,0,0,0,0,0,0,9,0
200288,1,1,1997,0,0,0,0,0,0,0,0,0,0
200288,2,1,1997,0,0,0,0,0,0,0,0,0,0
200289,1,1,1997,9,9,9,9,9,9,9,9,9,9
200290,1,1,1997,0,0,0,0,0,0,17,8,0,0
200291,1,1,1997,25,25,25,25,25,25,25,25,25,25
200292,1,1,1997,88,88,88,88,88,88,88,88,88,88
200292,2,1,1997,0,0,0,0,0,0,0,0,0,0
200293,1,1,1997,13,0,0,0,0,0,0,0,0,0
200293,2,1,1997,0,0,13,0,0,0,12,0,0,15
200294,1,1,1997,0,0,0,0,0,0,0,0,0,0
200295,1,1,1997,50,50,50,50,50,50,50,50,50,50
200296,1,1,1997,0,0,0,0,0,0,0,0,0,0
200297,1,1,1997,0,0,0,0,0,0,0,0,0,0
200298,1,1,1997,0,0,0,0,0,0,0,0,0,0
200298,2,1,1997,0,0,0,0,0,0,0,0,0,0
200298,3,1,1997,0,0,0,0,0,0,0,0,0,0
200298,4,1,1997,0,0,0,0,0,0,0,0,0,0
200299,1,1,1997,0,0,0,0,18,0,0,0,0,0
200300,1,1,1997,14,24,24,8,28,23,24,26,33,8
200301,1,1,1997,8,8,8,8,8,8,8,8,8,8
200302,1,1,1997,0,0,0,0,0,0,0,0,0,0
200302,2,1,1997,0,0,0,0,0,0,0,0,0,0
200303,1,1,1997,0,0,0,0,0,0,0,0,0,0
200303,2,1,1997,0,0,0,0,0,0,0,0,0,0
200304,1,1,1997,0,0,0,0,0,0,0,0,0,0
200305,1,1,1997,0,0,0,0,0,0,0,0,0,0
200305,2,1,1997,0,0,0,0,0,0,0,0,0,0
200306,1,1,1997,17,17,17,17,17,17,17,17,17,17
200307,1,1,1997,24,0,0,0,0,0,0,0,0,11
200307,2,1,1997,0,0,0,0,0,0,0,0,0,14
200308,1,1,1997,0,0,0,0,0,0,0,0,0,0
200308,2,1,1997,0,0,0,0,0,0,0,0,0,0
200309,1,1,1997,0,0,0,0,0,0,0,0,0,0
200309,2,1,1997,0,0,0,0,0,0,0,0,0,0
200310,1,1,1997,28,28,28,28,28,28,28,28,28,28
200310,2,1,1997,28,28,28,28,28,28,28,28,28,28
200311,1,1,1997,0,0,0,0,0,0,0,0,0,0
200311,2,1,1997,0,0,0,0,0,0,0,0,0,0
200312,1,1,1997,0,0,0,0,0,0,0,0,0,0
200313,1,1,1997,0,0,0,0,0,0,0,0,0,0
200313,2,1,1997,0,0,0,0,0,0,0,0,0,0
200314,0,1,1997,0,0,0,0,0,0,0,0,0,0
200314,1,1,1997,0,0,0,0,0,0,0,0,0,0
200315,0,1,1997,0,0,12,0,0,0,0,0,0,0
200315,0,2,1997,0,0,0,4,0,0,0,0,0,0
200315,1,1,1997,0,0,0,0,0,0,0,0,0,0
200315,2,1,1997,0,0,0,0,0,12,0,0,0,0
200316,1,1,1997,8,8,8,8,8,8,8,8,8,8
200317,1,1,1997,0,0,0,0,0,0,0,0,0,0
200318,1,1,1997,0,0,0,0,0,0,0,0,0,0
200318,2,1,1997,0,0,0,0,0,0,0,0,0,0
200319,1,1,1997,0,0,0,0,0,0,0,0,0,0
200320,1,1,1997,24,24,24,24,24,24,24,24,24,24
200320,2,1,1997,0,0,0,0,0,0,0,0,0,32
200321,1,1,1997,0,0,0,0,0,0,0,0,0,0
200321,2,1,1997,0,0,0,0,0,0,0,0,0,0
200322,0,1,1997,0,0,0,0,0,0,0,0,0,0
200322,1,1,1997,0,0,0,0,0,0,0,0,0,0
200323,1,1,1997,0,0,0,29,0,0,0,13,0,9
200324,1,1,1997,18,18,18,18,18,18,18,18,18,18
200325,1,1,1997,15,15,15,15,15,15,15,15,15,15
200326,1,1,1997,15,15,15,15,15,15,15,15,15,15
200327,1,1,1997,0,0,0,0,0,0,0,0,0,0
200327,2,1,1997,0,0,0,0,0,0,0,0,0,0
200328,1,1,1997,0,0,0,0,11,0,0,0,18,0
200329,1,1,1997,0,0,0,0,0,0,0,0,0,0
200329,2,1,1997,0,0,0,0,0,0,0,0,0,0
200330,1,1,1997,17,17,17,17,17,17,17,17,17,17
200331,1,1,1997,0,0,0,0,0,0,0,0,0,0
200331,2,1,1997,0,0,0,0,0,0,0,0,0,0
200332,1,1,1997,0,0,0,0,0,0,0,0,0,0
200332,2,1,1997,0,0,0,0,0,0,0,0,0,0
200333,1,1,1997,23,23,23,23,23,23,23,23,23,23
200334,1,4,1997,0,0,0,4,7,0,0,0,0,0
200336,1,1,1997,0,0,0,0,0,0,0,22,0,0
200336,2,1,1997,0,0,0,0,0,0,0,0,0,0
200337,1,1,1997,13,13,13,13,13,13,13,13,13,13
200338,1,1,1997,0,0,0,0,0,0,0,0,0,0
200340,1,1,1997,0,0,0,0,0,0,0,0,17,0
200340,2,1,1997,0,0,0,0,0,0,0,0,0,0
200341,1,1,1997,0,0,0,0,0,0,0,0,0,0
200342,1,1,1997,0,0,0,0,0,0,0,0,0,0
200342,2,1,1997,0,0,0,0,0,0,0,0,0,0
200343,1,1,1997,0,0,0,0,0,0,0,0,0,0
200343,2,1,1997,0,0,0,0,0,0,0,0,0,0
200343,3,1,1997,0,0,0,0,0,0,0,0,0,0
200344,0,1,1997,0,0,0,0,0,0,0,0,0,0
200344,1,1,1997,0,0,0,0,0,0,0,0,0,0
200345,1,1,1997,0,0,0,0,0,0,0,0,0,0
200346,1,1,1997,24,24,24,24,24,24,24,24,24,24
200347,1,1,1997,0,0,0,0,0,0,0,0,0,0
200347,2,1,1997,8,8,8,8,8,8,8,8,8,8
200348,1,1,1997,0,0,0,0,0,0,0,0,0,0
200348,2,1,1997,0,0,0,0,0,0,0,0,0,0
200349,1,1,1997,0,0,0,0,0,0,0,0,0,0
200349,2,1,1997,0,0,0,0,0,0,0,0,0,0
200349,3,1,1997,0,0,0,0,0,0,0,0,0,0
200350,1,1,1997,0,0,0,0,11,0,0,0,0,0
200351,1,1,1997,0,0,0,0,0,0,0,0,0,0
200352,1,2,1997,0,0,0,0,0,0,0,0,0,0
200353,0,1,1997,20,20,20,20,20,20,20,20,20,20
200353,1,1,1997,0,0,0,0,0,0,0,0,0,0
200355,0,1,1997,0,0,0,0,0,0,0,0,0,0
200355,1,1,1997,0,0,0,0,0,0,0,0,0,0
200356,1,1,1997,0,0,0,0,0,0,0,0,0,0
200356,2,1,1997,0,0,0,0,0,0,0,0,0,0
200357,1,1,1997,17,17,17,17,17,17,17,17,17,17
200358,1,1,1997,0,0,0,0,0,0,0,0,0,0
200358,2,1,1997,0,0,0,0,0,0,0,0,0,0
200358,3,1,1997,0,0,0,12,0,0,11,0,0,0
200359,1,1,1997,25,25,25,25,25,25,25,25,25,25
200359,2,1,1997,0,0,0,0,0,0,0,0,0,0
200360,1,1,1997,20,21,0,0,0,22,13,0,0,0
200361,1,1,1997,0,0,0,0,0,0,0,0,0,0
200362,1,1,1997,16,16,16,16,16,16,16,16,16,16
200363,1,1,1997,0,0,0,0,0,0,0,0,0,0
200363,2,1,1997,0,0,0,0,0,0,0,0,0,15
200364,1,1,1997,0,0,0,0,0,0,0,0,0,0
200364,2,1,1997,0,0,0,22,0,0,0,0,0,0
200365,1,1,1997,0,0,0,0,0,0,0,0,0,0
200366,1,1,1997,0,0,0,0,0,0,0,21,0,0
200367,1,1,1997,10,10,10,10,10,10,10,10,10,10
200368,1,1,1997,0,0,0,0,0,0,0,0,0,0
200368,2,1,1997,0,0,0,0,0,0,0,0,0,0
200369,1,1,1997,0,0,0,0,0,0,0,0,0,0
200369,2,1,1997,0,0,0,0,0,0,0,0,0,0
200370,1,1,1997,0,0,0,0,0,0,0,0,0,0
200371,1,1,1997,0,0,0,8,0,0,0,0,0,0
200371,2,1,1997,0,0,0,0,0,0,0,0,0,0
200372,0,1,1997,0,0,0,0,0,0,0,0,0,0
200372,1,1,1997,0,0,0,0,0,0,0,0,0,0
200373,1,1,1997,0,0,0,0,0,0,0,0,0,0
200373,2,1,1997,0,0,0,0,0,0,0,0,0,0
200374,1,1,1997,0,0,0,0,0,0,0,0,0,0
200374,2,1,1997,0,0,0,0,0,0,0,0,0,0
200375,1,1,1997,0,15,10,5,15,8,10,18,27,17
200376,1,1,1997,0,0,0,0,0,0,0,0,0,0
200376,2,1,1997,26,26,26,26,26,26,26,26,26,26
200377,1,1,1997,0,0,0,0,0,0,0,0,0,0
200378,1,1,1997,0,0,0,0,0,0,0,0,0,0
200379,1,1,1997,0,0,0,0,0,0,0,0,0,0
200379,2,1,1997,0,0,0,0,0,0,0,0,0,0
200380,1,1,1997,0,0,0,0,0,0,0,11,0,0
200380,2,1,1997,15,15,15,15,15,15,15,15,15,15
200381,1,1,1997,0,0,0,0,0,0,0,0,0,0
200381,2,1,1997,0,0,0,0,0,0,0,0,0,0
200382,1,1,1997,0,0,0,0,0,0,0,0,0,0
200382,2,1,1997,0,0,0,0,0,0,15,0,0,11
200383,1,1,1997,0,0,0,0,0,0,0,0,0,0
200383,2,1,1997,0,0,0,0,0,0,0,0,0,0
200383,3,1,1997,0,0,0,0,0,0,0,0,0,0
200384,1,1,1997,22,0,0,0,0,25,0,0,0,0
200385,1,1,1997,0,0,0,0,0,16,0,0,0,0
200385,2,1,1997,0,0,0,0,0,0,0,0,0,0
200386,1,1,1997,0,0,0,0,0,0,0,0,0,0
200387,1,1,1997,0,0,0,0,0,0,0,0,0,0
200388,1,1,1997,0,0,0,0,0,0,0,0,0,0
200388,2,1,1997,0,0,0,0,0,0,0,0,0,0
200389,1,1,1997,21,21,21,21,21,21,21,21,21,21
200390,1,1,1997,0,0,0,0,0,0,0,0,0,0
200390,2,1,1997,0,0,0,0,0,0,0,0,0,0
200391,1,1,1997,0,0,0,0,0,0,0,0,0,0
200391,2,1,1997,0,15,0,0,0,0,0,0,0,0
200392,1,1,1997,33,33,33,33,33,33,33,33,33,33
200392,2,1,1997,0,0,0,0,0,0,0,0,0,0
200392,3,1,1997,0,0,0,0,0,0,0,0,0,0
200393,1,1,1997,0,0,0,0,0,0,0,0,0,0
200394,1,1,1997,0,0,0,0,0,0,0,0,0,0
200395,1,1,1997,0,0,8,0,0,0,0,0,0,0
200395,2,1,1997,0,0,0,0,0,0,0,0,0,0
200396,1,1,1997,24,24,24,24,24,24,24,24,24,24
200397,1,1,1997,23,0,0,0,0,0,0,0,0,0
200398,1,1,1997,0,0,0,0,10,0,0,0,0,0
200398,2,1,1997,0,0,0,0,0,0,0,0,0,0
200399,1,1,1997,0,0,0,0,0,0,0,0,0,0
200399,2,1,1997,0,0,0,0,0,0,0,0,0,0
200400,0,1,1997,0,0,0,0,0,0,0,0,0,0
200400,1,1,1997,0,0,0,0,0,0,0,0,0,0
200401,1,1,1997,0,0,0,0,0,0,0,0,0,0
200401,2,1,1997,0,0,0,0,0,0,0,0,0,0
200401,3,1,1997,0,0,0,0,0,0,0,0,0,0
200402,1,1,1997,0,0,0,0,0,0,0,0,0,0
200402,2,1,1997,0,0,0,0,0,0,0,0,0,0
200403,1,1,1997,26,26,26,26,26,26,26,26,26,26
200403,2,1,1997,0,0,0,0,0,0,0,0,0,0
200404,1,1,1997,0,0,0,0,0,0,0,0,0,0
200404,2,1,1997,0,0,0,0,0,0,0,0,0,0
200405,1,1,1997,0,0,0,0,0,0,0,0,0,0
200405,2,1,1997,0,0,0,0,0,0,0,0,0,0