ST_CASE,VEH_NO,PER_NO,YEAR,P1,P2,P3,P4,P5,P6,P7,P8,P9,P10
200406,1,1,1997,0,0,0,0,0,0,0,0,0,0
200406,2,1,1997,0,0,0,0,0,17,0,0,0,0
200407,1,1,1997,0,0,0,0,6,0,0,0,0,0
200407,2,1,1997,0,16,0,0,0,0,0,0,0,0
200408,1,1,1997,0,0,0,0,0,0,0,0,0,0
200408,2,1,1997,0,0,0,0,0,0,0,0,0,0
200409,1,1,1997,20,20,20,20,20,20,20,20,20,20
200409,2,1,1997,0,0,0,0,0,0,0,0,0,0
200410,1,1,1997,17,17,17,17,17,17,17,17,17,17
200411,0,1,1997,14,14,14,14,14,14,14,14,14,14
200411,1,1,1997,21,21,21,21,21,21,21,21,21,21
200412,1,1,1997,0,0,0,0,0,0,0,0,0,0
200412,2,1,1997,0,0,0,0,0,0,0,0,0,0
200412,3,1,1997,0,0,0,0,0,0,0,0,0,0
200413,0,1,1997,0,0,0,0,0,0,0,0,0,0
200413,1,1,1997,15,15,15,15,15,15,15,15,15,15
200414,1,1,1997,0,0,0,0,15,0,0,23,0,0
200415,1,1,1997,19,19,19,19,19,19,19,19,19,19
200416,1,1,1997,0,0,0,0,0,0,0,0,0,0
200416,2,1,1997,0,0,0,0,0,0,0,0,0,0
200417,0,1,1997,0,0,0,0,0,0,0,0,0,0
200417,1,1,1997,0,0,0,0,0,0,0,0,0,0
200418,1,1,1997,0,13,0,0,0,0,0,0,0,0
200419,1,1,1997,0,0,0,0,0,0,0,0,0,0
200419,2,1,1997,0,0,0,0,0,0,0,0,0,0
200420,1,1,1997,15,15,15,15,15,15,15,15,15,15
200421,1,1,1997,0,0,0,0,0,0,0,0,0,0
200421,2,1,1997,23,25,12,13,15,18,13,16,20,15
200422,1,1,1997,23,23,23,23,23,23,23,23,23,23
200423,0,1,1997,0,0,0,0,0,0,0,0,0,0
200423,1,1,1997,0,0,0,0,0,0,0,0,0,0
200424,1,1,1997,40,40,40,40,40,40,40,40,40,40
200425,0,1,1997,0,0,0,0,0,0,0,5,0,0
200425,1,1,1997,0,0,0,0,0,0,0,0,0,0
200426,1,1,1997,36,36,36,36,36,36,36,36,36,36
200427,1,1,1997,0,0,0,0,0,17,0,0,0,0
200427,2,1,1997,0,0,0,0,0,0,0,0,0,0
200428,1,1,1997,6,6,6,6,6,6,6,6,6,6
200429,0,1,1997,16,16,16,16,16,16,16,16,16,16
200429,1,1,1997,0,0,0,0,0,0,0,0,0,0
200430,1,1,1997,0,0,0,0,0,0,0,0,0,0
200431,1,1,1997,0,0,0,0,0,0,0,0,0,0
200431,2,1,1997,0,0,0,0,0,0,0,0,0,0
200432,1,1,1997,0,0,0,9,0,0,0,0,18,0
200432,2,1,1997,0,0,0,0,0,0,0,0,0,0
200433,1,1,1997,0,0,0,0,0,0,0,0,0,0
200433,2,1,1997,0,0,0,0,0,0,0,0,0,0
210001,1,1,1997,7,7,7,7,7,7,7,7,7,7
210001,2,1,1997,0,0,0,0,0,0,0,0,0,0
210002,1,1,1997,0,0,0,0,0,0,0,0,0,0
210002,2,1,1997,0,0,0,0,0,0,0,0,0,0
210003,1,1,1997,0,0,0,0,0,0,0,0,0,0
210003,2,1,1997,0,0,0,0,0,0,0,0,0,0
210004,1,1,1997,0,0,0,0,0,0,0,0,0,0
210004,2,1,1997,0,0,0,0,0,0,0,0,0,0
210005,1,1,1997,0,0,0,0,0,0,0,0,0,0
210006,1,1,1997,0,0,0,0,0,0,0,0,0,0
210007,1,1,1997,4,4,4,4,4,4,4,4,4,4
210008,1,1,1997,0,0,0,0,0,0,0,0,0,0
210009,1,1,1997,0,0,0,0,0,0,0,0,0,0
210010,1,1,1997,0,0,0,0,0,0,0,0,0,0
210011,1,1,1997,0,0,0,0,0,0,0,0,0,0
210012,1,1,1997,28,0,0,0,0,0,17,0,0,0
210013,1,1,1997,0,0,0,0,0,21,31,0,0,0
210014,1,1,1997,0,0,0,0,0,0,0,0,0,0
210015,1,1,1997,0,0,0,0,0,0,0,0,0,0
210016,1,1,1997,0,0,0,0,0,0,0,0,0,0
210017,1,1,1997,9,4,11,17,17,26,15,17,12,24
210018,1,1,1997,23,23,23,23,23,23,23,23,23,23
210019,1,1,1997,0,0,0,0,0,0,0,0,0,0
210020,1,1,1997,0,0,0,0,0,0,0,0,0,0
210021,1,1,1997,0,0,0,0,0,0,0,0,0,0
210021,2,1,1997,0,0,0,0,0,0,0,0,0,0
210022,0,1,1997,0,0,0,0,0,0,0,0,0,0
210022,1,1,1997,0,0,0,0,12,0,0,0,0,0
210023,1,1,1997,0,0,0,0,0,0,0,0,0,0
210024,0,1,1997,0,0,0,0,0,0,9,0,0,0
210024,1,1,1997,0,0,0,0,0,0,0,0,0,0
210025,1,1,1997,0,0,0,0,0,0,0,0,0,0
210025,2,1,1997,0,0,0,0,0,0,0,0,18,0
210026,1,1,1997,0,0,0,0,0,0,0,0,0,0
210026,2,1,1997,0,0,0,0,0,0,0,0,0,0
210026,3,1,1997,0,0,0,0,0,0,0,0,0,0
210027,1,1,1997,0,0,0,0,0,0,0,0,0,0
210027,2,1,1997,10,15,0,0,0,0,0,0,0,0
210028,1,1,1997,0,0,0,0,0,0,0,0,0,0
210028,2,1,1997,0,0,0,0,0,0,0,0,0,0
210029,1,1,1997,0,0,0,0,0,0,0,0,0,0
210029,2,1,1997,0,0,0,0,0,0,0,0,0,0
210030,1,1,1997,22,22,22,22,22,22,22,22,22,22
210030,2,1,1997,0,0,0,0,0,0,0,0,0,0
210031,1,1,1997,0,0,0,0,0,0,0,0,0,0
210031,2,1,1997,8,8,8,8,8,8,8,8,8,8
210032,1,1,1997,13,13,13,13,13,13,13,13,13,13
210032,2,1,1997,0,0,0,0,0,0,0,0,0,0
210033,1,1,1997,0,0,0,0,0,0,0,0,0,0
210033,2,1,1997,0,0,0,0,0,0,0,0,0,0
210034,1,1,1997,0,0,0,0,0,0,0,0,0,0
210034,2,1,1997,0,0,0,0,0,0,0,0,0,0
210035,1,1,1997,0,0,0,0,0,0,0,0,0,0
210035,2,1,1997,0,0,0,0,0,0,0,0,0,0
210036,1,1,1997,15,5,17,20,13,0,10,16,13,28
210036,2,1,1997,0,12,11,13,17,15,39,23,13,10
210037,1,1,1997,0,0,0,0,0,0,0,0,0,21
210037,2,1,1997,0,0,0,0,0,0,0,0,0,0
210038,0,1,1997,0,0,0,0,0,0,0,0,0,0
210038,1,1,1997,0,0,0,0,0,0,0,0,0,0
210039,1,1,1997,0,0,0,0,0,0,0,0,0,0
210040,0,1,1997,0,0,0,11,0,0,0,0,0,0
210040,1,1,1997,0,0,0,0,0,0,0,0,0,0
210041,1,1,1997,0,0,0,0,0,0,0,0,0,0
210042,1,1,1997,28,28,28,28,28,28,28,28,28,28
210043,1,1,1997,21,21,21,21,21,21,21,21,21,21
210044,1,1,1997,0,0,0,0,0,0,0,0,0,0
210044,2,1,1997,0,0,0,0,0,0,0,0,0,0
210045,1,1,1997,0,0,0,0,0,0,0,0,0,0
210045,2,1,1997,0,0,0,0,0,0,0,0,0,0
210046,1,1,1997,18,18,18,18,18,18,18,18,18,18
210047,1,1,1997,0,0,0,0,0,0,0,0,0,0
210048,1,1,1997,0,0,0,0,0,0,0,0,0,0
210049,1,1,1997,0,0,0,0,0,0,0,0,0,0
210050,1,1,1997,19,19,19,19,19,19,19,19,19,19
210051,1,1,1997,0,0,0,0,0,0,0,0,0,0
210051,2,1,1997,0,0,0,0,0,0,0,0,0,0
210052,1,1,1997,7,7,7,7,7,7,7,7,7,7
210052,2,1,1997,0,0,0,0,0,0,0,0,0,0
210053,1,1,1997,0,0,0,0,0,0,0,22,0,4
210054,1,1,1997,0,0,0,0,0,0,0,0,0,0
210054,2,1,1997,21,21,21,21,21,21,21,21,21,21
210055,0,1,1997,0,0,0,0,0,0,0,0,0,0
210055,1,1,1997,0,0,0,0,0,0,0,14,0,0
210056,1,1,1997,0,0,0,0,0,0,0,0,0,0
210056,2,1,1997,0,0,0,0,0,0,0,0,0,0
210057,1,1,1997,0,0,0,0,0,0,0,0,0,0
210057,2,1,1997,0,0,0,0,0,0,0,0,0,0
210058,0,1,1997,0,0,0,0,0,0,0,0,0,0
210058,1,1,1997,0,0,0,0,0,0,0,0,0,0
210059,0,1,1997,0,0,0,0,0,0,0,0,0,0
210059,1,1,1997,0,0,0,0,0,0,0,0,0,0
210060,1,1,1997,0,4,0,9,0,0,0,0,16,0
210061,1,1,1997,1,1,1,1,1,1,1,1,1,1
210062,1,1,1997,0,0,0,0,0,0,0,0,0,0
210062,2,1,1997,0,0,0,0,0,0,0,0,0,0
210063,1,1,1997,0,0,0,0,0,0,0,0,0,0
210063,2,1,1997,0,0,0,0,0,0,0,0,0,0
210064,1,1,1997,0,0,0,0,0,0,0,0,0,0
210065,1,1,1997,15,15,15,15,15,15,15,15,15,15
210065,2,1,1997,0,0,0,0,0,0,0,0,0,0
210066,1,1,1997,0,0,0,0,0,0,0,0,0,0
210066,2,1,1997,0,0,0,0,0,0,0,0,0,0
210067,1,1,1997,11,11,11,11,11,11,11,11,11,11
210068,1,1,1997,0,0,0,0,0,0,0,0,0,0
210069,1,1,1997,0,0,0,0,0,0,0,0,0,0
210069,2,1,1997,0,0,0,0,0,0,0,0,0,0
210070,1,1,1997,0,0,0,0,0,0,0,0,0,0
210070,2,1,1997,0,0,0,0,0,0,0,0,0,0
210071,1,1,1997,0,0,0,0,0,0,0,0,0,0
210072,1,1,1997,13,13,13,13,13,13,13,13,13,13
210073,1,1,1997,0,0,0,0,0,0,0,0,0,0
210073,2,1,1997,0,0,0,0,0,0,0,0,0,0
210074,1,1,1997,0,0,0,0,0,0,0,0,0,0
210074,2,1,1997,0,0,0,0,0,0,0,0,0,0
210075,1,1,1997,15,0,0,26,0,11,8,0,0,0
210076,1,1,1997,0,0,0,0,0,0,0,0,0,0
210076,2,1,1997,0,0,0,0,0,0,11,0,0,0
210077,1,1,1997,0,0,0,0,0,0,0,0,0,0
210077,2,1,1997,0,0,0,0,0,0,0,0,0,0
210078,1,1,1997,26,26,26,26,26,26,26,26,26,26
210078,2,1,1997,4,0,0,0,0,0,0,0,17,0
210079,1,1,1997,0,0,0,0,0,19,0,0,0,0
210079,2,1,1997,0,0,0,0,0,0,0,0,0,0
210080,1,1,1997,9,9,9,9,9,9,9,9,9,9
210081,1,1,1997,22,22,22,22,22,22,22,22,22,22
210082,1,1,1997,0,0,0,0,0,0,0,0,0,0
210082,2,1,1997,0,0,0,0,0,0,0,0,0,0
210083,0,1,1997,23,23,23,23,23,23,23,23,23,23
210083,1,1,1997,0,0,0,0,0,0,0,0,0,0
210084,1,1,1997,0,0,0,0,0,0,0,0,0,0
210085,1,1,1997,12,12,12,12,12,12,12,12,12,12
210086,1,1,1997,3,3,3,3,3,3,3,3,3,3
210087,1,1,1997,0,0,0,0,0,0,0,0,0,0
210087,2,1,1997,0,0,0,0,0,0,0,0,0,0
210088,1,1,1997,0,0,0,0,0,0,0,0,0,0
210088,2,1,1997,0,0,0,0,0,0,0,0,0,0
210089,1,1,1997,0,0,0,0,0,0,0,0,0,0
210089,2,1,1997,0,0,0,0,0,0,0,0,0,0
210089,3,1,1997,0,0,0,0,0,0,0,0,0,0
210090,1,1,1997,0,0,0,0,0,0,0,0,0,0
210090,2,1,1997,0,0,0,0,0,0,0,0,0,0
210091,1,1,1997,0,0,0,0,0,0,0,0,0,0
210091,2,1,1997,0,0,0,0,0,0,0,0,0,0
210092,1,1,1997,0,0,0,0,0,0,0,0,0,0
210092,2,1,1997,0,0,0,0,0,0,0,0,0,0
210093,1,1,1997,0,0,0,0,0,10,0,0,0,0
210093,2,1,1997,0,0,0,0,0,0,0,0,0,0
210094,1,1,1997,0,0,0,0,0,0,0,0,0,0
210095,1,1,1997,0,0,0,0,0,0,0,0,0,0
210095,2,1,1997,0,0,0,0,0,0,0,0,0,0
210096,1,1,1997,0,0,0,0,0,0,0,0,0,0
210097,1,1,1997,0,0,0,0,0,0,0,0,0,0
210097,2,1,1997,0,0,0,0,0,0,0,0,0,15
210097,3,1,1997,0,0,0,0,0,0,0,0,0,0
210098,1,1,1997,37,37,37,37,37,37,37,37,37,37
210099,1,1,1997,26,15,24,16,17,10,24,0,4,0
210100,1,1,1997,12,12,12,12,12,12,12,12,12,12
210101,1,1,1997,27,27,27,27,27,27,27,27,27,27
210102,1,1,1997,0,0,0,0,0,0,0,0,0,0
210102,2,1,1997,0,0,0,0,0,0,0,0,0,0
210103,1,1,1997,10,10,10,10,10,10,10,10,10,10
210103,2,1,1997,0,0,0,0,0,0,0,0,0,0
210103,3,1,1997,0,0,0,0,0,0,0,0,0,0
210104,1,1,1997,0,0,0,0,0,0,0,0,0,0
210105,1,1,1997,0,0,0,0,0,0,0,0,0,0
210106,1,1,1997,0,0,0,0,0,0,7,0,0,0
210106,2,1,1997,0,0,0,0,0,0,0,0,0,0
210107,1,1,1997,0,0,0,0,0,0,0,0,0,0
210107,2,1,1997,0,0,0,0,0,0,0,0,0,0
210108,1,1,1997,0,0,0,0,0,0,0,0,0,0
210109,1,1,1997,24,24,24,24,24,24,24,24,24,24
210110,1,1,1997,0,0,0,0,0,0,0,0,0,0
210110,2,1,1997,0,0,0,0,0,0,0,0,0,0
210111,1,1,1997,27,27,27,27,27,27,27,27,27,27
210111,2,1,1997,0,0,0,12,0,0,0,0,0,0
210112,1,1,1997,0,0,0,0,0,0,0,0,0,0
210112,2,1,1997,0,0,0,0,0,0,0,0,0,0
210113,1,1,1997,0,0,0,0,0,0,0,0,0,0
210114,1,1,1997,0,0,0,0,0,0,0,0,0,0
210114,2,1,1997,0,0,0,0,0,0,0,0,0,0
210115,1,1,1997,0,17,0,0,0,0,0,0,0,22
210115,2,1,1997,0,0,0,0,0,0,0,0,0,0
210116,1,1,1997,26,25,16,24,19,6,24,10,20,9
210116,2,1,1997,11,6,18,10,16,8,14,2,9,28
210117,1,1,1997,0,0,0,0,0,0,0,0,0,0
210118,1,1,1997,0,0,0,0,0,0,0,0,0,0
210118,2,1,1997,0,0,0,0,0,0,16,0,0,0
210119,1,1,1997,19,19,19,19,19,19,19,19,19,19
210119,2,1,1997,0,0,0,0,0,0,0,0,0,0
210120,0,1,1997,0,0,0,0,0,0,0,0,0,0
210120,1,1,1997,0,0,0,0,0,0,0,0,0,0
210121,1,1,1997,0,0,0,0,0,0,0,0,0,0
210122,1,1,1997,22,22,22,22,22,22,22,22,22,22
210123,1,1,1997,0,37,0,0,0,0,0,0,0,0
210124,1,1,1997,0,0,0,0,0,0,0,0,0,14
210125,1,1,1997,0,0,0,0,0,0,0,0,0,0
210126,1,1,1997,0,0,0,0,0,0,0,0,0,0
210127,1,1,1997,0,0,0,0,0,0,0,0,0,0
210127,2,1,1997,0,0,0,0,0,0,0,0,0,0
210128,1,1,1997,0,0,0,0,0,0,0,0,0,0
210128,2,1,1997,0,0,0,0,0,0,0,0,0,0
210128,3,1,1997,0,0,0,0,0,0,6,0,0,0
210129,1,1,1997,0,0,0,0,0,0,0,0,0,0
210129,2,1,1997,0,0,0,0,0,0,0,0,0,0
210130,1,1,1997,0,0,0,0,0,0,0,0,0,0
210130,2,1,1997,0,0,0,0,0,0,0,0,0,0
210131,1,1,1997,0,0,0,0,0,0,0,0,0,0
210131,2,1,1997,0,0,0,0,0,0,0,0,0,0
210132,0,1,1997,0,0,0,0,0,0,0,0,0,0
210132,1,1,1997,0,0,0,0,0,0,0,0,0,0
210133,1,1,1997,0,0,0,0,0,0,0,0,0,0
210134,1,1,1997,28,28,28,28,28,28,28,28,28,28
210135,1,1,1997,0,0,0,0,0,0,0,0,0,23
210136,0,1,1997,0,0,0,0,0,0,0,0,0,0
210136,1,1,1997,0,0,0,0,0,0,0,0,0,0
210137,1,1,1997,0,0,0,0,0,0,0,0,0,0
210137,2,1,1997,0,0,0,0,0,0,0,0,0,0
210138,1,1,1997,0,0,0,0,0,0,0,0,0,0
210138,2,1,1997,0,0,0,0,0,0,0,0,0,0
210139,1,1,1997,0,0,0,0,0,0,0,0,0,0
210140,1,1,1997,0,0,0,0,0,0,0,0,0,0
210140,2,1,1997,0,0,0,0,0,0,0,0,0,0
210141,0,1,1997,0,0,0,0,0,0,0,0,0,0
210141,1,1,1997,0,0,0,0,0,0,0,0,0,0
210142,1,1,1997,0,0,0,0,0,0,0,0,0,0
210142,2,1,1997,0,0,0,0,0,0,0,0,0,0
210142,3,1,1997,0,0,0,0,0,0,0,0,0,0
210143,1,1,1997,31,12,3,17,33,0,30,17,26,18
210144,1,1,1997,0,0,0,0,0,0,0,0,0,0
210144,2,1,1997,0,0,0,0,0,0,0,0,0,0
210145,1,1,1997,25,25,25,25,25,25,25,25,25,25
210146,1,1,1997,0,0,13,0,0,0,0,0,0,0
210147,0,1,1997,0,0,0,0,0,0,0,0,0,0
210147,1,1,1997,0,0,0,0,0,0,0,0,0,0
210148,0,1,1997,0,0,0,0,0,0,0,0,0,0
210148,1,1,1997,0,0,0,0,0,0,0,0,0,0
210149,1,1,1997,0,0,0,0,0,0,0,0,0,0
210150,1,1,1997,8,8,8,8,8,8,8,8,8,8
210151,1,1,1997,7,0,0,0,0,0,0,0,0,0
210151,2,1,1997,0,0,0,0,0,0,0,0,0,0
210152,0,1,1997,0,0,0,36,31,0,0,26,11,0
210152,1,1,1997,0,0,0,0,0,0,0,0,0,0
210153,1,1,1997,4,4,4,4,4,4,4,4,4,4
210154,1,1,1997,0,0,0,0,0,0,0,0,0,0
210155,1,1,1997,0,0,0,0,0,0,0,0,0,0
210155,2,1,1997,0,0,0,0,0,0,0,0,0,0
210156,1,1,1997,0,0,0,0,0,0,0,0,0,0
210156,2,1,1997,0,0,0,0,0,0,2,0,0,0
210156,3,1,1997,0,0,0,0,0,0,0,0,0,0
210157,1,1,1997,0,0,0,0,10,0,0,0,0,24
210158,1,1,1997,0,0,0,0,0,0,0,0,0,0
210158,2,1,1997,0,0,13,0,0,0,0,0,0,0
210159,1,1,1997,0,0,0,0,0,0,0,0,0,0
210160,1,1,1997,0,0,0,0,0,0,0,0,0,0
210160,2,1,1997,0,0,0,0,0,0,0,0,0,0
210161,1,1,1997,30,30,30,30,30,30,30,30,30,30
210162,1,1,1997,26,26,26,26,26,26,26,26,26,26
210163,1,1,1997,0,0,0,0,0,0,0,0,0,0
210164,1,1,1997,0,0,0,0,0,0,0,0,0,0
210165,1,1,1997,0,0,0,0,0,0,0,0,0,22
210165,2,1,1997,0,0,0,0,0,0,0,0,0,0
210166,1,1,1997,13,13,13,13,13,13,13,13,13,13
210167,0,1,1997,0,0,0,0,0,0,0,0,0,0
210167,1,1,1997,0,0,0,0,0,0,0,0,0,0
210168,1,1,1997,0,0,0,0,0,0,0,0,0,0
210168,2,1,1997,0,0,0,0,0,0,0,0,0,0
210169,1,1,1997,17,17,17,17,17,17,17,17,17,17
210170,1,1,1997,0,0,0,0,0,0,0,0,0,0
210170,2,1,1997,0,0,0,0,0,0,0,0,0,0
210171,1,1,1997,0,0,0,0,0,0,0,0,0,0
210171,2,1,1997,0,0,0,0,0,0,0,0,0,0
210172,1,1,1997,0,0,0,0,0,0,19,0,0,0
210173,1,1,1997,0,0,0,0,0,0,0,0,0,0
210173,2,1,1997,0,0,0,0,0,0,0,0,0,0
210174,1,1,1997,13,13,13,13,13,13,13,13,13,13
210174,2,1,1997,0,0,0,0,0,0,0,0,0,0
210175,1,1,1997,22,22,22,22,22,22,22,22,22,22
210175,2,1,1997,1,1,1,1,1,1,1,1,1,1
210176,1,1,1997,0,0,0,0,0,0,0,0,0,0
210176,2,1,1997,0,0,0,0,0,0,17,0,0,0
210178,0,1,1997,0,0,0,0,0,0,0,0,0,0
210178,1,1,1997,0,0,0,0,0,0,0,0,0,0
210179,1,1,1997,0,0,0,0,0,0,0,0,0,0
210180,1,1,1997,19,19,19,19,19,19,19,19,19,19
210180,2,1,1997,0,8,0,0,0,0,0,0,0,20
210181,1,1,1997,0,0,0,0,0,0,0,0,0,0
210181,2,1,1997,0,0,0,0,0,0,0,0,0,0
210182,1,1,1997,19,19,19,19,19,19,19,19,19,19
210183,1,1,1997,0,0,0,0,0,0,0,0,0,10
210184,1,1,1997,21,21,21,21,21,21,21,21,21,21
210185,1,1,1997,0,0,0,0,0,0,0,0,0,0
210186,1,1,1997,0,0,0,0,0,0,0,0,0,0
210186,2,1,1997,0,0,0,0,0,27,0,0,0,0
210186,3,1,1997,0,0,0,0,0,0,0,0,0,0
210187,1,1,1997,0,0,0,0,0,0,0,0,0,0
210187,2,1,1997,0,0,0,0,0,0,0,0,0,8
210188,1,1,1997,23,23,23,23,23,23,23,23,23,23
210188,2,1,1997,0,0,0,0,0,0,0,0,0,0
210189,1,1,1997,0,0,0,0,0,0,0,0,0,0
210189,2,1,1997,0,0,0,0,0,0,0,0,0,0
210189,3,1,1997,0,0,0,0,0,0,0,0,0,0
210189,4,1,1997,0,0,0,0,0,0,0,0,0,0
210190,1,1,1997,16,16,16,16,16,16,16,16,16,16
210191,1,1,1997,0,0,0,0,0,18,0,0,0,0
210191,2,1,1997,0,0,0,0,0,0,0,0,0,0
210192,1,1,1997,0,0,0,0,0,0,0,0,0,0
210193,1,1,1997,34,34,34,34,34,34,34,34,34,34
210194,1,1,1997,0,0,0,0,0,0,0,0,0,0
210194,2,1,1997,25,25,25,25,25,25,25,25,25,25
210195,1,1,1997,0,0,0,0,0,0,0,0,0,0
210196,1,1,1997,0,0,0,0,0,0,0,0,0,0
210197,1,1,1997,0,0,0,0,0,0,0,0,0,0
210197,2,1,1997,0,0,0,0,0,0,0,0,0,0
210198,1,1,1997,0,0,0,0,21,0,0,0,0,0
210198,2,1,1997,0,0,0,6,0,0,0,0,0,0
210199,1,1,1997,20,20,20,20,20,20,20,20,20,20
210199,2,1,1997,0,0,0,0,0,0,0,0,0,0
210200,1,1,1997,0,0,0,0,0,0,0,0,0,0
210200,2,1,1997,0,0,0,0,0,0,0,0,0,0
210201,1,1,1997,20,20,20,20,20,20,20,20,20,20
210202,1,1,1997,0,0,0,0,0,0,0,0,0,0
210202,2,1,1997,0,0,0,0,0,0,0,0,0,0
210204,0,1,1997,0,31,28,0,32,3,13,10,0,5
210204,1,1,1997,0,0,0,0,0,0,0,0,0,0
210205,1,1,1997,9,23,34,9,6,4,28,10,16,13
210206,1,1,1997,0,0,0,0,10,0,0,0,21,0
210206,2,1,1997,0,0,0,0,0,0,0,0,0,0
210207,1,1,1997,0,0,0,0,0,0,0,0,0,0
210207,2,1,1997,0,0,0,0,0,0,0,0,0,0
210208,1,1,1997,20,20,20,20,20,20,20,20,20,20
210209,1,1,1997,0,0,0,0,0,0,0,0,0,0
210210,1,1,1997,16,16,16,16,16,16,16,16,16,16
210211,1,1,1997,17,17,17,17,17,17,17,17,17,17
210212,1,1,1997,20,20,20,20,20,20,20,20,20,20
210213,1,1,1997,0,0,0,0,0,0,0,0,0,0
210214,0,1,1997,0,0,0,0,0,0,0,0,0,0
210214,1,1,1997,0,0,0,0,0,0,0,0,0,0
210215,1,1,1997,7,18,27,22,13,14,5,14,11,24
210215,2,1,1997,0,0,0,0,0,0,0,0,0,0
210216,1,1,1997,23,25,16,18,15,8,26,4,20,9
210216,2,1,1997,0,0,0,0,0,0,0,0,0,0
210217,1,1,1997,5,0,0,0,0,0,0,0,0,0
210217,2,1,1997,0,0,0,0,0,0,0,0,0,0
210218,1,1,1997,0,0,0,0,0,0,0,0,0,0
210218,2,1,1997,0,0,0,0,0,0,0,0,0,0
210219,1,1,1997,0,0,0,0,0,0,0,0,0,0
210219,2,1,1997,0,0,0,0,0,0,0,0,0,0
210220,1,1,1997,0,0,0,0,0,0,0,0,0,0
210221,0,1,1997,0,0,0,0,0,0,0,0,0,0
210221,1,1,1997,0,0,0,0,0,0,0,0,0,0
210222,1,1,1997,14,0,13,0,3,0,0,13,4,11
210223,1,1,1997,0,0,0,0,0,0,0,0,0,0
210223,2,1,1997,0,0,0,0,0,0,0,0,0,0
210224,1,1,1997,0,0,0,0,0,0,0,0,0,0
210224,2,1,1997,0,0,0,0,0,0,0,0,0,0
210225,1,1,1997,0,0,0,0,0,0,0,0,0,0
210225,2,1,1997,0,0,19,0,0,0,0,21,18,0
210226,1,1,1997,0,0,0,0,0,0,0,0,0,0
210227,1,1,1997,0,0,0,0,0,0,0,0,0,0
210227,2,1,1997,0,0,0,0,0,0,0,0,0,0
210228,1,1,1997,0,0,0,0,0,0,0,0,0,0
210228,2,1,1997,0,0,0,0,0,0,0,0,0,0
210228,3,1,1997,0,0,0,0,0,0,0,0,0,0
210229,1,1,1997,0,0,0,0,0,0,0,0,0,0
210229,2,1,1997,0,0,0,0,0,0,0,0,0,0
210230,1,1,1997,0,0,0,0,0,0,0,0,0,0
210231,0,1,1997,0,0,0,0,0,0,0,0,0,0
210231,1,1,1997,0,0,0,0,0,0,0,0,0,0
210232,1,1,1997,0,0,0,0,0,0,0,0,0,0
210232,2,1,1997,0,0,0,0,0,0,0,0,0,0
210233,1,1,1997,0,0,0,0,0,0,0,0,0,0
210233,2,1,1997,0,0,0,0,0,0,0,0,0,0
210234,1,1,1997,14,14,14,14,14,14,14,14,14,14
210234,2,1,1997,3,3,3,3,3,3,3,3,3,3
210236,0,1,1997,0,0,0,27,0,0,0,0,0,0
210237,0,1,1997,25,25,25,25,25,25,25,25,25,25
210237,1,1,1997,2,2,2,2,2,2,2,2,2,2
210238,1,1,1997,0,0,0,0,0,0,0,0,0,0
210238,2,1,1997,0,0,0,0,0,0,0,0,0,0
210239,1,1,1997,0,0,0,0,0,0,0,0,0,0
210239,2,1,1997,0,0,0,0,0,0,0,0,0,0
210239,3,1,1997,0,0,0,0,0,0,0,0,0,0
210240,1,1,1997,0,0,0,0,0,0,0,0,0,0
210240,2,1,1997,0,0,17,0,0,0,0,0,0,0
210241,1,1,1997,0,0,0,0,0,0,0,0,0,0
210242,1,1,1997,0,0,0,0,0,0,0,0,0,0
210243,1,1,1997,0,0,0,0,0,0,0,0,0,0
210244,1,1,1997,19,19,19,19,19,19,19,19,19,19
210244,2,1,1997,3,3,3,3,3,3,3,3,3,3
210245,1,1,1997,22,6,10,0,12,11,4,15,30,17
210245,2,1,1997,0,0,0,10,0,0,0,0,0,0
210246,1,1,1997,0,0,0,0,0,0,0,0,0,0
210247,1,1,1997,0,0,0,0,0,0,0,0,0,26
210247,2,1,1997,0,6,0,0,0,0,0,0,0,0
210248,1,1,1997,0,0,0,0,0,0,0,0,0,0
210249,1,1,1997,0,0,0,0,0,0,0,0,0,0
210249,2,1,1997,0,0,0,0,0,0,0,0,0,0
210250,0,1,1997,23,23,23,23,23,23,23,23,23,23
210250,1,1,1997,0,0,0,12,0,0,0,0,3,0
210251,1,1,1997,13,13,13,13,13,13,13,13,13,13
210252,1,1,1997,1,1,1,1,1,1,1,1,1,1
210252,2,1,1997,0,0,0,0,0,0,0,0,0,0
210253,1,1,1997,0,0,0,0,0,0,0,0,0,0
210254,1,1,1997,0,0,0,0,0,0,0,0,0,0
210255,1,1,1997,7,7,7,7,7,7,7,7,7,7
210256,1,1,1997,0,0,0,0,0,0,0,0,0,0
210257,1,1,1997,0,0,0,0,0,0,0,0,0,0
210257,2,1,1997,0,0,0,0,0,5,15,0,0,0
210258,1,1,1997,0,0,0,0,0,0,0,0,0,0
210258,2,1,1997,0,0,0,0,0,0,0,0,0,0
210259,1,1,1997,0,0,0,0,0,0,0,0,0,0
210259,2,1,1997,0,0,0,0,0,0,25,0,0,0
210260,0,1,1997,0,0,0,0,0,0,0,0,0,0