ST_CASE,VEH_NO,PER_NO,YEAR,P1,P2,P3,P4,P5,P6,P7,P8,P9,P10
210556,1,1,1997,0,0,0,0,0,0,0,0,0,0
210557,1,1,1997,22,0,0,0,0,0,0,0,0,0
210557,2,1,1997,0,0,0,0,0,0,0,0,0,0
210558,1,1,1997,13,13,13,13,13,13,13,13,13,13
210559,1,1,1997,0,0,0,0,0,0,0,0,0,10
210560,0,1,1997,0,0,0,0,0,0,0,0,0,0
210560,1,1,1997,0,0,0,0,0,0,0,0,0,0
210561,1,1,1997,0,0,0,0,0,0,0,0,0,0
210561,2,1,1997,0,0,0,0,0,0,0,0,0,0
210562,1,1,1997,0,0,0,0,0,0,0,0,0,0
210562,2,1,1997,0,0,7,0,0,0,19,0,0,0
210563,1,1,1997,0,0,0,0,0,0,0,0,0,12
210563,2,1,1997,0,0,0,0,0,0,0,0,0,0
210564,1,1,1997,0,0,0,0,0,0,0,0,0,0
210564,2,1,1997,0,0,0,0,0,0,0,0,0,0
210565,1,1,1997,0,0,0,0,0,0,0,0,0,0
210566,1,1,1997,30,30,30,30,30,30,30,30,30,30
210566,2,1,1997,0,0,0,0,0,0,0,0,0,0
210566,3,1,1997,0,0,0,0,0,0,0,0,0,0
210567,1,1,1997,0,0,0,0,0,0,0,0,0,0
210567,2,1,1997,0,0,0,0,0,0,0,0,0,0
210568,1,1,1997,0,0,0,0,0,0,0,0,0,0
210568,2,1,1997,0,0,0,0,0,0,0,0,0,0
210569,1,1,1997,28,28,28,28,28,28,28,28,28,28
210570,1,1,1997,0,0,0,0,0,0,0,0,0,0
210571,1,1,1997,0,0,0,0,0,0,0,0,0,0
210572,1,1,1997,27,27,27,27,27,27,27,27,27,27
210573,1,1,1997,0,0,0,0,0,0,0,0,0,0
210574,1,1,1997,0,26,0,0,0,0,0,14,19,0
210575,1,1,1997,28,28,28,28,28,28,28,28,28,28
210576,1,1,1997,0,0,0,0,0,0,0,0,0,0
210577,1,1,1997,21,21,21,21,21,21,21,21,21,21
210579,1,1,1997,26,0,0,0,0,0,0,20,0,0
210580,1,1,1997,11,0,0,0,0,0,0,0,15,0
210580,2,1,1997,13,13,13,13,13,13,13,13,13,13
210581,1,1,1997,0,0,0,0,0,0,0,0,0,0
210581,2,1,1997,0,0,0,0,0,0,0,0,0,0
210582,1,1,1997,0,0,0,0,0,0,0,0,0,0
210582,2,1,1997,0,0,0,0,0,0,0,0,0,0
210583,1,1,1997,25,25,25,25,25,25,25,25,25,25
210584,1,1,1997,21,0,0,0,0,0,0,0,0,0
210584,2,1,1997,0,0,0,0,0,0,0,0,9,0
210585,1,1,1997,0,24,0,10,0,0,0,0,0,0
210586,1,1,1997,0,0,0,0,0,0,0,0,0,0
210586,2,1,1997,0,0,0,0,0,0,0,9,0,0
210587,1,1,1997,17,0,24,0,0,0,0,0,0,0
210587,2,1,1997,0,0,0,0,0,0,0,0,0,0
210588,1,1,1997,0,0,0,0,0,0,0,0,0,0
210589,1,1,1997,0,0,0,0,0,0,0,0,0,0
210590,1,1,1997,0,0,0,0,0,0,0,0,0,0
210590,2,1,1997,0,0,0,0,0,0,0,0,0,0
210590,3,1,1997,0,0,0,0,0,0,0,0,0,0
210591,1,1,1997,2,12,21,7,10,0,0,0,27,0
210592,1,1,1997,0,0,0,0,0,0,0,0,0,0
210593,1,1,1997,0,0,0,0,0,0,0,0,0,0
210593,2,1,1997,0,0,0,0,0,0,0,0,0,0
210594,1,1,1997,13,13,13,13,13,13,13,13,13,13
210595,1,1,1997,0,0,0,0,0,0,0,0,0,0
210595,2,1,1997,0,0,0,0,0,0,0,0,0,0
210596,1,1,1997,0,0,0,0,0,0,0,0,0,0
210596,2,1,1997,0,0,0,0,0,0,0,0,0,0
210597,1,1,1997,0,0,0,0,47,0,0,0,0,0
210598,1,1,1997,0,0,0,0,0,0,0,0,0,0
210598,2,1,1997,0,0,0,0,0,0,0,0,0,0
210599,1,1,1997,0,0,0,0,0,0,0,0,0,0
210599,2,1,1997,0,0,0,0,0,0,0,0,0,0
210600,1,1,1997,0,0,0,0,0,0,0,0,0,0
210600,2,1,1997,0,0,0,0,0,0,10,0,8,0
210600,3,1,1997,0,0,0,0,0,0,0,0,0,0
210601,1,1,1997,0,0,0,0,0,0,0,0,0,0
210601,2,1,1997,0,0,0,0,0,0,0,0,0,0
210602,1,1,1997,28,28,28,28,28,28,28,28,28,28
210602,2,1,1997,0,0,0,0,0,0,0,0,0,0
210603,1,1,1997,0,0,0,0,0,0,0,0,0,0
210604,1,1,1997,0,0,0,0,0,0,0,0,0,0
210604,2,1,1997,0,0,0,0,0,0,0,0,0,0
210604,3,1,1997,0,0,0,0,0,0,0,0,0,0
210605,1,1,1997,13,13,13,13,13,13,13,13,13,13
210606,1,1,1997,0,0,0,0,0,0,0,0,0,0
210606,2,1,1997,0,0,0,0,0,0,0,0,0,0
210607,1,1,1997,18,18,18,18,18,18,18,18,18,18
210608,1,1,1997,0,0,0,0,0,0,0,0,0,0
210609,1,1,1997,0,0,0,0,0,0,0,11,0,0
210609,2,1,1997,0,0,0,0,0,0,0,0,0,0
210610,1,1,1997,0,0,0,0,19,0,0,15,0,0
210611,1,1,1997,22,22,22,22,22,22,22,22,22,22
210612,1,2,1997,29,19,23,12,0,0,36,26,0,5
210613,1,1,1997,0,0,16,0,0,0,0,0,0,0
210613,2,1,1997,0,0,0,0,0,0,0,0,0,0
210614,1,1,1997,17,11,0,0,10,0,0,12,0,0
210614,2,1,1997,0,0,0,0,0,0,0,0,0,5
210614,3,1,1997,4,0,0,28,0,0,6,0,14,0
210614,4,1,1997,0,0,0,0,0,0,0,0,0,0
210615,1,1,1997,0,0,0,0,0,0,0,0,0,0
210616,1,1,1997,0,0,0,0,0,0,0,0,0,0
210616,2,1,1997,0,0,0,0,0,0,0,0,0,0
210617,1,1,1997,0,0,0,0,0,0,0,8,0,12
210618,1,1,1997,13,6,0,0,0,0,0,12,0,0
210619,1,1,1997,12,12,12,12,12,12,12,12,12,12
210620,1,1,1997,0,0,0,0,0,0,0,0,0,0
210621,1,1,1997,0,0,0,0,0,0,0,0,0,0
210621,2,1,1997,0,0,0,0,0,0,0,0,0,0
210622,0,1,1997,0,0,0,0,0,0,14,17,0,0
210622,1,1,1997,0,0,0,0,0,0,0,0,0,0
210623,1,1,1997,0,0,0,0,0,0,0,0,0,0
210623,2,1,1997,0,0,0,0,0,0,0,0,0,0
210624,1,1,1997,0,0,0,0,0,0,0,0,0,0
210624,2,1,1997,0,0,0,0,0,0,0,0,0,22
210624,3,1,1997,0,0,0,0,0,0,0,0,0,0
210625,1,1,1997,0,0,0,0,0,0,0,0,0,0
210625,2,1,1997,0,0,0,0,0,0,0,0,0,0
210626,1,1,1997,19,19,19,19,19,19,19,19,19,19
210627,1,1,1997,0,0,0,0,0,0,0,0,0,0
210628,1,1,1997,0,0,0,0,0,0,11,0,0,0
210629,1,1,1997,0,0,0,0,0,0,0,0,0,0
210630,1,1,1997,0,0,0,0,0,0,0,0,0,0
210631,1,1,1997,14,14,14,14,14,14,14,14,14,14
210632,0,1,1997,0,17,20,0,0,0,42,0,24,0
210632,0,2,1997,17,0,0,18,18,0,25,0,0,35
210632,1,1,1997,0,0,0,0,0,0,0,0,0,0
210633,1,1,1997,0,0,0,0,21,16,0,0,0,9
210634,1,1,1997,7,7,7,7,7,7,7,7,7,7
210634,2,1,1997,0,0,0,0,0,0,0,0,0,0
210635,1,1,1997,0,0,0,0,0,0,0,0,0,0
210636,0,1,1997,0,14,0,0,0,0,0,0,0,0
210636,1,1,1997,0,0,0,0,0,0,0,0,0,0
210637,1,1,1997,3,0,16,9,0,0,0,0,0,0
210638,1,1,1997,0,0,0,0,16,0,0,0,12,0
210639,0,1,1997,0,0,0,0,0,0,0,0,0,0
210639,1,1,1997,0,0,0,0,0,0,0,0,0,0
210640,1,1,1997,25,25,25,25,25,25,25,25,25,25
210641,1,1,1997,20,20,20,20,20,20,20,20,20,20
210641,2,1,1997,0,0,0,0,0,0,0,0,0,0
210642,1,1,1997,0,0,19,0,0,5,0,8,0,15
210643,1,1,1997,0,0,0,0,0,0,0,0,0,0
210643,2,1,1997,0,0,0,0,0,0,0,0,0,0
210644,1,1,1997,0,0,0,0,0,0,0,0,0,0
210644,2,1,1997,0,0,0,0,0,0,0,0,0,0
210645,1,1,1997,11,11,11,11,11,11,11,11,11,11
210645,2,1,1997,0,0,0,0,0,0,0,0,0,0
210645,3,1,1997,0,0,0,0,0,0,0,0,0,0
210646,1,1,1997,0,0,0,0,0,0,0,0,0,0
210646,2,1,1997,0,0,0,0,0,0,0,0,0,0
210647,1,1,1997,0,0,0,0,0,0,0,0,0,0
210647,2,1,1997,0,0,0,0,0,0,0,0,0,0
210648,1,1,1997,29,29,29,29,29,29,29,29,29,29
210649,1,1,1997,0,0,0,0,0,0,0,0,0,0
210649,2,1,1997,0,0,0,0,0,0,0,0,0,0
210650,1,1,1997,21,21,21,21,21,21,21,21,21,21
210651,1,1,1997,0,0,0,0,0,0,0,0,0,0
210651,2,1,1997,0,0,0,0,0,0,0,0,0,0
210651,3,1,1997,0,0,0,0,0,0,0,0,0,0
210652,1,1,1997,0,0,0,0,0,0,0,0,0,0
210652,2,1,1997,0,0,0,0,0,0,0,0,0,0
210653,1,1,1997,0,0,0,0,0,0,0,0,0,0
210653,2,1,1997,0,0,0,0,0,0,0,0,0,0
210654,1,1,1997,0,0,0,0,0,0,0,0,0,0
210655,1,1,1997,0,0,0,0,0,0,0,0,0,0
210655,2,1,1997,0,0,0,0,0,0,0,0,0,0
210656,1,1,1997,0,0,0,0,0,0,0,0,0,0
210657,1,1,1997,0,0,15,0,0,0,0,0,0,0
210657,2,1,1997,7,7,7,7,7,7,7,7,7,7
210658,0,1,1997,0,24,11,0,20,0,7,25,22,21
210658,0,2,1997,0,0,0,0,0,0,0,0,0,0
210658,1,1,1997,0,0,0,0,0,0,0,0,0,0
210659,1,1,1997,21,21,21,21,21,21,21,21,21,21
210660,1,1,1997,0,0,0,0,0,0,0,0,0,0
210660,2,1,1997,0,0,0,0,0,0,0,0,0,0
210661,1,1,1997,0,0,0,31,0,20,22,12,0,0
210662,1,1,1997,0,0,0,0,0,0,0,0,0,0
210663,1,1,1997,0,0,0,0,0,0,0,0,0,0
210664,1,1,1997,24,24,24,24,24,24,24,24,24,24
210665,1,1,1997,23,23,23,23,23,23,23,23,23,23
210666,1,1,1997,0,0,0,0,0,0,0,0,0,0
210667,0,1,1997,0,0,0,0,0,0,0,0,0,0
210667,1,1,1997,0,0,0,0,0,0,0,0,0,0
210668,1,1,1997,10,10,10,10,10,10,10,10,10,10
210668,2,1,1997,0,0,0,0,0,0,0,0,0,0
210669,1,1,1997,0,0,0,0,0,0,0,0,0,0
210669,2,1,1997,0,0,0,0,0,0,0,0,0,0
210670,1,1,1997,25,25,25,25,25,25,25,25,25,25
210671,1,1,1997,6,6,6,6,6,6,6,6,6,6
210672,1,1,1997,0,0,0,0,0,0,0,0,0,0
210673,1,1,1997,17,24,13,0,0,0,31,0,0,0
210674,1,1,1997,0,0,0,0,0,0,0,0,0,0
210674,2,1,1997,0,0,0,0,0,0,0,0,0,0
210675,1,1,1997,0,0,0,0,0,0,0,0,0,0
210675,2,1,1997,0,0,0,0,0,0,0,0,0,0
210676,1,1,1997,0,0,0,0,0,0,0,0,0,0
210676,2,1,1997,0,0,0,0,0,0,0,0,0,0
210677,1,1,1997,39,39,39,39,39,39,39,39,39,39
210678,1,1,1997,0,0,0,0,0,0,0,0,0,0
210678,2,1,1997,0,0,0,0,0,0,0,0,0,0
210679,1,1,1997,0,0,0,0,0,0,0,0,0,0
210679,2,1,1997,0,0,0,0,0,0,0,21,0,0
210680,0,1,1997,23,23,23,23,23,23,23,23,23,23
210680,1,1,1997,0,0,0,0,0,0,0,0,0,0
210681,1,1,1997,32,32,32,32,32,32,32,32,32,32
210682,1,1,1997,27,27,27,27,27,27,27,27,27,27
210683,1,1,1997,0,0,0,0,0,0,0,0,0,0
210684,1,1,1997,0,0,0,0,0,0,0,0,0,0
210684,2,1,1997,0,0,0,0,0,0,0,0,0,0
210685,1,1,1997,22,22,22,22,22,22,22,22,22,22
210685,2,1,1997,0,0,0,0,0,0,0,0,0,0
210686,1,1,1997,12,16,14,16,0,24,12,22,16,14
210687,1,1,1997,0,0,0,0,0,0,0,0,0,0
210687,2,1,1997,0,0,0,0,0,0,0,0,0,0
210687,3,1,1997,0,0,0,0,0,0,0,0,0,0
210688,1,1,1997,35,0,9,0,0,0,0,0,0,0
210689,1,1,1997,0,20,0,0,0,0,0,11,0,0
210689,2,1,1997,0,0,0,0,0,0,0,0,0,0
210690,1,1,1997,23,23,23,23,23,23,23,23,23,23
210691,1,1,1997,0,0,0,0,0,0,0,0,0,0
210691,2,1,1997,0,0,0,0,0,0,0,0,0,0
210691,3,1,1997,0,0,0,0,0,0,0,0,0,0
210692,1,1,1997,21,21,21,21,21,21,21,21,21,21
210693,1,1,1997,22,22,22,22,22,22,22,22,22,22
210694,1,1,1997,28,28,28,28,28,28,28,28,28,28
210695,1,1,1997,0,0,0,0,0,0,0,0,0,0
210695,2,1,1997,0,0,0,0,0,0,0,0,0,0
210696,1,1,1997,27,27,27,27,27,27,27,27,27,27
210698,1,1,1997,0,0,0,0,0,0,0,0,0,0
210699,1,1,1997,20,20,20,20,20,20,20,20,20,20
210700,1,1,1997,0,0,0,0,0,0,0,0,0,0
210700,2,1,1997,0,0,0,0,0,0,0,0,0,0
210700,3,1,1997,0,0,0,0,0,0,0,0,0,0
210700,4,1,1997,0,0,0,0,0,0,0,0,0,0
210700,5,1,1997,0,0,0,0,0,0,0,0,0,0
210701,1,1,1997,15,0,0,7,0,0,0,0,0,0
210701,2,1,1997,0,0,0,0,0,0,0,0,0,0
210702,1,1,1997,0,0,0,0,0,0,0,0,0,0
210702,2,1,1997,0,0,0,0,0,0,0,0,0,0
210703,1,1,1997,25,26,0,0,21,12,21,8,19,21
210704,1,1,1997,0,0,0,0,0,0,0,0,0,0
210704,2,1,1997,0,0,0,12,0,0,0,6,0,0
210705,0,1,1997,0,0,0,0,0,0,0,0,0,0
210706,1,1,1997,0,0,0,0,0,0,0,0,0,0
210706,2,1,1997,0,0,0,0,0,0,0,0,0,0
210707,1,1,1997,11,11,11,11,11,11,11,11,11,11
210708,1,1,1997,0,0,0,0,0,0,0,0,0,0
210708,2,1,1997,0,0,0,0,0,0,0,0,0,0
210709,1,1,1997,0,0,0,0,0,0,0,0,0,0
210709,2,1,1997,0,0,0,0,0,0,0,0,0,0
210710,0,1,1997,0,0,0,0,0,0,0,0,0,0
210710,1,1,1997,0,0,0,0,0,0,0,0,0,0
210711,1,1,1997,0,0,0,0,0,0,0,0,0,0
210711,2,1,1997,0,0,0,0,0,0,0,0,0,0
210711,3,1,1997,0,0,0,0,0,0,0,0,0,0
210712,0,1,1997,0,0,0,0,0,0,0,0,0,0
210712,1,1,1997,0,0,0,0,0,0,0,0,0,0
210713,1,1,1997,34,34,34,34,34,34,34,34,34,34
210714,1,1,1997,0,0,0,0,0,0,0,0,0,0
210714,2,1,1997,0,0,0,0,0,0,0,0,0,0
210715,1,1,1997,24,24,24,24,24,24,24,24,24,24
210717,1,1,1997,18,18,18,18,18,18,18,18,18,18
210718,1,1,1997,0,0,0,0,0,0,0,0,0,0
210719,1,1,1997,0,0,0,0,0,0,0,0,0,0
210719,2,1,1997,0,0,0,0,0,0,0,0,0,0
210720,1,1,1997,7,7,7,7,7,7,7,7,7,7
210720,2,1,1997,0,0,0,0,0,0,0,0,0,0
210721,1,1,1997,0,0,0,0,0,0,0,0,0,0
210722,0,1,1997,0,0,0,0,0,0,0,0,0,0
210722,1,1,1997,0,0,0,0,0,0,0,0,0,0
210723,1,1,1997,15,15,15,15,15,15,15,15,15,15
210724,1,1,1997,23,23,23,23,23,23,23,23,23,23
210725,1,1,1997,0,0,0,0,0,0,0,0,0,0
210726,1,1,1997,17,17,17,17,17,17,17,17,17,17
210727,1,1,1997,0,0,0,0,0,0,0,0,0,5
210728,1,1,1997,0,0,0,0,0,0,0,0,0,0
210728,2,1,1997,0,0,0,0,0,0,0,0,0,0
210729,1,1,1997,0,0,0,0,0,0,0,0,0,0
210729,2,1,1997,0,0,0,0,0,0,0,0,0,0
210730,1,1,1997,0,0,0,0,0,0,0,0,0,0
210730,2,1,1997,0,0,0,8,0,0,0,0,0,0
210730,3,1,1997,0,0,0,0,0,0,0,0,0,0
210731,1,1,1997,33,33,33,33,33,33,33,33,33,33
210732,1,1,1997,24,24,24,24,24,24,24,24,24,24
210733,1,1,1997,0,0,0,0,0,0,0,0,0,0
210733,2,1,1997,0,0,0,0,0,0,0,0,0,0
210734,0,1,1997,31,31,31,31,31,31,31,31,31,31
210734,1,1,1997,0,0,0,0,0,0,0,0,0,0
210735,1,1,1997,0,0,0,0,0,0,0,0,0,0
210736,1,1,1997,0,0,0,0,23,38,0,0,0,0
210736,2,1,1997,0,0,0,0,0,0,0,0,0,0
210736,3,1,1997,0,0,0,0,0,0,0,0,0,0
210736,4,1,1997,0,0,0,0,0,0,0,0,0,0
210737,1,1,1997,0,0,0,0,0,0,0,0,0,0
210737,2,1,1997,0,0,0,0,0,0,0,0,0,0
210738,1,1,1997,16,16,16,16,16,16,16,16,16,16
210738,2,1,1997,0,0,0,0,0,0,0,0,0,0
210739,1,1,1997,16,19,10,41,18,19,29,44,8,5
210740,1,1,1997,26,26,26,26,26,26,26,26,26,26
210741,1,1,1997,0,0,0,0,0,0,0,0,0,0
210741,2,1,1997,0,0,0,0,0,0,0,0,0,0
210743,1,1,1997,0,0,0,0,0,0,0,0,0,0
210743,2,1,1997,0,0,0,0,0,0,0,0,0,0
210743,3,1,1997,0,0,0,0,0,0,0,0,0,0
210743,4,1,1997,0,0,0,0,0,0,0,0,0,0
210743,5,1,1997,0,0,0,0,0,0,0,0,0,0
210744,1,1,1997,0,0,0,0,0,0,0,0,0,0
210744,2,1,1997,0,0,0,0,0,0,0,0,0,0
210745,1,1,1997,12,12,12,12,12,12,12,12,12,12
210746,0,1,1997,0,0,0,0,0,0,0,0,0,0
210746,1,1,1997,0,0,0,0,0,0,0,0,0,0
210747,1,1,1997,0,0,0,0,0,0,0,0,0,0
210748,1,1,1997,0,0,0,0,0,0,0,0,0,0
210749,1,1,1997,0,0,0,0,0,0,0,0,0,0
210750,1,1,1997,0,0,0,0,0,0,0,0,0,0
210751,1,1,1997,0,0,0,0,0,0,0,0,0,0
210752,1,1,1997,8,8,8,8,8,8,8,8,8,8
210753,1,1,1997,0,0,0,0,0,0,0,0,0,0
210754,1,1,1997,0,0,0,0,0,0,0,0,0,0
210754,2,1,1997,0,0,0,0,0,0,0,0,0,0
210755,0,1,1997,0,0,0,0,0,0,0,0,0,0
210755,0,2,1997,27,10,0,0,0,0,31,13,34,0
210755,0,3,1997,28,0,0,0,0,0,0,0,19,23
210755,1,1,1997,0,0,0,0,0,0,0,0,0,0
210756,1,1,1997,0,0,0,0,0,0,0,0,0,0
210756,2,1,1997,0,0,0,0,0,0,0,0,0,0
210756,3,1,1997,0,0,0,0,0,0,0,0,0,0
210757,1,1,1997,0,0,0,6,0,0,0,0,0,0
210758,1,1,1997,0,0,0,0,0,0,0,0,0,0
210759,1,1,1997,9,9,9,9,9,9,9,9,9,9
210759,2,1,1997,0,0,0,0,0,0,0,0,0,0
210760,0,1,1997,0,0,0,0,0,0,0,0,0,0
210760,1,1,1997,0,0,0,0,0,0,0,0,0,0
210761,1,1,1997,0,0,0,0,0,0,0,0,0,0
210762,1,1,1997,0,0,0,0,0,0,0,0,0,0
210762,2,1,1997,0,0,0,0,0,0,0,0,0,0
210763,1,1,1997,0,0,0,0,0,0,0,0,0,0
210763,2,1,1997,0,0,0,0,0,0,0,0,0,0
210764,1,1,1997,4,36,12,27,16,21,19,16,16,13
210765,1,1,1997,23,23,23,23,23,23,23,23,23,23
210765,2,1,1997,0,0,0,0,0,0,0,0,0,0
210766,1,1,1997,0,0,0,0,0,0,0,0,0,13
210767,1,1,1997,0,0,0,0,0,0,0,0,0,0
210767,2,1,1997,0,0,0,0,0,0,0,0,0,0
210768,1,1,1997,0,0,0,0,0,0,0,0,0,0
210769,1,1,1997,0,0,0,0,0,28,0,0,0,0
210769,2,1,1997,0,0,0,0,0,0,0,0,0,0
210770,1,1,1997,20,20,20,20,20,20,20,20,20,20
210771,0,1,1997,0,0,0,0,0,0,0,0,0,0
210771,0,2,1997,0,0,0,0,0,0,0,0,0,0
210771,1,1,1997,0,0,0,0,0,0,0,0,0,0
210772,1,1,1997,0,0,8,0,22,0,0,0,0,0
210772,2,1,1997,0,0,0,0,0,0,0,0,0,0
210773,1,1,1997,0,0,0,0,0,0,0,0,0,0
210773,2,1,1997,0,0,0,0,0,0,0,0,0,0
210774,1,1,1997,0,0,0,0,0,0,8,0,0,0
210774,2,1,1997,0,0,0,0,0,0,0,0,0,0
210775,1,1,1997,0,0,0,0,0,0,0,0,0,0
210775,2,1,1997,0,0,0,0,0,0,0,0,0,0
210776,0,1,1997,0,0,0,0,0,0,0,0,0,0
210776,0,2,1997,0,56,13,9,11,0,19,33,28,25
210776,0,3,1997,0,23,37,15,39,10,17,0,21,0
210776,0,4,1997,20,0,18,15,0,11,6,0,44,24
210776,0,5,1997,25,0,25,5,21,11,15,30,28,0
210776,0,6,1997,17,13,3,17,14,0,0,8,0,0
210776,0,7,1997,0,0,0,25,25,30,0,17,0,39
210776,0,8,1997,23,17,21,4,19,8,21,0,26,22
210776,0,9,1997,21,4,19,35,0,13,23,20,16,28
210776,1,1,1997,17,17,17,17,17,17,17,17,17,17
210777,1,1,1997,0,0,0,0,0,0,0,0,0,0
210777,2,1,1997,0,0,0,0,0,0,0,25,0,0
210777,3,1,1997,0,0,0,0,0,0,0,0,0,0
210778,1,1,1997,0,0,0,0,0,0,0,0,0,0
210779,1,1,1997,26,26,26,26,26,26,26,26,26,26
210780,1,1,1997,14,14,14,14,14,14,14,14,14,14
210780,2,1,1997,0,0,0,0,0,0,0,0,0,0
210780,3,1,1997,0,0,0,0,0,0,0,0,0,14
210781,1,1,1997,0,0,0,0,0,0,0,0,0,0
210782,0,1,1997,0,0,0,0,0,0,0,0,0,0
210783,1,1,1997,0,0,0,0,0,0,0,0,0,0
210784,1,1,1997,0,0,0,0,0,0,0,19,0,0
220001,1,1,1997,0,0,0,0,0,0,0,0,0,0
220001,2,1,1997,0,0,0,0,0,0,0,0,0,0
220002,1,1,1997,0,0,0,0,0,0,0,0,0,0
220002,2,1,1997,0,0,0,0,0,0,0,0,0,0
220003,0,1,1997,13,13,13,13,13,13,13,13,13,13
220003,1,1,1997,0,0,0,0,0,0,0,0,0,0
220004,1,1,1997,26,26,26,26,26,26,26,26,26,26
220005,1,1,1997,0,0,0,14,0,0,0,0,0,0
220006,1,1,1997,0,0,0,0,0,0,0,0,0,0
220006,2,1,1997,0,0,0,0,0,0,0,0,0,0
220007,1,1,1997,0,0,0,0,0,0,0,0,0,0
220007,2,1,1997,0,0,0,0,0,0,0,0,0,0
220008,1,1,1997,19,19,19,19,19,19,19,19,19,19
220008,2,1,1997,0,0,0,0,0,0,0,0,0,0
220009,1,1,1997,20,0,7,0,0,0,28,16,0,15
220010,1,1,1997,0,7,11,0,0,0,0,0,0,0
220010,2,1,1997,0,0,0,0,0,0,0,0,0,0
220010,3,1,1997,7,0,0,0,2,0,0,0,0,19
220011,0,1,1997,0,0,0,0,0,0,0,0,47,0
220011,1,1,1997,0,12,0,0,0,0,10,0,0,0
220012,1,1,1997,0,0,0,0,0,0,0,0,0,3
220012,2,1,1997,0,0,0,0,0,0,11,0,0,0
220013,1,1,1997,23,23,23,23,23,23,23,23,23,23
220013,2,1,1997,6,6,6,6,6,6,6,6,6,6
220014,1,1,1997,0,0,0,0,0,15,0,0,0,12
220015,1,1,1997,0,0,0,0,0,0,0,0,0,9
220015,2,1,1997,0,0,0,0,0,0,0,0,0,0
220016,0,1,1997,22,39,20,0,24,32,0,15,0,36
220016,2,1,1997,15,0,0,0,0,0,16,0,10,0
220017,1,1,1997,0,0,0,0,0,15,0,0,0,0
220018,1,1,1997,0,0,0,0,0,0,0,0,0,0
220018,2,1,1997,0,0,0,0,0,0,0,0,0,0
220019,1,1,1997,0,0,0,0,0,0,0,0,0,0
220019,2,1,1997,0,0,0,0,0,0,0,0,0,0
220020,0,1,1997,0,0,0,0,0,0,0,0,0,0
220020,1,1,1997,5,5,5,5,5,5,5,5,5,5
220021,1,1,1997,11,11,11,11,11,11,11,11,11,11
220021,2,1,1997,0,0,0,0,0,0,0,0,0,0
220022,1,1,1997,0,0,0,0,0,0,0,0,0,0
220023,1,1,1997,0,0,0,0,0,0,0,0,0,0
220023,2,1,1997,0,0,0,0,0,0,0,0,0,0
220024,1,1,1997,0,0,0,0,0,0,0,0,0,0
220024,2,1,1997,0,0,0,0,0,0,0,0,0,0
220025,1,1,1997,19,19,19,19,19,19,19,19,19,19
220026,1,1,1997,17,17,17,17,17,17,17,17,17,17
220026,2,1,1997,0,0,0,0,0,0,0,0,0,0
220026,3,1,1997,0,0,0,0,0,0,0,0,0,0
220027,0,1,1997,19,19,19,19,19,19,19,19,19,19
220027,1,1,1997,0,0,0,0,0,0,0,0,0,0
220028,1,1,1997,0,0,0,0,0,0,0,0,0,0
220028,2,1,1997,16,16,16,16,16,16,16,16,16,16
220029,1,1,1997,22,22,22,22,22,22,22,22,22,22
220030,1,1,1997,5,5,5,5,5,5,5,5,5,5
220031,0,1,1997,0,0,0,0,0,0,0,0,0,0
220031,1,1,1997,0,0,0,0,0,0,0,0,0,0
220032,1,1,1997,0,22,0,0,0,0,0,0,0,0
220033,0,1,1997,0,0,0,0,0,0,0,0,0,0
220033,1,1,1997,0,0,0,0,0,0,0,0,0,0
220034,1,1,1997,0,0,0,0,0,0,0,0,0,0
220034,2,1,1997,0,0,0,0,0,0,0,0,0,0
220035,0,1,1997,0,0,33,0,22,39,18,0,0,19
220035,1,1,1997,0,0,0,0,0,0,0,0,0,0
220036,1,1,1997,11,11,11,11,11,11,11,11,11,11
220037,0,1,1997,0,0,0,14,0,0,0,0,0,25
220037,1,1,1997,0,0,0,0,0,0,0,0,0,0
220038,1,1,1997,0,0,0,0,0,0,0,0,0,0
220038,2,1,1997,0,0,0,0,0,0,0,0,0,0
220038,3,1,1997,0,0,0,0,0,0,0,0,0,0
220039,1,1,1997,0,0,0,0,0,0,0,0,0,0
220039,2,1,1997,0,0,0,0,0,0,0,0,0,0
220039,3,1,1997,0,0,0,0,0,0,0,0,0,0
220040,1,1,1997,0,0,0,0,0,0,0,0,0,0
220040,2,1,1997,0,0,33,0,0,0,0,19,0,0
220041,1,1,1997,30,30,30,30,30,30,30,30,30,30
220041,2,1,1997,0,0,0,0,0,0,0,0,0,0
220042,1,1,1997,16,0,0,17,9,0,15,13,0,0
220043,1,1,1997,11,30,15,8,0,17,9,4,0,23
220043,2,1,1997,0,0,0,0,0,0,0,0,0,0
220044,1,1,1997,0,0,0,7,0,0,0,0,0,0
220044,2,1,1997,0,0,0,0,0,0,0,0,0,0
220045,0,1,1997,0,16,21,6,0,5,20,19,20,0
220045,1,1,1997,1,21,0,0,0,0,0,0,43,0
220046,1,1,1997,0,7,0,0,9,21,0,0,19,19