ST_CASE,VEH_NO,PER_NO,YEAR,P1,P2,P3,P4,P5,P6,P7,P8,P9,P10
220313,1,1,1997,0,0,0,0,0,0,0,0,0,0
220313,2,1,1997,0,0,0,0,0,0,0,0,0,0
220314,1,1,1997,0,0,18,0,0,0,0,0,0,0
220314,2,1,1997,0,0,0,0,0,0,16,0,0,0
220315,1,1,1997,17,17,17,17,17,17,17,17,17,17
220316,0,1,1997,0,0,0,0,0,0,0,0,0,0
220316,1,1,1997,0,0,0,0,0,0,0,0,0,0
220317,1,1,1997,0,28,24,29,26,11,23,13,14,13
220318,1,1,1997,0,0,21,27,30,33,0,0,27,34
220319,1,1,1997,0,0,0,8,0,0,0,0,4,0
220319,2,1,1997,0,0,0,0,0,0,0,0,0,0
220320,1,1,1997,0,0,19,0,0,0,0,0,0,0
220321,1,1,1997,0,15,0,0,0,0,0,0,0,0
220321,2,1,1997,0,0,0,0,0,0,0,0,0,0
220322,1,1,1997,0,0,0,0,0,0,0,0,0,0
220323,1,1,1997,0,0,0,0,0,0,0,0,0,0
220323,2,1,1997,0,0,0,0,0,0,0,0,0,0
220323,3,1,1997,0,0,0,0,0,0,0,0,0,0
220324,1,1,1997,0,0,0,22,13,0,0,18,0,0
220325,0,1,1997,22,33,18,23,11,39,13,25,0,0
220325,0,2,1997,33,0,0,0,24,28,0,21,0,18
220325,0,3,1997,41,14,13,29,40,13,27,17,20,19
220325,0,4,1997,0,12,15,24,41,17,27,26,24,29
220325,0,5,1997,36,13,58,26,18,28,0,8,29,20
220325,0,6,1997,0,0,0,5,24,7,0,22,0,0
220325,0,7,1997,22,27,9,20,16,22,29,22,20,15
220325,0,8,1997,17,0,0,0,0,0,16,35,24,48
220325,0,9,1997,11,34,29,26,18,24,0,0,9,22
220325,0,10,1997,0,0,0,0,0,0,0,31,0,0
220325,0,11,1997,35,0,40,20,0,19,23,30,16,0
220325,0,12,1997,0,32,14,23,22,17,32,34,31,22
220325,1,1,1997,12,12,12,12,12,12,12,12,12,12
220326,1,1,1997,18,18,18,18,18,18,18,18,18,18
220326,2,1,1997,0,0,19,6,0,0,0,0,0,0
220327,1,1,1997,0,20,0,0,0,0,0,0,10,10
220328,1,1,1997,16,0,0,19,0,13,18,27,0,18
220329,0,1,1997,0,0,0,0,0,0,0,0,0,0
220329,1,1,1997,0,0,0,0,0,0,0,0,0,0
220330,1,1,1997,14,14,14,14,14,14,14,14,14,14
220331,1,1,1997,0,0,0,0,0,0,0,0,0,0
220331,2,1,1997,0,0,0,0,0,0,0,0,0,0
220332,1,1,1997,7,7,7,7,7,7,7,7,7,7
220333,0,1,1997,43,25,0,0,23,0,21,11,0,21
220333,1,1,1997,16,16,16,16,16,16,16,16,16,16
220334,1,1,1997,0,0,0,0,0,0,0,0,0,0
220334,2,1,1997,0,0,0,0,0,0,0,0,0,0
220335,1,1,1997,13,13,13,13,13,13,13,13,13,13
220335,2,1,1997,8,7,19,8,17,11,16,4,19,10
220335,3,1,1997,0,0,0,0,0,0,0,0,0,0
220336,1,1,1997,0,0,0,0,0,0,0,0,6,0
220336,2,1,1997,0,0,6,0,25,9,5,0,0,0
220337,1,1,1997,0,0,0,0,0,0,0,0,0,0
220338,1,1,1997,41,41,41,41,41,41,41,41,41,41
220338,2,1,1997,0,0,0,25,0,0,0,0,0,0
220339,1,1,1997,10,0,3,0,19,0,0,0,0,14
220340,0,1,1997,19,27,0,20,0,40,0,0,27,18
220340,1,1,1997,0,0,0,0,0,0,0,0,0,10
220341,0,1,1997,0,0,0,0,0,0,0,0,0,0
220341,1,1,1997,0,0,0,0,0,0,0,0,0,0
220342,1,1,1997,23,23,23,23,23,23,23,23,23,23
220343,1,1,1997,0,0,0,0,0,0,12,20,0,0
220343,2,1,1997,0,0,15,0,0,0,0,0,0,0
220344,1,1,1997,20,20,20,20,20,20,20,20,20,20
220345,0,1,1997,0,14,0,0,12,12,0,23,0,11
220345,1,1,1997,0,0,31,0,0,0,0,0,0,0
220346,0,1,1997,17,17,17,17,17,17,17,17,17,17
220346,1,1,1997,2,2,2,2,2,2,2,2,2,2
220347,1,1,1997,18,17,11,11,30,16,4,16,9,22
220348,0,1,1997,0,0,0,0,0,0,0,0,0,0
220348,1,1,1997,0,0,0,0,0,0,0,0,0,0
220350,1,1,1997,0,0,0,0,0,0,0,0,0,0
220351,1,1,1997,0,0,0,0,0,0,0,0,17,9
220352,1,1,1997,13,0,0,13,0,0,0,0,0,0
220352,2,1,1997,0,0,0,0,0,0,10,0,0,0
220352,3,1,1997,0,16,14,0,0,0,0,0,0,0
220352,4,1,1997,0,0,0,0,0,0,0,0,0,0
220352,5,1,1997,0,8,0,0,16,0,0,0,0,0
220353,1,1,1997,0,0,0,0,0,0,0,0,0,0
220354,1,1,1997,16,16,16,16,16,16,16,16,16,16
220355,1,1,1997,0,0,10,0,0,0,0,0,0,0
220355,2,1,1997,0,0,0,0,0,8,0,0,0,0
220356,1,1,1997,0,0,0,0,0,0,0,0,0,0
220356,2,1,1997,0,0,6,0,0,0,10,0,0,0
220357,0,1,1997,0,0,0,0,0,0,0,0,0,0
220357,1,1,1997,0,0,0,0,0,0,0,0,0,0
220358,1,1,1997,11,11,11,11,11,11,11,11,11,11
220359,0,1,1997,22,0,26,23,7,14,21,7,18,21
220359,1,1,1997,0,0,0,0,0,0,0,0,0,0
220360,0,1,1997,0,0,0,0,0,0,0,0,0,0
220360,1,1,1997,0,27,0,0,0,0,0,0,10,0
220361,0,1,1997,0,0,0,0,11,0,0,18,14,0
220361,1,1,1997,0,0,0,0,0,0,0,0,0,0
220362,1,1,1997,2,2,2,2,2,2,2,2,2,2
220363,0,1,1997,48,0,0,0,0,0,25,0,30,0
220363,1,1,1997,0,0,0,0,0,0,0,0,0,0
220363,2,1,1997,0,0,0,0,0,0,0,0,0,0
220364,1,1,1997,24,24,24,24,24,24,24,24,24,24
220365,1,1,1997,0,0,0,0,0,0,0,0,0,0
220365,2,1,1997,0,0,0,0,0,0,0,3,3,0
220366,0,1,1997,24,0,33,0,21,0,34,0,30,34
220366,1,1,1997,0,0,0,0,0,0,24,13,0,19
220367,1,1,1997,0,0,0,0,0,0,0,0,0,0
220367,2,1,1997,0,0,0,0,0,0,0,0,0,0
220368,1,1,1997,0,0,0,0,0,0,0,0,0,0
220369,1,1,1997,0,0,0,0,0,0,0,0,0,0
220370,0,1,1997,0,0,29,0,0,0,32,0,0,0
220370,1,1,1997,0,0,0,6,0,0,0,0,11,0
220370,2,1,1997,0,0,0,0,0,0,0,0,0,0
220371,1,1,1997,0,0,0,0,0,0,0,0,0,0
220372,1,1,1997,0,24,0,0,19,13,0,0,0,0
220372,2,1,1997,0,0,0,24,0,0,11,6,0,15
220373,1,1,1997,0,0,0,0,0,0,0,0,0,0
220373,2,1,1997,28,0,0,0,0,0,0,0,0,0
220374,1,1,1997,0,0,0,0,0,0,0,0,0,0
220374,2,1,1997,0,0,8,0,0,0,0,0,0,0
220375,0,1,1997,0,19,24,13,0,28,0,0,48,18
220375,1,1,1997,0,0,0,0,15,0,0,14,17,0
220376,0,1,1997,0,0,0,0,0,0,0,0,0,0
220376,1,1,1997,0,0,0,0,0,0,0,0,0,0
220377,1,1,1997,0,0,0,10,0,5,16,0,21,0
220378,0,1,1997,26,26,26,26,26,26,26,26,26,26
220378,1,1,1997,12,12,12,12,12,12,12,12,12,12
220379,1,1,1997,27,27,27,27,27,27,27,27,27,27
220379,2,1,1997,0,0,0,0,0,0,0,0,0,0
220380,1,1,1997,11,11,11,11,11,11,11,11,11,11
220380,2,1,1997,21,0,15,42,0,0,0,22,12,0
220381,0,1,1997,0,12,0,0,0,0,0,0,0,0
220381,1,1,1997,0,0,0,0,0,0,0,0,0,0
220382,1,1,1997,14,14,14,14,14,14,14,14,14,14
220383,0,1,1997,0,0,0,0,0,0,0,0,0,0
220383,1,1,1997,0,0,0,0,0,0,0,0,0,0
220383,2,1,1997,0,0,0,0,0,0,0,0,0,0
220384,1,1,1997,15,19,8,12,13,10,10,8,14,6
220384,2,1,1997,0,0,0,0,0,0,20,0,0,0
220385,1,1,1997,25,25,25,25,25,25,25,25,25,25
220386,1,1,1997,0,0,0,0,0,0,0,0,0,0
220386,2,1,1997,11,11,11,11,11,11,11,11,11,11
220387,1,1,1997,0,0,0,0,0,0,0,0,0,0
220387,2,1,1997,18,18,18,18,18,18,18,18,18,18
220388,0,1,1997,0,0,0,15,20,6,0,26,0,0
220388,1,1,1997,19,0,0,0,0,0,0,0,13,10
220389,1,1,1997,0,0,0,0,0,0,0,0,0,0
220389,2,1,1997,0,0,0,0,0,0,0,0,0,0
220390,1,1,1997,21,21,21,21,21,21,21,21,21,21
220390,2,1,1997,22,22,22,22,22,22,22,22,22,22
220391,1,1,1997,13,0,5,0,16,0,0,10,2,0
220392,1,1,1997,0,0,0,0,0,0,0,0,0,0
220392,2,1,1997,0,0,0,0,0,0,0,0,0,0
220393,0,1,1997,0,0,0,17,0,0,0,9,0,0
220393,1,1,1997,12,12,12,12,12,12,12,12,12,12
220394,1,1,1997,0,22,29,8,0,0,22,6,0,0
220395,1,1,1997,4,4,4,4,4,4,4,4,4,4
220395,2,1,1997,0,0,0,0,0,0,0,0,0,0
220396,1,1,1997,0,0,0,0,0,0,0,0,0,0
220397,1,1,1997,27,0,0,0,0,29,0,15,0,13
220397,2,1,1997,0,0,0,0,0,0,0,0,0,0
220398,1,1,1997,0,0,0,0,0,0,0,0,0,0
220398,2,1,1997,0,0,0,0,0,0,0,0,0,0
220398,3,1,1997,0,0,0,0,0,0,0,0,0,0
220399,1,1,1997,0,0,0,0,0,0,0,0,0,0
220400,1,1,1997,12,12,12,12,12,12,12,12,12,12
220400,2,1,1997,11,11,11,11,11,11,11,11,11,11
220401,0,1,1997,0,0,0,0,0,0,0,0,0,0
220401,1,1,1997,0,0,0,0,0,0,0,0,0,0
220402,1,1,1997,17,0,0,12,19,12,0,0,0,0
220403,1,1,1997,0,0,0,0,0,0,0,0,0,0
220404,0,1,1997,30,27,26,20,15,18,24,15,18,28
220404,1,1,1997,0,0,0,0,0,0,0,0,0,0
220405,1,1,1997,15,0,5,13,0,8,0,0,0,0
220405,2,1,1997,0,0,0,0,0,0,0,0,0,0
220406,1,1,1997,9,9,9,9,9,9,9,9,9,9
220406,2,1,1997,0,0,0,0,0,0,0,0,0,0
220407,1,1,1997,0,0,0,0,0,0,0,0,0,0
220407,2,1,1997,0,0,0,0,0,0,0,0,0,0
220408,1,1,1997,11,11,11,11,11,11,11,11,11,11
220409,1,1,1997,0,0,0,0,0,0,0,0,0,0
220410,0,1,1997,0,0,0,0,0,0,0,0,0,0
220410,1,1,1997,0,0,0,0,0,0,0,0,0,0
220411,1,1,1997,0,16,0,9,9,16,9,16,0,24
220411,2,1,1997,12,12,12,12,12,12,12,12,12,12
220412,1,1,1997,0,0,0,0,0,0,0,0,0,0
220412,2,1,1997,0,0,0,0,0,0,0,0,0,0
220413,1,1,1997,0,0,0,0,14,6,0,0,0,0
220413,2,1,1997,0,0,0,0,0,0,0,0,0,0
220414,1,1,1997,7,7,7,7,7,7,7,7,7,7
220415,1,1,1997,16,16,16,16,16,16,16,16,16,16
220416,1,1,1997,0,0,0,0,0,0,0,0,0,0
220416,2,1,1997,0,0,0,0,0,0,7,0,0,0
220417,0,1,1997,0,0,30,23,37,10,39,0,0,0
220417,1,1,1997,0,0,0,0,0,0,0,0,0,0
220418,1,1,1997,18,18,18,18,18,18,18,18,18,18
220419,0,1,1997,0,0,20,17,18,23,17,7,0,23
220419,1,1,1997,0,0,0,0,0,0,0,0,0,0
220420,1,1,1997,0,0,0,0,0,0,0,0,0,0
220420,2,1,1997,0,10,22,14,0,0,23,0,5,9
220421,0,1,1997,27,27,27,27,27,27,27,27,27,27
220421,0,2,1997,18,18,18,18,18,18,18,18,18,18
220421,1,1,1997,0,0,0,0,0,0,0,0,0,0
220421,2,1,1997,0,0,0,0,0,0,0,0,0,0
220422,0,1,1997,31,0,34,0,18,0,30,14,18,0
220422,1,1,1997,0,0,0,0,0,0,0,0,0,0
220423,1,1,1997,0,0,0,0,0,0,9,19,0,0
220423,2,1,1997,0,0,0,0,0,0,0,0,0,0
220424,1,1,1997,16,16,16,16,16,16,16,16,16,16
220425,1,1,1997,0,22,0,0,0,0,0,0,0,0
220426,1,1,1997,15,13,21,13,12,23,23,16,23,0
220427,1,1,1997,21,25,3,23,39,17,27,14,20,26
220428,1,1,1997,15,22,21,38,24,15,19,12,0,20
220429,1,1,1997,0,0,0,0,0,0,0,0,0,0
220429,2,1,1997,0,0,0,0,0,0,0,0,0,0
220430,1,1,1997,0,0,0,0,0,0,0,0,0,0
220431,1,1,1997,0,0,0,0,0,0,0,0,0,0
220431,2,1,1997,0,0,0,0,0,0,0,0,0,0
220432,1,1,1997,0,0,0,0,0,0,0,0,0,0
220433,1,1,1997,0,0,0,0,24,0,10,0,0,0
220433,2,1,1997,0,0,16,0,0,18,0,0,0,0
220434,1,1,1997,25,21,13,20,12,17,0,28,26,17
220435,1,1,1997,22,0,0,0,0,0,0,0,0,0
220436,1,1,1997,0,0,0,21,0,12,0,0,16,0
220437,1,1,1997,0,0,0,0,0,0,0,0,0,0
220437,2,1,1997,0,0,0,0,0,0,0,0,0,0
220438,1,1,1997,24,24,24,24,24,24,24,24,24,24
220438,2,1,1997,7,15,0,0,0,0,0,0,0,0
220438,3,1,1997,0,0,0,29,0,0,0,0,14,0
220439,0,1,1997,13,13,13,13,13,13,13,13,13,13
220439,1,1,1997,0,0,0,0,0,0,0,0,0,0
220440,1,1,1997,11,11,11,11,11,11,11,11,11,11
220440,2,1,1997,5,5,5,5,5,5,5,5,5,5
220440,3,1,1997,0,0,0,0,0,0,0,0,0,0
220441,1,1,1997,21,21,21,21,21,21,21,21,21,21
220441,2,1,1997,0,0,0,0,0,0,0,0,0,0
220441,3,1,1997,0,0,0,0,0,0,0,0,0,0
220442,0,1,1997,11,11,11,11,11,11,11,11,11,11
220442,0,2,1997,0,0,0,0,0,0,0,0,0,0
220442,0,3,1997,0,0,0,0,0,0,0,0,0,0
220442,1,1,1997,11,11,11,11,11,11,11,11,11,11
220443,1,1,1997,0,0,0,0,0,0,0,0,0,0
220443,2,1,1997,0,0,0,0,0,0,0,0,0,0
220444,1,1,1997,20,22,25,0,0,0,0,0,0,28
220445,1,1,1997,4,4,4,4,4,4,4,4,4,4
220446,1,1,1997,0,15,0,0,4,0,14,0,12,0
220447,1,1,1997,15,8,0,0,0,0,9,0,0,0
220447,2,1,1997,0,0,0,0,0,0,0,0,0,0
220448,1,1,1997,0,0,0,0,0,0,0,0,0,0
220449,1,1,1997,19,19,17,14,19,0,23,20,19,11
220450,0,1,1997,17,17,17,17,17,17,17,17,17,17
220450,1,1,1997,0,17,6,0,0,0,0,0,0,0
220451,1,1,1997,0,0,0,0,0,0,0,0,0,0
220451,2,1,1997,0,0,0,0,0,0,0,0,0,0
220452,1,1,1997,0,0,0,0,0,0,0,0,0,0
220452,2,1,1997,0,0,0,0,0,0,0,0,0,0
220453,0,1,1997,15,0,0,0,14,0,18,17,0,19
220453,1,1,1997,5,5,5,5,5,5,5,5,5,5
220454,1,1,1997,0,0,10,0,0,11,6,0,4,0
220455,1,1,1997,14,14,14,14,14,14,14,14,14,14
220456,0,1,1997,0,0,0,0,0,0,0,0,0,0
220456,1,1,1997,5,5,5,5,5,5,5,5,5,5
220457,1,1,1997,0,0,0,0,0,0,0,0,0,0
220458,1,1,1997,0,0,0,0,0,0,0,0,0,0
220459,1,1,1997,0,0,5,0,0,0,9,0,0,0
220459,2,1,1997,2,2,2,2,2,2,2,2,2,2
220460,0,1,1997,0,0,0,0,0,0,0,0,0,0
220460,1,1,1997,0,0,0,0,0,0,0,0,0,0
220461,1,1,1997,0,0,0,0,0,0,0,4,15,0
220462,1,1,1997,0,0,0,0,0,0,0,31,0,0
220463,1,1,1997,0,0,0,0,0,0,22,0,0,25
220463,2,1,1997,0,0,0,0,0,0,0,0,0,0
220464,1,1,1997,18,15,0,14,19,13,20,21,15,26
220465,1,1,1997,21,21,21,21,21,21,21,21,21,21
220466,1,1,1997,0,0,0,7,0,0,0,13,29,10
220466,2,1,1997,17,17,17,17,17,17,17,17,17,17
220467,1,1,1997,0,0,16,8,0,0,0,28,0,0
220468,1,1,1997,0,0,0,0,0,0,0,0,0,0
220468,2,1,1997,0,0,0,0,0,0,0,0,0,0
220469,1,1,1997,6,6,6,6,6,6,6,6,6,6
220470,1,1,1997,0,20,0,18,0,0,19,16,0,11
220471,1,1,1997,21,21,21,21,21,21,21,21,21,21
220472,0,1,1997,0,0,0,0,0,0,0,0,0,0
220472,0,2,1997,44,38,11,30,36,17,0,9,33,10
220472,1,1,1997,0,16,8,0,0,0,0,0,17,0
220473,1,1,1997,0,0,0,0,0,0,0,0,0,0
220473,2,1,1997,0,0,0,0,0,0,0,0,0,0
220474,1,1,1997,0,0,0,0,0,0,0,0,0,0
220474,2,1,1997,0,0,0,0,0,0,0,0,0,0
220475,1,1,1997,0,0,0,0,0,24,0,0,14,0
220475,2,1,1997,0,0,0,0,0,0,0,6,0,0
220476,0,1,1997,0,0,11,0,0,21,0,0,0,17
220476,1,1,1997,0,0,0,0,0,0,0,0,0,0
220477,1,1,1997,0,0,0,9,0,11,13,0,0,0
220478,1,1,1997,8,24,0,5,40,15,0,18,9,15
220478,2,1,1997,0,0,0,0,0,0,0,0,0,0
220479,1,1,1997,0,0,0,0,0,0,0,0,0,0
220480,1,1,1997,0,0,0,0,0,0,0,0,0,0
220480,2,1,1997,0,0,0,0,0,0,0,0,0,0
220481,1,1,1997,0,0,0,0,0,0,0,0,0,0
220481,2,1,1997,0,0,0,0,0,0,0,0,0,0
220482,1,1,1997,0,0,0,0,0,0,0,0,0,0
220482,2,1,1997,8,0,0,0,0,11,0,0,0,0
220483,1,1,1997,0,0,0,0,0,0,0,0,0,0
220483,2,1,1997,0,0,0,0,0,0,0,0,0,0
220484,1,1,1997,0,0,0,0,0,0,0,0,0,0
220485,1,1,1997,0,0,0,16,0,21,0,21,19,0
220485,2,1,1997,0,0,0,0,0,0,0,0,0,0
220486,0,1,1997,0,0,0,0,25,0,0,0,0,0
220486,1,1,1997,0,0,0,0,0,0,0,0,0,0
220487,0,1,1997,27,27,27,27,27,27,27,27,27,27
220487,1,1,1997,0,0,0,0,0,0,0,0,0,0
220488,1,1,1997,0,0,14,27,18,6,0,27,45,0
220488,2,1,1997,0,0,0,0,0,0,0,0,0,0
220489,1,1,1997,26,22,0,0,0,0,0,0,0,0
220490,1,1,1997,0,0,0,0,0,0,0,0,28,0
220491,0,1,1997,3,3,3,3,3,3,3,3,3,3
220491,1,1,1997,7,11,9,0,3,0,8,13,8,19
220492,1,1,1997,2,15,21,40,0,0,0,15,8,0
220493,1,1,1997,0,21,17,18,9,22,12,26,19,20
220494,1,1,1997,0,0,0,0,0,0,0,0,0,0
220494,2,1,1997,0,0,0,0,0,0,0,0,0,0
220495,1,1,1997,18,18,18,18,18,18,18,18,18,18
220496,1,1,1997,0,0,0,0,0,0,0,0,0,0
220496,2,1,1997,0,0,0,0,0,0,0,0,0,0
220497,0,1,1997,0,0,0,0,0,0,0,0,0,0
220497,0,2,1997,0,0,0,0,0,0,0,0,0,0
220497,1,1,1997,0,0,0,0,0,0,0,0,0,0
220498,1,1,1997,22,22,22,22,22,22,22,22,22,22
220499,1,1,1997,13,13,13,13,13,13,13,13,13,13
220500,1,1,1997,0,20,0,0,13,23,7,0,5,5
220500,2,1,1997,20,19,0,23,0,26,12,30,20,20
220501,1,1,1997,0,0,0,0,0,0,0,0,0,0
220501,2,1,1997,4,0,0,15,9,0,19,0,11,22
220501,3,1,1997,0,0,0,0,0,0,0,0,0,0
220502,1,1,1997,9,9,9,9,9,9,9,9,9,9
220503,1,1,1997,0,11,0,0,15,0,0,0,0,18
220504,1,1,1997,0,0,0,0,0,0,0,0,0,0
220505,1,1,1997,33,16,22,31,21,28,24,18,17,22
220506,0,1,1997,0,0,0,0,0,0,0,0,0,0
220506,1,1,1997,0,0,0,0,0,0,0,0,0,0
220507,1,1,1997,58,27,13,25,40,25,12,20,11,15
220508,1,1,1997,14,27,4,10,17,28,13,0,25,7
220508,2,1,1997,0,14,0,23,0,0,5,0,0,0
220509,1,1,1997,0,0,0,0,12,0,0,0,0,0
220510,1,1,1997,0,19,0,0,0,0,32,12,0,0
220511,0,1,1997,27,24,5,14,6,9,30,63,26,0
220511,1,1,1997,0,0,0,0,0,0,0,0,0,0
220512,0,1,1997,1,1,1,1,1,1,1,1,1,1
220512,1,1,1997,0,0,11,0,15,0,0,0,0,0
220513,1,1,1997,30,8,29,14,6,21,22,20,0,31
220514,1,1,1997,0,0,0,0,0,0,0,0,0,0
220514,2,1,1997,0,0,0,0,0,0,0,0,0,0
220515,1,1,1997,0,0,0,0,0,21,0,0,11,0
220516,1,1,1997,0,0,0,0,0,0,0,0,0,0
220517,1,1,1997,13,22,7,0,0,0,26,0,0,0
220518,1,1,1997,0,0,0,17,0,17,0,17,0,24
220519,1,1,1997,0,0,0,0,0,0,0,0,0,0
220520,1,1,1997,4,4,4,4,4,4,4,4,4,4
220521,1,1,1997,0,0,0,0,0,0,0,0,0,0
220521,2,1,1997,9,9,9,9,9,9,9,9,9,9
220522,1,1,1997,18,11,21,36,0,0,0,26,29,18
220523,1,1,1997,11,17,4,18,0,0,21,15,18,29
220524,1,1,1997,20,0,23,30,0,0,11,20,27,0
220525,1,1,1997,0,0,0,0,0,0,0,0,0,0
220525,2,1,1997,0,0,0,0,0,0,0,0,0,0
220525,3,1,1997,0,0,0,0,0,0,0,0,0,0
220526,0,1,1997,0,0,0,0,0,0,0,0,0,0
220526,1,1,1997,0,0,0,0,0,0,0,0,0,0
220527,1,1,1997,0,0,0,0,0,0,0,0,0,0
220527,2,1,1997,0,0,0,0,0,0,0,0,0,0
220528,0,1,1997,17,0,30,14,17,0,0,0,18,28
220528,1,1,1997,0,0,0,0,0,0,0,0,0,0
220529,0,1,1997,25,0,0,0,0,42,0,0,0,0
220529,1,1,1997,0,0,0,0,0,0,0,0,0,0
220530,0,1,1997,0,0,0,0,0,0,0,0,0,0
220530,1,1,1997,0,0,0,0,0,0,0,0,0,0
220531,1,1,1997,0,0,6,0,0,0,0,0,0,0
220532,1,1,1997,25,15,0,0,22,31,10,26,25,25
220533,1,1,1997,0,0,0,0,0,0,0,0,0,0
220534,1,1,1997,0,0,0,0,0,0,0,0,0,0
220534,2,1,1997,0,0,24,0,0,0,0,0,22,6
220535,1,1,1997,0,12,49,22,14,0,0,19,0,0
220535,2,1,1997,0,0,5,0,0,0,0,0,0,31
220535,3,1,1997,0,0,16,0,0,0,0,0,0,0
220536,1,1,1997,0,0,21,0,0,0,0,0,0,0
220536,2,1,1997,0,0,0,0,0,0,0,0,0,0
220537,1,1,1997,9,9,9,9,9,9,9,9,9,9
220537,2,1,1997,0,0,0,0,0,0,0,0,0,24
220538,1,1,1997,14,11,0,0,5,16,0,0,0,0
220539,0,1,1997,0,0,15,0,0,40,0,0,0,0
220539,1,1,1997,0,0,0,0,0,0,0,0,0,0
220540,0,1,1997,0,0,0,25,0,21,0,0,0,31
220540,1,1,1997,4,4,4,4,4,4,4,4,4,4
220541,0,1,1997,0,0,0,0,0,0,0,0,0,0
220541,1,1,1997,0,0,0,0,0,0,0,0,0,0
220542,1,1,1997,13,13,13,13,13,13,13,13,13,13
220543,1,1,1997,21,21,21,21,21,21,21,21,21,21
220543,2,1,1997,4,4,4,4,4,4,4,4,4,4
220544,1,1,1997,14,15,20,15,12,15,20,26,24,26
220545,1,1,1997,14,0,20,31,25,16,14,12,21,21
220546,1,1,1997,32,32,32,32,32,32,32,32,32,32
220547,1,1,1997,14,14,14,14,14,14,14,14,14,14
220548,1,1,1997,29,21,0,0,34,26,15,14,16,0
220549,1,1,1997,13,13,13,13,13,13,13,13,13,13
220549,2,1,1997,0,0,0,0,0,0,0,0,0,0
220550,1,1,1997,0,0,0,0,0,0,0,0,0,0
220550,2,1,1997,0,0,0,0,0,0,0,0,0,0
220551,1,1,1997,0,7,0,0,0,0,0,0,0,0
220552,1,1,1997,0,0,0,33,10,0,12,10,0,28
220553,1,1,1997,42,15,19,0,16,20,10,15,25,19
220554,1,1,1997,5,5,5,5,5,5,5,5,5,5
220554,2,1,1997,0,0,0,0,0,0,0,0,0,0
220555,0,1,1997,0,0,0,0,0,0,0,0,0,0
220555,1,1,1997,0,0,20,0,0,0,0,5,0,0
220556,1,1,1997,0,0,0,0,0,0,0,19,0,0
220556,2,1,1997,0,0,0,0,0,0,0,0,0,0
220557,0,1,1997,22,22,22,22,22,22,22,22,22,22
220557,1,1,1997,0,0,0,0,0,0,0,0,0,0
220557,2,1,1997,0,0,0,0,0,0,0,0,0,0
220558,1,1,1997,0,0,0,0,9,19,0,32,23,22
220559,1,1,1997,16,16,16,16,16,16,16,16,16,16
220560,1,1,1997,0,17,0,0,0,0,0,0,21,0
220561,1,1,1997,0,0,0,0,0,0,0,0,0,0
220561,2,1,1997,17,0,31,0,0,0,0,0,0,13
220562,1,1,1997,0,10,0,0,0,0,0,0,0,0
220562,2,1,1997,3,3,3,3,3,3,3,3,3,3
220563,1,1,1997,0,0,0,0,0,0,0,0,0,0
220564,1,1,1997,0,0,0,0,0,0,0,0,0,0
220564,2,1,1997,0,0,0,0,0,0,0,0,0,0
220565,1,1,1997,8,10,13,0,14,13,9,0,0,11
220566,0,1,1997,0,0,9,0,0,0,0,0,0,0
220566,1,1,1997,0,0,10,0,0,0,0,0,19,0
220567,1,1,1997,29,16,0,13,19,0,0,29,0,21
220568,1,1,1997,0,11,0,0,20,7,7,0,24,0
220569,1,1,1997,0,0,0,10,0,10,0,0,0,0
220570,1,1,1997,0,0,0,0,0,0,0,0,0,3
220570,2,1,1997,0,0,0,0,0,0,0,0,0,0
220571,1,1,1997,12,10,0,20,0,22,35,0,24,0
220572,1,1,1997,0,0,14,0,0,0,0,0,0,14
220573,0,1,1997,12,12,12,12,12,12,12,12,12,12
220573,0,2,1997,0,0,0,0,0,0,0,0,0,0
220573,1,1,1997,0,0,0,0,0,0,0,0,0,0
220574,1,1,1997,5,5,5,5,5,5,5,5,5,5
220575,1,1,1997,0,0,0,0,0,0,0,0,0,0
220575,2,1,1997,0,0,0,0,20,19,0,0,24,0
220576,1,1,1997,0,4,0,0,0,0,0,42,0,0
220576,2,1,1997,0,0,0,0,0,0,0,0,0,0
220577,1,1,1997,0,0,0,0,0,0,0,0,0,0
220577,2,1,1997,0,0,0,0,0,0,0,0,0,0
220578,1,1,1997,0,0,0,0,0,0,0,0,0,0
220579,0,1,1997,0,0,24,11,5,29,14,16,27,18
220579,1,1,1997,0,0,0,0,0,0,0,0,0,0
220580,1,1,1997,2,2,2,2,2,2,2,2,2,2