ST_CASE,VEH_NO,PER_NO,YEAR,P1,P2,P3,P4,P5,P6,P7,P8,P9,P10
240115,1,1,1997,33,0,0,0,0,0,0,0,0,27
240116,1,1,1997,0,0,7,13,13,0,0,0,0,14
240117,1,1,1997,0,0,0,0,0,0,0,0,0,0
240117,2,1,1997,0,0,0,0,0,0,0,0,0,0
240118,1,1,1997,0,0,0,0,0,0,0,0,0,0
240118,2,1,1997,0,0,0,0,0,0,0,21,0,0
240118,3,1,1997,0,0,0,0,0,0,0,0,0,0
240119,1,1,1997,0,0,0,0,0,0,0,0,0,0
240119,2,1,1997,0,0,0,0,0,0,0,0,0,0
240120,1,1,1997,0,0,0,0,0,0,0,0,0,0
240120,2,1,1997,0,0,0,0,0,0,0,0,0,0
240121,0,1,1997,0,0,0,0,0,0,0,0,0,0
240121,1,1,1997,0,0,0,0,0,0,0,0,0,20
240122,1,1,1997,0,0,0,0,0,0,0,0,0,0
240122,2,1,1997,0,0,0,0,0,0,0,0,0,0
240123,1,1,1997,0,0,0,0,0,0,0,0,0,0
240123,2,1,1997,0,0,0,0,0,0,0,0,0,0
240124,1,1,1997,0,0,0,0,0,0,0,0,0,0
240124,2,1,1997,0,0,0,0,0,0,0,0,0,0
240124,3,1,1997,0,0,0,0,0,0,0,0,0,15
240125,1,1,1997,0,0,0,0,0,0,0,0,0,0
240126,1,1,1997,19,19,19,19,19,19,19,19,19,19
240127,1,1,1997,0,0,0,0,0,0,0,0,0,0
240128,1,1,1997,0,0,0,0,0,0,0,0,0,0
240128,2,1,1997,0,0,0,0,0,0,0,0,0,0
240128,3,1,1997,0,0,0,0,0,0,0,0,0,0
240128,4,1,1997,0,0,0,0,0,0,0,0,0,0
240129,0,1,1997,11,11,11,11,11,11,11,11,11,11
240129,1,1,1997,0,0,2,0,0,9,8,18,38,0
240130,1,1,1997,0,0,0,0,0,0,0,0,0,0
240130,2,1,1997,0,0,0,0,0,0,0,0,0,0
240131,1,1,1997,22,22,22,22,22,22,22,22,22,22
240132,1,1,1997,0,0,0,0,0,0,0,0,0,0
240132,2,1,1997,0,0,0,0,0,0,0,0,0,0
240132,3,1,1997,0,0,0,0,0,0,0,0,0,0
240133,0,1,1997,16,16,16,16,16,16,16,16,16,16
240133,1,1,1997,16,2,11,5,24,0,0,17,0,0
240134,1,1,1997,0,0,0,0,0,0,0,0,0,0
240135,1,1,1997,0,0,0,0,0,0,0,0,0,0
240135,2,1,1997,0,0,0,0,0,0,0,0,0,0
240136,1,1,1997,0,0,0,18,0,0,0,0,0,0
240137,1,1,1997,0,0,0,0,0,0,0,0,0,0
240138,0,1,1997,0,0,0,0,0,0,0,0,0,0
240138,1,1,1997,0,0,0,0,0,0,0,0,0,0
240139,0,1,1997,0,0,0,0,0,0,0,0,0,0
240139,1,1,1997,18,0,0,0,0,0,0,0,0,0
240140,1,1,1997,9,9,9,9,9,9,9,9,9,9
240141,1,1,1997,20,20,20,20,20,20,20,20,20,20
240142,1,1,1997,0,0,0,0,0,0,0,0,0,0
240142,2,1,1997,0,0,0,0,0,0,12,0,0,0
240143,0,1,1997,18,18,18,18,18,18,18,18,18,18
240143,1,1,1997,0,0,0,0,0,0,0,0,0,0
240144,1,1,1997,3,3,3,3,3,3,3,3,3,3
240144,2,1,1997,0,0,0,0,0,0,0,0,0,0
240145,1,1,1997,0,0,0,0,0,0,0,0,0,0
240146,1,1,1997,0,0,0,0,0,0,0,0,0,0
240147,0,1,1997,0,0,0,0,0,0,0,0,0,0
240147,1,1,1997,0,0,0,0,0,0,0,0,0,16
240148,1,1,1997,0,0,0,0,0,0,0,0,0,0
240148,2,1,1997,0,0,0,0,0,0,0,0,0,0
240149,0,1,1997,0,0,0,0,0,0,0,0,0,0
240149,1,1,1997,0,0,0,0,0,0,0,0,0,10
240150,1,1,1997,11,11,11,11,11,11,11,11,11,11
240151,1,1,1997,24,24,24,24,24,24,24,24,24,24
240152,1,1,1997,0,0,0,0,0,0,0,0,0,0
240153,1,1,1997,0,0,0,0,0,0,0,0,0,0
240154,1,1,1997,0,0,0,0,0,0,0,0,0,0
240154,2,1,1997,0,0,0,0,0,0,0,0,0,0
240155,1,1,1997,0,0,0,0,0,0,0,0,11,0
240155,2,1,1997,0,0,0,0,0,0,0,0,0,0
240155,3,1,1997,0,0,0,0,0,0,0,0,0,0
240155,4,1,1997,0,0,0,0,0,0,0,0,0,0
240156,1,1,1997,13,13,13,13,13,13,13,13,13,13
240156,2,1,1997,0,0,0,0,0,0,0,0,0,0
240157,1,1,1997,6,6,12,42,10,6,24,21,20,19
240158,1,1,1997,0,0,0,0,0,0,24,0,0,0
240159,1,1,1997,9,0,0,10,0,0,0,0,0,0
240159,2,1,1997,0,0,0,0,0,11,0,0,0,0
240160,1,1,1997,0,0,0,0,0,0,0,0,0,0
240160,2,1,1997,8,8,8,8,8,8,8,8,8,8
240161,0,1,1997,20,20,20,20,20,20,20,20,20,20
240161,1,1,1997,0,0,0,0,0,0,0,0,0,0
240162,1,1,1997,0,0,0,0,0,0,0,0,0,0
240162,2,1,1997,0,0,0,0,0,0,0,0,0,0
240163,1,1,1997,23,23,23,23,23,23,23,23,23,23
240164,1,1,1997,0,0,0,0,0,0,0,0,0,0
240165,1,1,1997,0,0,0,0,0,0,0,0,0,0
240165,2,1,1997,0,0,0,0,0,0,0,0,0,0
240166,1,1,1997,8,8,8,8,8,8,8,8,8,8
240166,2,1,1997,0,0,0,0,0,0,0,0,0,0
240167,1,1,1997,0,0,0,0,0,0,0,0,0,0
240168,1,1,1997,15,15,15,15,15,15,15,15,15,15
240169,1,1,1997,9,9,9,9,9,9,9,9,9,9
240170,1,1,1997,20,20,20,20,20,20,20,20,20,20
240171,1,1,1997,18,18,18,18,18,18,18,18,18,18
240172,1,1,1997,0,0,0,0,0,0,0,0,0,0
240173,1,1,1997,0,0,0,0,0,0,0,0,0,0
240174,1,1,1997,7,17,21,23,16,19,25,10,19,8
240175,1,1,1997,23,8,23,28,24,11,31,13,10,0
240176,1,1,1997,18,18,18,18,18,18,18,18,18,18
240177,1,1,1997,24,0,0,0,0,0,0,0,0,0
240178,1,1,1997,0,0,0,0,0,0,0,0,0,0
240179,1,1,1997,0,0,0,0,0,0,0,0,0,0
240179,2,1,1997,0,0,0,0,0,0,0,0,0,0
240180,1,1,1997,0,12,0,0,0,0,0,0,0,0
240180,2,1,1997,0,0,0,0,0,0,0,0,0,0
240180,3,1,1997,6,0,0,0,0,0,0,0,0,0
240181,1,2,1997,0,0,0,0,0,0,0,0,0,0
240181,2,1,1997,0,0,0,0,0,0,0,0,0,0
240181,3,1,1997,0,0,0,0,0,0,0,0,0,0
240182,1,1,1997,0,0,0,0,0,0,0,0,0,0
240183,0,1,1997,0,0,0,0,0,0,0,0,0,0
240183,1,1,1997,0,0,0,0,0,0,0,0,0,0
240184,1,1,1997,0,0,0,0,0,0,0,0,0,0
240184,2,1,1997,0,0,0,0,0,0,0,0,0,0
240185,1,1,1997,11,11,11,11,11,11,11,11,11,11
240186,1,1,1997,11,11,11,11,11,11,11,11,11,11
240187,1,1,1997,49,49,49,49,49,49,49,49,49,49
240188,1,1,1997,3,3,3,3,3,3,3,3,3,3
240188,2,1,1997,0,0,0,0,0,0,0,0,0,0
240188,3,1,1997,0,0,0,0,0,0,0,0,0,0
240188,4,1,1997,0,0,0,20,0,0,0,0,0,0
240188,5,1,1997,0,0,0,0,0,0,0,0,0,0
240189,1,1,1997,2,2,2,2,2,2,2,2,2,2
240189,2,1,1997,0,0,0,0,9,0,0,0,0,0
240190,0,1,1997,0,0,22,0,0,0,0,0,0,0
240190,1,1,1997,0,0,0,0,0,0,0,0,0,0
240191,1,1,1997,0,0,0,0,0,0,0,0,0,0
240191,2,1,1997,0,0,0,0,0,0,0,0,0,0
240192,1,1,1997,4,4,4,4,4,4,4,4,4,4
240193,1,1,1997,0,0,0,0,0,0,0,0,0,0
240193,2,1,1997,0,0,0,0,0,0,0,0,0,0
240194,0,1,1997,0,0,0,0,0,0,0,0,0,0
240194,1,1,1997,0,0,0,0,0,0,0,0,0,0
240195,1,1,1997,29,29,29,29,29,29,29,29,29,29
240196,1,1,1997,0,0,0,0,0,0,0,0,0,0
240196,2,1,1997,0,0,0,0,0,0,0,0,0,0
240197,1,1,1997,0,0,0,0,0,0,0,0,0,0
240197,2,1,1997,0,0,0,0,0,0,0,0,0,0
240198,0,1,1997,28,28,28,28,28,28,28,28,28,28
240198,1,1,1997,0,0,0,0,0,0,0,0,0,0
240199,1,1,1997,0,0,0,0,0,0,0,0,0,0
240200,0,1,1997,0,0,0,0,0,0,0,0,0,0
240200,1,1,1997,0,0,0,0,0,0,0,0,0,0
240201,1,1,1997,0,0,0,0,0,0,0,0,0,0
240201,2,1,1997,0,0,0,0,0,0,0,0,0,0
240202,1,1,1997,0,0,0,0,0,0,0,0,0,0
240203,1,1,1997,0,0,0,0,13,0,0,0,0,0
240203,2,1,1997,0,0,0,0,0,0,0,0,0,0
240203,3,1,1997,0,0,0,0,0,0,0,0,0,0
240204,1,1,1997,0,0,0,0,0,0,0,0,0,0
240204,2,1,1997,0,0,0,0,0,0,0,0,0,0
240205,0,1,1997,0,0,0,0,0,0,0,0,0,0
240205,1,1,1997,0,0,0,0,0,0,0,0,0,0
240206,1,1,1997,0,0,0,0,0,0,0,0,0,0
240206,2,1,1997,0,0,0,0,0,0,0,0,0,0
240206,3,1,1997,0,0,0,0,0,0,0,0,0,0
240207,1,1,1997,0,0,0,0,0,0,0,0,0,0
240208,1,1,1997,0,0,0,0,0,0,0,0,0,0
240209,1,1,1997,29,0,0,0,0,0,0,0,0,0
240209,2,1,1997,0,0,0,0,0,0,0,0,0,0
240210,1,1,1997,20,20,20,20,20,20,20,20,20,20
240210,2,1,1997,0,0,4,0,0,0,0,4,0,14
240211,1,1,1997,23,23,23,23,23,23,23,23,23,23
240212,1,1,1997,0,0,0,0,0,0,0,0,0,0
240213,1,1,1997,3,3,3,3,3,3,3,3,3,3
240214,1,1,1997,10,6,3,14,8,13,20,18,8,21
240215,1,1,1997,0,0,0,0,0,0,0,0,0,0
240216,1,1,1997,0,0,0,0,0,0,0,0,0,0
240216,2,1,1997,0,0,0,0,0,0,0,0,0,0
240216,3,1,1997,0,0,0,0,0,0,0,0,0,0
240216,4,1,1997,0,0,0,0,0,0,0,0,0,0
240217,1,1,1997,0,0,0,0,0,0,0,0,0,0
240217,2,1,1997,0,0,0,0,0,0,0,0,0,0
240218,1,1,1997,0,0,0,0,0,0,0,0,0,0
240218,2,1,1997,0,0,0,0,0,0,0,0,0,0
240218,3,1,1997,0,0,0,0,0,0,0,0,0,0
240219,1,1,1997,0,0,0,0,0,0,0,0,0,0
240219,2,1,1997,3,3,3,3,3,3,3,3,3,3
240220,1,1,1997,14,14,14,14,14,14,14,14,14,14
240221,1,1,1997,0,0,0,0,0,0,0,0,0,0
240221,2,1,1997,0,0,0,0,0,0,0,0,0,0
240222,1,1,1997,0,0,0,0,0,0,0,0,0,0
240222,2,1,1997,0,0,0,0,0,0,0,0,0,0
240223,1,1,1997,0,0,0,0,0,0,0,0,0,0
240223,2,1,1997,0,0,0,0,0,0,0,23,0,0
240224,1,1,1997,0,0,0,0,0,0,0,0,0,0
240224,2,1,1997,0,0,0,0,0,0,0,0,0,0
240225,1,1,1997,0,0,0,0,0,0,0,0,0,0
240226,1,1,1997,0,0,0,0,0,0,0,0,0,0
240227,1,1,1997,26,26,26,26,26,26,26,26,26,26
240227,2,1,1997,0,0,0,0,0,0,0,7,0,0
240228,1,1,1997,11,11,11,11,11,11,11,11,11,11
240229,1,1,1997,0,0,0,0,0,0,0,0,0,0
240230,1,1,1997,1,1,1,1,1,1,1,1,1,1
240230,2,1,1997,0,0,0,0,0,20,0,0,28,0
240230,3,1,1997,0,0,0,0,0,0,0,0,0,0
240231,1,1,1997,8,0,11,6,3,16,14,0,25,8
240232,1,1,1997,0,0,0,0,0,0,0,0,0,0
240232,2,1,1997,0,0,0,0,0,0,0,0,16,0
240233,1,1,1997,0,0,0,0,0,0,0,0,0,0
240233,2,1,1997,0,0,0,0,0,0,0,0,0,0
240234,1,1,1997,0,0,0,0,0,0,0,0,0,0
240234,2,1,1997,0,0,0,0,0,0,0,0,0,0
240235,1,1,1997,0,0,0,0,0,0,20,0,9,0
240235,2,1,1997,4,4,4,4,4,4,4,4,4,4
240235,3,1,1997,0,0,0,0,0,0,0,7,7,0
240235,4,1,1997,0,0,0,0,0,0,0,0,0,0
240235,5,1,1997,0,0,0,0,0,0,0,0,0,0
240236,1,1,1997,0,0,0,0,0,0,0,0,0,0
240236,2,1,1997,0,0,0,0,0,0,0,0,0,0
240237,1,1,1997,0,0,0,0,0,0,0,0,0,0
240237,2,1,1997,0,0,0,0,0,0,0,0,0,0
240238,0,1,1997,0,0,0,0,0,0,0,0,0,0
240238,0,2,1997,24,0,0,0,0,15,0,0,0,0
240238,1,1,1997,0,0,0,0,0,0,0,0,0,0
240239,1,1,1997,23,0,0,0,0,0,0,0,0,0
240239,2,1,1997,0,0,0,0,0,0,0,0,0,0
240240,0,1,1997,0,0,0,0,0,0,0,0,0,0
240240,1,1,1997,0,0,0,0,0,0,0,0,0,0
240241,0,1,1997,0,0,0,0,0,0,0,0,0,0
240241,1,1,1997,0,0,0,0,0,0,0,0,0,0
240241,2,1,1997,0,0,0,0,0,0,0,0,0,0
240242,1,1,1997,0,0,0,0,0,0,0,0,0,0
240243,1,1,1997,0,0,0,0,0,0,0,0,0,0
240243,2,1,1997,0,0,0,0,0,0,0,0,0,0
240244,0,1,1997,0,0,0,0,0,0,0,0,0,0
240244,1,1,1997,0,0,0,0,0,0,0,0,0,0
240245,1,1,1997,0,0,0,0,0,0,0,0,0,0
240245,2,1,1997,0,0,0,0,0,0,0,0,0,0
240246,0,1,1997,0,0,0,0,0,0,0,0,0,0
240246,1,1,1997,0,0,0,0,0,0,0,12,0,0
240247,1,1,1997,0,0,0,0,0,0,0,0,0,0
240248,0,1,1997,21,2,19,0,0,0,0,0,0,0
240250,1,1,1997,0,0,0,0,0,0,0,0,0,0
240250,2,1,1997,5,5,5,5,5,5,5,5,5,5
240251,0,1,1997,0,0,0,0,0,0,0,0,0,0
240251,1,1,1997,3,3,3,3,3,3,3,3,3,3
240252,1,1,1997,25,25,25,25,25,25,25,25,25,25
240253,1,1,1997,19,0,0,0,0,0,0,8,17,0
240254,1,1,1997,0,0,0,0,0,0,0,0,0,0
240254,2,1,1997,0,0,0,0,0,0,0,0,0,0
240255,0,1,1997,5,5,5,5,5,5,5,5,5,5
240255,1,1,1997,9,0,0,0,0,0,0,0,0,0
240256,1,1,1997,0,0,0,0,0,0,0,0,0,0
240256,2,1,1997,18,17,4,9,12,0,19,14,5,6
240256,3,1,1997,35,8,16,19,7,18,15,26,5,21
240257,0,1,1997,0,21,16,0,0,0,13,0,0,0
240257,1,1,1997,0,0,0,0,0,0,0,0,0,0
240257,2,1,1997,0,0,0,0,0,27,0,0,0,0
240258,1,1,1997,0,0,0,0,0,0,0,0,0,0
240259,1,1,1997,0,0,0,0,0,0,0,0,0,0
240259,2,1,1997,0,0,0,0,0,0,0,0,0,0
240260,1,1,1997,4,4,4,4,4,4,4,4,4,4
240260,2,1,1997,0,0,0,0,0,0,0,0,0,0
240260,3,1,1997,17,7,0,0,0,18,19,6,32,0
240260,4,1,1997,0,0,0,0,0,0,0,0,0,0
240260,5,1,1997,0,0,0,0,0,0,0,0,0,0
240261,1,1,1997,0,0,0,0,0,0,0,0,0,0
240262,0,1,1997,0,0,0,0,0,16,0,0,0,0
240262,1,1,1997,0,0,0,22,0,0,0,0,0,0
240263,0,1,1997,0,0,0,24,0,15,0,0,0,0
240263,0,2,1997,0,0,0,0,0,0,0,0,0,0
240263,1,1,1997,7,7,7,7,7,7,7,7,7,7
240264,1,1,1997,14,0,16,8,21,27,26,6,13,0
240265,1,1,1997,10,2,10,7,15,19,20,26,8,13
240265,2,1,1997,0,0,0,0,0,0,0,0,0,0
240265,3,1,1997,0,0,0,0,0,0,0,0,0,0
240265,4,1,1997,0,0,0,0,0,0,0,0,0,0
240266,1,1,1997,0,0,0,0,0,0,0,0,0,0
240266,2,1,1997,0,0,0,0,0,0,0,0,0,0
240267,1,1,1997,12,18,18,19,28,10,34,30,0,23
240267,2,1,1997,0,0,0,0,0,0,0,0,0,0
240268,1,1,1997,0,0,0,0,0,0,0,0,0,0
240268,2,1,1997,0,0,0,0,0,0,0,0,0,0
240268,3,1,1997,0,0,0,0,0,0,0,0,0,0
240268,4,1,1997,0,0,0,0,0,0,0,0,0,0
240268,5,1,1997,0,0,0,0,0,0,0,0,0,0
240268,6,1,1997,0,0,0,0,0,0,0,0,0,0
240268,7,1,1997,0,0,0,0,0,0,0,0,0,0
240268,8,1,1997,0,0,0,0,13,0,0,0,0,0
240269,1,1,1997,13,13,13,13,13,13,13,13,13,13
240269,2,1,1997,12,12,12,12,12,12,12,12,12,12
240270,1,1,1997,0,0,0,0,0,0,9,0,0,0
240270,2,1,1997,0,0,0,0,0,0,0,0,0,0
240271,1,1,1997,0,0,0,0,0,0,0,0,0,0
240271,2,1,1997,0,0,0,0,0,0,0,0,0,0
240272,1,1,1997,0,0,0,0,0,0,0,0,0,0
240273,1,1,1997,0,0,0,8,0,0,0,0,15,23
240274,1,1,1997,0,0,0,0,0,0,0,0,0,0
240274,2,1,1997,0,0,0,0,0,0,0,0,0,0
240275,1,1,1997,0,0,0,0,0,0,0,0,0,0
240276,0,1,1997,23,23,23,23,23,23,23,23,23,23
240276,1,1,1997,13,13,13,13,13,13,13,13,13,13
240277,1,1,1997,0,0,0,0,0,0,0,0,0,0
240277,2,1,1997,0,0,0,0,0,0,0,0,0,0
240278,1,1,1997,0,0,0,0,0,0,0,0,0,0
240278,2,1,1997,0,0,0,0,0,0,0,0,0,0
240279,1,1,1997,0,0,0,0,0,0,0,0,0,0
240279,2,1,1997,0,0,0,0,0,0,0,7,0,0
240280,1,1,1997,0,0,0,0,0,0,0,0,0,0
240280,2,1,1997,0,0,0,0,0,0,0,0,0,0
240281,0,1,1997,0,0,0,0,0,0,0,0,0,0
240281,1,1,1997,0,0,0,0,0,0,0,0,0,0
240282,1,1,1997,0,0,0,0,0,0,0,0,0,0
240283,1,1,1997,0,0,0,0,0,0,0,0,0,0
240283,2,1,1997,0,0,0,0,10,0,0,0,0,0
240284,1,1,1997,22,21,14,7,20,17,20,16,27,19
240285,1,1,1997,0,0,0,0,0,0,0,0,0,0
240285,2,1,1997,0,0,0,0,0,0,0,0,0,0
240286,1,1,1997,0,0,0,0,0,0,0,0,0,0
240287,1,1,1997,0,0,0,0,0,9,0,0,0,0
240287,2,1,1997,0,0,0,0,0,0,0,0,0,0
240288,1,1,1997,7,7,7,7,7,7,7,7,7,7
240288,2,1,1997,11,11,11,11,11,11,11,11,11,11
240288,3,1,1997,0,0,0,0,0,0,0,0,0,0
240289,1,1,1997,0,0,0,0,0,0,0,0,0,0
240289,2,1,1997,0,0,0,0,0,0,0,0,0,0
240289,3,1,1997,0,0,0,0,0,0,0,0,0,0
240290,0,1,1997,10,10,10,10,10,10,10,10,10,10
240290,1,1,1997,25,7,6,10,12,9,0,4,9,11
240291,1,1,1997,0,0,0,0,0,0,0,0,0,0
240291,2,1,1997,0,0,0,0,0,0,0,0,0,0
240292,1,1,1997,0,0,0,0,0,0,0,0,0,0
240292,2,1,1997,0,0,0,0,0,0,0,0,0,0
240293,0,1,1997,0,0,0,0,0,0,0,0,0,0
240293,1,1,1997,0,0,0,0,0,0,0,0,0,0
240294,0,1,1997,0,0,0,0,0,0,0,0,0,0
240294,1,1,1997,0,0,0,0,0,0,0,0,0,0
240295,0,1,1997,21,21,21,21,21,21,21,21,21,21
240295,1,1,1997,0,0,0,0,0,0,0,0,0,0
240296,0,1,1997,0,0,0,0,0,0,0,0,0,0
240296,1,1,1997,0,0,0,0,0,0,0,0,0,0
240297,0,1,1997,7,7,7,7,7,7,7,7,7,7
240297,1,1,1997,0,0,0,0,0,0,0,0,0,0
240298,1,1,1997,8,17,14,19,13,8,18,5,22,22
240298,2,1,1997,4,23,20,12,25,12,22,9,0,36
240298,3,1,1997,0,0,0,0,0,0,0,0,0,0
240299,1,1,1997,0,0,18,0,0,0,0,0,0,0
240299,2,1,1997,0,0,0,0,0,0,0,0,0,0
240299,3,1,1997,0,0,0,0,0,0,0,0,0,0
240300,0,1,1997,18,18,18,18,18,18,18,18,18,18
240300,1,1,1997,0,0,0,0,0,0,0,0,0,0
240301,0,1,1997,0,0,0,0,0,0,0,0,0,0
240301,1,1,1997,0,0,0,0,0,0,0,0,0,0
240302,1,1,1997,0,0,0,0,0,0,0,0,0,0
240302,2,1,1997,0,0,0,0,0,0,0,0,0,0
240303,1,1,1997,0,0,0,0,0,0,0,0,0,0
240303,2,1,1997,0,0,0,0,0,0,0,0,0,0
240303,3,1,1997,0,0,0,0,0,0,0,0,0,0
240304,1,1,1997,0,0,0,0,0,0,0,0,0,0
240304,2,1,1997,0,0,0,0,0,0,0,0,0,0
240304,3,1,1997,0,12,0,0,0,0,0,0,0,0
240305,0,1,1997,22,22,22,22,22,22,22,22,22,22
240305,1,1,1997,0,0,0,0,0,0,14,0,0,0
240306,1,1,1997,0,0,0,0,0,0,0,0,0,0
240307,1,1,1997,24,26,19,24,20,10,0,23,0,32
240307,2,1,1997,17,17,17,17,17,17,17,17,17,17
240308,1,1,1997,10,10,10,10,10,10,10,10,10,10
240309,1,1,1997,9,13,17,7,4,26,25,10,13,10
240310,1,1,1997,0,0,0,0,0,0,0,0,0,0
240310,2,1,1997,0,0,0,0,0,0,0,0,0,0
240311,1,1,1997,0,0,0,0,0,0,0,0,0,0
240312,1,1,1997,5,5,5,5,5,5,5,5,5,5
240312,2,1,1997,0,0,0,0,0,0,0,0,0,0
240313,1,1,1997,25,25,25,25,25,25,25,25,25,25
240313,2,1,1997,0,0,0,0,0,0,0,0,0,0
240314,1,1,1997,0,0,0,0,0,19,0,0,19,0
240315,1,1,1997,0,0,0,0,0,0,0,0,0,0
240315,2,1,1997,0,0,0,0,0,0,0,0,0,0
240316,0,1,1997,0,0,0,0,0,0,0,0,0,0
240316,1,1,1997,0,0,0,0,0,0,0,0,0,0
240316,2,1,1997,0,0,0,0,0,0,0,0,0,0
240316,3,1,1997,0,0,0,0,0,0,0,0,0,0
240317,1,1,1997,0,0,0,0,0,0,0,0,0,0
240318,0,1,1997,2,2,2,2,2,2,2,2,2,2
240318,1,1,1997,2,2,2,2,2,2,2,2,2,2
240319,1,1,1997,15,16,17,26,17,17,18,23,20,23
240319,2,1,1997,0,0,0,0,0,0,0,0,0,0
240320,1,1,1997,0,0,0,0,0,0,0,0,0,0
240322,1,1,1997,17,17,17,17,17,17,17,17,17,17
240323,1,1,1997,0,0,0,0,0,0,0,0,0,0
240323,2,1,1997,0,0,0,0,0,0,0,0,0,0
240324,1,1,1997,0,0,0,0,0,0,0,0,0,0
240325,0,1,1997,0,0,0,0,0,0,0,0,0,0
240325,1,1,1997,0,0,0,0,0,0,0,0,0,0
240326,1,1,1997,0,0,0,0,0,0,0,0,0,0
240326,2,1,1997,0,0,0,0,0,0,0,0,0,0
240327,1,1,1997,26,26,26,26,26,26,26,26,26,26
240328,1,1,1997,11,18,15,13,0,5,8,5,15,11
240328,2,1,1997,0,0,0,0,0,0,0,0,0,0
240329,0,1,1997,0,0,0,0,0,0,0,0,0,0
240329,1,1,1997,3,3,3,3,3,3,3,3,3,3
240330,1,1,1997,0,0,0,0,0,0,0,0,0,0
240330,2,1,1997,0,0,0,0,0,0,0,0,0,0
240331,1,1,1997,0,0,0,0,0,0,0,0,0,0
240332,0,1,1997,0,0,0,0,0,0,0,0,0,0
240332,1,1,1997,0,0,0,0,0,0,0,0,0,0
240333,1,1,1997,0,0,0,8,0,0,0,0,0,0
240333,2,1,1997,0,0,0,0,0,0,0,0,0,0
240334,1,1,1997,0,0,0,0,0,0,0,0,0,0
240334,2,1,1997,0,0,0,0,0,17,0,0,0,0
240335,0,1,1997,0,0,0,0,0,0,0,0,0,0
240335,1,1,1997,7,14,8,5,12,14,10,16,11,18
240336,1,1,1997,0,0,0,0,0,0,0,0,0,0
240336,2,1,1997,0,0,20,0,0,0,0,0,0,0
240337,0,1,1997,0,0,0,0,0,0,27,0,0,17
240337,1,1,1997,20,0,0,0,0,0,0,0,0,0
240338,0,1,1997,0,0,0,0,0,0,0,0,0,0
240338,1,1,1997,0,0,0,0,0,0,0,0,0,0
240339,1,1,1997,0,0,0,0,0,0,0,0,0,0
240339,2,1,1997,0,0,0,0,0,0,0,0,0,0
240340,1,1,1997,0,0,0,0,0,0,0,0,0,0
240340,2,1,1997,0,0,0,0,0,0,0,0,0,0
240341,1,1,1997,0,0,0,0,0,0,0,0,0,0
240341,2,1,1997,0,0,0,0,0,0,0,0,0,0
240342,1,1,1997,21,21,21,21,21,21,21,21,21,21
240343,1,1,1997,0,0,0,0,0,0,0,0,0,0
240343,2,1,1997,0,0,0,0,0,0,0,0,0,0
240344,1,1,1997,0,0,0,0,0,0,0,0,0,0
240345,1,1,1997,19,19,19,19,19,19,19,19,19,19
240346,1,1,1997,0,0,13,0,0,0,0,0,0,0
240346,2,1,1997,0,0,0,0,0,0,0,0,0,0
240347,1,1,1997,0,0,0,0,0,0,0,0,0,0
240347,2,1,1997,0,14,0,0,0,0,0,0,0,0
240347,3,1,1997,0,0,0,0,0,0,0,0,0,0
240348,1,1,1997,0,0,0,16,0,0,0,0,0,0
240348,2,1,1997,6,6,6,6,6,6,6,6,6,6
240349,1,1,1997,6,6,6,6,6,6,6,6,6,6
240350,1,1,1997,16,16,16,16,16,16,16,16,16,16
240351,1,1,1997,1,1,1,1,1,1,1,1,1,1
240352,0,1,1997,21,41,25,28,22,24,21,19,7,19
240352,1,1,1997,0,0,0,0,0,0,0,0,0,0
240353,1,1,1997,0,0,0,0,0,0,0,0,0,0
240353,2,1,1997,0,0,0,0,0,0,0,0,0,0
240354,1,1,1997,0,0,0,0,0,0,0,0,6,0
240354,2,1,1997,0,0,0,0,0,0,0,0,0,0
240355,0,1,1997,0,0,0,0,0,0,0,0,0,0
240355,1,1,1997,0,0,0,0,0,0,0,0,0,0
240356,1,1,1997,27,27,27,27,27,27,27,27,27,27
240357,1,1,1997,0,0,0,0,0,0,0,0,0,0
240357,2,1,1997,0,0,0,0,0,0,0,0,0,0
240358,1,1,1997,0,0,0,0,0,0,0,0,0,0
240359,1,1,1997,28,28,28,28,28,28,28,28,28,28
240360,1,1,1997,15,15,15,15,15,15,15,15,15,15
240361,1,1,1997,0,0,0,0,0,0,0,0,0,0
240362,1,1,1997,0,0,0,0,0,0,0,0,0,0
240362,2,1,1997,0,0,0,0,0,0,0,0,0,0
240363,1,1,1997,8,0,15,8,15,11,4,13,10,15
240363,2,1,1997,0,0,0,0,0,0,0,0,0,0
240364,0,1,1997,2,2,2,2,2,2,2,2,2,2
240364,1,1,1997,0,0,0,0,0,0,0,0,0,0
240365,0,1,1997,0,0,0,0,0,0,0,0,0,0
240365,1,1,1997,0,0,0,0,0,0,0,0,0,0
240366,0,1,1997,0,0,0,0,0,0,0,0,0,0
240366,1,1,1997,0,0,0,0,0,0,0,0,0,0
240367,1,1,1997,0,0,0,0,0,0,0,0,0,0
240367,2,1,1997,0,0,0,0,0,0,0,0,0,0
240368,1,1,1997,0,0,0,0,0,0,0,0,0,0
240368,2,1,1997,0,0,0,0,0,21,0,0,0,0
240369,1,1,1997,0,0,0,0,0,0,0,0,0,0
240369,2,1,1997,16,0,0,0,0,0,0,0,0,0
240370,1,1,1997,0,0,0,0,0,0,0,0,0,0