ST_CASE,VEH_NO,PER_NO,YEAR,P1,P2,P3,P4,P5,P6,P7,P8,P9,P10
250062,1,1,1997,0,14,18,0,0,0,0,9,0,0
250063,1,1,1997,0,0,0,0,0,0,0,0,0,0
250064,1,1,1997,6,6,6,6,6,6,6,6,6,6
250064,2,1,1997,4,11,0,0,0,0,0,0,9,0
250064,3,1,1997,0,0,0,0,0,0,0,0,12,0
250065,0,1,1997,0,0,0,0,0,0,0,0,0,0
250065,1,1,1997,0,0,0,0,0,0,0,0,0,0
250066,1,1,1997,14,14,14,14,14,14,14,14,14,14
250067,1,1,1997,16,16,16,16,16,16,16,16,16,16
250068,1,1,1997,0,0,0,0,0,0,0,0,0,0
250069,1,1,1997,8,8,8,8,8,8,8,8,8,8
250070,0,1,1997,26,26,26,26,26,26,26,26,26,26
250070,1,1,1997,17,13,0,0,0,0,0,0,34,0
250071,1,1,1997,22,20,12,10,21,16,15,22,28,10
250071,2,1,1997,22,14,0,0,0,17,0,9,6,0
250071,3,1,1997,0,0,0,0,0,0,10,0,0,0
250072,1,1,1997,0,0,0,0,0,0,0,0,0,0
250073,1,1,1997,0,0,0,0,0,0,0,0,0,0
250074,1,1,1997,0,0,0,0,0,0,0,0,0,0
250075,1,1,1997,0,0,0,0,0,0,0,0,0,0
250075,2,1,1997,0,0,0,0,0,0,0,0,0,0
250076,1,1,1997,24,24,24,24,24,24,24,24,24,24
250076,2,1,1997,21,26,0,28,0,8,0,29,0,30
250077,1,1,1997,0,0,0,0,0,0,0,0,0,0
250077,2,1,1997,0,0,0,0,0,0,0,0,0,0
250077,3,1,1997,0,0,0,0,21,0,0,0,0,0
250078,0,1,1997,0,0,0,0,0,0,0,0,0,0
250078,1,1,1997,0,0,0,0,0,0,0,0,0,0
250078,2,1,1997,22,22,22,22,22,22,22,22,22,22
250079,1,1,1997,0,10,30,22,27,0,11,0,0,24
250080,1,1,1997,13,13,13,13,13,13,13,13,13,13
250081,1,1,1997,10,10,10,10,10,10,10,10,10,10
250082,0,1,1997,10,10,10,10,10,10,10,10,10,10
250082,0,2,1997,17,0,7,41,8,0,0,0,0,0
250082,0,3,1997,15,5,0,0,0,9,0,18,35,0
250082,1,1,1997,0,26,0,0,0,22,23,0,14,16
250083,1,1,1997,0,0,0,0,0,0,6,0,0,0
250084,1,1,1997,0,0,0,0,0,0,0,0,0,0
250085,1,1,1997,29,29,29,29,29,29,29,29,29,29
250086,1,1,1997,0,0,0,0,0,0,0,0,0,0
250087,1,1,1997,0,0,0,0,0,0,0,0,0,0
250088,0,1,1997,0,0,0,0,0,0,0,0,0,0
250088,1,1,1997,0,0,20,0,41,0,0,0,0,0
250089,1,1,1997,0,0,3,0,0,0,0,0,4,9
250090,1,1,1997,11,19,18,0,16,21,28,29,17,9
250090,2,1,1997,0,0,0,0,0,0,0,0,0,0
250091,0,1,1997,18,18,18,18,18,18,18,18,18,18
250091,1,1,1997,10,9,10,22,0,21,10,15,27,13
250092,1,1,1997,4,4,4,4,4,4,4,4,4,4
250093,0,1,1997,0,0,0,0,0,0,0,0,0,0
250093,1,1,1997,0,15,0,0,0,0,0,0,0,0
250094,1,1,1997,20,16,0,7,30,15,25,21,14,13
250095,1,1,1997,0,0,0,0,19,0,0,0,0,0
250095,2,1,1997,0,0,0,0,0,0,0,12,0,0
250096,0,1,1997,0,0,0,0,0,0,0,0,0,0
250096,1,1,1997,0,0,0,0,0,0,0,0,11,0
250097,0,1,1997,0,0,0,0,0,0,0,0,0,0
250097,1,1,1997,0,0,0,0,0,9,0,0,13,0
250098,1,1,1997,17,0,0,0,0,0,0,13,8,12
250099,1,1,1997,0,0,0,0,0,0,0,0,0,0
250099,2,1,1997,0,0,0,0,0,0,0,0,0,0
250099,3,1,1997,0,0,0,0,0,0,0,0,0,0
250099,4,1,1997,0,0,0,0,0,0,0,0,0,0
250100,0,1,1997,0,0,0,0,0,0,0,0,0,0
250100,1,1,1997,0,0,0,0,0,0,19,0,3,0
250101,1,1,1997,24,7,0,0,0,0,0,0,0,0
250101,2,1,1997,13,13,13,13,13,13,13,13,13,13
250102,0,1,1997,0,0,0,0,0,0,0,0,0,0
250102,1,1,1997,0,17,0,0,0,0,0,0,0,0
250103,1,1,1997,0,0,0,0,0,0,0,0,0,0
250103,2,1,1997,7,7,7,7,7,7,7,7,7,7
250104,1,1,1997,3,0,0,0,24,0,0,0,0,0
250104,2,1,1997,0,0,0,0,0,0,0,0,0,0
250105,1,1,1997,0,0,0,0,0,0,0,0,0,0
250105,2,1,1997,0,0,0,0,0,0,0,0,0,0
250106,1,1,1997,0,0,0,0,0,0,0,0,0,0
250107,1,1,1997,0,0,0,0,0,13,0,0,0,8
250107,2,1,1997,2,2,2,2,2,2,2,2,2,2
250108,1,1,1997,18,18,18,18,18,18,18,18,18,18
250109,1,1,1997,20,20,20,20,20,20,20,20,20,20
250110,1,1,1997,27,27,27,27,27,27,27,27,27,27
250111,1,1,1997,0,0,0,0,0,0,0,0,0,0
250112,1,1,1997,24,24,24,24,24,24,24,24,24,24
250113,1,1,1997,0,0,0,0,0,0,0,0,0,0
250113,2,1,1997,0,0,0,0,0,0,0,0,0,0
250114,1,1,1997,43,0,22,0,15,0,22,0,15,0
250115,1,1,1997,22,22,22,22,22,22,22,22,22,22
250117,1,1,1997,0,0,0,0,0,0,0,0,0,0
250117,2,1,1997,11,2,0,0,10,7,0,0,0,22
250118,1,1,1997,0,0,0,0,0,0,0,0,0,0
250118,2,1,1997,0,0,0,0,0,0,0,0,0,0
250119,1,1,1997,0,0,0,0,0,0,0,0,0,0
250119,2,1,1997,0,0,0,0,0,0,0,0,0,0
250119,3,1,1997,0,0,0,0,0,0,0,0,0,0
250120,1,1,1997,0,0,0,0,0,0,0,0,0,0
250120,2,1,1997,0,0,0,0,0,0,0,0,0,0
250121,1,1,1997,14,14,14,14,14,14,14,14,14,14
250122,1,1,1997,2,2,2,2,2,2,2,2,2,2
250123,1,1,1997,0,0,0,0,0,0,0,0,0,0
250124,0,1,1997,36,36,36,36,36,36,36,36,36,36
250124,1,1,1997,0,0,0,0,0,0,0,0,0,0
250125,1,1,1997,0,0,0,0,0,0,0,0,0,0
250126,0,1,1997,0,0,0,0,0,0,0,0,0,0
250126,1,1,1997,0,8,0,0,0,0,0,10,9,0
250127,1,1,1997,15,15,15,15,15,15,15,15,15,15
250128,1,1,1997,23,23,23,23,23,23,23,23,23,23
250129,1,1,1997,22,22,22,22,22,22,22,22,22,22
250130,1,1,1997,0,0,0,0,0,0,0,0,0,0
250130,2,1,1997,0,0,0,0,0,0,0,0,0,0
250131,1,1,1997,0,0,0,0,0,0,0,0,0,0
250131,2,1,1997,0,0,0,0,0,16,0,0,0,0
250132,0,1,1997,0,0,0,0,0,0,0,0,0,0
250132,1,1,1997,0,0,0,0,0,18,0,0,0,0
250133,0,1,1997,0,0,0,0,0,0,0,0,0,0
250133,1,1,1997,14,0,0,29,0,0,0,0,0,19
250134,1,1,1997,0,0,0,0,0,0,0,0,0,0
250135,1,1,1997,0,0,0,0,0,0,0,0,0,0
250135,2,1,1997,0,0,0,0,0,0,0,17,0,6
250136,1,1,1997,16,16,16,16,16,16,16,16,16,16
250137,1,1,1997,0,0,0,0,0,0,0,0,0,0
250137,2,1,1997,0,0,0,0,0,0,0,0,0,0
250138,1,1,1997,0,0,0,0,0,0,0,0,0,0
250139,0,1,1997,0,0,0,0,0,0,0,0,0,0
250139,1,1,1997,5,0,15,0,0,0,0,18,0,0
250139,2,1,1997,0,15,0,12,0,12,0,0,0,0
250140,1,1,1997,0,0,0,0,0,0,0,0,0,21
250140,2,1,1997,13,0,10,0,0,0,0,0,0,0
250140,3,1,1997,0,0,0,0,0,0,10,0,0,0
250140,4,1,1997,0,0,0,0,0,0,19,0,0,0
250140,5,1,1997,0,0,7,0,0,0,0,0,11,0
250141,1,1,1997,17,17,17,17,17,17,17,17,17,17
250141,2,1,1997,0,0,11,0,0,0,0,0,0,0
250142,1,1,1997,0,0,0,0,25,0,0,0,0,0
250143,0,1,1997,17,17,17,17,17,17,17,17,17,17
250143,1,1,1997,0,0,0,0,0,0,0,0,0,0
250144,1,1,1997,11,11,11,11,11,11,11,11,11,11
250144,2,1,1997,0,0,0,0,0,0,0,0,0,0
250145,1,1,1997,10,25,13,26,0,19,0,6,0,17
250146,1,1,1997,0,0,0,0,0,0,0,0,0,0
250147,1,1,1997,0,23,0,27,0,0,0,0,0,0
250148,1,1,1997,23,0,0,27,0,32,0,0,0,0
250149,1,1,1997,0,0,0,0,0,0,0,0,0,0
250149,2,1,1997,0,0,0,20,0,0,0,0,0,0
250150,1,1,1997,23,23,23,23,23,23,23,23,23,23
250151,1,1,1997,10,0,3,16,0,9,6,4,5,0
250151,2,1,1997,0,0,0,0,0,0,0,0,0,0
250152,1,1,1997,13,26,0,0,0,10,0,0,0,15
250152,2,1,1997,0,0,0,0,0,0,0,2,0,0
250152,3,1,1997,0,0,0,0,0,0,0,0,0,0
250153,1,1,1997,0,0,29,0,0,0,0,0,0,14
250153,2,1,1997,3,0,0,0,0,17,0,0,0,0
250154,1,1,1997,0,0,0,0,0,0,0,14,0,0
250155,1,1,1997,0,0,0,0,0,0,0,0,0,0
250156,0,1,1997,0,0,0,0,0,0,0,0,0,0
250156,1,1,1997,0,0,0,11,0,0,0,0,0,0
250157,1,1,1997,0,0,0,0,0,0,0,20,0,18
250158,1,1,1997,11,6,6,5,9,0,11,0,4,7
250159,1,1,1997,30,30,30,30,30,30,30,30,30,30
250160,0,1,1997,0,0,0,0,0,0,0,0,0,0
250160,1,1,1997,0,0,0,22,0,0,0,0,0,9
250161,1,1,1997,0,0,0,0,0,0,0,0,0,0
250161,2,1,1997,0,0,0,0,0,0,0,0,0,0
250162,1,1,1997,0,0,0,0,0,0,0,0,0,0
250163,1,1,1997,0,0,0,0,0,0,0,0,0,0
250163,2,1,1997,20,13,19,14,15,8,24,11,10,30
250164,1,1,1997,0,0,0,0,13,0,0,0,0,0
250164,2,1,1997,0,0,0,0,0,0,0,21,0,0
250165,0,1,1997,0,0,0,0,0,0,0,0,0,0
250165,1,1,1997,0,0,0,10,0,0,0,0,0,0
250166,1,1,1997,17,17,17,17,17,17,17,17,17,17
250167,1,1,1997,10,0,0,9,9,0,0,0,20,0
250167,2,1,1997,22,12,0,15,15,7,16,19,0,0
250168,1,1,1997,10,10,10,10,10,10,10,10,10,10
250168,2,1,1997,0,0,0,0,0,0,0,0,0,0
250169,0,1,1997,0,0,0,0,0,0,0,0,0,0
250169,1,1,1997,0,0,0,0,0,0,0,19,0,19
250170,0,1,1997,8,8,8,8,8,8,8,8,8,8
250170,1,1,1997,18,24,24,0,0,0,0,13,0,18
250171,1,1,1997,2,2,2,2,2,2,2,2,2,2
250171,2,1,1997,13,0,0,0,0,0,0,0,24,0
250172,1,1,1997,1,1,1,1,1,1,1,1,1,1
250172,2,1,1997,0,0,0,0,6,0,2,0,0,0
250172,3,1,1997,0,0,0,33,0,0,0,0,0,0
250173,1,1,1997,0,0,0,0,0,0,0,0,0,0
250174,1,1,1997,0,0,0,0,0,0,0,0,0,0
250174,2,1,1997,0,0,0,0,0,0,0,0,0,0
250175,1,1,1997,0,13,0,0,0,0,0,0,0,0
250175,2,1,1997,14,0,0,0,0,0,18,0,16,13
250176,1,1,1997,0,0,0,0,0,0,0,0,0,0
250176,2,1,1997,0,0,0,0,19,0,8,0,0,0
250177,1,1,1997,5,5,5,5,5,5,5,5,5,5
250178,0,1,1997,11,11,11,11,11,11,11,11,11,11
250178,1,1,1997,0,0,0,0,8,7,5,0,0,0
250179,1,1,1997,0,0,0,0,0,0,0,0,0,0
250179,2,1,1997,0,0,0,0,0,0,0,0,0,0
250181,1,1,1997,0,0,0,0,0,0,0,0,5,0
250181,2,1,1997,0,12,0,0,0,0,19,0,10,0
250183,0,1,1997,0,0,0,0,0,0,0,0,0,0
250183,1,1,1997,0,0,0,0,0,0,0,0,0,0
250184,1,1,1997,0,0,0,0,0,0,0,7,0,9
250185,0,1,1997,15,0,0,0,0,0,0,0,0,0
250185,1,1,1997,0,0,0,0,0,0,0,0,0,0
250186,0,1,1997,0,0,0,0,0,0,0,0,0,0
250186,1,1,1997,0,0,22,0,0,0,0,0,0,0
250187,1,1,1997,0,0,0,0,0,0,0,0,0,0
250188,1,1,1997,0,0,0,0,0,0,0,0,0,0
250188,2,1,1997,15,7,17,12,19,0,43,5,11,16
250189,1,1,1997,14,15,20,0,18,19,23,14,10,12
250190,1,1,1997,0,0,0,0,0,0,0,0,0,0
250191,1,1,1997,0,0,0,0,0,0,0,0,0,0
250192,1,1,1997,34,12,21,7,28,7,19,11,19,5
250192,2,1,1997,0,0,0,0,0,0,0,0,0,0
250193,1,1,1997,0,0,0,0,0,0,0,0,0,0
250193,2,1,1997,0,0,0,0,0,0,0,0,0,0
250194,0,1,1997,0,0,0,0,0,0,0,0,0,0
250194,1,1,1997,0,0,0,0,0,0,0,0,0,0
250196,1,1,1997,11,0,19,15,0,8,0,0,0,19
250196,2,1,1997,14,14,14,14,14,14,14,14,14,14
250197,1,1,1997,0,0,0,0,0,0,0,0,0,0
250197,2,1,1997,0,0,0,0,0,0,0,0,0,0
250197,3,1,1997,0,0,0,0,0,0,0,0,0,4
250197,4,1,1997,0,0,0,0,0,0,0,0,0,0
250198,1,1,1997,20,13,13,0,17,16,15,15,0,5
250198,2,1,1997,0,0,0,0,0,0,0,0,0,0
250199,1,1,1997,0,0,0,0,0,0,0,0,0,0
250199,2,1,1997,0,0,0,0,0,0,0,0,0,0
250200,1,1,1997,0,0,0,0,0,0,0,0,17,14
250202,1,1,1997,0,0,0,0,0,0,0,0,0,0
250203,0,1,1997,0,0,0,0,0,0,0,0,0,0
250203,1,1,1997,0,0,0,0,0,0,14,0,5,0
250204,1,1,1997,6,6,6,6,6,6,6,6,6,6
250205,0,1,1997,0,0,0,0,0,0,0,0,0,0
250205,1,1,1997,0,0,0,0,0,0,0,0,0,0
250206,1,1,1997,0,0,0,0,0,0,0,0,0,0
250207,1,1,1997,0,0,0,0,0,0,0,0,0,0
250208,0,1,1997,21,21,21,21,21,21,21,21,21,21
250208,1,1,1997,0,0,0,0,0,0,0,0,0,0
250209,0,1,1997,2,2,2,2,2,2,2,2,2,2
250209,1,1,1997,0,0,0,0,0,6,0,0,0,0
250210,1,1,1997,24,24,24,24,24,24,24,24,24,24
250211,0,1,1997,0,0,0,0,0,0,0,0,0,0
250211,1,1,1997,0,0,0,0,0,0,0,0,0,0
250212,1,1,1997,20,13,6,10,5,9,12,10,6,36
250212,2,1,1997,0,0,9,0,12,0,0,0,0,8
250213,1,1,1997,26,0,0,0,0,0,11,0,11,13
250214,1,1,1997,0,0,0,0,0,0,0,0,0,0
250215,1,1,1997,0,0,0,0,0,0,0,0,0,0
250215,2,1,1997,0,0,0,0,0,0,0,0,0,0
250216,1,1,1997,0,0,0,0,0,0,0,0,0,0
250216,2,1,1997,0,0,4,0,0,0,0,26,0,0
250218,1,1,1997,0,0,0,0,0,0,0,0,0,0
250219,1,1,1997,8,13,17,18,4,15,17,7,5,10
250220,1,1,1997,9,9,9,9,9,9,9,9,9,9
250221,1,1,1997,0,0,0,0,0,0,0,0,0,0
250222,1,1,1997,7,14,20,23,4,17,15,9,16,15
250223,1,1,1997,12,12,12,12,12,12,12,12,12,12
250224,0,1,1997,0,0,14,0,27,0,9,0,0,0
250224,1,1,1997,0,0,0,0,0,0,0,0,0,0
250225,1,1,1997,0,0,0,0,0,0,7,0,0,0
250226,1,1,1997,0,0,0,0,0,0,0,0,0,0
250226,2,1,1997,0,0,0,0,0,0,0,0,0,0
250227,1,1,1997,0,0,0,0,0,0,0,2,0,0
250227,2,1,1997,14,20,5,5,13,9,24,4,15,10
250227,3,1,1997,0,0,0,0,0,0,0,0,0,0
250228,0,1,1997,0,0,0,0,0,0,0,0,5,0
250228,1,1,1997,0,0,0,0,0,0,0,0,0,0
250229,1,1,1997,0,12,0,21,15,8,11,28,33,0
250231,0,1,1997,30,30,30,30,30,30,30,30,30,30
250231,1,1,1997,0,0,0,0,7,0,0,0,0,0
250232,1,1,1997,0,0,0,0,0,0,0,0,0,0
250232,2,1,1997,0,0,0,0,0,0,12,19,0,0
250233,0,1,1997,3,3,3,3,3,3,3,3,3,3
250233,1,1,1997,0,4,0,0,3,20,0,7,15,0
250234,0,1,1997,30,30,30,30,30,30,30,30,30,30
250234,1,1,1997,0,0,28,0,0,0,0,0,0,0
250235,1,1,1997,0,0,0,0,0,0,0,0,0,0
250236,0,1,1997,0,0,0,0,0,0,0,0,0,0
250236,1,1,1997,0,0,0,0,0,0,0,0,0,0
250237,1,1,1997,27,19,7,19,15,24,18,28,4,3
250238,1,1,1997,23,23,23,23,23,23,23,23,23,23
250239,1,1,1997,0,0,0,0,0,0,0,0,0,0
250239,2,1,1997,0,0,0,0,0,0,0,0,0,0
250240,1,1,1997,0,0,0,0,0,0,0,0,0,11
250241,1,1,1997,0,0,0,0,0,0,0,0,0,0
250241,2,1,1997,0,0,0,0,0,0,0,0,0,0
250242,1,1,1997,0,0,0,0,0,0,0,0,0,0
250243,0,1,1997,17,17,17,17,17,17,17,17,17,17
250243,1,1,1997,0,0,0,0,0,0,0,0,0,0
250244,1,1,1997,0,0,0,0,16,34,0,0,0,33
250244,2,1,1997,0,0,0,0,0,0,0,0,0,0
250244,3,1,1997,0,0,7,0,0,0,0,0,0,0
250245,1,1,1997,3,3,3,3,3,3,3,3,3,3
250245,2,1,1997,0,0,0,0,0,9,8,11,0,0
250246,1,1,1997,0,0,0,0,0,0,0,0,0,0
250246,2,1,1997,0,0,0,0,0,0,0,0,0,0
250247,1,1,1997,0,0,0,0,0,0,0,0,0,0
250248,1,1,1997,0,0,14,0,13,0,0,0,0,0
250248,2,1,1997,0,0,0,0,0,0,0,0,0,0
250249,1,1,1997,26,26,26,26,26,26,26,26,26,26
250250,0,1,1997,0,0,0,0,0,0,0,0,0,0
250250,1,1,1997,0,0,0,17,0,0,0,0,0,0
250251,1,1,1997,0,0,0,0,0,0,0,0,0,0
250251,2,1,1997,0,0,0,0,0,0,0,0,0,0
250252,1,1,1997,0,0,0,18,0,0,2,0,0,0
250253,1,1,1997,18,18,18,18,18,18,18,18,18,18
250254,1,1,1997,2,18,15,16,5,16,25,8,20,18
250255,1,1,1997,0,0,0,0,0,0,0,0,0,0
250255,2,1,1997,21,21,21,21,21,21,21,21,21,21
250256,1,1,1997,0,0,0,0,0,0,0,0,0,0
250256,2,1,1997,0,0,0,0,0,0,0,0,0,0
250257,0,1,1997,14,14,14,14,14,14,14,14,14,14
250257,1,1,1997,0,0,0,14,17,20,19,17,0,12
250258,1,1,1997,0,0,0,0,0,0,0,0,0,0
250258,2,1,1997,0,0,20,0,0,0,0,0,0,0
250259,1,1,1997,0,0,0,0,0,0,0,0,0,0
250259,2,1,1997,0,0,0,0,0,0,0,0,0,0
250260,1,1,1997,0,0,0,0,0,0,0,0,0,0
250260,2,1,1997,0,0,0,0,0,0,0,0,0,0
250261,0,1,1997,0,0,0,0,0,0,0,0,0,0
250261,1,1,1997,0,0,0,0,0,0,0,0,0,0
250262,1,1,1997,0,10,0,0,0,0,23,0,0,0
250263,1,1,1997,0,0,0,0,0,0,0,0,0,0
250263,2,1,1997,0,6,14,0,0,0,0,0,16,24
250264,0,1,1997,0,0,0,0,0,0,0,0,0,0
250264,1,1,1997,0,0,0,0,7,0,0,0,0,0
250265,1,1,1997,0,0,0,0,0,0,0,0,0,0
250265,2,1,1997,0,0,0,0,0,0,0,0,0,0
250266,0,1,1997,18,18,18,18,18,18,18,18,18,18
250266,1,1,1997,0,0,0,0,0,0,0,0,0,0
250266,2,1,1997,0,0,0,0,0,0,0,0,0,0
250267,1,1,1997,0,0,0,0,0,0,0,0,0,0
250267,2,1,1997,0,0,0,0,0,0,0,0,0,0
250267,3,1,1997,0,0,0,8,0,0,0,0,0,0
250268,1,1,1997,22,10,13,4,14,21,33,16,23,0
250269,1,1,1997,26,20,0,0,11,0,17,0,0,22
250270,1,1,1997,0,0,0,0,0,0,0,0,0,0
250270,2,1,1997,0,0,0,0,0,0,0,0,0,0
250271,1,1,1997,16,0,0,16,0,14,0,0,0,0
250271,2,1,1997,0,0,0,0,0,0,0,0,0,0
250272,0,1,1997,0,0,0,0,0,0,0,0,0,0
250272,1,1,1997,0,0,0,0,0,0,0,0,0,0
250273,1,1,1997,0,0,0,0,0,0,0,0,0,0
250273,2,1,1997,0,0,0,16,7,0,0,0,0,0
250274,1,1,1997,0,0,0,0,0,0,0,0,0,0
250274,2,1,1997,0,0,0,0,0,0,0,0,0,0
250276,1,1,1997,6,6,6,6,6,6,6,6,6,6
250277,0,1,1997,13,0,0,0,9,0,22,0,11,0
250277,1,1,1997,0,0,0,0,0,0,0,0,0,0
250278,1,1,1997,5,14,16,11,0,0,0,6,0,0
250279,1,1,1997,24,24,24,24,24,24,24,24,24,24
250280,1,1,1997,0,0,0,0,0,0,0,0,0,0
250281,1,1,1997,0,0,0,0,0,0,0,0,0,0
250282,1,1,1997,0,0,0,0,0,0,14,0,0,0
250282,2,1,1997,11,0,0,0,0,0,0,0,0,0
250283,1,1,1997,0,0,0,0,0,0,0,0,0,0
250284,0,1,1997,0,0,0,0,0,0,0,0,0,0
250284,1,1,1997,18,0,16,0,0,0,0,20,0,0
250285,1,1,1997,13,35,17,16,3,0,26,13,4,9
250286,0,1,1997,0,0,0,0,0,0,0,0,0,0
250286,1,1,1997,0,15,0,14,0,0,15,0,0,15
250287,1,1,1997,0,0,0,0,0,0,0,0,0,0
250288,1,1,1997,0,0,0,0,0,0,0,0,0,0
250289,1,1,1997,0,0,0,0,0,0,0,0,0,0
250289,2,1,1997,18,18,18,18,18,18,18,18,18,18
250290,1,1,1997,10,0,4,21,9,14,4,15,10,6
250290,2,1,1997,4,0,20,6,0,6,0,20,0,27
250291,1,1,1997,0,0,0,0,0,0,0,0,0,0
250292,1,1,1997,0,0,0,0,0,0,0,0,0,0
250292,2,1,1997,0,0,0,0,0,0,0,0,0,0
250293,1,1,1997,21,21,21,21,21,21,21,21,21,21
250294,1,1,1997,0,0,0,0,0,0,0,0,0,0
250295,1,1,1997,19,24,0,11,0,13,18,16,0,12
250295,2,1,1997,0,0,0,0,0,0,0,0,0,0
250297,1,1,1997,0,0,0,0,0,0,0,0,0,0
250297,2,1,1997,0,0,0,0,0,0,0,0,0,0
250297,3,1,1997,0,0,25,0,0,0,0,0,0,0
250298,0,1,1997,18,18,18,18,18,18,18,18,18,18
250298,1,1,1997,0,0,0,0,0,0,14,0,0,0
250299,1,1,1997,0,0,0,0,0,0,0,0,0,0
250299,2,1,1997,0,0,7,0,0,0,0,0,0,0
250300,1,1,1997,0,22,10,0,15,14,2,10,45,7
250300,2,1,1997,22,22,22,22,22,22,22,22,22,22
250301,1,1,1997,0,0,0,0,0,0,0,0,0,0
250302,1,1,1997,1,1,1,1,1,1,1,1,1,1
250303,1,1,1997,3,0,14,9,17,13,29,29,14,19
250304,1,1,1997,3,3,3,3,3,3,3,3,3,3
250305,1,1,1997,0,0,0,0,0,0,0,0,0,0
250305,2,1,1997,0,0,0,0,0,0,0,0,0,0
250305,3,1,1997,0,0,0,0,17,0,0,0,0,0
250305,4,1,1997,0,0,0,0,0,0,0,0,0,0
250306,1,1,1997,0,0,0,0,0,0,0,0,0,0
250307,0,1,1997,0,0,0,0,0,0,0,0,0,0
250307,1,1,1997,0,0,15,0,0,0,0,0,0,0
250308,1,1,1997,0,0,0,0,0,0,0,0,0,0
250309,1,1,1997,0,0,0,0,0,0,0,0,0,0
250309,2,1,1997,11,0,13,0,22,0,19,16,0,0
250309,3,1,1997,0,0,0,18,0,0,0,0,0,0
250310,1,1,1997,17,0,0,0,0,0,0,0,0,0
250311,1,1,1997,4,4,4,4,4,4,4,4,4,4
250312,1,1,1997,17,17,17,17,17,17,17,17,17,17
250312,2,1,1997,0,13,0,0,0,0,0,0,0,0
250313,1,1,1997,0,0,0,0,0,0,0,0,0,0
250313,2,1,1997,0,0,12,0,0,0,0,0,0,0
250314,1,1,1997,1,1,1,1,1,1,1,1,1,1
250315,1,1,1997,1,1,1,1,1,1,1,1,1,1
250316,1,1,1997,0,0,0,0,0,0,0,0,0,0
250316,2,1,1997,15,15,27,16,15,22,15,0,14,6
250317,1,1,1997,0,0,0,0,0,0,0,0,0,0
250317,2,1,1997,0,0,0,0,0,0,0,0,0,0
250318,1,1,1997,18,18,18,18,18,18,18,18,18,18
250319,0,1,1997,23,23,23,23,23,23,23,23,23,23
250319,0,2,1997,25,13,0,13,0,0,27,0,17,25
250319,1,1,1997,13,13,13,13,13,13,13,13,13,13
250320,0,1,1997,0,0,0,0,0,0,0,0,0,0
250320,1,1,1997,5,15,6,26,0,28,6,27,18,28
250321,1,1,1997,0,0,0,0,0,0,0,0,15,0
250321,2,1,1997,0,0,0,0,0,0,0,0,7,0
250321,3,1,1997,3,3,3,3,3,3,3,3,3,3
250321,4,1,1997,0,0,0,0,0,0,0,0,0,0
250322,0,1,1997,0,0,0,0,0,0,0,0,0,0
250322,1,1,1997,0,0,0,0,0,0,0,0,0,0
250323,1,1,1997,22,22,22,22,22,22,22,22,22,22
250324,1,1,1997,10,10,10,10,10,10,10,10,10,10
250324,2,1,1997,0,0,0,0,0,0,0,0,0,0
250325,0,1,1997,0,0,0,0,0,0,0,0,0,0
250325,1,1,1997,0,0,0,0,0,0,13,0,0,0
250326,1,1,1997,31,14,0,11,11,21,0,30,25,28
250327,1,1,1997,20,20,20,20,20,20,20,20,20,20
250328,0,1,1997,0,0,0,0,0,0,17,0,0,0
250328,1,1,1997,0,0,0,0,0,0,0,0,0,0
250329,1,1,1997,21,21,21,21,21,21,21,21,21,21
250330,0,1,1997,0,0,0,0,0,13,0,0,0,0
250330,0,2,1997,9,0,0,0,0,0,0,3,0,0
250330,1,1,1997,0,0,0,0,0,0,0,0,0,18
250331,1,1,1997,0,0,0,0,0,0,0,0,0,0
250331,2,1,1997,0,0,0,0,0,0,0,0,0,0
250332,1,1,1997,0,0,0,0,0,0,0,0,0,0
250332,2,1,1997,0,0,0,0,0,0,0,0,0,0
250333,1,1,1997,0,0,0,0,0,0,0,0,0,0
250335,1,1,1997,29,29,29,29,29,29,29,29,29,29
250336,1,1,1997,0,9,0,0,0,0,0,0,0,0
250336,2,1,1997,1,1,1,1,1,1,1,1,1,1
250337,0,1,1997,0,0,0,0,0,0,0,0,0,0
250337,1,1,1997,0,0,17,0,0,0,0,0,0,0
250338,0,1,1997,0,0,0,0,0,0,0,0,0,0
250338,1,1,1997,26,26,26,26,26,26,26,26,26,26
250339,1,1,1997,0,0,0,0,0,0,0,0,0,0
250340,1,1,1997,0,0,0,0,0,0,0,0,0,0
250340,2,1,1997,0,0,0,0,0,0,0,0,0,0
250341,1,1,1997,0,0,0,0,0,0,0,0,0,0
250342,1,1,1997,33,33,33,33,33,33,33,33,33,33
250343,0,1,1997,1,1,1,1,1,1,1,1,1,1
250343,1,1,1997,0,0,0,0,0,0,0,0,0,0
250344,1,1,1997,0,0,0,0,0,0,0,0,0,0
250344,2,1,1997,0,0,0,0,0,0,0,0,0,0