ST_CASE,VEH_NO,PER_NO,YEAR,P1,P2,P3,P4,P5,P6,P7,P8,P9,P10
260187,2,1,1997,0,0,0,0,0,0,0,0,0,0
260188,1,1,1997,12,12,12,12,12,12,12,12,12,12
260189,1,1,1997,12,12,12,12,12,12,12,12,12,12
260190,1,1,1997,0,0,0,0,0,0,0,0,0,0
260190,2,1,1997,0,0,0,0,0,0,0,0,0,0
260191,0,1,1997,23,23,23,23,23,23,23,23,23,23
260191,1,1,1997,0,0,0,0,0,0,0,0,0,0
260192,0,1,1997,0,0,0,0,0,0,0,0,0,0
260192,1,1,1997,0,0,0,0,0,0,0,0,0,0
260193,1,1,1997,0,0,0,0,0,0,0,0,0,0
260194,1,1,1997,0,0,0,0,0,0,0,0,0,0
260194,2,1,1997,0,0,0,0,0,0,0,0,0,0
260194,3,1,1997,0,0,0,0,0,0,0,0,0,0
260194,4,1,1997,0,0,0,0,0,0,0,0,0,0
260195,1,1,1997,0,0,0,0,0,0,0,0,0,0
260196,0,1,1997,0,0,0,0,0,0,0,0,0,0
260196,1,1,1997,0,0,0,0,0,0,0,0,0,0
260197,1,1,1997,0,0,0,0,0,0,0,0,0,0
260198,1,1,1997,0,0,0,0,0,0,0,0,0,0
260198,2,1,1997,0,0,0,0,0,0,0,0,0,0
260199,1,1,1997,0,0,0,0,0,0,0,0,0,0
260199,2,1,1997,0,0,0,0,0,0,0,0,0,0
260200,1,1,1997,0,0,0,0,0,0,0,0,0,0
260200,2,1,1997,0,0,0,0,0,0,0,0,0,0
260201,1,1,1997,0,0,0,0,0,0,0,0,0,0
260202,1,1,1997,0,0,0,0,0,0,0,0,0,0
260202,2,1,1997,0,0,0,0,0,0,0,0,0,0
260202,3,1,1997,0,0,0,0,0,0,0,0,0,0
260203,1,1,1997,10,10,10,10,10,10,10,10,10,10
260203,2,1,1997,0,0,0,0,0,0,0,0,0,0
260204,1,1,1997,0,0,0,0,0,0,0,0,0,0
260204,2,1,1997,0,0,0,0,0,0,0,0,0,0
260205,1,1,1997,0,0,0,0,0,0,0,0,0,0
260205,2,1,1997,1,1,1,1,1,1,1,1,1,1
260206,1,1,1997,0,0,0,0,0,0,0,0,0,0
260206,2,1,1997,0,0,0,0,0,0,0,0,0,0
260206,3,1,1997,0,0,0,0,0,0,0,0,0,0
260206,4,1,1997,0,0,0,0,0,0,0,0,0,0
260207,1,1,1997,17,17,17,17,17,17,17,17,17,17
260208,1,1,1997,19,19,19,19,19,19,19,19,19,19
260209,1,1,1997,24,24,24,24,24,24,24,24,24,24
260210,1,1,1997,0,0,0,0,0,0,0,0,0,0
260210,2,1,1997,0,0,0,0,0,0,0,0,0,0
260210,3,1,1997,0,0,0,0,0,0,0,0,0,0
260211,1,1,1997,0,0,0,0,0,0,0,0,0,0
260211,2,1,1997,0,0,0,0,0,0,0,0,0,0
260212,0,1,1997,0,0,0,0,0,0,0,0,0,0
260212,1,1,1997,0,0,0,0,0,0,0,0,0,0
260213,1,1,1997,0,0,0,0,0,0,0,0,0,0
260213,2,1,1997,0,0,0,0,0,0,0,0,0,0
260213,3,1,1997,0,0,0,0,0,0,0,0,0,0
260214,1,1,1997,0,0,0,0,0,0,0,0,0,0
260214,2,1,1997,0,0,0,0,0,0,0,0,0,0
260215,1,1,1997,0,0,0,0,0,0,0,0,0,0
260215,2,1,1997,0,0,0,0,0,0,0,0,0,0
260217,1,1,1997,20,20,20,20,20,20,20,20,20,20
260218,0,1,1997,10,10,0,0,0,0,17,0,0,0
260218,0,2,1997,0,0,0,0,0,0,0,0,0,0
260218,1,1,1997,0,0,0,0,0,0,0,0,0,0
260219,1,1,1997,0,0,0,0,0,0,0,0,0,0
260220,1,1,1997,15,20,0,33,28,20,10,17,18,13
260222,1,1,1997,0,0,0,0,0,0,0,0,0,0
260222,2,1,1997,26,0,0,0,0,0,0,0,0,0
260223,1,1,1997,0,0,0,0,0,0,0,0,0,0
260224,1,1,1997,0,0,0,0,0,0,0,0,0,0
260225,1,1,1997,26,26,26,26,26,26,26,26,26,26
260225,2,1,1997,0,0,0,0,0,0,0,0,0,0
260225,3,1,1997,0,0,0,0,0,0,0,0,0,0
260226,1,1,1997,7,15,0,0,17,18,12,0,0,20
260226,2,1,1997,15,0,18,0,0,0,0,0,18,0
260227,1,1,1997,0,0,0,0,0,0,0,0,0,0
260227,2,1,1997,0,0,0,0,0,0,0,0,0,0
260228,1,1,1997,0,0,0,0,0,0,0,0,0,0
260229,0,1,1997,0,0,0,0,0,0,0,0,0,0
260229,1,1,1997,0,0,0,0,0,0,0,0,0,0
260230,1,1,1997,0,0,0,0,0,0,0,0,0,0
260230,2,1,1997,0,0,0,0,0,0,0,0,0,0
260231,1,1,1997,0,0,0,0,0,0,0,0,0,0
260231,2,1,1997,0,0,0,0,0,0,0,0,0,0
260232,1,1,1997,20,20,20,20,20,20,20,20,20,20
260233,0,1,1997,0,0,0,0,0,0,0,0,0,0
260233,1,1,1997,0,19,0,0,15,0,0,0,0,0
260233,2,1,1997,0,0,0,0,0,6,0,0,0,0
260234,0,1,1997,0,0,0,0,0,0,0,0,0,0
260234,1,1,1997,0,0,0,0,0,0,0,0,0,0
260235,1,1,1997,0,0,0,0,0,0,0,0,0,0
260235,2,1,1997,0,0,0,0,0,0,0,0,0,0
260236,1,1,1997,0,0,0,0,0,0,0,0,0,0
260237,1,1,1997,22,22,22,22,22,22,22,22,22,22
260237,2,1,1997,12,12,12,12,12,12,12,12,12,12
260238,1,1,1997,0,0,0,0,0,0,0,0,0,0
260238,2,1,1997,0,0,0,0,0,0,0,0,0,0
260239,1,1,1997,0,0,0,0,0,0,0,0,0,0
260239,2,1,1997,0,0,0,0,0,0,0,0,0,0
260241,1,1,1997,18,18,18,18,18,18,18,18,18,18
260241,2,1,1997,0,0,0,0,0,0,0,0,0,0
260242,0,1,1997,0,0,0,0,0,0,0,0,0,0
260242,1,1,1997,0,0,0,0,0,0,0,0,0,0
260243,1,1,1997,0,2,0,0,0,0,0,0,0,0
260243,2,1,1997,0,0,0,0,0,0,0,0,0,0
260244,1,1,1997,0,0,0,0,0,0,0,0,0,0
260245,1,1,1997,0,0,0,0,0,0,0,0,0,0
260246,0,1,1997,0,0,0,0,0,0,0,0,0,0
260246,1,1,1997,0,0,0,0,0,36,0,38,0,0
260247,1,1,1997,0,0,0,0,0,0,0,0,0,0
260247,2,1,1997,0,0,0,0,0,0,0,0,0,0
260248,1,1,1997,7,10,0,11,19,0,19,0,25,0
260248,2,1,1997,0,0,0,0,0,0,0,0,0,0
260249,1,1,1997,11,11,11,11,11,11,11,11,11,11
260250,1,1,1997,0,0,0,0,0,0,0,0,0,0
260250,2,1,1997,0,0,0,0,0,4,0,0,0,0
260251,1,1,1997,11,11,11,11,11,11,11,11,11,11
260252,1,1,1997,0,0,0,0,0,0,0,0,0,0
260252,2,1,1997,0,0,0,0,0,0,0,0,0,0
260253,1,1,1997,0,0,0,0,0,0,0,0,0,0
260253,2,1,1997,0,0,0,0,0,0,0,0,0,0
260253,3,1,1997,0,0,0,0,0,0,0,0,13,0
260253,4,1,1997,0,0,0,0,0,0,0,0,0,0
260254,1,1,1997,0,0,0,0,0,0,0,0,0,0
260254,2,1,1997,0,0,0,0,0,0,0,0,0,0
260255,1,1,1997,17,22,6,14,24,19,19,5,21,6
260256,1,1,1997,23,23,23,23,23,23,23,23,23,23
260257,1,1,1997,0,0,0,0,0,0,0,0,0,0
260257,2,1,1997,0,0,0,0,0,0,0,0,0,0
260258,1,1,1997,0,0,0,0,0,0,0,0,0,0
260258,2,1,1997,0,0,0,0,0,0,0,0,0,0
260259,1,1,1997,0,0,0,0,0,0,0,0,0,0
260259,2,1,1997,0,0,0,0,0,0,0,0,0,0
260260,1,1,1997,0,0,0,0,0,0,0,0,0,0
260260,2,1,1997,0,0,0,0,0,0,0,0,0,0
260261,1,1,1997,10,0,19,13,9,14,11,13,19,13
260262,1,1,1997,0,0,0,0,0,0,0,0,0,0
260262,2,1,1997,0,0,0,0,0,0,0,0,0,0
260263,1,1,1997,35,32,14,27,18,35,37,35,20,0
260264,1,1,1997,16,16,16,16,16,16,16,16,16,16
260265,1,1,1997,0,0,0,0,0,0,0,0,0,0
260265,2,1,1997,0,0,0,0,0,0,0,0,0,0
260266,1,1,1997,0,0,0,0,0,0,0,0,0,0
260267,1,1,1997,0,0,0,0,0,0,0,0,0,0
260268,1,1,1997,0,0,0,0,0,0,0,0,0,0
260268,2,1,1997,0,0,0,0,0,0,0,0,0,0
260268,3,1,1997,0,0,0,0,0,0,0,0,0,0
260268,4,1,1997,0,0,0,0,0,0,0,0,0,0
260268,5,1,1997,0,0,0,0,0,0,0,0,0,0
260269,1,1,1997,25,25,25,25,25,25,25,25,25,25
260270,1,1,1997,0,0,0,0,0,0,0,0,0,0
260270,2,1,1997,0,0,0,0,0,0,0,0,0,0
260271,1,1,1997,21,21,21,21,21,21,21,21,21,21
260272,0,1,1997,0,0,0,0,0,0,0,0,0,0
260272,1,1,1997,0,0,0,0,0,0,0,0,0,0
260274,0,1,1997,15,15,15,15,15,15,15,15,15,15
260274,1,1,1997,0,0,0,0,0,18,0,0,0,0
260275,1,1,1997,0,0,0,0,0,0,0,0,0,0
260275,2,1,1997,0,0,0,16,0,24,0,0,0,0
260276,1,1,1997,0,0,0,0,0,0,0,0,0,0
260276,2,1,1997,0,0,0,0,6,0,20,0,0,0
260277,1,1,1997,19,0,0,8,30,0,0,0,0,0
260277,2,1,1997,0,0,12,0,0,0,0,0,0,0
260278,1,1,1997,5,8,14,18,0,16,0,15,11,18
260278,2,1,1997,0,0,0,0,0,0,0,0,0,0
260279,0,1,1997,19,19,19,19,19,19,19,19,19,19
260279,1,1,1997,0,0,0,0,0,21,35,15,0,0
260280,1,1,1997,0,0,0,0,0,0,0,18,0,0
260280,2,1,1997,0,0,0,0,0,0,0,0,0,0
260281,1,1,1997,0,0,0,0,0,0,0,0,0,0
260281,2,1,1997,0,0,0,0,0,0,0,0,0,0
260282,1,1,1997,0,0,0,0,0,0,0,0,0,0
260283,1,1,1997,0,0,0,0,0,0,0,0,0,0
260283,2,1,1997,0,0,0,0,0,0,0,0,0,0
260284,1,1,1997,11,11,11,11,11,11,11,11,11,11
260284,2,1,1997,0,0,0,0,0,0,0,0,0,0
260285,1,1,1997,0,0,0,0,0,0,0,0,0,0
260285,2,1,1997,0,0,0,0,0,0,0,0,0,0
260286,1,1,1997,20,17,0,13,22,32,24,22,21,19
260287,1,1,1997,18,18,18,18,18,18,18,18,18,18
260288,1,1,1997,21,21,21,21,21,21,21,21,21,21
260289,1,1,1997,0,0,0,0,0,0,0,0,0,0
260289,2,1,1997,0,0,0,0,0,0,0,0,0,0
260290,1,1,1997,0,0,0,0,0,0,0,0,0,0
260290,2,1,1997,0,0,0,0,0,25,0,0,0,0
260291,1,1,1997,0,0,0,0,0,0,0,14,0,0
260291,2,1,1997,0,0,0,0,0,0,0,0,10,0
260292,1,1,1997,21,21,21,21,21,21,21,21,21,21
260292,2,1,1997,0,0,0,11,20,0,0,0,0,0
260293,1,1,1997,0,0,0,0,0,0,0,0,0,0
260294,1,1,1997,15,15,15,15,15,15,15,15,15,15
260295,1,1,1997,14,15,24,25,17,3,26,15,16,23
260297,1,1,1997,0,0,0,0,0,0,0,0,0,0
260297,2,1,1997,0,0,0,0,0,0,0,0,0,0
260298,1,1,1997,0,0,0,0,0,0,0,0,0,0
260298,2,1,1997,0,0,0,0,0,22,0,0,0,9
260299,1,1,1997,26,26,26,26,26,26,26,26,26,26
260299,2,1,1997,0,0,0,0,0,0,0,0,0,0
260300,0,1,1997,0,0,0,0,0,0,0,0,0,0
260300,1,1,1997,0,0,0,0,0,0,0,0,0,0
260301,1,1,1997,0,0,0,0,0,0,0,0,0,0
260302,1,1,1997,0,0,0,0,0,0,0,0,0,0
260303,1,1,1997,18,18,18,18,18,18,18,18,18,18
260304,1,1,1997,15,15,15,15,15,15,15,15,15,15
260304,2,1,1997,0,0,0,0,0,0,0,0,0,0
260305,1,1,1997,23,23,23,23,23,23,23,23,23,23
260306,0,1,1997,23,23,23,23,23,23,23,23,23,23
260306,1,1,1997,0,0,0,0,0,0,0,0,0,0
260307,0,1,1997,22,22,22,22,22,22,22,22,22,22
260307,1,1,1997,0,0,0,0,0,0,0,0,0,0
260308,0,1,1997,0,0,0,0,0,0,0,0,0,0
260308,1,1,1997,0,0,0,0,0,0,0,0,0,0
260309,1,1,1997,0,0,0,0,0,0,0,0,0,0
260309,2,1,1997,0,0,0,0,0,0,0,0,0,0
260309,3,1,1997,0,0,0,0,0,0,0,0,0,0
260310,1,1,1997,32,32,32,32,32,32,32,32,32,32
260311,1,1,1997,0,0,0,0,0,0,0,0,0,0
260312,1,1,1997,0,0,0,0,0,0,0,0,0,0
260313,1,1,1997,0,0,0,0,0,0,0,0,0,0
260313,2,1,1997,0,0,0,0,0,0,0,0,0,0
260313,3,1,1997,0,0,0,0,0,0,0,0,0,0
260314,1,1,1997,16,16,16,16,16,16,16,16,16,16
260315,1,1,1997,1,1,1,1,1,1,1,1,1,1
260316,1,1,1997,0,0,0,0,0,0,0,0,0,0
260316,2,1,1997,6,12,12,0,0,0,0,0,0,0
260317,1,1,1997,0,0,0,0,0,0,0,0,0,0
260317,2,1,1997,0,0,0,0,0,0,0,0,0,0
260318,0,1,1997,0,0,0,0,0,0,0,0,0,0
260318,1,1,1997,0,0,0,0,0,0,0,0,0,0
260319,1,1,1997,0,0,0,0,0,0,0,0,0,0
260320,0,1,1997,0,0,0,0,0,0,0,0,0,0
260320,1,1,1997,0,0,0,0,0,0,0,0,0,0
260321,1,1,1997,0,0,0,0,0,0,0,0,0,0
260322,0,1,1997,0,0,33,0,36,0,21,12,9,15
260322,1,1,1997,20,0,0,28,0,18,0,17,0,0
260322,2,1,1997,0,0,10,0,0,0,0,0,0,0
260323,1,1,1997,15,15,15,15,15,15,15,15,15,15
260323,2,1,1997,0,32,0,33,21,0,17,0,0,0
260324,0,1,1997,24,24,24,24,24,24,24,24,24,24
260324,1,1,1997,0,0,0,0,0,0,0,0,0,0
260325,0,1,1997,0,0,0,0,0,0,0,0,0,0
260325,1,1,1997,0,0,0,0,0,0,0,0,0,0
260326,0,1,1997,0,0,0,0,0,0,0,0,0,0
260326,1,1,1997,0,0,0,0,0,0,0,0,0,0
260327,1,1,1997,0,0,0,0,0,0,0,0,0,0
260327,2,1,1997,0,0,0,0,0,0,0,0,0,0
260328,1,1,1997,0,0,0,0,0,0,0,0,0,0
260328,2,1,1997,0,0,0,0,0,0,0,0,0,0
260329,1,1,1997,0,0,0,0,0,0,0,0,0,0
260329,2,1,1997,0,0,0,0,0,0,0,0,0,0
260330,1,1,1997,0,0,0,0,16,0,0,0,0,0
260330,2,1,1997,0,0,0,0,0,0,0,0,0,0
260331,1,1,1997,0,0,0,0,0,0,0,0,0,0
260331,2,1,1997,0,0,0,0,0,0,0,0,0,0
260332,1,1,1997,4,4,4,4,4,4,4,4,4,4
260332,2,1,1997,0,0,0,0,0,0,0,0,0,0
260332,3,1,1997,0,0,0,0,0,0,0,0,0,0
260333,1,1,1997,0,0,0,0,0,0,0,0,0,0
260333,2,1,1997,0,0,0,0,0,0,0,0,0,0
260334,1,1,1997,29,29,29,29,29,29,29,29,29,29
260335,1,1,1997,13,13,13,13,13,13,13,13,13,13
260336,1,1,1997,0,0,0,0,0,0,0,0,0,0
260337,0,1,1997,0,0,0,0,0,0,0,0,0,0
260337,1,1,1997,8,8,8,8,8,8,8,8,8,8
260338,1,1,1997,0,0,0,0,0,0,0,0,0,0
260339,1,1,1997,0,0,0,0,0,0,0,0,0,0
260339,2,1,1997,0,0,0,0,0,0,0,0,0,0
260339,3,1,1997,0,0,0,0,0,0,0,0,0,0
260340,1,1,1997,0,0,0,0,0,0,0,0,0,0
260340,2,1,1997,0,0,0,0,0,0,0,0,0,0
260340,3,1,1997,0,0,0,0,0,0,0,0,4,0
260341,0,1,1997,0,0,0,0,0,0,0,0,0,0
260341,1,1,1997,14,14,14,14,14,14,14,14,14,14
260342,1,1,1997,0,0,0,0,0,0,0,0,0,0
260343,1,1,1997,0,0,0,0,0,0,0,0,0,0
260343,2,1,1997,0,0,0,0,0,0,0,0,0,0
260344,1,1,1997,29,24,22,15,4,13,14,15,25,15
260345,0,1,1997,0,0,0,0,0,0,0,0,0,0
260345,1,1,1997,0,0,0,0,0,0,0,0,0,0
260346,1,1,1997,25,25,25,25,25,25,25,25,25,25
260347,1,1,1997,12,12,12,12,12,12,12,12,12,12
260347,2,1,1997,0,0,0,0,0,0,0,0,0,0
260347,3,1,1997,0,0,0,0,0,0,0,0,0,0
260348,1,1,1997,0,0,0,0,0,0,0,0,0,0
260348,2,1,1997,13,13,13,13,13,13,13,13,13,13
260348,3,1,1997,0,0,15,0,0,0,0,0,0,0
260349,1,1,1997,5,5,15,13,10,11,12,9,30,11
260349,2,1,1997,0,0,0,0,0,0,0,0,0,0
260350,1,1,1997,25,25,25,25,25,25,25,25,25,25
260350,2,1,1997,0,0,0,0,0,0,0,0,0,0
260350,3,1,1997,0,0,0,0,0,0,0,0,0,0
260351,1,1,1997,0,0,0,0,0,0,0,0,0,0
260352,1,1,1997,0,0,0,0,0,0,0,0,0,0
260352,2,1,1997,0,0,0,0,0,0,0,0,0,0
260353,1,1,1997,0,0,0,0,0,0,0,0,19,0
260354,1,1,1997,0,0,0,0,0,0,0,0,0,0
260354,2,1,1997,0,0,0,0,0,0,0,0,0,0
260355,1,1,1997,23,23,23,23,23,23,23,23,23,23
260356,1,1,1997,14,14,14,14,14,14,14,14,14,14
260356,2,1,1997,0,0,0,0,0,0,0,0,0,0
260357,1,1,1997,4,4,4,4,4,4,4,4,4,4
260357,2,1,1997,0,0,0,0,0,0,0,0,0,0
260358,1,1,1997,14,14,14,14,14,14,14,14,14,14
260358,2,1,1997,0,0,0,0,0,0,0,0,0,0
260359,1,1,1997,13,0,0,10,13,0,0,0,16,0
260360,1,1,1997,0,0,0,0,0,0,0,0,0,0
260361,1,1,1997,10,10,10,10,10,10,10,10,10,10
260361,2,1,1997,0,0,0,0,0,0,0,0,0,0
260362,1,1,1997,0,0,0,0,0,0,0,0,0,0
260363,1,1,1997,31,31,31,31,31,31,31,31,31,31
260364,1,1,1997,0,0,0,0,0,0,0,0,0,0
260364,2,1,1997,0,0,0,0,0,0,0,0,0,0
260365,1,1,1997,0,0,0,0,0,0,0,0,0,0
260365,2,1,1997,0,0,0,0,0,0,0,0,0,0
260366,1,1,1997,0,0,0,0,0,0,0,0,0,0
260366,2,1,1997,0,0,20,8,16,0,15,0,0,0
260367,0,1,1997,20,0,22,0,0,9,0,23,0,0
260367,0,2,1997,0,0,27,16,0,0,0,0,0,11
260367,1,1,1997,0,0,0,0,0,0,0,0,0,0
260368,1,1,1997,0,0,0,0,0,0,0,0,0,0
260368,2,1,1997,0,0,0,0,0,0,0,0,0,0
260369,1,1,1997,0,0,0,0,0,0,0,0,0,0
260369,2,1,1997,0,0,0,0,19,0,15,0,0,0
260370,0,1,1997,0,0,0,0,0,0,0,0,0,19
260370,1,1,1997,10,10,10,10,10,10,10,10,10,10
260371,1,1,1997,0,0,0,0,0,0,0,0,0,0
260371,2,1,1997,0,0,12,0,0,0,0,0,0,0
260371,3,1,1997,0,10,0,0,0,0,0,0,0,0
260371,4,1,1997,6,12,11,0,4,10,19,5,16,17
260372,1,1,1997,0,0,0,3,0,0,0,0,0,0
260372,2,1,1997,0,0,0,0,0,0,0,0,0,0
260373,1,1,1997,12,12,12,12,12,12,12,12,12,12
260374,1,1,1997,0,0,0,0,0,0,0,0,0,0
260374,2,1,1997,0,0,0,0,0,0,0,0,0,0
260374,3,1,1997,0,0,0,0,0,0,0,0,0,0
260375,1,1,1997,0,0,0,0,0,0,0,0,0,0
260376,1,1,1997,0,0,0,0,0,0,0,0,0,0
260376,2,1,1997,0,0,0,0,0,0,0,0,0,0
260377,1,1,1997,0,0,0,0,0,0,0,0,0,0
260377,2,1,1997,0,0,0,0,0,0,0,0,0,0
260378,1,1,1997,0,0,0,0,0,0,0,0,0,0
260378,2,1,1997,0,0,0,0,0,0,0,0,0,0
260379,1,1,1997,0,0,0,0,0,0,0,0,0,0
260379,2,1,1997,0,0,0,0,0,0,0,0,0,0
260380,1,1,1997,19,19,19,19,19,19,19,19,19,19
260381,1,1,1997,0,0,0,0,0,0,0,0,0,0
260381,2,1,1997,0,0,0,0,0,0,0,0,0,0
260382,1,1,1997,0,0,0,18,0,0,0,0,0,0
260382,2,1,1997,0,0,0,0,0,0,0,0,0,0
260383,1,1,1997,0,0,0,0,0,0,0,0,0,0
260383,2,1,1997,0,17,0,0,0,0,0,0,0,0
260384,1,1,1997,1,1,1,1,1,1,1,1,1,1
260385,1,1,1997,0,0,31,0,0,26,0,0,0,0
260386,1,1,1997,0,0,0,0,0,0,0,0,0,0
260386,2,1,1997,0,0,0,0,0,0,0,0,0,0
260387,1,1,1997,0,0,0,0,0,0,0,0,0,0
260387,2,1,1997,0,0,0,0,0,0,0,0,8,0
260388,1,1,1997,0,0,0,0,0,0,0,0,0,0
260388,2,1,1997,0,0,0,0,0,0,0,0,0,5
260389,0,1,1997,0,0,0,0,0,0,0,0,0,0
260389,1,1,1997,0,0,0,0,0,0,0,0,0,0
260390,1,1,1997,0,0,0,0,0,0,0,0,0,0
260390,2,1,1997,0,0,0,0,0,0,0,0,0,0
260391,1,1,1997,14,14,14,14,14,14,14,14,14,14
260392,1,1,1997,18,18,18,18,18,18,18,18,18,18
260392,2,1,1997,21,21,21,21,21,21,21,21,21,21
260393,1,1,1997,13,13,13,13,13,13,13,13,13,13
260394,1,1,1997,12,12,12,12,12,12,12,12,12,12
260395,1,1,1997,0,0,0,0,0,0,0,0,0,0
260395,2,1,1997,0,0,0,0,0,0,0,0,0,0
260395,3,1,1997,0,0,0,0,0,0,0,0,0,0
260395,4,1,1997,0,0,0,0,0,0,0,0,0,0
260396,1,1,1997,0,0,0,0,0,0,0,0,0,0
260396,2,1,1997,0,0,0,0,0,0,0,0,0,0
260397,1,1,1997,0,0,0,0,0,0,0,0,0,0
260397,2,1,1997,0,0,0,0,0,0,0,0,0,0
260398,0,1,1997,0,0,0,0,0,0,0,0,0,0
260398,0,2,1997,0,0,0,0,0,0,0,0,0,0
260398,1,1,1997,0,0,0,0,0,0,0,0,0,0
260399,0,1,1997,9,0,0,0,15,0,0,0,11,16
260399,1,1,1997,0,0,0,0,0,0,0,0,0,0
260400,0,1,1997,27,27,27,27,27,27,27,27,27,27
260400,1,1,1997,0,0,0,0,0,0,0,0,0,0
260401,1,1,1997,12,12,12,12,12,12,12,12,12,12
260402,1,1,1997,14,15,22,21,28,15,16,33,10,16
260403,1,1,1997,0,0,0,0,0,0,0,0,0,0
260403,2,1,1997,0,0,0,0,0,0,0,0,0,0
260404,1,1,1997,0,0,0,0,0,0,0,0,0,0
260405,1,1,1997,15,15,15,15,15,15,15,15,15,15
260405,2,1,1997,0,0,0,3,0,0,0,0,0,0
260405,3,1,1997,0,0,0,0,0,0,0,0,0,0
260406,1,1,1997,23,23,23,23,23,23,23,23,23,23
260407,1,1,1997,0,0,0,0,0,0,0,0,0,0
260407,2,1,1997,0,0,0,0,0,0,0,0,0,0
260408,1,1,1997,29,29,29,29,29,29,29,29,29,29
260408,2,1,1997,0,0,0,0,0,0,0,0,0,0
260409,1,1,1997,0,0,0,0,0,0,0,0,0,0
260409,2,1,1997,0,0,0,0,0,0,0,0,0,0
260410,0,1,1997,0,0,0,0,0,0,0,0,0,0
260410,1,1,1997,0,0,0,0,0,0,0,0,0,0
260411,1,1,1997,0,0,0,0,0,0,0,0,0,0
260411,2,1,1997,0,0,0,0,0,0,0,0,0,0
260411,3,1,1997,0,0,20,0,0,0,0,0,0,0
260411,4,1,1997,0,0,0,0,0,0,0,0,0,0
260412,1,1,1997,1,1,1,1,1,1,1,1,1,1
260412,2,1,1997,0,0,0,0,0,0,0,0,0,0
260413,1,1,1997,22,22,22,22,22,22,22,22,22,22
260413,2,1,1997,0,0,0,0,0,0,0,0,0,0
260414,1,1,1997,0,0,0,0,0,0,0,0,0,0
260414,2,1,1997,0,0,0,0,0,0,0,0,0,0
260414,3,1,1997,0,0,0,0,0,0,0,0,0,0
260414,4,1,1997,0,0,0,0,0,0,0,0,0,0
260415,1,1,1997,10,6,10,17,15,0,0,8,22,7
260415,2,1,1997,0,4,0,0,0,0,0,0,0,0
260416,1,1,1997,0,0,0,0,0,0,0,0,0,0
260416,2,1,1997,0,0,0,0,0,0,0,0,0,0
260417,1,1,1997,0,0,0,0,0,0,0,0,0,0
260418,1,1,1997,0,0,0,0,0,0,0,0,0,0
260418,2,1,1997,0,0,0,0,0,0,0,0,0,0
260419,1,1,1997,2,2,2,2,2,2,2,2,2,2
260419,2,1,1997,0,0,0,0,0,0,0,0,0,0
260420,1,1,1997,0,0,0,0,0,0,11,0,21,0
260421,0,1,1997,0,0,0,0,0,0,0,0,0,0
260421,1,1,1997,0,0,0,0,0,0,0,0,0,0
260422,1,1,1997,0,0,0,0,0,0,0,0,0,0
260422,2,1,1997,0,0,0,0,0,0,0,0,0,0
260423,0,1,1997,0,0,0,0,0,0,0,0,0,0
260423,1,1,1997,0,0,0,0,0,18,0,9,0,28
260424,1,1,1997,0,0,0,0,0,0,0,0,0,0
260424,2,1,1997,0,0,0,0,0,0,0,0,0,0
260424,3,1,1997,0,0,0,0,0,0,0,0,0,0
260425,1,1,1997,0,0,0,0,0,0,0,0,0,0
260425,2,1,1997,0,0,0,0,0,0,0,0,0,0
260426,1,1,1997,0,0,0,0,0,0,0,10,0,0
260426,2,1,1997,0,0,0,0,0,0,0,0,0,0
260427,1,1,1997,13,13,13,13,13,13,13,13,13,13
260428,1,1,1997,0,0,0,0,0,0,0,0,0,0
260429,1,1,1997,9,9,9,9,9,9,9,9,9,9
260430,1,1,1997,0,0,0,0,0,0,0,0,0,0
260430,2,1,1997,0,0,0,0,0,0,0,0,0,0
260431,1,1,1997,0,0,0,0,0,0,0,0,0,0
260431,2,1,1997,0,0,0,0,0,0,0,0,0,0
260432,1,1,1997,6,6,6,6,6,6,6,6,6,6
260432,2,1,1997,0,0,0,0,0,0,0,0,0,0
260433,1,1,1997,0,0,0,0,0,0,0,0,0,0
260433,2,1,1997,0,0,0,0,0,0,0,0,0,0
260434,1,1,1997,14,14,14,14,14,14,14,14,14,14
260434,2,1,1997,0,0,0,0,1,0,0,0,0,0
260435,0,1,1997,0,0,0,0,0,0,0,0,0,0
260435,1,1,1997,0,0,0,0,0,0,0,0,0,0
260436,1,1,1997,18,15,0,16,32,11,33,8,22,34
260437,1,1,1997,0,0,0,0,0,0,0,0,0,0
260437,2,1,1997,0,0,0,0,0,0,0,0,0,0
260438,1,1,1997,3,6,0,17,16,22,8,7,13,7
260439,1,1,1997,8,8,8,8,8,8,8,8,8,8
260440,1,1,1997,0,0,0,0,0,0,0,0,0,0
260441,1,1,1997,5,5,5,5,5,5,5,5,5,5
260442,1,1,1997,34,16,14,14,35,5,20,15,13,11
260443,1,1,1997,0,0,0,0,0,0,0,0,0,0
260443,2,1,1997,0,0,0,0,0,0,0,0,0,0
260444,0,2,1997,0,0,0,0,0,0,0,0,0,0
260444,1,1,1997,18,18,18,18,18,18,18,18,18,18
260445,1,1,1997,0,0,0,0,0,0,0,0,0,0
260445,2,1,1997,0,23,0,0,0,0,0,0,0,0