ST_CASE,VEH_NO,PER_NO,YEAR,P1,P2,P3,P4,P5,P6,P7,P8,P9,P10
260446,1,1,1997,0,0,0,0,0,0,0,0,0,0
260446,2,1,1997,0,0,0,0,0,0,0,0,0,0
260447,0,1,1997,0,6,0,0,0,0,0,0,0,0
260447,0,2,1997,0,0,0,0,0,0,0,21,0,0
260447,1,1,1997,2,2,2,2,2,2,2,2,2,2
260447,2,1,1997,0,0,0,0,0,0,0,0,0,0
260448,1,1,1997,0,0,0,0,0,0,0,0,0,0
260448,2,1,1997,0,3,0,0,0,0,0,0,0,0
260448,3,1,1997,7,13,0,0,2,0,0,0,13,9
260448,4,1,1997,0,0,0,0,0,0,0,0,0,9
260449,1,1,1997,0,0,0,0,0,0,0,0,0,0
260450,1,1,1997,10,10,10,10,10,10,10,10,10,10
260451,0,1,1997,0,0,0,0,0,0,0,0,0,0
260451,1,1,1997,0,0,0,0,0,0,0,0,0,0
260452,1,1,1997,0,0,0,0,0,0,0,0,0,0
260452,2,1,1997,0,0,0,0,0,0,0,0,0,0
260453,0,1,1997,0,0,0,0,0,0,0,0,0,0
260453,1,1,1997,0,0,0,0,0,0,0,7,8,0
260454,1,1,1997,0,0,0,0,0,6,0,0,0,14
260454,2,1,1997,0,0,0,0,0,0,28,0,0,0
260455,0,1,1997,0,0,0,0,0,0,0,0,0,0
260455,1,1,1997,0,0,0,0,0,0,0,0,0,0
260456,1,1,1997,0,0,0,0,0,0,0,0,0,0
260456,2,1,1997,0,0,0,0,0,0,0,0,0,0
260456,3,1,1997,0,0,0,0,0,0,0,0,0,0
260457,1,1,1997,0,0,0,0,0,0,0,0,0,0
260457,2,1,1997,0,0,0,0,0,0,0,0,0,0
260458,1,1,1997,13,13,13,13,13,13,13,13,13,13
260458,2,1,1997,0,0,0,0,0,0,0,9,0,0
260459,1,1,1997,0,0,0,0,0,11,0,0,0,0
260459,2,1,1997,0,0,0,0,0,0,0,0,0,0
260459,3,1,1997,0,0,0,0,0,0,0,0,0,0
260460,1,1,1997,13,0,0,15,0,0,10,0,38,5
260460,2,1,1997,0,0,0,0,0,0,0,0,0,0
260461,1,1,1997,0,0,0,0,0,0,0,0,0,0
260461,2,1,1997,0,0,0,0,0,0,0,0,0,0
260462,1,1,1997,0,0,0,0,0,0,0,0,0,0
260463,1,1,1997,0,0,0,0,0,0,0,0,0,0
260463,2,1,1997,0,0,0,0,0,0,0,0,0,0
260464,1,1,1997,0,0,0,0,0,0,0,0,0,0
260464,2,1,1997,0,0,0,0,0,0,0,0,0,0
260465,1,1,1997,0,0,0,0,0,0,0,0,0,0
260466,1,1,1997,4,4,4,4,4,4,4,4,4,4
260467,1,1,1997,0,0,0,0,0,0,0,0,0,0
260468,1,1,1997,0,0,0,0,0,0,0,0,0,0
260468,2,1,1997,0,0,0,0,0,0,0,0,0,0
260469,1,1,1997,27,27,27,27,27,27,27,27,27,27
260469,2,1,1997,0,0,0,0,0,0,13,0,0,0
260469,3,1,1997,0,0,0,0,0,0,0,0,0,0
260470,1,1,1997,12,12,13,0,11,5,26,14,0,13
260470,2,1,1997,0,20,0,27,0,0,0,0,0,0
260471,1,1,1997,0,0,0,0,0,0,0,0,0,0
260471,2,1,1997,0,0,0,0,0,0,0,0,0,0
260472,1,1,1997,0,0,0,0,0,0,0,0,0,0
260473,1,1,1997,3,3,3,3,3,3,3,3,3,3
260473,2,1,1997,20,20,20,20,20,20,20,20,20,20
260474,1,1,1997,0,0,0,0,0,0,0,0,0,0
260474,2,1,1997,0,0,0,0,0,0,0,0,0,0
260475,1,1,1997,8,8,8,8,8,8,8,8,8,8
260475,2,1,1997,0,0,0,0,0,0,0,0,0,0
260476,1,1,1997,0,0,0,0,0,0,0,0,0,0
260476,2,1,1997,0,0,0,0,0,0,0,0,0,0
260477,1,1,1997,0,0,0,4,0,0,0,0,0,0
260477,2,1,1997,8,0,0,0,0,0,0,0,0,0
260478,1,1,1997,0,0,0,0,0,0,16,0,0,0
260479,1,1,1997,0,0,0,0,0,0,0,0,0,0
260480,1,1,1997,0,0,0,0,0,0,0,0,0,0
260480,2,1,1997,0,0,0,0,0,0,0,0,0,0
260481,1,1,1997,0,0,0,0,0,0,0,0,0,0
260481,2,1,1997,0,13,0,0,0,0,0,0,0,0
260481,3,1,1997,0,0,0,0,0,0,0,0,0,0
260482,1,1,1997,0,0,0,0,0,0,0,0,0,0
260482,2,1,1997,0,0,0,0,0,0,0,0,0,0
260482,3,1,1997,0,0,0,0,0,0,0,0,0,0
260482,4,1,1997,0,0,0,0,0,0,0,0,0,0
260483,1,1,1997,0,0,0,0,0,0,0,0,0,0
260483,2,1,1997,0,0,0,0,0,0,0,0,0,0
260484,1,1,1997,0,0,0,0,0,0,0,0,0,0
260485,1,1,1997,18,18,18,18,18,18,18,18,18,18
260486,1,1,1997,6,18,8,0,4,0,0,20,17,11
260487,1,1,1997,0,0,0,0,0,0,0,0,0,0
260488,0,1,1997,21,21,21,21,21,21,21,21,21,21
260488,1,1,1997,0,10,22,5,10,47,14,22,0,6
260489,1,1,1997,0,0,0,0,0,0,0,0,0,0
260489,2,1,1997,0,0,0,0,0,0,0,0,0,0
260489,3,1,1997,0,0,0,0,0,0,0,0,0,0
260490,1,1,1997,0,17,0,0,0,0,0,0,0,0
260491,1,1,1997,0,0,0,18,0,0,0,0,0,0
260491,2,1,1997,0,0,0,0,0,0,0,0,0,0
260492,1,1,1997,0,0,0,0,0,0,0,0,0,0
260492,2,1,1997,0,0,0,0,0,0,0,0,0,0
260492,3,1,1997,0,0,0,0,0,0,0,0,0,0
260493,1,1,1997,0,0,0,0,0,0,0,0,0,0
260493,2,1,1997,0,0,0,0,0,0,0,0,0,0
260494,1,1,1997,0,0,0,0,0,0,21,0,0,0
260495,1,1,1997,1,1,1,1,1,1,1,1,1,1
260495,2,1,1997,0,0,0,0,0,0,0,0,0,0
260496,0,1,1997,0,0,0,0,0,0,0,0,0,0
260496,0,2,1997,0,0,0,0,0,0,0,0,0,0
260496,1,1,1997,6,6,6,6,6,6,6,6,6,6
260497,1,1,1997,0,0,23,0,0,35,0,0,0,0
260498,1,1,1997,0,0,0,0,0,0,0,0,0,0
260499,1,1,1997,0,0,0,0,0,0,0,0,0,0
260500,0,1,1997,0,0,0,16,16,16,10,0,0,9
260500,1,1,1997,26,0,0,9,17,0,9,0,21,0
260501,1,1,1997,0,0,0,0,0,0,0,0,0,0
260501,2,1,1997,0,0,0,0,0,0,0,0,0,0
260502,1,1,1997,10,10,10,10,10,10,10,10,10,10
260503,0,1,1997,0,0,0,0,0,0,0,0,0,0
260503,1,1,1997,0,0,0,0,0,0,0,0,0,0
260504,1,1,1997,0,0,0,0,0,0,0,0,0,0
260504,2,1,1997,0,0,0,0,0,0,0,0,0,0
260505,1,1,1997,0,0,0,0,0,0,0,0,0,0
260505,2,1,1997,0,0,0,0,0,0,0,0,0,0
260506,0,1,1997,0,0,0,0,0,0,0,0,0,0
260506,1,1,1997,0,0,0,0,0,0,0,0,0,0
260507,1,1,1997,24,6,20,15,25,14,10,16,16,23
260508,1,1,1997,0,0,0,0,0,0,0,0,0,0
260509,1,1,1997,0,0,0,0,0,0,0,0,0,0
260509,2,1,1997,0,0,0,0,0,0,0,0,0,0
260510,0,1,1997,0,0,0,0,0,0,0,0,0,0
260510,1,1,1997,0,0,0,0,0,0,0,0,0,0
260511,1,1,1997,0,0,0,4,0,0,0,0,0,0
260511,2,1,1997,0,0,0,0,0,0,0,0,0,0
260512,1,1,1997,0,0,0,0,0,0,0,0,0,0
260512,2,1,1997,23,11,30,38,22,6,17,11,10,12
260513,1,1,1997,0,0,0,0,0,0,0,0,0,0
260513,2,1,1997,0,0,0,0,0,0,0,0,0,0
260514,1,1,1997,0,0,0,0,0,0,0,0,0,0
260514,2,1,1997,0,0,0,0,0,0,0,0,0,0
260515,1,1,1997,0,0,0,0,0,0,0,0,0,0
260515,2,1,1997,0,0,0,0,0,0,0,0,0,0
260516,1,1,1997,0,0,0,0,0,0,0,0,0,0
260516,2,1,1997,0,0,0,0,0,0,0,0,0,0
260516,3,1,1997,0,0,0,0,0,0,0,0,0,0
260517,1,1,1997,0,0,0,0,0,0,0,0,0,0
260517,2,1,1997,0,21,0,0,0,0,0,0,0,0
260517,3,1,1997,0,0,0,0,0,0,0,0,0,0
260518,1,1,1997,0,0,20,0,0,0,0,0,0,0
260518,2,1,1997,0,0,0,0,0,0,0,0,0,0
260519,1,1,1997,0,0,0,0,0,0,0,0,0,0
260519,2,1,1997,0,0,0,0,0,0,0,0,0,0
260519,3,1,1997,0,0,0,0,0,0,0,0,0,0
260520,1,1,1997,25,25,25,25,25,25,25,25,25,25
260521,1,1,1997,0,0,0,0,0,0,0,0,0,0
260521,2,1,1997,0,0,0,0,0,0,0,0,0,0
260522,1,1,1997,0,0,0,0,0,0,0,0,0,0
260522,2,1,1997,0,0,0,0,0,0,0,0,0,0
260523,1,1,1997,0,0,0,0,0,0,0,0,0,0
260523,2,1,1997,0,0,0,0,0,0,0,0,0,0
260523,3,1,1997,0,0,0,0,0,0,0,0,0,0
260524,0,1,1997,29,29,29,29,29,29,29,29,29,29
260524,1,1,1997,0,0,0,0,0,0,0,0,0,0
260525,1,1,1997,15,15,15,15,15,15,15,15,15,15
260525,2,1,1997,0,0,0,0,0,0,0,0,0,0
260526,0,1,1997,0,0,0,0,0,0,0,0,0,0
260526,1,1,1997,0,0,0,0,0,0,0,0,0,0
260527,0,1,1997,0,0,0,0,0,0,0,0,0,0
260527,1,1,1997,19,0,0,0,0,0,0,0,0,0
260528,0,1,1997,12,12,12,12,12,12,12,12,12,12
260528,1,1,1997,0,18,0,0,0,0,0,0,0,0
260529,1,1,1997,11,0,0,0,0,0,0,0,0,0
260529,2,1,1997,0,0,0,0,0,0,0,0,0,0
260530,0,1,1997,0,0,0,0,0,0,0,0,0,0
260530,1,1,1997,0,0,0,0,0,0,0,0,0,0
260531,1,1,1997,0,0,0,0,0,0,0,0,0,0
260531,2,1,1997,0,0,0,0,0,0,0,0,0,0
260532,1,1,1997,0,0,0,0,0,0,0,0,0,0
260533,1,1,1997,0,0,0,0,0,0,0,0,0,0
260534,1,1,1997,25,25,25,25,25,25,25,25,25,25
260534,2,1,1997,0,0,0,0,0,0,0,0,0,0
260535,1,1,1997,0,0,0,0,0,0,0,0,0,0
260535,2,1,1997,0,0,0,0,0,0,0,0,0,0
260536,1,1,1997,0,0,0,0,0,0,0,0,0,0
260536,2,1,1997,0,0,0,0,0,0,0,0,0,0
260537,1,1,1997,4,4,4,4,4,4,4,4,4,4
260537,2,1,1997,0,0,0,0,0,0,0,0,0,0
260538,1,1,1997,0,0,0,0,0,0,0,0,0,0
260539,1,1,1997,0,0,0,0,0,0,0,0,0,0
260539,2,1,1997,0,0,0,0,0,0,0,0,0,0
260540,0,1,1997,21,21,21,21,21,21,21,21,21,21
260540,1,1,1997,0,0,0,0,0,0,0,0,0,0
260541,1,1,1997,15,15,15,15,15,15,15,15,15,15
260542,1,1,1997,0,23,0,14,0,0,20,12,25,19
260542,2,1,1997,11,11,11,11,11,11,11,11,11,11
260543,1,1,1997,16,16,16,16,16,16,16,16,16,16
260544,0,1,1997,0,0,0,0,0,0,0,0,0,0
260544,1,1,1997,2,2,2,2,2,2,2,2,2,2
260545,1,1,1997,0,0,0,0,0,0,0,0,0,0
260546,1,1,1997,13,7,21,28,0,19,19,16,15,0
260547,1,1,1997,0,0,0,0,0,0,0,0,0,0
260547,2,1,1997,0,0,0,0,0,0,0,0,0,0
260548,1,1,1997,17,17,17,17,17,17,17,17,17,17
260549,1,1,1997,32,32,32,32,32,32,32,32,32,32
260550,1,1,1997,0,0,0,0,0,0,0,0,0,0
260550,2,1,1997,0,0,0,0,0,0,0,0,0,0
260551,1,1,1997,0,0,0,0,0,0,0,0,0,0
260551,2,1,1997,0,0,0,0,0,0,0,0,0,0
260552,1,1,1997,12,12,12,12,12,12,12,12,12,12
260553,1,1,1997,18,18,18,18,18,18,18,18,18,18
260554,1,1,1997,0,0,0,0,0,0,0,0,0,0
260554,2,1,1997,0,0,0,0,0,0,0,0,0,0
260554,3,1,1997,0,0,0,0,0,0,0,0,0,0
260554,4,1,1997,0,0,0,0,0,0,0,0,0,0
260555,1,1,1997,17,17,17,17,17,17,17,17,17,17
260555,2,1,1997,0,13,0,0,0,0,0,0,0,0
260556,1,1,1997,0,0,0,0,0,0,0,0,0,0
260557,1,1,1997,26,26,26,26,26,26,26,26,26,26
260558,1,1,1997,0,0,0,0,0,0,0,0,0,0
260558,2,1,1997,0,0,0,0,0,0,0,0,0,0
260559,1,1,1997,0,0,0,0,0,0,0,0,0,0
260560,1,1,1997,18,18,18,18,18,18,18,18,18,18
260561,1,1,1997,19,21,10,17,0,12,0,20,6,6
260561,2,1,1997,0,0,0,0,0,0,0,0,0,0
260562,0,1,1997,0,0,0,0,0,0,0,0,0,0
260562,1,1,1997,0,0,0,0,0,0,0,0,0,0
260563,1,1,1997,0,0,0,0,0,0,0,0,0,0
260563,2,1,1997,0,0,0,0,0,0,0,0,0,0
260564,1,1,1997,0,0,0,0,0,0,0,0,0,0
260565,1,1,1997,0,0,0,0,0,0,0,0,0,0
260565,2,1,1997,0,0,0,0,21,0,0,0,0,0
260566,1,1,1997,0,0,0,0,0,0,0,0,0,0
260566,2,1,1997,0,0,0,0,0,0,0,0,0,0
260567,1,1,1997,0,0,0,0,0,0,0,0,0,0
260567,2,1,1997,0,0,0,0,0,0,0,0,0,0
260568,0,1,1997,0,0,0,0,0,0,0,0,0,0
260568,1,1,1997,0,0,0,0,0,0,0,0,0,0
260569,1,1,1997,20,20,20,20,20,20,20,20,20,20
260570,1,1,1997,3,3,5,4,15,10,3,16,11,10
260570,2,1,1997,11,3,10,20,5,21,4,29,11,10
260571,1,1,1997,25,25,25,25,25,25,25,25,25,25
260571,2,1,1997,0,0,0,0,0,0,23,0,0,0
260572,1,1,1997,0,0,0,0,0,0,0,0,0,0
260572,2,1,1997,0,0,0,0,0,0,0,0,0,0
260573,1,1,1997,0,0,0,0,0,0,0,0,0,0
260573,2,1,1997,0,0,0,0,0,0,0,0,0,0
260574,1,1,1997,0,0,0,0,0,0,0,0,0,0
260574,2,1,1997,0,0,0,0,0,0,0,0,0,0
260574,3,1,1997,0,0,0,0,0,0,0,0,0,0
260574,4,1,1997,0,0,0,0,0,0,0,0,0,0
260575,1,1,1997,11,11,11,11,11,11,11,11,11,11
260576,1,1,1997,0,0,0,0,0,0,0,0,0,0
260576,2,1,1997,0,0,0,0,0,0,0,0,0,0
260577,1,1,1997,0,0,0,0,0,0,0,0,0,0
260577,2,1,1997,0,0,0,0,0,0,0,0,0,0
260578,1,1,1997,2,2,2,2,2,2,2,2,2,2
260579,1,1,1997,0,0,0,0,0,0,0,0,0,0
260579,2,1,1997,0,0,0,0,0,0,0,0,0,0
260580,1,1,1997,0,0,0,0,0,0,0,0,0,0
260581,1,1,1997,0,0,0,0,0,0,0,0,0,0
260581,2,1,1997,0,0,0,0,0,0,0,0,0,0
260582,1,1,1997,0,0,0,0,13,0,0,0,0,10
260582,2,1,1997,0,0,0,0,0,0,0,7,0,0
260583,1,1,1997,11,11,11,11,11,11,11,11,11,11
260584,1,1,1997,0,0,0,0,0,0,0,0,0,0
260584,2,1,1997,0,0,0,0,0,0,0,0,0,0
260585,1,1,1997,29,21,18,8,7,13,9,3,14,11
260586,1,1,1997,0,0,0,0,0,0,0,0,0,0
260587,1,1,1997,0,0,0,0,0,0,0,0,0,0
260588,1,1,1997,0,0,0,0,0,0,0,0,0,0
260588,2,1,1997,0,0,0,0,0,0,0,0,0,0
260589,0,1,1997,0,0,0,0,0,0,0,0,0,0
260589,1,1,1997,0,0,0,0,0,0,0,0,0,0
260590,1,1,1997,0,0,0,0,0,0,0,0,0,0
260590,2,1,1997,0,0,0,0,0,0,0,0,0,0
260591,1,1,1997,0,0,0,0,0,0,0,0,0,0
260591,2,1,1997,0,0,0,0,0,0,0,0,0,0
260591,3,1,1997,0,0,0,0,0,0,0,0,0,0
260592,1,1,1997,24,24,24,24,24,24,24,24,24,24
260592,2,1,1997,16,7,14,11,12,9,17,12,10,5
260593,1,1,1997,0,0,0,0,0,0,0,0,0,0
260593,2,1,1997,0,0,0,0,0,0,0,0,0,0
260593,3,1,1997,0,0,0,0,0,0,0,0,0,0
260594,1,1,1997,0,0,0,0,0,0,0,0,0,0
260594,2,1,1997,0,0,0,0,0,0,0,0,0,0
260595,0,1,1997,21,21,21,21,21,21,21,21,21,21
260595,1,1,1997,14,14,14,14,14,14,14,14,14,14
260596,0,1,1997,0,0,0,0,0,0,0,0,0,0
260596,1,1,1997,0,0,0,0,0,0,0,0,0,0
260597,1,1,1997,4,4,4,4,4,4,4,4,4,4
260597,2,1,1997,0,0,0,0,0,0,0,0,0,0
260598,1,1,1997,0,0,0,0,0,0,0,0,0,0
260598,2,1,1997,0,0,0,0,0,0,0,0,0,0
260599,1,1,1997,0,0,0,0,0,0,0,0,0,0
260600,1,1,1997,0,0,0,0,0,0,0,0,0,0
260601,1,1,1997,0,0,0,0,0,0,0,0,0,0
260601,2,1,1997,0,0,0,0,0,0,0,0,0,0
260602,1,1,1997,0,0,0,0,0,0,0,0,0,0
260602,2,1,1997,0,0,0,0,0,0,0,0,0,0
260603,1,1,1997,0,0,0,0,0,0,0,0,0,0
260603,2,1,1997,0,0,0,0,0,0,0,0,0,0
260603,3,1,1997,0,0,0,0,0,0,0,0,0,0
260604,1,1,1997,0,0,7,0,0,0,0,0,0,0
260604,2,1,1997,0,0,0,0,0,0,0,0,0,0
260605,1,1,1997,6,6,6,6,6,6,6,6,6,6
260605,2,1,1997,14,8,0,0,0,0,0,0,0,0
260607,1,1,1997,0,0,0,0,0,0,0,0,0,0
260607,2,1,1997,0,0,0,0,0,0,0,0,0,0
260608,1,1,1997,20,20,20,20,20,20,20,20,20,20
260609,0,1,1997,31,31,31,31,31,31,31,31,31,31
260609,1,1,1997,16,15,0,0,16,10,0,17,19,23
260610,1,1,1997,6,6,6,6,6,6,6,6,6,6
260610,2,1,1997,0,0,0,0,0,0,0,0,0,0
260611,1,1,1997,0,0,0,0,0,0,0,0,0,0
260611,2,1,1997,0,0,0,0,0,0,0,15,9,0
260611,3,1,1997,0,0,0,0,0,0,0,0,0,0
260612,1,1,1997,13,13,13,13,13,13,13,13,13,13
260613,1,1,1997,17,17,17,17,17,17,17,17,17,17
260614,1,1,1997,18,18,18,18,18,18,18,18,18,18
260615,1,1,1997,0,0,0,0,0,0,0,0,0,0
260615,2,1,1997,0,0,0,0,0,0,0,0,0,0
260615,3,1,1997,0,0,0,0,0,0,0,0,0,0
260616,0,1,1997,0,0,0,0,0,0,0,0,0,0
260616,1,1,1997,0,0,0,0,0,0,0,0,0,0
260617,1,1,1997,0,0,0,0,0,0,0,0,0,0
260617,2,1,1997,0,0,0,0,0,0,0,0,0,0
260618,0,1,1997,12,43,37,17,10,35,21,24,15,15
260618,1,1,1997,0,0,0,0,0,0,0,0,0,0
260619,0,1,1997,0,0,0,0,0,0,0,0,0,0
260619,1,1,1997,0,0,0,0,0,0,0,0,0,0
260620,0,1,1997,21,21,21,21,21,21,21,21,21,21
260620,1,1,1997,18,18,18,18,18,18,18,18,18,18
260621,0,1,1997,0,0,0,7,24,0,17,0,14,0
260621,0,2,1997,0,0,0,0,0,0,0,0,0,0
260621,1,1,1997,0,0,0,0,0,0,0,0,0,0
260622,1,1,1997,6,0,14,30,15,7,13,6,3,19
260623,1,1,1997,9,9,9,9,9,9,9,9,9,9
260624,0,1,1997,0,0,0,0,0,0,0,0,0,0
260624,1,1,1997,9,11,20,18,10,17,11,0,10,13
260625,1,1,1997,18,18,18,18,18,18,18,18,18,18
260625,2,1,1997,0,0,0,0,0,0,0,0,0,0
260626,1,1,1997,12,0,10,16,35,12,0,14,21,0
260627,1,1,1997,0,0,0,0,0,0,0,0,0,0
260627,2,1,1997,0,0,0,0,0,0,0,0,0,17
260628,1,1,1997,0,0,0,0,0,0,0,0,0,0
260628,2,1,1997,0,0,0,0,0,0,0,0,0,0
260629,0,1,1997,0,0,0,0,0,0,0,0,0,0
260629,1,1,1997,0,0,0,0,0,0,0,0,0,0
260630,0,1,1997,21,17,25,13,39,25,18,18,23,30
260630,1,1,1997,8,8,8,8,8,8,8,8,8,8
260631,0,1,1997,0,0,0,0,0,0,0,0,0,0
260631,1,1,1997,0,0,0,0,0,0,0,0,0,0
260632,1,1,1997,0,0,0,0,0,6,0,0,0,0
260632,2,1,1997,0,0,0,0,0,0,0,0,0,0
260633,1,1,1997,12,12,12,12,12,12,12,12,12,12
260634,1,1,1997,4,4,4,4,4,4,4,4,4,4
260634,2,1,1997,6,6,6,6,6,6,6,6,6,6
260635,1,1,1997,0,0,0,0,0,12,0,0,0,0
260636,1,1,1997,0,0,0,0,0,0,0,0,0,0
260636,2,1,1997,0,0,0,0,0,0,0,0,0,0
260637,1,1,1997,0,0,0,0,0,0,0,0,0,0
260637,2,1,1997,0,0,0,0,0,0,0,0,0,0
260638,1,1,1997,18,18,18,18,18,18,18,18,18,18
260639,1,1,1997,0,0,0,0,0,0,0,0,0,0
260640,0,1,1997,0,0,0,0,0,0,0,0,0,0
260640,1,1,1997,0,0,0,0,0,0,0,0,0,0
260641,1,1,1997,0,0,9,0,0,0,0,0,0,0
260641,2,1,1997,0,0,0,0,0,0,0,0,0,0
260642,1,1,1997,17,0,0,12,0,5,0,0,0,0
260643,1,1,1997,0,0,0,0,18,0,0,0,0,0
260644,1,1,1997,19,19,19,19,19,19,19,19,19,19
260644,2,1,1997,0,0,0,0,11,0,0,0,0,0
260644,3,1,1997,0,0,0,0,0,0,0,0,0,0
260645,1,1,1997,0,0,0,0,0,0,0,0,0,0
260645,2,1,1997,0,0,0,0,0,0,0,0,0,0
260646,1,1,1997,0,0,0,0,0,11,0,0,0,0
260647,1,1,1997,6,6,6,6,6,6,6,6,6,6
260648,1,1,1997,24,24,24,24,24,24,24,24,24,24
260648,2,1,1997,0,0,0,0,0,0,0,0,0,0
260649,1,1,1997,0,0,0,0,0,0,0,0,0,0
260649,2,1,1997,0,0,0,0,0,0,0,0,0,0
260650,1,1,1997,10,10,10,10,10,10,10,10,10,10
260651,0,1,1997,0,31,0,25,0,24,0,25,32,29
260651,1,1,1997,0,6,0,26,0,0,9,9,0,18
260652,1,1,1997,0,0,0,0,0,0,0,0,0,10
260652,2,1,1997,7,7,7,7,7,7,7,7,7,7
260653,0,1,1997,0,0,0,0,0,0,0,0,0,0
260653,1,1,1997,9,0,15,0,0,0,0,0,21,0
260654,1,1,1997,24,24,24,24,24,24,24,24,24,24
260655,1,1,1997,0,0,0,0,0,0,0,0,0,0
260655,2,1,1997,11,11,11,11,11,11,11,11,11,11
260656,1,1,1997,5,5,5,5,5,5,5,5,5,5
260656,2,1,1997,0,0,0,0,0,0,0,0,0,0
260656,3,1,1997,0,0,0,0,0,0,0,0,0,0
260657,0,1,1997,27,27,27,27,27,27,27,27,27,27
260657,1,1,1997,0,0,0,0,15,0,14,0,0,0
260658,0,1,1997,0,0,0,0,0,0,0,0,0,0
260658,1,1,1997,0,0,0,0,0,0,0,0,0,0
260659,1,1,1997,12,12,12,12,12,12,12,12,12,12
260659,2,1,1997,0,0,0,0,0,0,0,0,0,0
260660,1,1,1997,0,0,0,0,0,0,0,0,0,0
260660,2,1,1997,0,0,0,0,0,0,0,0,0,0
260661,1,1,1997,0,0,0,0,0,0,0,0,0,0
260661,2,1,1997,0,0,0,0,0,0,0,0,0,0
260662,1,1,1997,0,9,0,0,0,0,0,0,0,0
260662,2,1,1997,0,0,0,0,0,0,0,0,0,0
260662,3,1,1997,0,0,0,0,0,0,0,0,0,0
260663,0,1,1997,0,0,0,0,0,0,0,0,0,0
260663,1,1,1997,0,0,0,0,0,0,0,0,0,0
260664,1,1,1997,0,0,0,0,0,0,0,0,0,0
260665,1,1,1997,16,10,3,28,4,0,7,19,6,4
260665,2,1,1997,0,0,0,0,0,0,0,0,0,0
260666,1,1,1997,0,18,19,0,0,16,0,0,0,0
260667,1,1,1997,0,0,0,0,0,9,0,0,0,0
260667,2,1,1997,0,0,0,0,0,0,13,0,0,0
260668,0,1,1997,0,0,0,0,0,0,0,0,0,0
260668,1,1,1997,0,0,0,0,0,0,0,0,0,0
260669,1,1,1997,3,3,3,3,3,3,3,3,3,3
260670,1,1,1997,0,0,0,0,0,0,0,0,0,0
260671,1,1,1997,0,0,0,0,0,0,0,0,0,0
260671,2,1,1997,0,0,0,0,0,0,0,0,0,0
260672,1,1,1997,0,0,0,0,0,0,0,0,0,0
260673,1,1,1997,0,0,0,0,0,0,0,0,0,0
260673,2,1,1997,0,0,0,0,0,0,0,0,0,0
260674,1,1,1997,0,0,0,0,0,0,0,0,0,0
260674,2,1,1997,0,0,0,0,0,0,0,0,0,0
260675,1,1,1997,16,16,16,16,16,16,16,16,16,16
260676,1,1,1997,17,17,17,17,17,17,17,17,17,17
260677,1,1,1997,19,19,19,19,19,19,19,19,19,19
260677,2,1,1997,0,0,0,0,0,0,0,0,0,0
260678,0,1,1997,0,0,0,0,0,0,0,0,0,0
260678,1,1,1997,0,0,0,0,0,0,0,0,0,0
260679,1,1,1997,4,4,4,4,4,4,4,4,4,4
260679,2,1,1997,0,0,0,0,0,0,0,0,0,0
260680,0,1,1997,35,35,35,35,35,35,35,35,35,35
260680,1,1,1997,15,0,8,0,30,0,15,24,0,0
260681,1,1,1997,0,0,6,0,0,0,0,0,0,0
260681,2,1,1997,10,0,0,0,0,0,0,0,14,0
260682,1,1,1997,23,23,23,23,23,23,23,23,23,23
260683,1,1,1997,0,0,0,0,0,0,0,0,0,0
260683,2,1,1997,0,0,0,0,0,0,0,0,0,0
260684,1,1,1997,0,0,0,0,0,0,15,0,0,0
260684,2,1,1997,0,0,0,0,0,0,0,0,0,0
260685,1,1,1997,0,0,0,0,0,0,0,0,0,0
260685,2,1,1997,0,0,0,0,0,0,0,0,0,0
260686,0,1,1997,19,19,19,19,19,19,19,19,19,19
260686,1,1,1997,0,0,0,0,0,0,0,0,0,0
260687,1,1,1997,6,17,8,6,8,22,12,5,29,13
260687,2,1,1997,0,0,0,0,0,0,0,0,0,0
260688,0,1,1997,8,23,0,13,0,7,0,15,0,9
260688,1,1,1997,0,0,0,0,0,0,0,0,0,0
260689,0,1,1997,23,23,23,23,23,23,23,23,23,23
260689,1,1,1997,0,0,0,0,0,0,0,0,0,0
260691,1,1,1997,11,11,11,11,11,11,11,11,11,11
260692,1,1,1997,0,0,0,0,0,0,0,0,0,0
260692,2,1,1997,0,0,0,0,0,0,0,0,0,0
260693,1,1,1997,0,9,0,0,0,0,0,0,0,0
260693,2,1,1997,13,0,23,14,0,0,0,0,0,0
260694,0,1,1997,0,0,0,20,0,0,9,0,0,33
260694,1,1,1997,0,0,0,0,0,0,0,0,0,0
260695,1,1,1997,24,24,24,24,24,24,24,24,24,24
260696,1,1,1997,0,0,0,0,0,0,0,0,0,0
260696,2,1,1997,0,0,0,0,0,0,0,0,0,0
260697,1,1,1997,15,18,18,18,16,14,21,16,13,0
260698,1,1,1997,0,0,0,0,0,0,0,0,0,0
260698,2,1,1997,0,0,0,0,0,0,0,0,0,0
260699,1,1,1997,0,0,0,0,0,0,0,0,0,0
260699,2,1,1997,0,0,0,0,0,0,0,0,0,0
260700,0,1,1997,0,0,0,0,0,0,0,0,0,0
260700,1,1,1997,0,0,0,0,0,0,0,0,0,0