ST_CASE,VEH_NO,PER_NO,YEAR,P1,P2,P3,P4,P5,P6,P7,P8,P9,P10
260701,1,1,1997,0,0,0,0,0,10,0,0,11,0
260701,2,1,1997,0,0,0,0,0,0,0,0,0,0
260702,0,1,1997,0,12,0,20,31,17,15,23,31,17
260702,1,1,1997,0,0,0,0,0,0,0,0,0,0
260703,1,1,1997,1,1,1,1,1,1,1,1,1,1
260703,2,1,1997,0,8,0,0,0,0,0,0,0,0
260704,0,1,1997,0,0,0,0,0,0,0,0,0,0
260704,1,1,1997,0,0,0,0,0,0,0,0,0,0
260705,1,1,1997,0,0,0,0,0,0,0,0,0,0
260706,1,1,1997,0,0,0,0,0,0,0,0,0,0
260706,2,1,1997,16,16,16,16,16,16,16,16,16,16
260707,1,1,1997,21,21,21,21,21,21,21,21,21,21
260707,2,1,1997,14,0,0,0,18,7,0,0,0,0
260708,1,1,1997,8,8,8,8,8,8,8,8,8,8
260709,1,1,1997,9,9,9,9,9,9,9,9,9,9
260710,1,1,1997,0,0,0,0,0,0,0,0,0,0
260710,2,1,1997,0,0,0,0,0,0,0,0,0,0
260711,1,1,1997,0,0,0,0,0,0,0,0,0,0
260711,2,1,1997,0,0,0,0,0,0,0,0,0,0
260712,1,1,1997,6,6,6,6,6,6,6,6,6,6
260713,1,1,1997,17,17,17,17,17,17,17,17,17,17
260713,2,1,1997,0,0,0,0,0,0,0,0,0,0
260714,0,1,1997,16,16,18,36,37,7,29,29,18,28
260714,1,1,1997,0,0,0,0,0,0,0,0,0,0
260715,0,1,1997,20,20,20,20,20,20,20,20,20,20
260715,1,1,1997,0,0,0,0,0,0,0,0,0,0
260716,1,1,1997,0,13,0,0,0,0,0,0,0,8
260716,2,1,1997,0,0,0,0,0,0,0,0,0,0
260717,0,1,1997,18,18,18,18,18,18,18,18,18,18
260717,1,1,1997,0,0,0,0,0,0,0,0,0,0
260718,1,1,1997,10,9,9,0,11,26,16,0,7,11
260718,2,1,1997,0,0,8,13,26,6,0,20,0,39
260719,1,1,1997,17,17,17,17,17,17,17,17,17,17
260720,1,1,1997,0,0,0,0,0,0,0,0,0,0
260720,2,1,1997,0,0,0,0,0,0,0,0,0,0
260721,0,1,1997,0,0,0,0,0,0,0,0,0,0
260721,1,1,1997,0,0,0,0,0,0,0,0,0,0
260722,1,1,1997,0,0,0,0,0,0,0,0,0,0
260722,2,1,1997,0,0,0,0,0,0,0,0,0,0
260723,1,1,1997,0,0,0,0,0,0,0,0,0,0
260723,2,1,1997,0,0,0,0,0,0,0,0,0,0
260724,1,1,1997,26,26,26,26,26,26,26,26,26,26
260725,1,1,1997,0,0,0,0,0,0,0,0,0,0
260725,2,1,1997,0,0,0,0,0,0,0,0,0,0
260726,1,1,1997,0,0,0,0,0,0,0,0,0,0
260726,2,1,1997,0,0,0,0,0,0,0,0,0,0
260726,3,1,1997,0,0,0,0,0,0,0,0,0,0
260727,1,1,1997,0,0,0,0,0,0,0,0,0,0
260728,1,1,1997,0,0,0,0,0,0,0,0,0,0
260728,2,1,1997,0,0,0,0,0,0,0,0,0,0
260729,1,1,1997,0,0,0,0,0,0,0,0,0,0
260730,1,1,1997,12,12,12,12,12,12,12,12,12,12
260730,2,1,1997,0,0,0,0,0,0,0,0,0,0
260731,1,1,1997,6,6,6,6,6,6,6,6,6,6
260732,1,1,1997,0,0,0,0,0,0,0,0,0,0
260732,2,1,1997,2,2,2,2,2,2,2,2,2,2
260733,0,1,1997,0,0,0,0,0,0,0,0,0,0
260733,1,1,1997,0,0,0,0,0,0,0,0,0,0
260734,1,1,1997,19,19,19,19,19,19,19,19,19,19
260735,0,1,1997,0,0,0,0,0,0,0,0,0,0
260735,1,1,1997,0,0,0,0,0,0,0,0,0,0
260736,1,1,1997,0,0,0,0,0,0,0,0,0,0
260736,2,1,1997,0,0,0,0,0,0,0,0,0,0
260736,3,1,1997,0,0,0,0,0,0,0,0,0,0
260737,1,1,1997,12,12,12,12,12,12,12,12,12,12
260738,1,1,1997,18,18,18,18,18,18,18,18,18,18
260739,0,1,1997,0,0,0,0,0,0,0,0,0,0
260739,1,1,1997,0,0,0,0,0,0,0,0,0,0
260740,0,1,1997,0,0,0,0,0,0,0,0,0,0
260740,1,1,1997,0,0,0,0,0,0,0,0,0,0
260741,1,1,1997,8,8,8,8,8,8,8,8,8,8
260742,1,1,1997,9,9,9,9,9,9,9,9,9,9
260742,2,1,1997,0,0,0,0,0,0,0,0,0,0
260743,1,1,1997,0,0,0,0,0,0,0,0,0,0
260744,1,1,1997,12,12,12,12,12,12,12,12,12,12
260745,1,1,1997,35,35,35,35,35,35,35,35,35,35
260746,1,1,1997,23,23,23,23,23,23,23,23,23,23
260747,1,1,1997,0,0,0,0,0,0,0,0,0,0
260748,1,1,1997,0,0,0,8,0,0,0,0,0,0
260749,1,1,1997,0,0,0,0,0,21,0,0,0,0
260749,2,1,1997,0,0,0,0,0,0,0,0,0,0
260750,1,1,1997,15,15,15,15,15,15,15,15,15,15
260751,1,1,1997,0,0,0,0,0,0,0,0,0,0
260751,2,1,1997,0,0,0,0,0,0,0,0,0,0
260752,1,1,1997,8,0,0,0,0,0,0,8,0,0
260753,0,1,1997,0,0,0,0,0,0,0,0,0,0
260753,1,1,1997,0,0,0,0,0,0,0,0,0,0
260754,0,1,1997,34,34,34,34,34,34,34,34,34,34
260754,1,1,1997,40,16,4,0,0,0,8,0,0,16
260755,1,1,1997,19,19,19,19,19,19,19,19,19,19
260755,2,1,1997,15,0,0,0,0,0,0,0,0,0
260756,1,1,1997,0,6,18,11,32,8,13,0,0,21
260757,0,1,1997,0,0,0,0,0,0,0,0,0,0
260757,1,1,1997,12,12,12,12,12,12,12,12,12,12
260758,1,1,1997,0,0,7,0,5,0,0,17,42,0
260758,2,1,1997,0,0,0,0,0,0,0,0,0,0
260759,1,1,1997,0,0,0,0,0,0,26,15,0,0
260759,2,1,1997,12,0,17,9,14,17,28,10,17,25
260760,1,1,1997,0,0,0,0,0,6,0,0,9,17
260760,2,1,1997,0,0,0,0,0,0,0,0,0,0
260761,1,1,1997,0,0,0,0,0,0,0,0,0,0
260761,2,1,1997,0,0,0,0,0,0,0,0,0,0
260762,1,1,1997,0,0,0,0,0,0,0,0,0,0
260762,2,1,1997,0,0,0,0,0,0,0,0,0,0
260762,3,1,1997,0,0,0,0,0,0,0,0,0,0
260763,1,1,1997,0,0,0,0,0,0,0,0,0,0
260763,2,1,1997,0,0,0,0,0,0,0,0,0,0
260764,1,1,1997,0,0,0,0,0,0,0,0,0,0
260764,2,1,1997,0,0,0,0,0,0,0,0,0,0
260765,1,1,1997,16,16,16,16,16,16,16,16,16,16
260766,1,1,1997,1,1,1,1,1,1,1,1,1,1
260767,1,1,1997,0,0,0,0,0,0,0,0,0,0
260768,1,1,1997,0,0,0,0,0,0,0,0,0,0
260768,2,1,1997,0,0,0,0,0,0,0,0,0,0
260769,1,1,1997,0,0,0,0,0,0,0,0,0,0
260769,2,1,1997,0,0,0,0,0,0,0,0,0,0
260770,1,1,1997,0,0,0,0,0,0,0,0,0,0
260770,2,1,1997,0,0,0,0,0,0,0,0,0,0
260770,3,1,1997,0,0,0,0,0,0,0,0,0,0
260770,4,1,1997,0,0,0,0,0,0,0,0,0,0
260771,0,1,1997,0,0,0,0,0,0,0,0,0,0
260771,1,1,1997,0,0,0,0,0,0,0,0,0,0
260772,1,1,1997,12,12,12,12,12,12,12,12,12,12
260773,1,1,1997,28,28,28,28,28,28,28,28,28,28
260774,0,1,1997,0,0,0,0,0,0,0,0,0,0
260774,1,1,1997,0,0,0,0,0,0,0,0,0,0
260775,0,1,1997,0,0,0,0,0,0,0,0,0,0
260775,1,1,1997,0,0,0,0,0,0,0,0,0,0
260776,1,1,1997,0,0,0,0,0,0,0,0,0,0
260776,2,1,1997,0,0,0,0,0,0,0,0,0,0
260777,1,1,1997,0,2,0,0,0,0,0,0,0,0
260777,2,1,1997,0,0,0,0,0,0,0,0,0,0
260778,1,1,1997,13,13,13,13,13,13,13,13,13,13
260779,1,1,1997,0,0,0,0,0,0,0,0,0,0
260779,2,1,1997,0,0,0,0,0,0,0,0,0,0
260780,1,1,1997,0,0,0,0,0,0,0,0,0,0
260781,1,1,1997,0,0,0,0,0,0,0,0,0,0
260781,2,1,1997,0,0,0,0,0,0,0,0,0,0
260782,1,1,1997,10,10,10,10,10,10,10,10,10,10
260783,1,1,1997,0,0,0,0,0,0,0,0,0,0
260783,2,1,1997,0,0,0,0,0,0,0,0,0,0
260784,1,1,1997,0,0,0,18,15,0,0,0,7,0
260785,1,1,1997,0,0,0,0,0,0,0,0,0,0
260785,2,1,1997,0,0,0,0,0,0,0,0,0,0
260786,1,1,1997,0,0,0,0,0,0,0,0,0,0
260786,2,1,1997,0,0,0,0,0,0,0,0,0,0
260787,1,1,1997,0,0,0,0,0,0,0,0,0,0
260787,2,1,1997,0,0,0,0,0,0,0,0,0,0
260788,1,1,1997,0,0,0,0,0,0,0,0,0,0
260788,2,1,1997,0,0,0,0,0,0,0,0,0,3
260789,1,1,1997,0,0,0,0,0,0,0,0,0,0
260789,2,1,1997,22,22,22,22,22,22,22,22,22,22
260790,1,1,1997,0,0,0,0,0,0,0,0,0,0
260791,1,1,1997,0,0,0,0,0,0,0,0,0,0
260791,2,1,1997,0,0,0,0,0,0,0,0,0,0
260792,1,1,1997,19,19,19,19,19,19,19,19,19,19
260793,1,1,1997,2,2,2,2,2,2,2,2,2,2
260794,1,1,1997,0,0,0,0,0,0,0,0,0,0
260794,2,1,1997,0,0,0,0,0,0,0,0,0,0
260795,1,1,1997,0,0,0,0,0,0,0,0,0,0
260795,2,1,1997,15,0,0,0,0,0,0,0,0,0
260796,1,1,1997,0,0,0,0,0,0,0,0,0,0
260797,1,1,1997,0,0,0,0,0,0,0,0,0,0
260797,2,1,1997,0,0,0,0,0,0,0,0,0,0
260798,1,1,1997,12,12,12,12,12,12,12,12,12,12
260798,2,1,1997,0,0,17,23,0,16,0,0,0,31
260799,1,1,1997,1,1,1,1,1,1,1,1,1,1
260799,2,1,1997,0,0,0,0,0,0,0,0,0,0
260800,1,1,1997,26,26,26,26,26,26,26,26,26,26
260800,2,1,1997,0,0,0,0,0,0,0,11,7,0
260801,0,1,1997,0,0,0,0,0,0,0,0,0,0
260801,1,1,1997,0,0,0,0,0,0,0,0,0,0
260802,1,1,1997,0,0,0,0,0,0,0,0,0,0
260802,2,1,1997,0,0,0,0,0,0,0,0,0,0
260803,1,1,1997,21,21,21,21,21,21,21,21,21,21
260804,1,1,1997,19,11,19,16,11,14,20,25,45,11
260805,1,1,1997,25,25,25,25,25,25,25,25,25,25
260806,1,1,1997,0,0,0,0,0,0,0,0,0,0
260806,2,1,1997,0,0,0,0,0,0,0,0,0,0
260807,1,1,1997,24,24,24,24,24,24,24,24,24,24
260808,1,1,1997,0,0,0,0,0,0,0,0,0,0
260809,0,1,1997,0,0,0,0,0,0,0,0,0,0
260809,1,1,1997,0,0,0,0,0,0,0,0,0,0
260810,1,1,1997,15,15,15,15,15,15,15,15,15,15
260810,2,1,1997,0,0,0,0,0,0,0,0,0,0
260810,3,1,1997,0,0,0,0,0,0,0,0,0,0
260811,1,1,1997,0,0,0,0,0,0,0,0,0,0
260811,2,1,1997,0,0,0,0,0,0,0,0,0,0
260812,1,1,1997,0,0,0,0,0,0,0,0,0,0
260812,2,1,1997,0,0,0,0,0,0,0,0,0,0
260813,1,1,1997,20,0,0,0,0,0,0,0,0,0
260813,2,1,1997,0,0,0,0,0,0,0,16,0,0
260814,1,1,1997,7,7,7,7,7,7,7,7,7,7
260815,1,1,1997,1,1,1,1,1,1,1,1,1,1
260815,2,1,1997,0,0,0,0,0,0,0,0,0,0
260816,1,1,1997,12,14,16,13,19,19,12,15,7,12
260817,1,1,1997,12,12,12,12,12,12,12,12,12,12
260817,2,1,1997,0,0,0,0,0,0,0,0,0,0
260818,1,1,1997,20,20,20,20,20,20,20,20,20,20
260818,2,1,1997,0,0,0,0,0,0,0,0,0,0
260818,3,1,1997,0,0,0,0,0,0,0,0,0,0
260818,4,1,1997,0,0,0,0,0,0,0,0,0,13
260819,1,1,1997,0,0,0,0,0,0,0,0,0,0
260820,1,1,1997,0,0,0,0,0,0,0,0,0,0
260820,2,1,1997,0,7,0,0,0,0,0,0,0,0
260821,1,1,1997,0,0,0,0,0,0,0,0,0,0
260822,1,1,1997,30,10,17,24,17,13,18,17,12,22
260823,1,1,1997,9,9,9,9,9,9,9,9,9,9
260823,2,1,1997,0,0,0,0,0,0,0,0,0,0
260824,1,1,1997,23,23,23,23,23,23,23,23,23,23
260824,2,1,1997,10,0,0,0,0,0,0,0,0,0
260825,1,1,1997,21,21,21,21,21,21,21,21,21,21
260826,1,1,1997,0,0,0,0,0,0,0,0,0,0
260826,2,1,1997,0,0,0,0,0,0,0,0,0,0
260827,1,1,1997,19,19,19,19,19,19,19,19,19,19
260827,2,1,1997,0,0,0,0,0,0,0,0,0,0
260828,1,1,1997,15,0,0,0,0,0,0,0,0,0
260828,2,1,1997,0,0,0,0,0,0,0,0,0,0
260829,1,1,1997,0,0,0,0,0,0,0,0,0,0
260830,1,1,1997,0,0,0,0,0,0,0,0,0,0
260831,1,1,1997,0,0,0,0,0,0,0,0,0,0
260831,2,1,1997,10,0,0,7,0,0,17,9,5,13
260832,1,1,1997,21,21,21,21,21,21,21,21,21,21
260832,2,1,1997,19,19,19,19,19,19,19,19,19,19
260833,1,1,1997,0,0,0,0,0,0,0,0,0,0
260833,2,1,1997,0,0,0,0,0,0,0,0,0,0
260834,1,1,1997,31,31,31,31,31,31,31,31,31,31
260835,1,1,1997,20,20,20,20,20,20,20,20,20,20
260835,2,1,1997,0,0,0,0,0,0,0,0,0,0
260836,1,1,1997,0,0,0,0,0,0,0,0,0,0
260836,2,1,1997,0,10,0,0,0,0,0,0,0,0
260837,1,1,1997,18,0,0,0,0,0,0,0,0,0
260837,2,1,1997,17,0,0,0,14,0,0,0,0,0
260838,1,1,1997,0,0,0,0,0,0,0,0,0,0
260839,0,1,1997,0,0,0,0,0,0,0,0,0,0
260839,1,1,1997,0,0,0,0,0,0,0,0,0,0
260840,0,1,1997,0,0,0,0,0,0,10,0,23,0
260840,1,1,1997,10,8,14,29,10,10,9,21,25,23
260841,1,1,1997,1,1,1,1,1,1,1,1,1,1
260842,1,1,1997,0,0,0,0,0,0,0,0,0,0
260842,2,1,1997,0,0,0,0,0,0,0,0,0,0
260843,1,1,1997,0,0,0,0,0,0,0,0,0,0
260843,2,1,1997,0,0,0,0,0,0,0,0,0,0
260844,0,1,1997,0,0,0,0,0,0,0,0,0,0
260844,1,1,1997,0,0,14,0,0,0,19,21,0,10
260845,1,1,1997,10,10,10,10,10,10,10,10,10,10
260846,0,1,1997,0,0,0,0,0,0,0,0,0,0
260846,1,1,1997,0,0,0,0,0,0,0,0,0,0
260847,1,1,1997,21,21,21,21,21,21,21,21,21,21
260848,1,1,1997,0,0,0,0,10,0,0,0,0,0
260849,1,1,1997,0,0,0,0,0,0,0,0,0,0
260850,1,1,1997,14,14,14,14,14,14,14,14,14,14
260850,2,1,1997,0,0,0,0,0,0,0,0,0,0
260851,1,1,1997,0,26,0,8,0,0,0,0,0,0
260851,2,1,1997,0,0,0,0,0,0,0,0,0,0
260852,1,1,1997,0,34,11,14,16,0,17,0,19,19
260853,1,1,1997,0,0,0,0,0,0,0,0,0,0
260854,1,1,1997,0,0,0,0,0,0,0,0,0,0
260855,1,1,1997,6,6,6,6,6,6,6,6,6,6
260855,2,1,1997,1,1,1,1,1,1,1,1,1,1
260857,0,1,1997,27,27,27,27,27,27,27,27,27,27
260857,1,1,1997,0,0,0,0,0,0,0,0,0,0
260858,1,1,1997,0,0,0,0,0,0,0,0,0,0
260858,2,1,1997,0,0,0,0,0,0,0,0,0,0
260859,1,1,1997,0,0,0,0,0,0,0,0,0,0
260859,2,1,1997,0,0,0,0,0,0,0,0,0,0
260859,3,1,1997,0,0,0,0,0,0,0,0,0,0
260860,0,1,1997,0,0,0,0,0,0,0,0,0,0
260860,1,1,1997,0,0,0,0,0,0,0,0,0,0
260861,1,1,1997,0,0,0,0,0,0,0,0,0,0
260861,2,1,1997,0,0,0,0,0,0,0,0,0,0
260862,1,1,1997,14,14,14,14,14,14,14,14,14,14
260862,2,1,1997,0,0,0,0,0,0,0,0,0,0
260863,1,1,1997,25,0,0,0,0,0,0,0,0,0
260863,2,1,1997,0,0,0,0,0,0,0,0,0,0
260864,1,1,1997,0,0,0,0,0,0,0,0,0,0
260864,2,1,1997,6,6,6,6,6,6,6,6,6,6
260865,1,1,1997,0,0,0,0,0,0,0,0,0,0
260865,2,1,1997,0,0,0,0,0,0,0,0,0,0
260865,3,1,1997,0,0,0,0,0,0,0,0,0,0
260866,1,1,1997,11,11,11,11,11,11,11,11,11,11
260867,1,1,1997,0,0,0,0,0,0,0,0,0,0
260867,2,1,1997,0,0,0,0,0,0,0,0,0,0
260868,0,1,1997,0,0,0,0,0,0,0,0,0,0
260868,1,1,1997,0,0,0,0,0,0,0,0,0,0
260869,1,1,1997,19,19,19,19,19,19,19,19,19,19
260870,1,1,1997,0,0,0,0,0,0,0,0,0,0
260870,2,1,1997,0,0,0,0,0,0,0,0,0,0
260871,0,1,1997,0,0,0,0,0,0,0,0,0,0
260871,1,1,1997,13,13,13,13,13,13,13,13,13,13
260872,1,1,1997,1,1,1,1,1,1,1,1,1,1
260873,0,1,1997,23,46,12,31,31,25,35,33,26,21
260873,1,1,1997,3,3,3,3,3,3,3,3,3,3
260873,2,1,1997,15,15,15,15,15,15,15,15,15,15
260874,1,1,1997,0,0,0,0,0,0,0,0,0,0
260874,2,1,1997,0,0,0,0,0,0,0,0,0,0
260875,1,1,1997,0,0,0,0,0,0,0,0,0,0
260875,2,1,1997,0,0,0,0,0,0,0,0,0,0
260876,1,1,1997,0,0,0,0,0,0,0,0,0,0
260876,2,1,1997,0,0,0,0,0,0,0,0,0,0
260877,1,1,1997,6,6,6,6,6,6,6,6,6,6
260878,1,1,1997,0,0,0,0,0,0,0,0,0,0
260879,0,1,1997,0,0,0,0,0,0,0,0,0,0
260879,1,1,1997,0,0,0,0,0,0,0,0,0,0
260880,0,1,1997,16,0,0,0,0,8,23,4,0,0
260880,0,2,1997,0,0,0,0,0,0,0,0,0,0
260880,1,1,1997,9,9,9,9,9,9,9,9,9,9
260881,1,1,1997,0,0,0,0,0,8,0,0,0,0
260881,2,1,1997,0,0,0,0,0,0,0,0,0,0
260882,1,1,1997,0,0,0,0,0,0,0,0,0,0
260883,1,1,1997,27,27,27,27,27,27,27,27,27,27
260884,0,1,1997,0,0,14,0,0,0,0,0,0,0
260884,1,1,1997,0,0,0,0,0,0,0,0,0,0
260885,1,1,1997,0,0,0,18,0,11,0,0,0,0
260885,2,1,1997,0,0,0,0,0,0,0,0,0,0
260886,1,1,1997,24,24,24,24,24,24,24,24,24,24
260887,1,1,1997,24,24,24,24,24,24,24,24,24,24
260887,2,1,1997,0,0,0,0,0,0,0,0,0,0
260888,1,1,1997,19,19,19,19,19,19,19,19,19,19
260889,1,1,1997,0,0,0,0,0,0,0,0,0,0
260889,2,1,1997,13,0,0,0,0,0,0,0,0,0
260890,1,1,1997,0,0,0,0,0,0,4,0,0,0
260890,2,1,1997,0,0,0,0,0,0,0,0,0,0
260891,1,1,1997,0,0,0,0,0,0,0,0,0,0
260891,2,1,1997,19,15,28,29,15,0,0,18,0,0
260892,1,1,1997,0,0,0,0,0,5,0,0,0,0
260892,2,1,1997,0,0,0,0,0,0,0,0,0,0
260893,1,1,1997,18,5,0,7,0,4,2,16,12,9
260894,1,1,1997,13,13,13,13,13,13,13,13,13,13
260895,0,1,1997,0,42,19,15,25,0,0,24,0,10
260895,1,1,1997,10,0,8,0,0,0,12,0,17,0
260896,1,1,1997,14,14,14,14,14,14,14,14,14,14
260897,1,1,1997,0,0,0,0,0,0,0,0,0,0
260897,2,1,1997,0,0,0,0,0,0,0,0,0,0
260898,1,1,1997,0,0,0,0,0,0,0,0,0,0
260898,2,1,1997,0,0,0,0,0,0,0,0,0,0
260899,1,1,1997,0,0,0,0,0,0,0,0,0,0
260899,2,1,1997,0,0,0,0,0,0,0,0,0,0
260899,3,1,1997,0,0,0,0,0,0,0,0,0,0
260900,1,1,1997,0,0,0,0,0,0,0,0,0,6
260900,2,1,1997,0,0,0,0,0,0,0,0,0,0
260901,1,1,1997,0,0,0,0,0,0,0,0,0,0
260901,2,1,1997,0,0,0,0,0,0,0,0,0,0
260902,1,1,1997,11,11,11,11,11,11,11,11,11,11
260903,1,1,1997,0,0,0,0,0,0,0,0,0,0
260903,2,1,1997,0,0,0,0,0,0,4,0,0,0
260904,1,1,1997,18,18,18,18,18,18,18,18,18,18
260904,2,1,1997,6,6,6,6,6,6,6,6,6,6
260905,1,1,1997,16,16,16,16,16,16,16,16,16,16
260906,1,1,1997,0,0,0,0,0,0,0,0,0,0
260906,2,1,1997,7,7,7,7,7,7,7,7,7,7
260907,1,1,1997,12,12,12,12,12,12,12,12,12,12
260908,0,1,1997,6,6,6,6,6,6,6,6,6,6
260908,1,1,1997,0,0,0,0,0,0,0,0,0,0
260909,1,1,1997,0,0,0,0,0,0,0,0,0,0
260909,2,1,1997,0,0,0,0,0,0,0,0,0,0
260910,1,1,1997,0,0,0,0,0,0,0,0,0,0
260910,2,1,1997,0,0,0,0,0,0,0,0,0,0
260911,1,1,1997,8,15,17,5,13,0,16,16,17,26
260912,1,1,1997,6,6,6,6,6,6,6,6,6,6
260913,1,1,1997,0,0,0,0,0,0,0,0,0,0
260913,2,1,1997,0,0,0,0,0,0,0,0,0,0
260914,1,1,1997,0,0,0,0,0,0,0,0,0,0
260915,0,1,1997,0,0,0,0,0,0,0,0,0,0
260915,1,1,1997,0,0,0,0,15,0,0,0,0,0
260916,1,1,1997,0,0,0,0,0,0,0,0,0,0
260917,1,1,1997,7,7,7,7,7,7,7,7,7,7
260918,1,1,1997,15,15,15,15,15,15,15,15,15,15
260919,1,1,1997,0,0,0,0,0,0,0,0,0,0
260920,1,1,1997,0,0,0,0,0,21,0,0,0,0
260920,2,1,1997,16,0,0,17,0,0,0,11,0,0
260921,1,1,1997,11,11,11,11,11,11,11,11,11,11
260921,2,1,1997,0,0,0,0,0,0,0,0,0,0
260922,0,1,1997,0,0,0,0,0,0,0,0,0,0
260922,1,1,1997,0,0,0,0,0,0,0,0,0,0
260923,1,1,1997,18,18,18,18,18,18,18,18,18,18
260924,1,1,1997,0,0,0,0,0,0,6,0,23,9
260925,1,1,1997,0,0,0,0,0,0,0,0,0,0
260925,2,1,1997,0,0,0,0,0,0,0,0,0,0
260926,1,1,1997,0,0,0,0,0,0,0,0,0,0
260926,2,1,1997,0,0,0,0,0,0,0,0,0,0
260927,1,1,1997,0,0,0,0,16,16,0,0,15,22
260927,2,1,1997,9,10,14,10,3,14,13,14,17,15
260928,1,1,1997,0,0,0,0,0,0,0,0,0,0
260929,1,1,1997,0,0,0,12,0,0,0,0,0,0
260929,2,1,1997,0,0,0,0,0,0,0,0,0,0
260930,1,1,1997,0,0,25,0,6,0,6,0,0,0
260931,1,1,1997,23,0,0,12,0,0,0,21,0,0
260931,2,1,1997,0,0,0,0,0,0,0,0,0,0
260933,0,1,1997,0,0,0,0,0,0,0,0,0,0
260933,1,1,1997,0,0,0,0,0,0,0,0,0,0
260934,1,1,1997,21,21,21,21,21,21,21,21,21,21
260934,2,1,1997,0,0,0,0,0,0,0,0,0,0
260935,1,1,1997,0,0,0,14,0,0,0,0,0,0
260935,2,1,1997,0,0,0,0,0,0,0,0,0,0
260935,3,1,1997,0,0,0,0,0,0,0,0,0,0
260935,4,1,1997,0,0,0,0,0,0,0,0,0,0
260936,1,1,1997,0,0,0,0,0,0,0,0,0,0
260936,2,1,1997,0,0,0,0,0,0,0,0,0,0
260937,1,1,1997,0,0,0,0,0,0,0,0,0,0
260937,2,1,1997,0,0,0,0,0,0,0,0,0,0
260938,1,1,1997,0,0,0,0,0,0,0,24,0,0
260938,2,1,1997,0,0,0,0,0,0,0,0,0,8
260939,0,1,1997,0,17,0,0,22,0,0,0,0,0
260939,1,1,1997,0,0,0,0,0,0,0,0,0,0
260940,1,1,1997,25,25,25,25,25,25,25,25,25,25
260940,2,1,1997,0,0,0,0,0,0,0,0,0,0
260941,1,1,1997,15,15,15,15,15,15,15,15,15,15
260942,1,1,1997,0,0,0,0,0,0,0,0,0,0
260942,2,1,1997,0,0,0,0,0,0,0,0,0,0
260943,1,1,1997,0,0,0,0,0,0,0,0,0,0
260943,2,1,1997,0,0,0,0,0,0,0,0,0,0
260944,1,1,1997,0,0,0,0,0,0,0,0,0,0
260944,2,1,1997,0,0,0,0,0,0,0,0,0,0
260945,1,1,1997,0,0,0,0,0,0,0,0,0,0
260946,1,1,1997,0,0,0,0,11,0,0,0,0,0
260946,2,1,1997,15,23,16,24,15,0,0,20,0,0
260947,1,1,1997,3,3,3,3,3,3,3,3,3,3
260947,2,1,1997,0,0,0,0,12,16,0,16,0,0
260948,0,1,1997,10,0,0,0,20,0,10,0,0,0
260948,1,1,1997,0,0,0,0,0,0,0,0,0,0
260948,2,1,1997,0,0,0,0,0,0,0,0,0,0
260949,1,1,1997,0,11,0,0,4,0,0,0,0,0
260949,2,1,1997,0,0,8,0,0,0,0,0,0,0
260950,1,1,1997,12,12,12,12,12,12,12,12,12,12
260951,1,1,1997,0,0,0,0,0,0,0,0,0,0
260952,1,1,1997,0,0,0,0,0,0,0,0,0,0
260953,0,1,1997,0,0,0,0,0,0,0,0,0,0
260953,1,1,1997,0,0,0,0,0,0,0,0,0,0
260954,0,1,1997,22,22,22,22,22,22,22,22,22,22
260954,1,1,1997,5,5,5,5,5,5,5,5,5,5
260955,1,1,1997,25,25,25,25,25,25,25,25,25,25
260956,1,1,1997,0,0,0,0,0,0,0,0,0,0
260956,2,1,1997,20,20,20,20,20,20,20,20,20,20
260957,1,1,1997,17,17,17,17,17,17,17,17,17,17
260957,2,1,1997,11,11,11,11,11,11,11,11,11,11
260957,3,1,1997,0,0,0,0,0,0,0,0,0,0
260958,1,1,1997,0,0,0,32,0,0,0,0,0,0
260958,2,1,1997,0,0,0,0,0,0,0,0,0,0
260958,3,1,1997,0,0,0,0,3,0,0,0,0,0
260958,4,1,1997,0,0,0,0,0,0,0,0,0,0
260958,5,1,1997,0,0,0,0,0,0,0,0,0,0
260959,1,1,1997,0,0,0,0,0,0,0,0,0,0
260959,2,1,1997,0,0,0,0,0,0,0,0,0,0
260960,1,1,1997,0,0,0,0,0,0,0,0,0,0
260960,2,1,1997,0,0,0,0,0,0,0,0,0,0
260961,1,1,1997,25,25,25,25,25,25,25,25,25,25
260961,2,1,1997,1,1,1,1,1,1,1,1,1,1
260962,0,1,1997,28,28,28,28,28,28,28,28,28,28
260962,1,1,1997,0,0,0,0,0,0,0,0,0,0
260963,1,1,1997,0,0,0,0,0,0,0,0,0,0
260963,2,1,1997,0,0,0,0,0,0,0,0,0,0
260964,1,1,1997,0,0,0,0,0,0,0,0,0,0
260964,2,1,1997,0,0,0,0,0,0,0,0,0,0
260964,3,1,1997,0,0,0,0,0,0,0,0,0,0
260965,1,1,1997,0,0,0,0,0,0,0,0,0,0
260965,2,1,1997,0,0,0,0,0,0,0,0,0,0