ST_CASE,VEH_NO,PER_NO,YEAR,P1,P2,P3,P4,P5,P6,P7,P8,P9,P10
270465,2,1,1997,0,0,0,0,0,0,0,0,0,0
270466,1,1,1997,6,6,6,6,6,6,6,6,6,6
270466,2,1,1997,0,0,0,0,0,0,0,0,0,0
270467,1,1,1997,0,0,0,0,0,0,0,0,0,0
270467,2,1,1997,0,0,0,0,0,0,0,0,0,0
270468,1,1,1997,0,0,0,0,0,0,0,0,0,0
270468,2,1,1997,0,0,0,0,0,0,0,0,0,0
270469,1,1,1997,17,17,17,17,17,17,17,17,17,17
270469,2,1,1997,0,0,0,0,0,0,27,0,0,0
270470,1,1,1997,0,0,0,0,0,0,0,0,0,0
270471,0,1,1997,0,0,0,0,13,0,0,0,0,0
270471,1,1,1997,0,0,0,0,0,0,0,0,0,0
270472,1,1,1997,0,0,0,0,0,0,0,0,0,0
270472,2,1,1997,0,0,0,0,0,0,0,0,0,0
270473,1,1,1997,0,0,0,0,0,0,0,13,0,0
270473,2,1,1997,0,0,0,0,0,0,0,0,0,0
270474,1,1,1997,0,0,16,0,0,0,0,0,0,0
270475,1,1,1997,0,0,0,0,0,0,0,0,0,0
270476,1,1,1997,0,0,0,0,0,0,0,0,0,0
270476,2,1,1997,0,0,0,0,0,0,0,0,0,0
270477,1,1,1997,0,0,0,0,0,0,0,0,0,0
270477,2,1,1997,0,0,0,0,0,0,0,0,0,0
270478,0,1,1997,0,0,0,0,0,0,0,0,0,0
270478,1,1,1997,0,0,0,0,0,0,0,0,0,0
270479,1,1,1997,0,0,0,0,0,0,0,0,0,0
270479,2,1,1997,0,0,0,0,0,0,0,0,0,0
270480,1,1,1997,0,0,0,0,0,0,0,0,0,0
270480,2,1,1997,0,0,0,0,0,0,0,0,0,0
270481,1,1,1997,0,0,0,0,0,0,0,0,0,0
270481,2,1,1997,0,0,0,0,0,0,0,0,0,0
270482,1,1,1997,0,0,0,0,0,0,0,0,0,0
270482,2,1,1997,24,24,24,24,24,24,24,24,24,24
270483,1,1,1997,0,0,0,0,0,0,0,0,0,0
270483,2,1,1997,0,0,0,0,0,0,0,0,0,0
270484,1,1,1997,0,0,0,0,0,0,0,0,0,0
270484,2,1,1997,0,0,0,0,0,0,0,0,0,0
270485,0,1,1997,0,0,0,0,0,0,0,0,0,0
270485,0,2,1997,6,0,0,0,16,6,0,7,0,16
270485,1,1,1997,0,0,0,0,0,0,0,0,0,0
270486,0,1,1997,32,32,32,32,32,32,32,32,32,32
270486,1,1,1997,0,0,0,0,0,0,0,0,0,0
270487,1,1,1997,21,21,21,21,21,21,21,21,21,21
270488,1,1,1997,3,3,3,3,3,3,3,3,3,3
270488,2,1,1997,9,9,9,9,9,9,9,9,9,9
270490,1,1,1997,22,22,22,22,22,22,22,22,22,22
270491,1,1,1997,0,0,0,0,0,0,0,0,0,0
270492,1,1,1997,22,22,22,22,22,22,22,22,22,22
270493,1,1,1997,23,23,23,23,23,23,23,23,23,23
270493,2,1,1997,0,0,0,0,0,0,0,0,0,0
270494,1,1,1997,0,0,0,0,0,0,0,0,0,0
270495,1,1,1997,0,0,0,0,0,0,0,0,0,0
270496,0,1,1997,0,0,0,0,0,0,0,0,0,0
270496,1,1,1997,0,0,0,0,0,0,0,0,0,0
270497,1,1,1997,16,16,16,16,16,16,16,16,16,16
270498,1,1,1997,0,0,0,0,0,0,0,0,0,0
270499,1,1,1997,0,0,0,0,0,0,0,0,0,0
270500,1,1,1997,25,0,0,0,0,0,0,0,0,0
270500,2,1,1997,0,0,0,0,0,0,0,0,0,0
270501,1,1,1997,0,0,0,0,0,0,0,0,0,0
270501,2,1,1997,0,0,0,0,0,0,0,0,0,0
270502,1,1,1997,0,0,0,0,0,0,0,0,0,0
270502,2,1,1997,0,0,0,0,0,0,0,0,0,0
270503,1,1,1997,0,0,0,0,0,0,0,0,0,0
270503,2,1,1997,0,0,0,0,0,0,0,0,0,0
270504,1,1,1997,0,0,0,0,0,0,0,0,0,0
270504,2,1,1997,0,0,0,0,0,0,0,0,0,0
270505,1,1,1997,21,21,21,21,21,21,21,21,21,21
270506,1,1,1997,0,0,0,0,0,0,0,0,0,0
270506,2,1,1997,0,0,0,0,0,0,0,0,0,0
270507,0,1,1997,0,0,0,0,0,0,0,0,0,0
270507,1,1,1997,0,0,0,0,0,0,0,0,0,0
270508,1,1,1997,0,0,0,0,0,0,0,0,0,0
270509,1,1,1997,0,0,0,0,0,0,0,0,0,0
270509,2,1,1997,0,0,0,0,0,0,0,0,0,0
270509,3,1,1997,0,0,0,0,0,0,0,0,0,0
270510,1,1,1997,0,0,0,0,0,0,0,0,0,0
270511,1,1,1997,0,0,0,0,0,0,0,0,0,20
270511,2,1,1997,0,0,0,0,0,0,0,0,0,0
270512,1,1,1997,0,0,0,0,0,0,0,0,0,0
270512,2,1,1997,0,0,0,0,0,0,0,0,0,0
270513,0,1,1997,0,0,26,0,0,0,0,0,0,0
270513,1,1,1997,0,0,0,0,0,0,0,0,0,0
270514,1,1,1997,0,0,0,0,0,0,0,0,0,0
270514,2,1,1997,15,15,15,15,15,15,15,15,15,15
270515,1,1,1997,0,0,0,0,0,0,0,0,0,0
270516,1,1,1997,7,7,7,7,7,7,7,7,7,7
270517,0,1,1997,0,0,0,0,0,0,0,0,0,0
270517,1,1,1997,0,0,0,0,0,0,0,0,0,0
270518,1,1,1997,0,0,0,0,0,0,0,0,0,0
270518,2,1,1997,0,0,0,0,0,0,0,0,0,0
270519,1,1,1997,17,17,17,17,17,17,17,17,17,17
270519,2,1,1997,0,0,0,0,0,0,0,0,0,0
270520,1,1,1997,0,0,0,0,0,0,0,0,0,0
270520,2,1,1997,0,0,0,0,0,0,0,0,0,0
270521,1,1,1997,0,0,0,0,0,0,0,0,0,0
270521,2,1,1997,0,0,0,0,0,0,0,0,0,0
270522,0,1,1997,0,0,0,0,0,0,0,0,0,0
270522,1,1,1997,22,22,22,22,22,22,22,22,22,22
270523,1,1,1997,0,0,0,0,0,0,0,0,0,0
270523,2,1,1997,0,0,0,0,0,0,0,0,0,0
270524,1,1,1997,9,9,9,9,9,9,9,9,9,9
270525,1,1,1997,0,0,0,0,0,0,0,0,0,0
270525,2,1,1997,0,0,0,0,0,0,0,0,0,0
270526,1,1,1997,13,13,13,13,13,13,13,13,13,13
270527,1,1,1997,7,6,0,28,0,14,0,0,19,24
270527,2,1,1997,0,0,8,0,0,0,0,0,10,0
270528,0,1,1997,0,10,16,26,0,19,0,20,29,10
270528,1,1,1997,0,39,0,0,5,0,0,0,0,0
270529,0,1,1997,0,26,0,13,0,0,15,0,0,0
270529,1,1,1997,0,0,0,0,12,0,0,15,0,0
270530,3,1,1997,0,0,0,0,0,0,0,0,0,0
270531,1,1,1997,15,15,15,15,15,15,15,15,15,15
280001,1,1,1997,0,0,0,0,0,0,0,0,0,0
280002,1,1,1997,0,0,0,0,0,0,0,0,0,0
280002,2,1,1997,0,0,0,0,0,0,0,0,0,0
280003,1,1,1997,0,0,0,0,0,0,0,0,0,0
280003,2,1,1997,0,0,9,0,0,0,0,0,0,8
280004,1,1,1997,0,0,0,0,0,0,0,0,0,0
280005,1,1,1997,0,0,0,7,0,0,0,0,0,0
280005,2,1,1997,0,0,0,0,0,0,0,0,0,20
280006,1,1,1997,0,0,0,0,0,0,0,0,0,0
280006,2,1,1997,0,0,0,0,0,0,0,0,0,0
280007,0,1,1997,0,0,0,0,0,0,0,0,0,0
280007,1,1,1997,0,0,0,0,0,0,0,0,0,0
280008,1,1,1997,12,0,11,11,7,18,0,14,39,0
280009,1,1,1997,21,21,21,21,21,21,21,21,21,21
280010,1,1,1997,20,20,20,20,20,20,20,20,20,20
280011,1,1,1997,0,0,0,0,0,0,0,0,0,0
280012,1,1,1997,18,18,18,18,18,18,18,18,18,18
280013,1,1,1997,0,0,0,0,0,0,0,0,0,0
280013,2,1,1997,3,3,3,3,3,3,3,3,3,3
280014,1,1,1997,0,0,0,0,0,0,0,0,0,0
280014,2,1,1997,0,0,0,0,0,0,0,0,0,0
280015,1,1,1997,33,33,33,33,33,33,33,33,33,33
280016,1,1,1997,0,0,0,0,0,0,0,0,0,0
280016,2,1,1997,0,0,0,15,0,0,0,11,0,0
280017,1,1,1997,0,0,0,0,0,0,0,0,0,0
280018,1,1,1997,0,0,0,0,0,0,0,0,0,0
280018,2,1,1997,0,0,0,0,0,0,0,0,0,0
280019,1,1,1997,22,22,22,22,22,22,22,22,22,22
280021,1,1,1997,0,0,3,8,0,0,19,0,8,0
280021,2,1,1997,0,0,0,0,30,0,0,0,0,0
280022,1,1,1997,22,22,22,22,22,22,22,22,22,22
280023,1,1,1997,9,9,9,9,9,9,9,9,9,9
280024,1,1,1997,0,0,0,0,0,0,0,0,0,0
280024,2,1,1997,0,0,0,0,0,0,0,0,0,0
280025,1,1,1997,0,0,0,0,0,0,0,0,0,0
280025,2,1,1997,0,0,0,0,0,0,0,0,0,0
280026,1,1,1997,18,18,18,18,18,18,18,18,18,18
280026,2,1,1997,0,0,0,0,0,0,0,0,0,0
280027,1,1,1997,5,0,0,0,0,0,0,17,17,24
280028,1,1,1997,0,0,0,0,0,0,0,0,0,0
280028,2,1,1997,0,0,0,0,0,0,0,0,0,0
280029,1,1,1997,26,26,26,26,26,26,26,26,26,26
280030,1,1,1997,0,0,0,0,0,0,0,0,0,0
280030,2,1,1997,0,0,0,0,0,0,0,0,0,0
280031,1,1,1997,0,0,0,0,0,0,0,0,0,0
280031,2,1,1997,0,0,0,0,0,0,0,0,0,0
280032,1,1,1997,27,27,27,27,27,27,27,27,27,27
280033,1,1,1997,8,8,8,8,8,8,8,8,8,8
280034,0,1,1997,21,12,31,0,0,0,0,0,15,41
280034,1,1,1997,0,0,0,18,0,19,14,0,0,12
280035,1,1,1997,20,20,20,20,20,20,20,20,20,20
280036,1,1,1997,24,24,24,24,24,24,24,24,24,24
280037,0,1,1997,23,23,23,23,23,23,23,23,23,23
280037,1,1,1997,0,0,0,0,0,0,0,0,0,0
280038,1,1,1997,0,15,0,0,0,7,9,2,14,4
280039,1,1,1997,0,0,0,0,0,0,0,0,0,0
280040,0,1,1997,0,0,15,38,34,0,0,0,0,0
280040,1,1,1997,12,0,0,0,0,0,0,0,17,14
280041,1,1,1997,13,12,8,9,17,10,0,0,11,13
280042,1,1,1997,0,0,0,0,0,0,0,0,0,0
280043,0,1,1997,28,28,28,28,28,28,28,28,28,28
280043,1,1,1997,0,0,3,0,0,0,0,0,0,0
280044,1,1,1997,0,0,0,0,0,0,0,0,0,0
280045,1,1,1997,0,0,0,0,0,0,0,0,0,0
280045,2,1,1997,24,0,0,0,0,0,0,0,0,0
280046,1,1,1997,0,0,0,0,0,0,0,0,0,0
280047,0,1,1997,22,8,35,5,0,0,19,0,22,0
280047,1,1,1997,0,0,0,0,0,0,0,0,0,0
280048,1,1,1997,0,0,0,0,0,0,0,0,14,0
280048,2,1,1997,0,0,0,0,0,0,0,0,0,0
280048,3,1,1997,0,0,17,0,16,0,0,0,0,0
280049,0,1,1997,0,0,0,0,0,0,0,0,0,0
280049,1,1,1997,0,0,0,0,0,0,0,0,0,0
280050,0,1,1997,0,0,0,0,0,0,0,0,0,0
280050,1,1,1997,0,0,0,0,0,0,0,0,0,0
280051,1,1,1997,0,0,0,0,0,0,0,0,0,0
280051,2,1,1997,0,0,0,0,0,0,0,0,0,0
280052,1,1,1997,24,24,24,24,24,24,24,24,24,24
280052,2,1,1997,0,0,0,0,0,0,0,0,0,0
280053,1,1,1997,0,0,0,0,0,0,0,0,0,0
280053,2,1,1997,0,0,0,0,0,0,0,0,0,0
280054,1,1,1997,0,0,0,0,0,0,0,0,0,0
280055,1,1,1997,0,0,0,0,0,0,0,0,0,0
280055,2,1,1997,0,0,0,0,0,0,0,0,0,0
280056,1,1,1997,0,0,0,0,8,0,11,0,0,0
280057,1,1,1997,0,0,0,0,0,0,0,0,0,0
280057,2,1,1997,0,0,0,0,0,0,0,0,0,0
280058,1,1,1997,32,0,33,15,0,10,19,0,0,18
280059,1,1,1997,0,0,0,0,0,0,0,0,0,13
280060,1,1,1997,15,14,8,0,0,0,12,26,22,33
280061,1,1,1997,0,0,0,0,16,0,0,0,22,25
280062,1,1,1997,16,16,16,16,16,16,16,16,16,16
280063,1,1,1997,0,0,0,0,0,0,0,0,0,0
280064,1,1,1997,8,16,0,0,17,30,27,0,20,0
280065,1,1,1997,0,0,0,0,0,0,0,0,0,0
280066,1,1,1997,39,39,39,39,39,39,39,39,39,39
280067,1,1,1997,33,13,17,35,0,0,5,10,14,15
280068,1,1,1997,0,0,0,0,0,0,0,0,0,0
280068,2,1,1997,0,0,0,0,0,0,0,0,0,0
280069,1,1,1997,0,0,0,0,0,0,0,0,0,0
280069,2,1,1997,0,0,0,0,0,0,0,0,0,0
280070,1,1,1997,0,0,0,0,0,0,0,0,0,0
280070,2,1,1997,6,6,6,6,6,6,6,6,6,6
280071,1,1,1997,15,15,15,15,15,15,15,15,15,15
280072,1,1,1997,0,0,0,0,0,0,0,0,0,0
280072,2,1,1997,16,16,16,16,16,16,16,16,16,16
280073,1,1,1997,0,0,0,0,0,0,0,0,0,0
280073,2,1,1997,0,0,0,0,0,0,0,0,0,0
280074,1,1,1997,22,22,22,22,22,22,22,22,22,22
280074,2,1,1997,0,0,0,0,0,0,0,0,0,0
280075,1,1,1997,18,18,18,18,18,18,18,18,18,18
280076,1,1,1997,20,20,20,20,20,20,20,20,20,20
280077,1,1,1997,0,18,24,0,46,0,16,17,0,26
280078,1,1,1997,0,0,0,0,0,0,0,0,0,0
280078,2,1,1997,0,0,0,0,0,0,0,0,0,0
280079,1,1,1997,0,0,0,0,0,0,0,0,0,0
280080,1,1,1997,0,0,0,0,0,0,0,0,0,0
280081,1,1,1997,0,0,0,0,0,0,0,0,0,0
280082,1,1,1997,0,0,0,0,0,0,0,0,0,0
280082,2,1,1997,0,0,0,0,0,0,0,0,0,0
280083,1,1,1997,0,0,0,0,21,0,0,0,0,0
280083,2,1,1997,0,0,0,27,0,0,24,0,0,0
280084,1,1,1997,13,13,13,13,13,13,13,13,13,13
280085,1,1,1997,18,18,18,18,18,18,18,18,18,18
280086,1,1,1997,0,0,0,0,0,0,0,0,0,0
280087,1,1,1997,0,0,0,0,0,0,0,0,0,0
280087,2,1,1997,0,0,0,0,0,0,0,0,0,0
280088,1,1,1997,10,10,10,10,10,10,10,10,10,10
280088,2,1,1997,0,0,0,0,0,0,0,0,0,0
280089,1,1,1997,0,0,0,0,0,0,0,0,0,0
280089,2,1,1997,0,0,0,0,29,0,0,0,0,0
280090,1,1,1997,0,0,9,0,0,19,0,0,0,5
280090,2,1,1997,6,0,3,0,0,0,0,0,0,0
280091,1,1,1997,14,14,14,14,14,14,14,14,14,14
280092,1,1,1997,43,43,43,43,43,43,43,43,43,43
280092,2,1,1997,0,0,0,0,0,0,0,0,0,0
280094,1,1,1997,20,20,20,20,20,20,20,20,20,20
280095,1,1,1997,0,0,0,0,0,0,0,0,0,0
280095,2,1,1997,0,0,0,0,0,0,0,0,0,9
280096,1,1,1997,0,0,13,0,0,0,0,0,0,24
280096,2,1,1997,15,15,15,15,15,15,15,15,15,15
280097,1,1,1997,0,0,0,0,0,0,0,0,0,0
280097,2,1,1997,0,0,0,0,0,0,0,0,0,0
280097,3,1,1997,0,0,0,47,0,23,0,0,0,0
280098,1,1,1997,0,0,0,0,0,0,0,0,0,0
280099,1,1,1997,0,0,0,0,0,0,0,0,0,0
280099,2,1,1997,0,0,0,0,0,0,0,0,0,0
280100,1,1,1997,6,0,13,0,0,0,0,0,0,11
280101,0,1,1997,0,0,0,0,0,0,0,0,0,0
280101,1,1,1997,3,3,3,3,3,3,3,3,3,3
280102,1,1,1997,0,0,0,0,0,0,0,0,0,0
280102,2,1,1997,0,0,0,0,0,0,0,0,0,0
280103,1,1,1997,0,0,0,0,0,0,0,0,0,0
280104,1,1,1997,0,0,11,26,19,7,0,19,18,0
280105,1,1,1997,0,0,0,0,0,0,0,0,0,0
280105,2,1,1997,0,0,0,0,0,0,15,0,0,0
280106,1,1,1997,0,0,0,0,0,14,0,26,0,36
280107,0,1,1997,0,0,0,0,0,0,0,17,0,0
280107,1,1,1997,0,0,0,0,0,0,0,12,0,0
280108,1,1,1997,0,0,0,0,0,0,0,0,0,0
280109,1,1,1997,22,22,22,22,22,22,22,22,22,22
280109,2,1,1997,0,0,0,0,0,0,0,0,0,0
280112,1,1,1997,0,0,0,0,0,0,0,0,0,0
280112,2,1,1997,0,0,0,0,0,0,0,0,0,0
280113,1,1,1997,0,0,0,0,0,0,0,0,0,0
280113,2,1,1997,0,0,0,0,0,0,0,0,0,0
280114,1,1,1997,0,0,0,0,0,0,0,0,0,0
280114,2,1,1997,0,0,0,0,0,0,0,0,0,0
280115,1,1,1997,0,0,0,0,0,0,0,0,0,0
280116,1,1,1997,0,0,0,0,0,0,0,0,0,0
280116,2,1,1997,14,14,14,14,14,14,14,14,14,14
280117,1,1,1997,0,0,0,0,0,0,0,0,0,0
280117,2,1,1997,0,0,0,0,0,0,0,0,0,0
280118,1,1,1997,12,12,12,12,12,12,12,12,12,12
280119,1,1,1997,18,18,18,18,18,18,18,18,18,18
280120,1,1,1997,23,23,23,23,23,23,23,23,23,23
280121,1,1,1997,0,0,0,0,0,0,0,0,0,0
280122,1,1,1997,19,19,19,19,19,19,19,19,19,19
280123,1,1,1997,0,0,0,0,0,0,0,0,0,0
280124,1,1,1997,0,0,0,0,0,0,0,0,0,0
280125,1,1,1997,19,19,19,19,19,19,19,19,19,19
280125,2,1,1997,0,0,0,0,0,0,0,0,0,0
280126,1,1,1997,0,0,0,0,0,0,0,0,0,0
280127,1,1,1997,20,20,20,20,20,20,20,20,20,20
280127,2,1,1997,0,0,0,0,0,0,0,0,0,0
280128,1,1,1997,0,0,0,0,0,0,0,0,0,0
280129,1,1,1997,0,0,0,0,0,0,0,0,0,0
280129,2,1,1997,24,24,24,24,24,24,24,24,24,24
280130,1,1,1997,0,0,0,0,0,0,0,0,0,0
280130,2,1,1997,0,0,0,0,0,0,0,0,0,0
280131,1,1,1997,23,23,23,23,23,23,23,23,23,23
280132,1,1,1997,9,9,9,9,9,9,9,9,9,9
280133,1,1,1997,0,0,0,0,0,0,0,0,0,0
280133,2,1,1997,7,7,7,7,7,7,7,7,7,7
280134,1,1,1997,9,9,9,9,9,9,9,9,9,9
280134,2,1,1997,15,15,15,15,15,15,15,15,15,15
280135,1,1,1997,0,42,0,0,0,0,14,0,0,0
280135,2,1,1997,0,0,0,0,0,0,0,0,0,0
280136,1,1,1997,23,23,23,23,23,23,23,23,23,23
280137,0,1,1997,0,0,0,0,0,0,0,0,0,0
280137,1,1,1997,0,0,0,0,0,0,0,0,0,0
280138,1,1,1997,24,0,23,0,0,7,0,0,0,0
280139,1,1,1997,0,0,0,0,0,0,0,0,0,0
280139,2,1,1997,0,0,0,0,0,0,0,0,0,0
280140,1,1,1997,0,18,7,16,17,29,21,15,0,35
280141,1,1,1997,18,18,18,18,18,18,18,18,18,18
280142,1,1,1997,0,0,0,0,0,0,0,0,0,0
280142,2,1,1997,0,0,0,0,0,0,0,0,0,0
280143,1,1,1997,0,0,0,0,0,0,0,0,0,0
280143,2,1,1997,11,11,11,11,11,11,11,11,11,11
280144,1,1,1997,19,19,19,19,19,19,19,19,19,19
280145,1,1,1997,11,11,11,11,11,11,11,11,11,11
280145,2,1,1997,0,0,0,0,0,0,0,0,0,0
280146,1,1,1997,0,0,0,0,0,0,0,0,0,0
280147,1,1,1997,0,0,0,0,0,0,0,0,0,0
280148,1,1,1997,0,0,0,0,0,0,0,0,0,0
280148,2,1,1997,0,0,0,0,0,0,0,0,0,0
280149,1,1,1997,15,15,15,15,15,15,15,15,15,15
280150,1,1,1997,0,0,0,0,0,0,0,0,0,0
280150,2,1,1997,0,0,0,0,0,0,0,0,0,0
280150,3,1,1997,0,0,0,0,0,0,0,0,0,0
280150,4,1,1997,0,0,0,0,0,0,0,0,0,0
280151,1,1,1997,6,6,6,6,6,6,6,6,6,6
280152,1,1,1997,18,18,18,18,18,18,18,18,18,18
280153,1,1,1997,15,19,24,12,19,19,0,14,0,18
280153,2,1,1997,0,0,0,0,11,16,0,0,0,0
280154,1,1,1997,24,24,24,24,24,24,24,24,24,24
280155,0,1,1997,0,0,0,0,0,0,0,0,0,0
280155,1,1,1997,0,0,0,0,0,0,0,0,0,0
280156,1,1,1997,16,16,16,16,16,16,16,16,16,16
280157,1,1,1997,0,0,0,0,0,0,0,0,0,0
280157,2,1,1997,0,0,0,0,0,0,0,0,0,0
280158,1,1,1997,0,0,0,0,0,0,0,0,0,0
280158,2,1,1997,0,0,0,0,0,0,0,0,0,0
280159,1,1,1997,0,0,0,0,0,0,0,0,0,0
280159,2,1,1997,0,0,0,0,0,15,0,0,0,0
280160,1,1,1997,9,9,9,9,9,9,9,9,9,9
280160,2,1,1997,0,0,0,0,0,0,0,0,0,0
280160,3,1,1997,0,0,0,0,0,0,0,0,0,8
280161,1,1,1997,0,0,0,0,0,0,0,0,0,0
280161,2,1,1997,0,0,0,0,0,0,0,0,0,0
280162,1,1,1997,19,19,19,19,19,19,19,19,19,19
280163,1,1,1997,0,0,0,0,0,0,0,0,0,0
280164,1,1,1997,34,34,34,34,34,34,34,34,34,34
280165,1,1,1997,9,9,9,9,9,9,9,9,9,9
280166,1,1,1997,0,0,0,0,0,0,0,0,0,0
280167,1,1,1997,0,0,0,0,0,0,0,0,0,0
280167,2,1,1997,0,0,0,0,0,0,0,0,0,0
280167,3,1,1997,0,0,0,0,0,0,0,0,0,0
280168,1,1,1997,0,0,0,0,0,0,0,0,0,0
280168,2,1,1997,19,19,19,19,19,19,19,19,19,19
280169,1,1,1997,17,17,17,17,17,17,17,17,17,17
280170,1,1,1997,0,0,0,0,0,0,0,0,0,0
280171,1,1,1997,7,0,0,0,0,0,0,0,25,22
280171,2,1,1997,0,0,0,0,0,0,22,0,0,0
280172,1,1,1997,0,0,0,0,0,0,0,0,0,0
280173,1,1,1997,0,0,0,0,0,0,0,0,0,0
280173,2,1,1997,0,0,0,0,0,0,0,0,0,0
280174,0,1,1997,19,19,19,19,19,19,19,19,19,19
280174,1,1,1997,0,0,0,0,0,0,0,0,0,0
280175,1,1,1997,0,0,0,0,0,0,0,0,0,0
280175,2,1,1997,0,0,0,0,0,0,0,0,0,0
280176,1,1,1997,0,0,0,0,0,0,0,0,0,0
280176,2,1,1997,0,0,0,0,0,0,0,0,0,0
280177,1,1,1997,0,0,0,0,0,0,0,0,0,0
280178,1,1,1997,21,21,21,21,21,21,21,21,21,21
280178,2,1,1997,24,24,24,24,24,24,24,24,24,24
280179,1,1,1997,0,0,0,0,0,0,0,0,0,0
280180,1,1,1997,0,0,0,0,0,0,0,0,0,0
280180,2,1,1997,0,0,0,0,0,0,0,0,0,0
280181,1,1,1997,0,0,0,0,0,0,0,0,0,0
280182,1,1,1997,12,28,19,16,25,13,15,8,25,15
280183,1,1,1997,7,7,7,7,7,7,7,7,7,7
280184,0,1,1997,22,22,22,22,22,22,22,22,22,22
280184,1,1,1997,0,0,0,0,0,0,0,0,0,0
280185,1,1,1997,0,0,0,0,0,0,0,0,0,0
280185,2,1,1997,0,0,0,0,0,0,0,0,0,0
280186,1,1,1997,0,0,0,0,0,0,0,0,0,0
280186,2,1,1997,0,0,0,0,0,0,0,0,0,0
280187,1,1,1997,20,20,20,20,20,20,20,20,20,20
280188,1,1,1997,19,19,19,19,19,19,19,19,19,19
280188,2,1,1997,0,0,0,0,0,0,0,0,0,0
280189,1,1,1997,14,14,14,14,14,14,14,14,14,14
280190,1,1,1997,0,0,0,0,0,0,0,0,0,0
280190,2,1,1997,0,0,0,0,0,0,0,0,0,0
280190,3,1,1997,0,0,0,0,0,0,0,0,0,0
280191,1,1,1997,0,0,0,0,0,0,0,0,0,0
280191,2,1,1997,0,0,0,0,0,0,0,0,0,0
280191,3,1,1997,0,0,0,0,0,0,0,0,0,0
280192,1,1,1997,0,0,0,0,0,0,0,0,0,0
280192,2,1,1997,0,0,0,0,0,0,0,0,0,0
280193,1,1,1997,0,0,0,0,0,0,0,0,0,0
280193,2,1,1997,0,0,0,0,0,0,0,0,0,0
280194,1,1,1997,9,9,9,9,9,9,9,9,9,9
280194,2,1,1997,0,0,0,0,0,0,0,0,0,0
280195,1,1,1997,0,0,0,0,0,0,0,0,0,0
280195,2,1,1997,0,0,0,0,0,0,0,0,0,0
280196,1,1,1997,19,19,19,19,19,19,19,19,19,19
280197,1,1,1997,0,0,0,0,0,0,0,0,0,0
280198,1,1,1997,0,0,0,0,0,0,0,0,0,0
280199,1,1,1997,0,0,0,0,0,0,0,0,0,0
280200,1,1,1997,0,0,0,0,0,0,0,0,0,0
280200,2,1,1997,0,0,0,0,0,0,0,0,0,0
280201,1,1,1997,0,0,0,0,0,0,0,0,0,0
280202,1,1,1997,0,0,0,0,0,0,0,0,0,0
280203,1,1,1997,0,0,0,0,0,0,0,0,0,0
280203,2,1,1997,0,0,0,0,0,0,0,0,0,0
280204,1,1,1997,0,0,0,0,0,0,0,0,0,0
280204,2,1,1997,0,0,0,0,0,0,0,0,0,0
280205,1,1,1997,15,15,15,15,15,15,15,15,15,15
280206,1,1,1997,20,20,20,20,20,20,20,20,20,20
280207,1,1,1997,18,18,18,18,18,18,18,18,18,18
280207,2,1,1997,0,0,0,0,0,0,0,0,0,0
280208,1,1,1997,0,0,0,0,0,0,0,0,0,0
280208,2,1,1997,0,0,0,0,0,0,0,0,0,0
280209,1,1,1997,0,0,0,0,0,0,0,0,0,0
280209,2,1,1997,0,0,0,0,0,0,0,0,0,0
280210,1,1,1997,0,0,0,0,0,0,0,0,0,0
280211,1,1,1997,0,0,0,0,0,0,0,0,0,0
280211,2,1,1997,0,0,0,0,0,0,0,0,0,0
280211,3,1,1997,0,0,0,0,0,0,0,0,0,0
280212,1,1,1997,0,0,0,0,0,0,0,0,0,0
280212,2,1,1997,0,0,0,0,0,0,0,0,0,0
280213,1,1,1997,20,20,20,20,20,20,20,20,20,20
280214,1,1,1997,20,20,20,20,20,20,20,20,20,20
280215,1,1,1997,0,0,0,0,0,0,0,0,0,0
280215,2,1,1997,0,0,0,0,0,0,0,0,0,0
280216,1,1,1997,0,0,0,0,0,0,0,0,0,0
280217,1,1,1997,0,0,0,0,0,14,0,0,0,10
280218,1,1,1997,0,0,0,0,0,0,0,0,0,0
280218,2,1,1997,0,0,0,0,0,0,0,0,0,0
280219,1,1,1997,13,13,13,13,13,13,13,13,13,13
280220,1,1,1997,0,0,0,0,0,0,0,0,0,0
280220,2,1,1997,0,0,0,0,0,0,0,0,0,0
280221,1,1,1997,0,0,0,0,0,0,0,0,0,0
280221,2,1,1997,0,0,0,0,0,0,0,0,0,0
280222,1,1,1997,0,0,0,0,0,0,0,0,0,0
280223,1,1,1997,18,18,18,18,18,18,18,18,18,18
280224,1,1,1997,16,16,16,16,16,16,16,16,16,16
280225,1,1,1997,0,0,0,0,0,0,0,0,0,0
280225,2,1,1997,0,0,0,0,0,0,0,0,0,0
280226,1,1,1997,0,0,0,0,0,0,0,0,0,0