ST_CASE,VEH_NO,PER_NO,YEAR,P1,P2,P3,P4,P5,P6,P7,P8,P9,P10
280226,2,1,1997,11,11,11,11,11,11,11,11,11,11
280227,1,1,1997,16,16,16,16,16,16,16,16,16,16
280228,1,1,1997,0,0,0,0,0,0,0,0,0,0
280229,1,1,1997,0,0,0,0,0,0,0,0,0,0
280230,1,1,1997,0,0,0,0,0,0,0,6,6,0
280230,2,1,1997,0,7,13,0,32,0,37,6,0,0
280231,1,1,1997,0,0,0,0,0,0,0,0,0,0
280231,2,1,1997,0,0,0,0,0,0,0,0,0,0
280232,1,1,1997,0,0,0,0,0,0,0,0,0,0
280233,0,1,1997,0,0,0,0,0,0,0,0,0,0
280233,1,1,1997,0,0,0,0,0,0,0,0,0,0
280234,1,1,1997,0,0,0,0,0,0,0,0,0,0
280234,2,1,1997,0,0,0,0,0,0,0,0,0,0
280235,1,1,1997,12,12,12,12,12,12,12,12,12,12
280236,1,1,1997,0,0,0,0,0,0,0,0,0,0
280237,1,1,1997,0,0,0,0,0,0,0,0,0,0
280238,1,1,1997,0,0,0,0,0,0,0,0,0,0
280239,1,1,1997,18,18,18,18,18,18,18,18,18,18
280240,1,1,1997,0,0,0,0,0,0,0,0,0,0
280240,2,1,1997,0,0,0,0,0,0,0,0,0,0
280241,1,1,1997,0,0,0,0,0,0,0,0,0,0
280242,1,1,1997,0,0,0,0,0,0,0,0,0,0
280242,2,1,1997,0,0,0,0,0,0,0,0,0,0
280243,1,1,1997,0,0,0,0,0,0,0,0,0,0
280243,2,1,1997,0,0,0,0,0,0,0,0,0,0
280244,1,1,1997,0,0,0,0,0,0,0,0,0,0
280244,2,1,1997,0,0,0,0,0,0,0,0,0,0
280245,1,1,1997,0,10,0,14,0,0,0,0,0,0
280246,1,1,1997,0,0,0,0,0,0,0,0,0,0
280246,2,1,1997,0,0,0,0,0,0,0,0,0,0
280247,1,1,1997,0,0,0,0,0,0,0,0,0,0
280248,1,1,1997,0,0,0,0,0,0,0,0,0,0
280249,1,1,1997,24,24,24,24,24,24,24,24,24,24
280250,1,1,1997,0,0,0,0,0,0,0,0,0,0
280251,1,1,1997,0,0,0,0,0,0,0,0,0,0
280251,2,1,1997,0,0,0,0,0,0,0,0,0,0
280252,1,1,1997,16,16,16,16,16,16,16,16,16,16
280253,1,1,1997,0,8,0,0,0,0,0,17,0,26
280253,2,1,1997,0,0,0,0,0,0,0,0,0,0
280254,1,1,1997,0,0,0,0,0,0,0,0,0,0
280254,2,1,1997,0,0,0,0,0,0,5,0,0,0
280255,1,1,1997,0,5,3,0,22,0,0,14,19,25
280256,1,1,1997,0,0,0,0,0,0,0,0,0,0
280257,1,1,1997,24,24,24,24,24,24,24,24,24,24
280258,1,1,1997,12,12,12,12,12,12,12,12,12,12
280259,1,1,1997,8,8,8,8,8,8,8,8,8,8
280260,1,1,1997,0,0,0,0,0,0,0,0,0,0
280260,2,1,1997,32,32,32,32,32,32,32,32,32,32
280261,1,1,1997,0,0,0,0,0,0,0,0,0,0
280261,2,1,1997,0,0,0,0,0,0,0,0,0,0
280262,1,1,1997,0,0,0,0,0,0,0,0,0,0
280263,1,1,1997,0,8,19,12,31,0,0,21,8,15
280264,1,1,1997,0,0,0,0,0,0,0,0,0,0
280264,2,1,1997,0,12,0,0,0,0,0,0,0,0
280265,1,1,1997,0,0,0,0,0,0,0,0,24,0
280266,0,1,1997,0,17,0,0,17,0,11,0,45,0
280266,1,1,1997,0,0,0,0,0,0,0,0,0,0
280267,0,1,1997,18,18,18,18,18,18,18,18,18,18
280267,1,1,1997,5,5,5,5,5,5,5,5,5,5
280268,1,1,1997,0,0,0,0,0,0,0,0,0,0
280268,2,1,1997,0,0,0,0,0,0,0,0,0,0
280268,3,1,1997,0,0,0,0,0,0,0,0,0,0
280269,1,1,1997,14,14,14,14,14,14,14,14,14,14
280270,1,1,1997,0,0,0,0,0,0,0,0,0,0
280270,2,1,1997,0,0,0,0,0,0,0,0,0,0
280271,1,1,1997,0,0,0,0,0,0,0,0,0,0
280271,2,1,1997,0,0,0,0,13,0,0,15,0,0
280272,1,1,1997,0,0,0,0,0,0,0,0,0,0
280272,2,1,1997,0,0,0,0,0,0,0,0,0,0
280273,1,1,1997,18,18,18,18,18,18,18,18,18,18
280274,1,1,1997,0,0,0,0,0,0,0,0,0,0
280274,2,1,1997,0,0,0,0,0,0,0,0,0,0
280275,1,1,1997,23,23,23,23,23,23,23,23,23,23
280276,1,1,1997,0,0,0,0,0,0,0,0,0,0
280276,2,1,1997,0,0,0,0,0,0,0,0,0,0
280277,1,1,1997,0,0,0,0,0,0,0,0,0,0
280277,2,1,1997,0,0,0,0,0,0,0,0,0,0
280278,1,1,1997,15,15,15,15,15,15,15,15,15,15
280279,1,1,1997,0,0,0,0,0,0,0,0,0,0
280279,2,1,1997,0,0,0,0,0,0,0,0,0,0
280280,1,1,1997,28,28,28,28,28,28,28,28,28,28
280281,1,1,1997,0,0,0,0,0,0,0,0,0,0
280282,1,1,1997,11,11,11,11,11,11,11,11,11,11
280283,1,1,1997,19,0,19,0,19,6,11,13,0,7
280284,1,1,1997,0,0,0,0,0,0,0,0,0,0
280285,1,1,1997,0,0,0,0,0,0,0,0,0,0
280285,2,1,1997,0,0,0,0,0,0,0,0,0,0
280286,1,1,1997,0,0,0,0,0,0,0,0,0,0
280287,1,1,1997,0,0,0,0,0,0,0,0,0,0
280288,1,1,1997,0,0,0,0,0,0,0,0,0,0
280288,2,1,1997,0,0,0,0,0,0,0,0,0,0
280289,1,1,1997,16,16,16,16,16,16,16,16,16,16
280290,1,1,1997,20,20,20,20,20,20,20,20,20,20
280291,1,1,1997,36,37,17,21,27,0,11,16,0,18
280292,1,1,1997,0,0,0,0,0,0,0,0,0,0
280292,2,1,1997,0,0,0,0,0,0,0,0,0,0
280293,1,1,1997,31,31,31,31,31,31,31,31,31,31
280294,0,1,1997,35,35,35,35,35,35,35,35,35,35
280294,1,1,1997,0,24,0,3,0,0,11,7,0,6
280295,1,1,1997,12,12,12,12,12,12,12,12,12,12
280296,1,1,1997,0,0,0,0,0,0,0,0,0,0
280296,2,1,1997,0,0,0,0,0,0,0,0,0,0
280297,1,1,1997,5,5,5,5,5,5,5,5,5,5
280297,2,1,1997,0,0,0,0,0,0,0,0,0,0
280297,3,1,1997,6,6,6,6,6,6,6,6,6,6
280297,4,1,1997,14,14,14,14,14,14,14,14,14,14
280298,1,1,1997,0,0,0,0,0,0,0,0,0,0
280299,1,1,1997,2,2,2,2,2,2,2,2,2,2
280300,1,1,1997,0,0,0,0,0,0,0,0,0,0
280300,2,1,1997,0,0,0,0,0,0,0,0,0,0
280301,1,1,1997,24,24,24,24,24,24,24,24,24,24
280302,1,1,1997,21,21,21,21,21,21,21,21,21,21
280303,1,1,1997,0,0,0,0,0,0,0,0,0,0
280303,2,1,1997,16,16,16,16,16,16,16,16,16,16
280304,1,1,1997,11,11,11,11,11,11,11,11,11,11
280304,2,1,1997,0,0,0,0,0,0,0,0,0,0
280305,1,1,1997,17,17,17,17,17,17,17,17,17,17
280306,1,1,1997,0,0,0,0,0,0,0,0,0,0
280306,2,1,1997,7,7,7,7,7,7,7,7,7,7
280307,1,1,1997,0,0,0,0,0,0,0,0,0,0
280307,2,1,1997,0,0,0,0,0,0,0,0,0,0
280308,1,1,1997,0,0,0,0,0,0,0,0,0,0
280309,1,1,1997,21,21,21,21,21,21,21,21,21,21
280309,2,1,1997,11,11,11,11,11,11,11,11,11,11
280310,1,1,1997,4,4,4,4,4,4,4,4,4,4
280311,1,1,1997,0,0,0,0,0,0,0,0,0,0
280311,2,1,1997,0,0,0,0,0,0,0,0,0,0
280312,1,1,1997,0,0,0,0,0,0,0,0,0,0
280312,2,1,1997,0,0,0,0,0,0,0,0,0,0
280313,1,1,1997,19,19,19,19,19,19,19,19,19,19
280314,1,1,1997,20,20,20,20,20,20,20,20,20,20
280315,1,1,1997,0,0,0,0,0,0,0,0,0,0
280316,0,1,1997,15,19,45,19,31,16,0,22,0,0
280316,1,1,1997,15,16,0,0,23,0,19,21,0,0
280317,0,1,1997,16,0,14,0,0,18,20,0,0,26
280317,1,1,1997,6,7,0,0,0,18,0,7,0,0
280318,1,1,1997,20,20,20,20,20,20,20,20,20,20
280319,1,1,1997,0,0,0,0,0,0,0,0,0,0
280320,1,1,1997,26,30,0,0,18,0,0,12,18,0
280321,1,1,1997,0,0,0,15,18,0,0,41,0,0
280321,2,1,1997,0,0,0,0,0,0,0,0,0,0
280322,1,1,1997,0,0,0,0,0,0,0,0,0,0
280322,2,1,1997,6,6,6,6,6,6,6,6,6,6
280323,1,1,1997,16,16,16,16,16,16,16,16,16,16
280324,1,1,1997,0,0,0,0,0,0,0,0,0,0
280325,1,1,1997,0,0,0,0,0,0,0,0,0,0
280325,2,1,1997,0,0,0,0,0,0,0,0,0,0
280325,3,1,1997,0,0,6,0,0,0,0,0,0,10
280325,4,1,1997,0,0,0,0,0,11,0,0,0,0
280326,1,1,1997,13,0,0,0,0,0,0,0,8,8
280327,1,1,1997,0,9,13,0,0,12,19,13,5,0
280328,1,1,1997,15,0,0,0,0,0,0,0,0,0
280328,2,1,1997,0,0,0,0,16,0,0,0,0,0
280329,1,1,1997,0,0,0,0,0,0,0,0,0,0
280330,1,1,1997,16,16,16,16,16,16,16,16,16,16
280331,0,1,1997,22,22,22,22,22,22,22,22,22,22
280331,1,1,1997,0,33,0,11,0,0,11,2,0,0
280332,1,1,1997,13,13,13,13,13,13,13,13,13,13
280332,2,1,1997,0,0,0,0,0,0,0,0,0,0
280333,1,1,1997,0,0,0,0,0,0,0,0,0,0
280333,2,1,1997,0,0,0,0,0,0,0,0,0,0
280334,1,1,1997,0,0,0,0,0,0,0,0,0,0
280335,1,1,1997,20,8,23,17,13,21,29,21,27,16
280336,1,1,1997,0,0,0,0,0,0,0,0,0,0
280337,1,1,1997,0,0,0,0,0,0,0,0,0,0
280337,2,1,1997,0,0,0,0,0,0,0,0,0,0
280338,1,1,1997,0,0,0,0,0,0,0,0,0,0
280338,2,1,1997,0,0,0,0,0,0,0,0,0,0
280339,1,1,1997,0,0,0,0,0,0,0,0,0,0
280339,2,1,1997,0,0,0,0,0,0,0,0,0,0
280340,1,1,1997,0,0,0,0,0,0,0,0,0,0
280341,1,1,1997,0,0,0,0,0,0,0,0,0,0
280341,2,1,1997,0,0,0,0,0,21,0,0,0,0
280342,1,1,1997,0,0,0,0,0,0,0,0,0,0
280342,2,1,1997,0,0,0,0,0,0,0,0,0,0
280343,1,1,1997,19,19,19,19,19,19,19,19,19,19
280344,1,1,1997,27,0,0,32,0,27,0,39,17,0
280345,1,1,1997,15,15,15,15,15,15,15,15,15,15
280346,1,1,1997,6,6,6,6,6,6,6,6,6,6
280347,1,1,1997,0,0,0,0,0,0,0,0,0,10
280348,1,1,1997,0,0,17,0,0,0,0,0,0,0
280349,1,1,1997,19,19,19,19,19,19,19,19,19,19
280350,0,1,1997,0,0,0,0,0,0,22,0,0,0
280350,1,1,1997,0,0,0,0,0,0,0,0,0,0
280351,1,1,1997,19,29,17,25,21,34,19,17,14,7
280352,0,1,1997,0,0,0,0,0,0,0,0,0,0
280352,1,1,1997,15,0,0,0,29,11,19,18,0,0
280353,1,1,1997,12,0,0,0,0,0,11,0,0,21
280354,1,1,1997,2,2,2,2,2,2,2,2,2,2
280355,1,1,1997,2,2,2,2,2,2,2,2,2,2
280356,1,1,1997,0,0,0,0,0,0,0,0,0,0
280356,2,1,1997,0,0,0,0,0,0,0,0,0,0
280356,3,1,1997,0,0,0,0,0,0,0,0,0,0
280357,1,1,1997,0,0,0,0,0,0,0,0,0,0
280358,1,1,1997,0,0,0,0,0,13,0,0,0,0
280358,2,1,1997,0,0,0,0,20,0,0,0,0,0
280359,1,1,1997,0,0,0,0,0,0,0,0,0,0
280359,2,1,1997,0,0,0,0,0,0,0,0,0,0
280359,3,1,1997,0,7,0,0,0,0,0,0,0,0
280361,1,1,1997,0,0,0,0,0,0,0,0,0,0
280361,2,1,1997,0,16,0,0,0,23,0,0,0,0
280362,1,1,1997,0,0,0,0,0,0,0,0,0,0
280363,1,1,1997,0,0,0,0,0,0,0,0,0,0
280363,2,1,1997,0,0,0,0,0,0,0,0,0,0
280364,1,1,1997,0,0,0,0,0,0,0,0,0,0
280364,2,1,1997,0,0,0,0,0,0,0,0,0,0
280365,1,1,1997,0,24,14,15,0,0,0,33,0,0
280366,1,1,1997,20,20,20,20,20,20,20,20,20,20
280366,2,1,1997,0,0,0,0,0,0,0,0,0,0
280366,3,1,1997,0,0,0,0,0,0,0,0,0,0
280367,1,1,1997,3,3,3,3,3,3,3,3,3,3
280368,1,1,1997,0,0,0,0,0,0,0,0,0,0
280369,1,1,1997,9,9,9,9,9,9,9,9,9,9
280370,1,1,1997,24,24,24,24,24,24,24,24,24,24
280371,1,1,1997,0,0,0,0,0,0,0,0,0,0
280372,1,1,1997,0,0,0,0,0,0,0,0,0,0
280373,1,1,1997,0,0,0,0,0,0,0,0,0,0
280373,2,1,1997,20,20,20,20,20,20,20,20,20,20
280374,1,1,1997,0,0,0,0,0,0,0,0,0,0
280375,1,1,1997,0,0,0,0,0,0,0,0,0,0
280376,1,1,1997,0,0,0,0,0,0,0,0,0,0
280376,2,1,1997,11,11,11,11,11,11,11,11,11,11
280377,1,1,1997,8,8,8,8,8,8,8,8,8,8
280377,2,1,1997,0,0,0,0,0,0,0,0,0,0
280378,1,1,1997,0,0,0,0,0,0,0,0,0,0
280378,2,1,1997,0,0,0,0,0,0,0,0,0,0
280379,1,1,1997,20,20,20,20,20,20,20,20,20,20
280380,1,1,1997,0,0,0,0,0,0,0,0,0,0
280380,2,1,1997,0,0,0,0,0,0,0,0,0,0
280380,3,1,1997,0,0,0,0,0,0,0,0,0,0
280381,1,1,1997,19,19,19,19,19,19,19,19,19,19
280382,1,1,1997,0,0,0,0,0,0,0,0,0,0
280382,2,1,1997,11,11,11,11,11,11,11,11,11,11
280382,3,1,1997,0,0,0,0,0,0,0,0,0,0
280383,1,1,1997,0,0,0,0,0,0,0,0,0,0
280383,2,1,1997,0,0,0,0,0,0,0,0,0,0
280384,0,1,1997,19,19,19,19,19,19,19,19,19,19
280384,1,1,1997,0,0,0,0,0,0,0,0,0,0
280385,1,1,1997,0,0,0,0,0,0,0,0,0,0
280386,1,1,1997,0,0,0,0,0,0,0,0,0,0
280386,2,1,1997,26,26,26,26,26,26,26,26,26,26
280387,1,1,1997,0,0,0,0,0,0,0,0,0,0
280388,1,1,1997,0,0,0,0,0,0,0,0,0,0
280388,2,1,1997,0,0,0,0,0,0,0,0,0,0
280389,1,1,1997,0,0,0,0,0,0,0,0,0,0
280389,2,1,1997,0,0,0,0,0,0,0,0,0,0
280390,1,1,1997,0,0,0,0,0,0,0,0,0,0
280390,2,1,1997,0,0,0,0,0,0,0,0,0,0
280391,1,1,1997,19,19,19,19,19,19,19,19,19,19
280392,1,1,1997,0,0,0,0,0,0,0,0,0,0
280392,2,1,1997,0,0,0,0,0,0,0,0,0,0
280393,1,1,1997,0,0,0,0,0,0,0,0,0,0
280394,1,1,1997,0,0,0,0,0,0,0,0,0,0
280394,2,1,1997,0,0,0,0,0,0,0,0,0,0
280395,1,1,1997,16,16,16,16,16,16,16,16,16,16
280396,1,1,1997,10,10,10,10,10,10,10,10,10,10
280397,1,1,1997,0,0,0,0,0,0,0,0,0,0
280397,2,1,1997,0,0,4,0,0,0,0,20,13,0
280398,1,1,1997,0,0,0,0,0,28,9,26,9,0
280398,2,1,1997,0,0,0,0,0,0,0,0,0,0
280399,1,1,1997,0,0,0,0,0,0,0,0,0,0
280399,2,1,1997,0,0,0,0,0,0,0,0,0,0
280400,1,1,1997,0,0,0,0,0,0,0,0,0,0
280400,2,1,1997,0,0,0,0,0,0,0,0,0,0
280401,1,1,1997,0,0,0,0,0,0,0,0,0,0
280402,1,1,1997,11,11,11,11,11,11,11,11,11,11
280402,2,1,1997,17,17,17,17,17,17,17,17,17,17
280403,0,1,1997,15,15,15,15,15,15,15,15,15,15
280403,1,1,1997,0,0,0,0,0,0,0,0,0,0
280404,1,1,1997,0,0,0,0,0,0,0,0,0,0
280404,2,1,1997,12,12,12,12,12,12,12,12,12,12
280405,1,1,1997,0,0,0,0,0,0,0,0,0,0
280406,0,1,1997,9,9,9,9,9,9,9,9,9,9
280406,1,1,1997,0,0,0,0,0,0,0,0,0,0
280407,1,1,1997,0,0,0,0,0,11,0,0,0,0
280407,2,1,1997,25,17,0,8,0,14,19,0,0,0
280408,1,1,1997,0,0,0,0,0,0,0,0,0,0
280409,1,1,1997,0,0,0,0,0,0,0,0,0,0
280409,2,1,1997,0,0,0,0,0,0,0,0,0,0
280410,1,1,1997,0,0,0,0,0,0,0,0,0,0
280411,1,1,1997,0,0,0,0,0,0,0,0,0,0
280412,1,1,1997,14,14,14,14,14,14,14,14,14,14
280413,1,1,1997,0,0,0,0,0,0,0,0,0,0
280413,2,1,1997,0,0,0,0,0,0,0,0,0,0
280414,1,1,1997,11,11,11,11,11,11,11,11,11,11
280414,2,1,1997,0,0,0,0,0,0,0,0,0,0
280415,1,1,1997,0,0,0,0,0,0,0,0,0,0
280416,1,1,1997,12,12,12,12,12,12,12,12,12,12
280416,2,1,1997,0,0,0,0,0,0,0,0,0,0
280417,1,1,1997,30,23,0,9,31,14,0,27,17,24
280418,1,1,1997,0,0,0,0,0,0,0,0,0,0
280418,2,1,1997,0,0,0,0,0,0,0,0,0,0
280418,3,1,1997,0,0,0,0,0,0,0,0,0,0
280419,0,1,1997,0,0,0,0,0,0,0,0,0,0
280419,1,1,1997,0,0,0,0,0,0,0,0,0,0
280420,1,1,1997,0,0,0,0,0,0,0,0,0,0
280421,1,1,1997,0,0,0,0,0,0,0,0,0,0
280421,2,1,1997,0,0,0,0,0,0,0,0,0,0
280422,0,1,1997,0,0,0,0,0,0,0,0,0,0
280422,1,1,1997,29,0,0,0,30,0,0,0,0,0
280423,1,1,1997,0,0,0,0,0,0,0,0,0,0
280423,2,1,1997,22,22,22,22,22,22,22,22,22,22
280424,1,1,1997,0,0,0,0,0,0,0,0,0,0
280425,1,1,1997,0,0,0,0,0,0,0,0,0,0
280426,1,1,1997,0,0,0,0,0,0,0,0,0,0
280427,1,1,1997,17,17,17,17,17,17,17,17,17,17
280428,1,1,1997,22,22,22,22,22,22,22,22,22,22
280429,1,1,1997,0,0,0,0,0,0,0,0,0,0
280430,1,1,1997,0,0,0,0,0,0,0,0,0,0
280430,2,1,1997,0,0,0,0,0,0,0,0,0,0
280431,1,1,1997,0,0,0,0,0,0,0,0,0,0
280431,2,1,1997,0,0,0,0,0,0,0,0,0,0
280432,1,1,1997,0,0,0,0,0,0,0,0,0,0
280433,1,1,1997,0,0,0,0,0,0,0,0,0,0
280433,2,1,1997,0,0,0,0,0,0,0,0,0,0
280433,3,1,1997,8,8,8,8,8,8,8,8,8,8
280433,4,1,1997,0,0,0,0,0,0,0,0,0,0
280433,5,1,1997,0,0,0,0,0,0,0,0,0,0
280433,6,1,1997,0,0,0,0,0,0,0,0,0,0
280433,7,1,1997,0,0,0,0,0,0,0,0,0,0
280433,8,1,1997,0,0,0,0,0,0,0,0,0,0
280433,9,1,1997,0,0,0,0,0,0,0,0,0,0
280433,10,1,1997,0,0,0,0,0,0,0,0,0,0
280433,11,1,1997,0,0,0,0,0,0,0,0,0,0
280433,12,1,1997,0,0,0,0,0,0,0,0,0,0
280433,13,1,1997,0,0,0,0,0,0,0,0,0,0
280434,1,1,1997,0,0,0,0,0,0,0,0,0,0
280434,2,1,1997,0,0,0,0,0,0,0,0,0,0
280434,3,1,1997,0,0,0,0,0,0,0,0,0,0
280435,1,1,1997,0,0,0,0,0,0,0,0,0,0
280435,2,1,1997,0,0,0,0,0,0,0,0,0,0
280436,0,1,1997,0,0,0,0,0,0,0,0,0,0
280436,1,1,1997,0,0,0,0,0,0,0,0,0,0
280437,1,1,1997,0,0,0,0,0,0,0,14,0,0
280438,1,1,1997,0,0,0,0,0,0,0,0,0,0
280438,2,1,1997,0,0,0,0,0,0,0,0,0,0
280439,1,1,1997,33,33,33,33,33,33,33,33,33,33
280440,1,1,1997,0,0,0,0,0,0,0,0,0,0
280440,2,1,1997,0,0,0,0,0,0,0,0,0,0
280441,1,1,1997,8,8,8,8,8,8,8,8,8,8
280442,1,1,1997,0,0,0,0,0,0,0,0,0,0
280442,2,1,1997,0,0,0,0,0,0,0,0,0,0
280443,1,1,1997,0,0,0,0,0,0,0,0,0,0
280443,2,1,1997,0,0,0,0,0,0,0,0,0,0
280444,1,1,1997,16,16,16,16,16,16,16,16,16,16
280444,2,1,1997,0,0,0,0,0,0,0,0,0,0
280445,1,1,1997,0,0,0,0,0,0,0,0,0,0
280445,2,1,1997,0,0,0,0,0,0,0,0,0,0
280446,1,1,1997,0,0,0,0,0,0,0,0,0,0
280446,2,1,1997,0,0,0,0,0,0,0,0,0,0
280447,1,1,1997,0,0,0,0,0,0,0,0,0,0
280447,2,1,1997,12,12,12,12,12,12,12,12,12,12
280449,1,1,1997,2,0,0,16,21,15,0,13,0,0
280450,1,1,1997,0,0,0,11,0,0,0,0,13,3
280451,0,1,1997,0,0,0,0,0,0,0,0,0,0
280451,1,1,1997,13,13,13,13,13,13,13,13,13,13
280452,1,1,1997,11,11,11,11,11,11,11,11,11,11
280452,2,1,1997,0,0,0,0,0,0,0,0,0,0
280453,1,1,1997,9,9,9,9,9,9,9,9,9,9
280454,1,1,1997,0,0,0,0,0,0,0,0,0,0
280454,2,1,1997,0,0,0,0,0,0,0,0,0,0
280454,3,1,1997,0,0,0,0,0,0,0,0,5,0
280455,1,1,1997,16,16,16,16,16,16,16,16,16,16
280456,1,1,1997,0,0,0,0,0,0,0,0,0,0
280456,2,1,1997,0,0,0,0,0,0,0,0,9,0
280457,1,1,1997,0,0,0,0,0,0,0,0,0,0
280457,2,1,1997,0,0,0,0,0,0,0,0,0,0
280458,1,1,1997,0,0,0,12,0,0,0,28,0,0
280458,2,1,1997,0,0,0,0,0,0,0,0,0,0
280459,1,1,1997,0,0,0,0,0,0,0,0,0,0
280459,2,1,1997,6,6,6,6,6,6,6,6,6,6
280460,1,1,1997,0,0,0,0,0,0,0,0,0,0
280460,2,1,1997,0,0,0,0,0,0,0,0,0,0
280461,1,1,1997,0,0,0,0,0,0,0,0,0,0
280462,1,1,1997,16,16,16,16,16,16,16,16,16,16
280463,1,1,1997,0,0,0,0,0,0,0,0,0,0
280463,2,1,1997,0,0,0,0,0,0,0,0,0,0
280464,1,1,1997,0,0,0,0,0,0,0,0,0,0
280464,2,1,1997,0,0,0,0,0,0,0,0,0,0
280464,3,1,1997,0,0,0,0,0,0,0,0,0,0
280465,1,1,1997,22,22,22,22,22,22,22,22,22,22
280466,1,1,1997,0,0,0,0,0,0,0,0,0,0
280466,2,1,1997,0,0,0,0,0,0,0,0,0,0
280467,1,1,1997,0,0,0,0,0,0,0,0,0,0
280468,1,1,1997,15,15,15,15,15,15,15,15,15,15
280469,1,1,1997,0,0,0,0,0,0,0,0,0,0
280470,0,1,1997,28,28,28,28,28,28,28,28,28,28
280470,1,1,1997,0,0,0,0,0,0,0,0,0,0
280471,1,1,1997,0,0,0,0,0,0,0,0,0,0
280472,0,1,1997,0,0,0,0,0,0,0,0,0,0
280472,1,1,1997,0,0,0,0,0,0,0,0,0,0
280473,1,1,1997,0,0,0,0,0,0,0,0,0,0
280473,2,1,1997,0,0,0,0,0,0,0,0,0,0
280474,1,1,1997,0,0,0,0,0,0,0,0,0,0
280474,2,1,1997,0,0,0,0,0,0,0,0,0,0
280475,1,1,1997,0,0,0,0,0,0,0,0,0,0
280475,2,1,1997,0,0,0,0,0,0,0,0,0,0
280475,3,1,1997,0,0,0,0,0,0,0,0,0,0
280476,1,1,1997,0,0,0,0,0,0,0,0,0,0
280476,2,1,1997,0,0,0,0,0,0,0,0,0,0
280477,1,1,1997,12,12,12,12,12,12,12,12,12,12
280478,1,1,1997,0,0,0,0,0,0,0,0,0,0
280479,0,1,1997,0,0,0,0,0,0,0,0,0,0
280479,1,1,1997,0,0,0,0,0,0,0,0,0,0
280480,1,1,1997,0,0,0,0,0,0,0,0,0,0
280480,2,1,1997,0,0,0,0,0,0,0,0,0,0
280481,1,1,1997,0,0,0,0,0,0,0,0,0,0
280481,2,1,1997,0,0,0,0,0,0,0,0,0,0
280482,1,1,1997,0,0,0,0,0,0,0,0,0,0
280482,2,1,1997,0,0,0,0,0,0,0,0,0,0
280482,3,1,1997,0,0,0,0,0,0,0,0,0,0
280483,1,1,1997,0,0,0,0,0,0,0,0,0,0
280483,2,1,1997,10,10,10,10,10,10,10,10,10,10
280483,3,1,1997,0,0,0,0,0,0,0,0,0,0
280484,1,1,1997,0,0,0,0,0,0,0,0,0,0
280484,2,1,1997,0,0,0,0,0,0,0,0,0,0
280485,0,1,1997,0,0,0,0,0,0,0,0,0,0
280485,1,1,1997,0,0,0,0,0,0,0,0,0,0
280486,1,1,1997,0,0,0,0,0,0,0,0,0,0
280486,2,1,1997,2,2,2,2,2,2,2,2,2,2
280487,1,1,1997,0,0,0,0,0,0,0,0,0,0
280487,2,1,1997,0,0,0,0,0,0,0,0,0,0
280488,1,1,1997,14,14,14,14,14,14,14,14,14,14
280488,2,1,1997,0,0,0,0,0,0,0,0,0,0
280489,1,1,1997,18,18,18,18,18,18,18,18,18,18
280490,1,1,1997,0,0,0,0,0,0,0,0,0,0
280490,2,1,1997,0,0,0,0,0,0,0,0,0,0
280491,1,1,1997,26,26,26,26,26,26,26,26,26,26
280491,2,1,1997,15,15,15,15,15,15,15,15,15,15
280492,1,1,1997,0,0,0,0,0,0,0,0,0,0
280492,2,1,1997,0,0,0,0,0,0,0,0,0,0
280492,3,1,1997,0,0,0,0,0,0,0,0,0,0
280493,1,1,1997,0,0,0,0,0,0,0,0,0,0
280493,2,1,1997,0,0,0,0,0,0,0,0,0,0
280494,1,1,1997,0,0,0,0,0,0,0,0,0,0
280495,1,1,1997,16,20,0,29,0,15,25,29,34,34
280496,1,1,1997,0,0,0,0,0,0,0,0,0,28
280497,1,1,1997,24,24,24,24,24,24,24,24,24,24
280498,1,1,1997,21,21,21,21,21,21,21,21,21,21
280499,1,1,1997,28,28,28,28,28,28,28,28,28,28
280500,1,1,1997,12,12,12,12,12,12,12,12,12,12
280501,1,1,1997,23,23,23,23,23,23,23,23,23,23
280501,2,1,1997,0,0,0,0,0,0,0,0,0,0
280502,0,1,1997,0,0,0,0,0,0,0,0,13,26
280502,1,1,1997,0,0,0,0,0,0,0,17,18,17
280503,1,1,1997,0,0,0,0,0,0,0,0,0,0
280503,2,1,1997,0,0,0,0,0,0,0,0,0,0
280504,1,1,1997,15,15,15,15,15,15,15,15,15,15
280504,2,1,1997,0,0,0,0,0,0,0,0,0,0
280505,1,1,1997,24,24,24,24,24,24,24,24,24,24
280506,1,1,1997,0,0,0,0,0,0,0,0,0,0
280507,1,1,1997,0,0,0,0,0,0,0,0,0,0
280507,2,1,1997,0,0,0,0,0,0,0,0,0,0
280508,0,1,1997,0,0,0,0,21,10,23,4,0,34
280508,1,1,1997,0,0,0,0,0,0,0,0,0,0