ST_CASE,VEH_NO,PER_NO,YEAR,P1,P2,P3,P4,P5,P6,P7,P8,P9,P10
280509,1,1,1997,7,0,17,0,0,0,0,0,0,0
280509,2,1,1997,0,0,0,0,0,0,0,0,0,0
280510,1,1,1997,0,0,0,0,0,0,0,0,0,0
280510,2,1,1997,0,0,0,0,0,0,0,0,0,0
280511,1,1,1997,0,0,0,0,0,0,0,0,0,0
280512,0,1,1997,0,11,0,0,11,22,0,0,0,0
280512,1,1,1997,0,0,0,0,0,0,0,0,0,0
280513,1,1,1997,0,0,0,0,0,0,0,0,0,0
280514,1,1,1997,0,0,0,0,0,0,0,0,0,0
280514,2,1,1997,0,0,0,0,0,0,0,0,0,0
280515,1,1,1997,0,0,0,0,0,0,0,0,0,0
280516,1,1,1997,0,0,0,0,0,0,0,0,0,0
280517,1,1,1997,0,0,0,0,0,0,0,0,0,0
280517,2,1,1997,0,0,0,0,0,0,0,0,0,0
280518,1,1,1997,28,28,28,28,28,28,28,28,28,28
280519,1,1,1997,25,25,25,25,25,25,25,25,25,25
280520,1,1,1997,10,0,17,18,0,17,5,7,16,0
280521,1,1,1997,0,0,0,0,0,0,0,0,0,0
280522,1,1,1997,0,0,14,0,36,0,21,19,0,23
280523,1,1,1997,0,0,0,12,0,0,16,0,0,17
280524,1,1,1997,0,0,0,0,0,0,0,0,0,0
280524,2,1,1997,0,0,0,0,0,0,0,0,0,0
280524,3,1,1997,26,0,0,0,0,0,0,0,0,0
280525,1,1,1997,0,0,0,0,0,0,0,0,0,0
280526,1,1,1997,0,0,0,0,0,0,0,0,0,0
280527,1,1,1997,0,0,0,0,0,0,0,0,0,0
280528,0,1,1997,0,0,0,0,0,0,0,0,0,0
280528,1,1,1997,0,0,0,27,0,0,0,0,0,0
280529,1,1,1997,11,11,11,11,11,11,11,11,11,11
280530,1,1,1997,0,0,0,0,0,0,0,0,0,0
280531,1,1,1997,18,18,18,18,18,18,18,18,18,18
280532,1,1,1997,0,0,0,0,0,0,0,0,0,0
280532,2,1,1997,0,0,0,0,0,0,0,0,0,0
280533,1,1,1997,0,0,0,0,0,0,0,0,0,0
280534,1,1,1997,25,25,25,25,25,25,25,25,25,25
280534,2,1,1997,0,0,0,0,0,0,0,0,0,0
280535,1,1,1997,0,0,0,0,0,0,0,0,0,0
280535,2,1,1997,0,0,0,0,0,0,0,0,0,0
280536,1,1,1997,0,0,0,0,0,0,0,0,0,0
280537,1,1,1997,0,0,0,0,0,0,0,0,0,0
280537,2,1,1997,25,25,25,25,25,25,25,25,25,25
280538,0,1,1997,0,0,0,0,0,0,0,0,0,0
280538,1,1,1997,0,0,0,0,0,0,0,0,0,14
280539,1,1,1997,9,9,9,9,9,9,9,9,9,9
280540,1,1,1997,0,0,0,0,0,0,0,0,0,0
280540,2,1,1997,0,0,0,0,0,0,0,0,0,0
280541,1,1,1997,0,0,0,0,0,0,0,0,0,0
280541,2,1,1997,0,0,0,0,0,0,0,0,0,0
280542,1,1,1997,0,0,0,0,0,0,0,0,0,0
280542,2,1,1997,0,0,0,0,0,0,0,0,0,0
280543,1,1,1997,0,0,0,0,0,0,0,0,0,0
280543,2,1,1997,10,10,10,10,10,10,10,10,10,10
280544,1,1,1997,0,0,0,0,0,12,0,0,0,0
280544,2,1,1997,0,0,19,15,22,13,27,17,0,14
280545,1,1,1997,7,7,7,7,7,7,7,7,7,7
280545,2,1,1997,0,0,0,0,0,0,0,0,0,0
280546,1,1,1997,0,0,0,0,0,0,0,0,0,0
280547,1,1,1997,0,0,0,0,0,0,0,0,0,0
280548,1,1,1997,0,0,0,0,0,0,0,0,0,0
280548,2,1,1997,0,0,0,0,0,0,0,0,0,0
280549,1,1,1997,24,24,24,24,24,24,24,24,24,24
280550,1,1,1997,0,0,0,0,0,0,0,0,9,7
280550,2,1,1997,0,0,0,0,0,0,12,0,0,10
280551,1,1,1997,0,0,0,0,0,0,0,0,0,0
280551,2,1,1997,0,0,0,0,0,0,0,0,0,0
280552,1,1,1997,0,0,0,0,0,0,0,0,0,0
280553,1,1,1997,0,0,0,0,0,0,0,0,0,0
280553,2,1,1997,13,13,13,13,13,13,13,13,13,13
280553,3,1,1997,15,15,15,15,15,15,15,15,15,15
280554,1,1,1997,0,0,0,0,0,0,0,0,0,0
280554,2,1,1997,0,0,0,0,0,0,0,0,0,0
280554,3,1,1997,0,0,0,0,0,0,0,0,0,0
280555,1,1,1997,0,0,0,0,0,0,0,0,0,0
280555,2,1,1997,0,0,0,0,0,0,0,0,0,0
280556,1,1,1997,29,12,0,0,17,10,0,0,16,0
280556,2,1,1997,2,2,2,2,2,2,2,2,2,2
280557,1,1,1997,0,28,0,17,0,20,32,0,5,0
280558,1,1,1997,22,22,22,22,22,22,22,22,22,22
280559,1,1,1997,14,0,0,0,0,0,0,0,0,0
280560,1,1,1997,0,0,0,0,0,0,0,0,0,0
280561,1,1,1997,0,0,0,0,0,0,0,0,0,0
280561,2,1,1997,18,16,14,0,4,8,12,26,0,3
280562,0,1,1997,20,19,23,15,20,9,0,0,14,0
280562,1,1,1997,0,0,13,0,3,33,13,0,9,0
280563,1,1,1997,20,20,20,20,20,20,20,20,20,20
280564,1,1,1997,18,18,18,18,18,18,18,18,18,18
280565,1,1,1997,18,18,18,18,18,18,18,18,18,18
280566,1,1,1997,23,23,23,23,23,23,23,23,23,23
280567,1,1,1997,0,0,3,14,0,19,0,19,20,0
280568,1,1,1997,0,0,0,0,0,0,0,0,0,0
280569,1,1,1997,0,0,0,0,0,0,0,0,0,0
280570,1,1,1997,12,12,12,12,12,12,12,12,12,12
280570,2,1,1997,0,0,0,0,0,0,0,0,0,0
280571,1,1,1997,0,0,0,0,0,0,0,0,0,0
280572,1,1,1997,0,0,0,0,0,0,24,0,0,0
280573,0,1,1997,0,0,0,0,0,0,0,0,0,0
280573,1,1,1997,0,0,0,0,0,0,0,0,0,0
280574,0,1,1997,0,0,0,0,0,0,0,0,0,0
280574,1,1,1997,0,0,12,0,8,3,10,0,0,0
280575,1,1,1997,0,0,0,0,0,0,0,0,0,0
280575,2,1,1997,0,0,0,0,0,0,0,0,0,0
280575,3,1,1997,0,0,0,0,0,0,0,0,0,0
280576,1,1,1997,0,0,0,0,0,0,0,0,0,0
280576,2,1,1997,7,7,7,7,7,7,7,7,7,7
280577,1,1,1997,18,18,18,18,18,18,18,18,18,18
280578,1,1,1997,0,0,0,0,0,0,0,8,0,0
280579,1,1,1997,0,0,8,0,18,0,0,0,24,24
280580,0,1,1997,0,0,0,12,0,29,0,0,25,0
280580,1,1,1997,0,0,0,0,0,0,21,0,0,0
280581,1,1,1997,0,0,0,0,0,0,0,0,0,0
280581,2,1,1997,0,0,0,0,0,0,0,0,0,0
280582,1,1,1997,0,23,0,0,0,0,0,0,21,13
280583,1,1,1997,0,0,0,0,0,0,0,0,0,0
280584,1,1,1997,0,0,0,0,0,0,0,0,0,0
280584,2,1,1997,0,0,0,0,0,0,0,0,0,0
280585,0,1,1997,32,0,0,0,47,0,0,0,0,0
280585,1,1,1997,0,0,0,0,0,0,0,0,0,0
280586,1,1,1997,0,0,0,0,0,0,0,0,0,0
280587,0,1,1997,17,17,17,17,17,17,17,17,17,17
280587,1,1,1997,0,0,0,0,0,0,0,22,0,0
280588,0,1,1997,11,16,20,19,8,35,5,25,22,20
280588,1,1,1997,0,0,0,9,0,0,0,0,0,0
280589,1,1,1997,19,19,19,19,19,19,19,19,19,19
280590,1,1,1997,13,13,13,13,13,13,13,13,13,13
280591,1,1,1997,10,10,10,10,10,10,10,10,10,10
280591,2,1,1997,0,0,0,0,0,0,0,0,0,0
280592,1,1,1997,0,0,0,0,0,0,0,0,0,0
280592,2,1,1997,0,16,0,0,0,0,0,0,20,0
280593,1,1,1997,0,0,0,13,0,0,0,0,0,0
280593,2,1,1997,0,0,0,0,0,16,17,0,0,0
280594,0,1,1997,0,0,0,0,0,0,0,0,0,0
280594,1,1,1997,0,0,0,0,0,0,0,0,0,0
280595,1,1,1997,0,0,0,0,0,0,0,0,0,0
280595,2,1,1997,0,6,0,0,0,0,0,0,20,0
280596,1,1,1997,0,0,0,0,22,0,0,0,0,0
280596,2,1,1997,0,0,0,0,0,0,0,0,0,0
280596,3,1,1997,0,0,0,0,0,0,0,0,0,0
280597,1,1,1997,0,0,0,0,0,0,0,0,0,0
280597,2,1,1997,0,0,0,0,0,0,0,0,0,0
280598,0,1,1997,0,0,0,0,0,0,0,0,0,0
280598,1,1,1997,0,0,0,0,0,0,0,0,0,0
280599,1,1,1997,0,0,0,0,0,0,0,0,0,0
280599,2,1,1997,0,0,0,0,0,0,0,0,0,0
280600,1,1,1997,9,9,9,9,9,9,9,9,9,9
280600,2,1,1997,0,0,0,0,0,0,0,0,0,0
280601,1,1,1997,0,0,0,0,0,0,0,0,0,0
280601,2,1,1997,0,0,0,0,0,0,0,0,0,0
280601,3,1,1997,0,7,0,0,0,0,0,0,0,0
280601,4,1,1997,0,16,0,0,17,0,0,0,0,0
280602,1,1,1997,22,22,22,22,22,22,22,22,22,22
280603,1,1,1997,18,18,18,18,18,18,18,18,18,18
280604,1,1,1997,0,0,0,0,0,0,0,0,0,0
280604,2,1,1997,0,0,0,0,0,0,0,0,0,0
280605,1,1,1997,15,15,15,15,15,15,15,15,15,15
280606,1,1,1997,0,0,0,0,0,0,0,0,0,0
280607,1,1,1997,0,0,0,0,0,0,0,0,0,0
280607,2,1,1997,0,0,0,0,0,0,0,0,0,0
280607,3,1,1997,0,0,0,0,0,0,0,0,0,0
280608,1,1,1997,0,0,0,0,0,0,0,0,0,0
280608,2,1,1997,0,0,0,0,0,0,0,0,0,0
280609,1,1,1997,0,36,0,0,0,0,0,0,0,0
280610,1,1,1997,0,0,0,0,0,0,0,0,0,0
280610,2,1,1997,0,0,0,0,0,0,0,0,0,0
280611,1,1,1997,0,0,0,0,0,24,0,0,0,0
280611,2,1,1997,0,0,0,0,0,7,0,3,0,0
280612,1,1,1997,0,0,0,0,0,0,0,0,0,0
280612,2,1,1997,0,0,0,0,0,0,0,0,0,0
280613,1,1,1997,18,18,18,18,18,18,18,18,18,18
280614,1,1,1997,0,0,0,0,0,0,0,0,0,0
280614,2,1,1997,0,0,0,0,0,0,0,0,0,0
280615,1,1,1997,0,0,0,0,0,0,0,0,0,0
280616,1,1,1997,0,0,0,0,0,0,0,0,0,0
280616,2,1,1997,0,0,0,0,0,0,0,0,0,0
280617,1,1,1997,0,0,0,0,0,0,0,0,0,0
280617,2,1,1997,0,0,0,0,0,0,0,0,0,0
280618,1,1,1997,18,18,18,18,18,18,18,18,18,18
280619,1,1,1997,0,0,13,0,0,0,0,0,0,0
280619,2,1,1997,7,0,0,0,0,0,7,0,0,0
280619,3,1,1997,0,17,0,0,0,0,15,14,22,0
280620,1,1,1997,15,25,0,0,28,29,8,13,19,13
280621,1,1,1997,16,16,16,16,16,16,16,16,16,16
280622,1,1,1997,20,20,20,20,20,20,20,20,20,20
280623,1,1,1997,0,16,16,0,0,10,0,15,6,0
280624,1,1,1997,18,18,18,18,18,18,18,18,18,18
280625,0,1,1997,0,0,0,0,0,0,0,0,0,0
280625,1,1,1997,0,0,0,0,0,0,0,0,0,0
280626,1,1,1997,0,0,0,0,0,0,0,0,0,0
280626,2,1,1997,0,0,0,0,0,0,0,0,0,0
280627,1,1,1997,0,0,0,0,0,0,0,0,0,0
280628,1,1,1997,16,16,16,16,16,16,16,16,16,16
280628,2,1,1997,0,0,0,0,0,0,0,0,0,0
280629,1,1,1997,0,0,0,0,0,0,0,0,0,0
280630,1,1,1997,0,0,0,0,0,0,0,0,0,0
280631,1,1,1997,29,29,29,29,29,29,29,29,29,29
280632,1,1,1997,14,0,12,16,0,0,0,30,0,29
280633,0,1,1997,13,13,13,13,13,13,13,13,13,13
280633,1,1,1997,0,0,0,0,0,0,0,0,0,0
280634,1,1,1997,20,20,20,20,20,20,20,20,20,20
280634,2,1,1997,0,0,0,0,0,0,0,0,0,0
280635,1,1,1997,0,0,0,0,0,0,0,0,0,0
280635,2,1,1997,0,0,0,0,0,0,0,0,0,0
280636,1,1,1997,0,0,0,0,0,0,0,0,0,0
280637,1,1,1997,0,0,0,0,0,0,0,0,0,0
280637,2,1,1997,0,0,0,0,0,0,0,0,0,0
280638,1,1,1997,0,0,0,0,0,0,0,0,0,0
280638,2,1,1997,0,0,0,0,0,0,0,0,0,0
280639,1,1,1997,0,0,0,0,0,0,0,0,0,0
280639,2,1,1997,0,0,0,0,0,0,0,0,0,0
280640,1,1,1997,11,11,11,11,11,11,11,11,11,11
280640,2,1,1997,0,0,0,0,0,0,0,0,0,0
280641,1,1,1997,0,0,0,0,0,0,0,0,0,0
280641,2,1,1997,19,19,19,19,19,19,19,19,19,19
280642,1,1,1997,0,0,0,0,0,0,0,0,0,0
280643,1,1,1997,0,0,0,0,0,0,0,0,0,12
280643,2,1,1997,0,0,0,0,0,0,0,0,0,0
280644,0,1,1997,30,30,30,30,30,30,30,30,30,30
280644,1,1,1997,0,0,0,0,0,0,0,0,0,0
280645,1,1,1997,0,0,0,0,0,0,0,0,0,0
280645,2,1,1997,0,0,0,0,0,0,0,0,0,0
280646,1,1,1997,13,13,13,13,13,13,13,13,13,13
280647,1,1,1997,0,0,0,0,0,0,0,0,0,0
280648,1,1,1997,16,16,16,16,16,16,16,16,16,16
280649,1,1,1997,12,11,20,19,21,19,16,33,25,0
280650,1,1,1997,15,23,13,17,0,9,0,0,0,0
280651,0,1,1997,21,34,0,0,0,0,36,0,18,0
280651,1,1,1997,0,0,0,0,0,0,0,0,0,0
280652,1,1,1997,0,0,0,0,0,0,0,0,0,0
280653,1,1,1997,0,0,0,0,0,0,0,0,0,0
280654,1,1,1997,0,0,0,0,0,0,0,0,0,0
280654,2,1,1997,0,0,0,0,0,0,0,0,0,0
280655,1,1,1997,0,0,0,0,0,0,0,0,0,0
280656,1,1,1997,0,0,0,0,0,0,0,0,0,0
280656,2,1,1997,0,0,0,0,0,22,0,0,0,0
280657,1,1,1997,0,5,17,13,0,0,0,0,0,0
280657,2,1,1997,0,0,0,0,0,0,0,0,2,0
280658,0,1,1997,0,0,0,0,0,0,0,0,0,0
280658,1,1,1997,0,0,0,0,0,0,0,0,0,0
280659,1,1,1997,0,0,0,0,0,0,0,0,0,0
280659,2,1,1997,14,14,14,14,14,14,14,14,14,14
280660,1,1,1997,0,0,0,0,0,0,0,0,0,0
280661,1,1,1997,0,0,0,0,0,0,0,0,0,0
280662,1,1,1997,0,0,0,0,0,0,0,0,0,0
280663,1,1,1997,0,0,0,0,0,0,0,0,0,0
280664,1,1,1997,0,0,0,0,0,0,0,0,0,0
280665,1,1,1997,0,0,0,0,0,0,0,0,0,0
280666,1,1,1997,14,14,14,14,14,14,14,14,14,14
280667,1,1,1997,0,0,0,0,0,0,0,0,0,0
280668,1,1,1997,0,0,0,0,0,0,0,0,0,0
280668,2,1,1997,0,0,0,0,0,0,0,0,7,0
280669,0,1,1997,16,16,16,16,16,16,16,16,16,16
280669,1,1,1997,0,0,0,18,0,0,0,0,0,0
280670,1,1,1997,0,0,0,0,0,0,0,0,0,0
280670,2,1,1997,0,0,0,0,0,0,0,0,0,0
280671,1,1,1997,22,0,6,40,18,12,0,22,12,0
280672,1,1,1997,0,0,0,0,0,0,0,0,0,0
280672,2,1,1997,0,0,0,0,0,0,0,0,0,0
280673,1,1,1997,16,16,16,16,16,16,16,16,16,16
280673,2,1,1997,0,0,0,0,0,0,0,0,0,0
280674,1,1,1997,8,6,0,27,27,14,0,0,5,0
280675,1,1,1997,0,0,0,0,0,0,0,0,0,0
280675,2,1,1997,0,0,0,0,0,0,0,0,0,0
280676,1,1,1997,12,12,12,12,12,12,12,12,12,12
280676,2,1,1997,22,22,22,22,22,22,22,22,22,22
280677,1,1,1997,9,9,9,9,9,9,9,9,9,9
280677,2,1,1997,0,0,0,0,0,0,0,0,0,0
280678,1,1,1997,0,0,0,0,0,0,0,0,0,0
280678,2,1,1997,15,15,15,15,15,15,15,15,15,15
280679,1,1,1997,0,0,0,0,0,0,0,0,0,0
280680,1,1,1997,0,0,0,0,0,0,0,0,0,0
280680,2,1,1997,0,0,0,0,0,0,0,0,0,0
280681,1,1,1997,0,0,0,10,0,0,0,11,0,16
280682,1,1,1997,0,0,0,0,6,0,24,0,0,0
280682,2,1,1997,0,0,0,0,0,0,0,0,0,0
280683,1,1,1997,0,0,0,0,0,0,0,0,0,0
280683,2,1,1997,0,0,0,0,0,0,0,0,0,0
280684,1,1,1997,0,0,0,0,0,0,0,0,0,0
280684,2,1,1997,0,0,0,0,17,0,19,0,0,0
280685,1,1,1997,0,0,0,0,0,0,0,0,0,0
280685,2,1,1997,24,24,24,24,24,24,24,24,24,24
280686,1,1,1997,14,14,14,14,14,14,14,14,14,14
280687,1,1,1997,21,21,21,21,21,21,21,21,21,21
280688,0,1,1997,16,16,16,16,16,16,16,16,16,16
280688,1,1,1997,12,12,12,12,12,12,12,12,12,12
280689,1,1,1997,14,14,14,14,14,14,14,14,14,14
280690,1,1,1997,0,0,0,0,0,0,0,0,0,0
280691,1,1,1997,0,0,0,0,0,0,0,0,0,0
280691,2,1,1997,0,0,29,0,0,0,0,19,0,0
280692,1,1,1997,16,16,16,16,16,16,16,16,16,16
280692,2,1,1997,0,0,0,0,0,0,0,0,0,0
280693,1,1,1997,0,0,0,0,0,0,0,0,0,0
280693,2,1,1997,0,0,0,0,0,0,0,0,0,0
280694,1,1,1997,0,0,0,0,0,0,0,0,0,0
280694,2,1,1997,0,0,0,0,0,0,0,0,0,0
280695,1,1,1997,0,0,0,0,0,0,0,0,0,0
280695,2,1,1997,0,0,0,0,0,0,0,0,0,0
280696,0,1,1997,0,0,0,0,0,0,0,0,0,0
280696,0,2,1997,0,0,0,0,0,0,0,0,0,0
280696,1,1,1997,0,0,0,0,0,0,0,0,0,0
280697,1,1,1997,0,0,0,0,0,0,0,0,0,0
280697,2,1,1997,15,15,15,15,15,15,15,15,15,15
280698,1,1,1997,0,0,7,0,0,0,0,0,0,0
280698,2,1,1997,0,0,0,0,0,0,0,0,0,0
280699,1,1,1997,25,25,25,25,25,25,25,25,25,25
280700,1,1,1997,0,0,0,0,0,0,0,0,0,11
280700,2,1,1997,0,0,0,0,0,0,0,0,0,0
280701,1,1,1997,12,12,12,12,12,12,12,12,12,12
280702,1,1,1997,0,0,0,0,0,0,0,0,0,0
280703,1,1,1997,27,27,27,27,27,27,27,27,27,27
280704,1,1,1997,0,0,0,0,0,0,0,0,0,0
280704,2,1,1997,12,12,12,12,12,12,12,12,12,12
280705,1,1,1997,0,0,0,0,0,0,0,0,9,0
280705,2,1,1997,0,0,0,0,0,0,0,0,0,0
280706,1,1,1997,0,0,0,0,0,0,0,0,0,0
280706,2,1,1997,0,0,14,18,0,0,0,0,0,0
280707,1,1,1997,0,15,0,20,19,31,0,0,3,8
280708,1,1,1997,21,21,21,21,21,21,21,21,21,21
280709,1,1,1997,9,0,27,21,25,8,23,30,14,11
280710,0,1,1997,0,0,0,0,0,0,0,0,0,0
280710,1,1,1997,0,0,0,13,0,0,0,0,0,0
280711,1,1,1997,0,0,0,0,0,0,0,0,0,0
280711,2,1,1997,24,24,24,24,24,24,24,24,24,24
280712,0,1,1997,0,17,0,0,0,0,27,0,0,0
280712,1,1,1997,0,0,0,0,0,0,0,0,0,0
280713,1,1,1997,0,0,0,0,0,0,0,0,0,0
280713,2,1,1997,0,0,0,0,0,0,0,0,0,0
280714,1,1,1997,0,0,0,0,0,0,0,0,0,0
280714,2,1,1997,8,8,8,8,8,8,8,8,8,8
280715,1,1,1997,0,0,0,0,0,0,0,0,0,0
280716,1,1,1997,8,17,0,17,14,19,12,0,0,14
280717,1,1,1997,0,27,9,18,0,0,10,6,0,4
280718,1,1,1997,27,0,21,15,16,0,0,0,0,0
280719,1,1,1997,24,14,29,34,23,17,22,19,0,13
280720,1,1,1997,4,0,13,0,16,19,12,0,30,0
280721,1,1,1997,0,0,0,0,0,0,0,0,0,0
280722,1,1,1997,0,0,0,0,0,0,0,0,0,0
280722,2,1,1997,0,0,0,0,0,0,0,0,0,0
280723,1,1,1997,0,0,0,0,0,0,0,0,0,0
280723,2,1,1997,0,0,0,0,0,0,0,0,0,0
280724,1,1,1997,0,0,0,0,0,0,0,0,0,0
280724,2,1,1997,0,0,0,0,0,0,0,0,0,0
280725,1,1,1997,0,0,0,0,0,0,0,0,0,0
280725,2,1,1997,0,0,0,0,0,0,0,0,0,0
280726,1,1,1997,0,0,0,0,0,0,0,0,0,0
280726,2,1,1997,0,0,0,0,0,0,0,0,0,0
280727,1,1,1997,34,0,23,13,20,15,16,19,31,17
280728,1,1,1997,0,0,0,0,0,0,0,0,0,0
280729,1,1,1997,0,0,0,0,0,0,0,0,0,0
280729,2,1,1997,0,0,0,0,0,0,0,0,0,0
280730,1,1,1997,13,13,13,13,13,13,13,13,13,13
280730,2,1,1997,14,14,14,14,14,14,14,14,14,14
280731,1,1,1997,0,0,0,0,0,0,0,0,0,0
280731,2,1,1997,0,0,0,0,0,0,0,0,0,0
280732,1,1,1997,11,11,11,11,11,11,11,11,11,11
280733,1,1,1997,0,0,0,0,0,0,0,0,0,0
280734,1,1,1997,8,10,15,11,20,0,19,0,14,0
280735,1,1,1997,0,0,0,0,15,22,17,0,12,15
280736,1,1,1997,0,0,0,0,0,0,0,0,0,0
280736,2,1,1997,0,0,0,0,0,0,0,0,0,0
280737,1,1,1997,18,18,18,18,18,18,18,18,18,18
280738,1,1,1997,0,0,0,21,0,0,0,0,13,0
280739,1,1,1997,19,0,26,11,24,12,10,0,12,21
280740,1,1,1997,12,12,12,12,12,12,12,12,12,12
280741,1,1,1997,0,0,0,0,0,0,0,0,0,0
280742,1,1,1997,0,0,0,0,17,0,21,0,0,0
280743,1,1,1997,0,0,0,0,0,0,0,0,0,0
280743,2,1,1997,0,0,0,0,0,0,0,0,0,0
280744,1,1,1997,0,0,0,0,0,0,0,0,0,0
280744,2,1,1997,0,0,0,0,0,0,0,0,0,0
280745,1,1,1997,11,11,11,11,11,11,11,11,11,11
280746,1,1,1997,0,0,0,0,0,0,0,0,0,0
280746,2,1,1997,0,0,0,0,0,0,0,0,0,0
280747,0,1,1997,0,0,0,0,0,0,0,0,0,0
280747,1,1,1997,0,0,0,0,0,0,0,0,0,0
290001,1,1,1997,0,20,0,0,0,0,9,0,14,0
290001,2,1,1997,25,25,25,25,25,25,25,25,25,25
290002,0,1,1997,0,0,0,0,0,0,0,0,0,0
290002,1,1,1997,0,0,0,0,0,0,0,0,0,0
290003,1,1,1997,37,37,37,37,37,37,37,37,37,37
290004,1,1,1997,0,0,0,3,0,0,10,2,14,14
290004,2,1,1997,0,0,8,0,0,0,0,0,0,0
290005,1,1,1997,9,6,5,0,7,19,7,11,11,0
290006,1,1,1997,7,0,9,0,19,0,0,20,9,3
290007,1,1,1997,0,0,0,0,0,0,0,0,0,0
290007,2,1,1997,0,24,0,0,0,0,0,0,0,0
290008,1,1,1997,0,0,0,0,0,0,0,0,0,0
290008,2,1,1997,0,0,0,0,0,0,0,0,0,0
290009,1,1,1997,24,24,24,24,24,24,24,24,24,24
290009,2,1,1997,0,0,0,0,0,0,0,0,0,0
290010,1,1,1997,26,0,3,0,12,5,0,13,0,22
290011,1,1,1997,21,21,21,21,21,21,21,21,21,21
290012,1,1,1997,20,20,20,20,20,20,20,20,20,20
290013,1,1,1997,23,23,23,23,23,23,23,23,23,23
290014,1,1,1997,0,0,0,0,0,0,0,0,0,0
290014,2,1,1997,0,15,0,0,0,0,0,0,0,0
290015,1,1,1997,29,29,29,29,29,29,29,29,29,29
290016,1,1,1997,21,0,0,0,0,0,0,0,0,0
290017,1,1,1997,0,0,0,0,0,0,0,0,0,0
290018,1,1,1997,0,0,0,0,0,0,0,0,0,0
290018,2,1,1997,0,16,0,0,0,0,0,0,0,0
290018,3,1,1997,0,0,0,0,0,0,0,0,0,0
290019,1,1,1997,0,0,0,0,0,0,0,0,0,0
290020,1,1,1997,19,19,19,19,19,19,19,19,19,19
290021,1,1,1997,13,13,13,13,13,13,13,13,13,13
290022,1,1,1997,18,20,9,0,7,0,5,0,10,0
290023,1,1,1997,0,0,0,0,0,0,0,0,0,0
290023,2,1,1997,0,0,0,0,0,0,0,0,0,0
290024,1,1,1997,0,0,6,0,0,0,0,0,0,0
290025,1,1,1997,0,0,0,0,0,0,0,0,0,0
290025,2,1,1997,0,0,0,0,0,0,0,0,0,0
290026,1,1,1997,0,0,0,0,0,0,0,0,0,0
290026,2,1,1997,0,0,0,0,0,0,0,0,0,0
290027,0,1,1997,30,30,30,30,30,30,30,30,30,30
290027,1,1,1997,0,21,0,0,0,18,0,14,0,0
290027,2,1,1997,0,0,0,0,0,0,0,0,0,0
290028,1,1,1997,0,23,0,7,0,0,0,17,20,21
290029,1,1,1997,9,0,13,0,0,20,0,8,0,0
290029,2,1,1997,0,0,0,0,0,0,0,0,0,0
290030,0,1,1997,10,0,0,0,0,0,0,0,0,0
290030,1,1,1997,0,25,0,15,0,0,0,0,0,0
290031,1,1,1997,0,0,0,0,0,0,0,0,0,0
290031,2,1,1997,0,29,0,0,0,0,0,0,0,15
290032,1,1,1997,21,0,0,15,18,0,0,0,31,0
290032,2,1,1997,0,0,0,0,0,0,0,0,0,0
290033,1,1,1997,24,24,24,24,24,24,24,24,24,24
290033,2,1,1997,0,0,9,0,0,0,5,0,16,0
290034,1,1,1997,0,0,0,0,0,0,0,0,0,0
290034,2,1,1997,0,0,0,0,0,0,0,9,0,0
290035,1,1,1997,0,0,0,0,0,0,0,0,0,0
290035,2,1,1997,0,0,0,0,0,18,0,7,0,0
290036,1,1,1997,22,22,22,22,22,22,22,22,22,22
290037,1,1,1997,7,7,7,7,7,7,7,7,7,7
290038,0,1,1997,0,0,0,0,0,0,0,0,0,0
290038,1,1,1997,0,0,0,0,0,0,0,0,0,0
290039,1,1,1997,0,0,0,0,0,5,0,0,0,0
290039,2,1,1997,0,0,0,0,0,0,0,0,19,0
290039,3,1,1997,0,0,0,0,0,0,0,0,0,0
290040,1,1,1997,0,9,0,0,6,0,0,0,0,0
290041,1,1,1997,0,0,0,0,0,0,0,0,0,0
290041,2,1,1997,0,0,0,0,0,0,0,0,0,0
290042,1,1,1997,0,0,0,0,0,0,0,0,0,0
290043,0,1,1997,26,11,0,26,0,13,0,0,0,35
290043,1,1,1997,0,0,0,0,0,0,0,0,0,0
290044,0,1,1997,0,0,0,0,0,0,0,0,0,0
290044,1,1,1997,0,0,0,0,0,0,0,0,0,0
290045,1,1,1997,38,38,38,38,38,38,38,38,38,38
290045,2,1,1997,0,0,0,0,0,0,0,0,0,0
290046,1,1,1997,28,28,28,28,28,28,28,28,28,28
290046,2,1,1997,0,0,0,0,0,0,0,0,31,0
290046,3,1,1997,0,0,0,0,0,0,0,0,0,0
290047,1,1,1997,16,16,16,16,16,16,16,16,16,16
290047,2,1,1997,0,0,4,0,0,0,0,0,0,0
290048,1,1,1997,13,18,12,5,8,5,27,13,31,5