ST_CASE,VEH_NO,PER_NO,YEAR,P1,P2,P3,P4,P5,P6,P7,P8,P9,P10
290048,2,1,1997,3,3,3,3,3,3,3,3,3,3
290049,1,1,1997,0,0,13,0,0,28,0,0,16,0
290050,1,1,1997,0,0,12,0,0,0,0,0,0,33
290050,2,1,1997,0,0,0,0,0,0,0,0,0,0
290051,1,1,1997,0,6,0,0,0,8,12,0,0,24
290052,1,1,1997,0,0,0,0,0,0,0,0,0,24
290052,2,1,1997,0,0,0,0,0,0,0,0,0,0
290053,0,1,1997,0,0,0,0,0,0,0,0,0,0
290053,1,1,1997,0,0,0,0,0,0,0,0,0,0
290054,0,1,1997,0,21,0,18,24,3,30,15,23,0
290054,1,1,1997,0,0,0,0,9,0,0,21,0,0
290055,1,1,1997,19,19,19,19,19,19,19,19,19,19
290056,1,1,1997,0,6,0,0,0,0,0,0,0,0
290056,2,1,1997,0,0,0,0,0,0,0,0,0,0
290057,1,1,1997,0,0,0,0,0,0,0,0,0,0
290057,2,1,1997,0,0,0,0,0,0,0,0,0,0
290058,1,1,1997,0,0,0,0,0,0,0,0,0,0
290059,1,1,1997,22,22,22,22,22,22,22,22,22,22
290060,1,1,1997,29,29,29,29,29,29,29,29,29,29
290061,1,1,1997,18,18,18,18,18,18,18,18,18,18
290062,1,1,1997,2,2,2,2,2,2,2,2,2,2
290063,1,1,1997,10,10,10,10,10,10,10,10,10,10
290064,1,1,1997,0,0,0,16,0,0,0,0,0,0
290065,1,1,1997,19,19,19,19,19,19,19,19,19,19
290066,1,1,1997,0,0,0,0,0,0,0,0,0,0
290067,1,1,1997,19,29,11,19,0,0,18,18,12,8
290068,1,1,1997,0,0,0,0,0,0,0,0,0,0
290068,2,1,1997,0,0,0,0,0,0,0,0,0,0
290069,1,1,1997,0,0,0,0,0,0,0,0,0,0
290069,2,1,1997,7,7,7,7,7,7,7,7,7,7
290069,3,1,1997,0,8,13,0,15,0,0,0,0,0
290070,1,1,1997,37,37,37,37,37,37,37,37,37,37
290071,1,1,1997,21,0,0,23,0,14,0,0,0,0
290071,2,1,1997,0,0,0,0,0,0,8,0,14,0
290072,0,1,1997,0,0,0,0,0,0,0,0,0,0
290072,1,1,1997,17,9,19,0,0,5,11,7,0,32
290073,1,1,1997,0,0,0,0,0,0,0,0,0,0
290073,2,1,1997,12,0,0,23,8,0,0,0,0,0
290074,1,1,1997,0,0,0,0,0,0,0,0,0,0
290075,1,1,1997,0,0,0,16,0,0,0,0,0,0
290075,2,1,1997,0,0,0,0,0,0,0,0,0,0
290076,1,1,1997,0,0,0,0,0,0,0,0,0,0
290076,2,1,1997,0,0,0,0,0,0,0,0,0,0
290077,1,1,1997,0,0,0,0,0,0,0,0,0,0
290077,2,1,1997,0,0,0,0,0,0,0,0,0,0
290078,1,1,1997,0,0,0,0,0,0,0,0,0,0
290078,2,1,1997,0,0,0,0,0,0,0,0,0,0
290079,1,1,1997,17,17,17,17,17,17,17,17,17,17
290080,0,1,1997,0,0,0,0,0,0,0,0,0,0
290080,1,1,1997,0,0,0,0,0,0,0,0,0,0
290081,1,1,1997,25,25,25,25,25,25,25,25,25,25
290082,1,1,1997,30,30,30,30,30,30,30,30,30,30
290083,0,1,1997,0,0,0,0,0,0,0,0,0,0
290083,1,1,1997,0,0,0,0,0,0,0,0,0,0
290084,1,1,1997,0,0,0,0,0,0,0,0,0,0
290085,0,1,1997,0,0,0,0,0,0,0,0,0,0
290085,1,1,1997,0,0,0,0,0,0,0,8,0,0
290086,1,1,1997,1,1,1,1,1,1,1,1,1,1
290087,1,1,1997,0,0,0,0,0,0,0,0,0,0
290088,1,1,1997,27,27,27,27,27,27,27,27,27,27
290089,1,1,1997,17,17,17,17,17,17,17,17,17,17
290089,2,1,1997,0,0,0,17,0,0,0,0,8,0
290090,1,1,1997,19,19,19,19,19,19,19,19,19,19
290091,0,1,1997,31,31,31,31,31,31,31,31,31,31
290091,1,1,1997,17,0,0,0,15,14,0,0,0,0
290092,1,1,1997,0,0,0,0,0,0,0,0,0,0
290093,1,1,1997,0,0,0,0,0,0,0,0,0,0
290093,2,1,1997,0,0,0,0,0,0,0,0,0,0
290094,1,1,1997,25,25,25,25,25,25,25,25,25,25
290095,1,1,1997,22,22,22,22,22,22,22,22,22,22
290096,1,1,1997,10,10,10,10,10,10,10,10,10,10
290097,1,1,1997,0,0,0,0,0,0,0,0,0,0
290098,1,1,1997,23,36,16,8,10,16,7,31,17,22
290099,1,1,1997,0,0,0,0,0,0,0,0,0,0
290099,2,1,1997,0,0,0,0,0,0,0,0,0,0
290100,1,1,1997,0,0,0,0,0,0,0,0,0,0
290100,2,1,1997,0,11,13,0,0,13,0,12,0,17
290101,1,1,1997,0,0,0,0,0,0,0,0,0,0
290101,2,1,1997,15,15,15,15,15,15,15,15,15,15
290102,0,1,1997,20,20,20,20,20,20,20,20,20,20
290102,1,1,1997,0,29,0,0,8,25,5,6,0,13
290103,0,1,1997,26,26,26,26,26,26,26,26,26,26
290103,1,1,1997,0,0,0,0,0,0,0,0,8,0
290104,1,1,1997,23,0,26,0,11,23,10,31,22,10
290105,1,1,1997,0,0,0,0,0,0,0,0,0,0
290105,2,1,1997,0,0,0,0,0,0,0,0,0,0
290106,1,1,1997,0,25,0,14,19,37,25,0,15,23
290107,1,1,1997,0,0,0,0,0,0,0,0,0,0
290107,2,1,1997,0,0,0,0,0,0,0,0,0,0
290108,1,1,1997,0,0,0,0,0,0,0,0,0,0
290108,2,1,1997,0,0,0,0,0,0,0,0,0,0
290109,1,1,1997,0,0,0,0,0,0,0,0,0,0
290110,1,1,1997,0,0,0,0,0,0,0,0,0,0
290111,0,1,1997,0,0,0,0,0,0,0,0,0,0
290111,1,1,1997,0,0,0,0,0,0,0,0,0,0
290112,1,1,1997,6,6,6,6,6,6,6,6,6,6
290113,1,1,1997,0,0,0,0,0,0,22,9,0,0
290113,2,1,1997,1,1,1,1,1,1,1,1,1,1
290114,1,1,1997,0,0,0,0,0,0,0,0,0,0
290115,0,1,1997,0,0,0,0,0,0,0,0,0,0
290115,1,1,1997,0,0,0,0,0,0,0,0,0,0
290116,1,1,1997,27,0,12,8,15,0,0,0,0,0
290116,2,1,1997,0,0,0,0,0,0,0,0,0,0
290117,1,1,1997,0,0,0,0,0,0,0,0,7,0
290117,2,1,1997,0,0,0,0,0,0,0,0,0,0
290118,1,1,1997,0,0,0,0,0,0,0,0,0,0
290119,1,1,1997,0,0,0,0,0,0,0,0,0,0
290119,2,1,1997,0,0,0,0,0,0,0,0,0,0
290120,1,1,1997,16,16,16,16,16,16,16,16,16,16
290121,1,1,1997,0,0,0,0,0,0,0,0,0,0
290122,1,1,1997,9,9,9,9,9,9,9,9,9,9
290122,2,1,1997,24,0,0,0,0,0,0,0,7,5
290123,1,1,1997,0,0,0,0,0,0,0,0,0,0
290124,1,1,1997,0,24,0,31,0,0,0,0,14,0
290124,2,1,1997,0,0,10,0,0,0,7,0,0,8
290125,1,1,1997,19,0,0,0,0,0,0,0,0,6
290126,1,1,1997,0,14,0,0,0,0,0,0,0,0
290126,2,1,1997,0,0,0,12,0,0,20,0,0,0
290126,3,1,1997,0,0,0,0,0,0,0,0,0,0
290127,1,1,1997,0,0,0,0,0,0,0,0,0,0
290127,2,1,1997,0,0,0,0,0,0,0,0,0,0
290128,1,1,1997,1,1,1,1,1,1,1,1,1,1
290129,1,1,1997,0,0,0,0,18,18,0,0,0,0
290129,2,1,1997,0,0,0,0,0,0,0,0,0,10
290130,1,1,1997,0,0,0,0,0,0,0,0,0,0
290130,2,1,1997,0,0,0,0,0,0,0,0,0,0
290131,1,1,1997,19,19,19,19,19,19,19,19,19,19
290132,1,1,1997,0,0,0,0,0,0,0,0,0,0
290133,1,1,1997,0,0,0,0,0,0,0,0,0,0
290134,1,1,1997,18,18,18,18,18,18,18,18,18,18
290135,1,1,1997,0,0,0,10,0,0,0,0,19,0
290136,1,1,1997,0,0,0,0,0,0,0,0,0,0
290136,2,1,1997,0,0,0,0,0,0,0,0,0,0
290137,1,1,1997,0,0,0,0,0,0,0,0,0,0
290138,1,1,1997,0,0,0,7,0,0,0,0,0,0
290139,1,1,1997,29,29,29,29,29,29,29,29,29,29
290139,2,1,1997,0,0,0,0,0,0,0,0,0,0
290140,1,1,1997,0,0,0,0,0,0,0,0,0,0
290140,2,1,1997,0,0,0,0,0,0,0,0,0,0
290140,3,1,1997,0,0,31,0,0,0,0,0,0,0
290141,0,1,1997,20,15,23,27,20,33,33,24,25,45
290141,0,2,1997,21,21,21,21,21,21,21,21,21,21
290141,1,1,1997,10,0,0,0,0,0,0,0,7,0
290142,0,1,1997,0,0,0,0,0,0,0,0,0,0
290142,1,1,1997,0,0,0,0,0,0,0,0,0,41
290143,0,1,1997,30,30,30,30,30,30,30,30,30,30
290143,1,1,1997,0,0,0,0,0,0,0,0,0,0
290144,1,1,1997,15,8,7,3,19,7,10,11,17,13
290144,2,1,1997,0,0,0,0,0,0,0,0,0,0
290145,1,3,1997,23,11,18,15,21,7,8,15,25,0
290146,1,1,1997,0,0,0,0,0,0,0,0,0,19
290146,2,1,1997,0,0,0,0,0,0,0,0,0,0
290147,1,1,1997,0,0,0,0,0,0,0,0,0,0
290147,2,1,1997,0,0,0,0,0,0,0,0,0,0
290148,1,1,1997,0,0,0,0,0,0,0,0,0,0
290148,2,1,1997,0,0,0,0,0,10,0,5,0,2
290148,3,1,1997,0,0,0,0,0,0,0,0,0,0
290149,1,1,1997,0,0,0,0,0,13,0,0,0,0
290149,2,1,1997,0,0,0,15,0,0,0,0,0,0
290149,3,1,1997,0,0,0,0,13,0,0,0,0,0
290149,4,1,1997,0,0,0,0,0,0,0,0,0,0
290150,1,1,1997,0,0,0,0,0,18,0,0,0,0
290151,1,1,1997,8,16,12,32,8,10,13,15,41,16
290152,1,1,1997,34,34,34,34,34,34,34,34,34,34
290153,1,1,1997,17,0,19,20,33,32,17,19,23,20
290154,1,1,1997,11,7,10,0,0,15,19,18,0,0
290155,0,1,1997,21,21,21,21,21,21,21,21,21,21
290155,1,1,1997,0,21,0,14,14,31,0,0,21,22
290156,0,1,1997,0,0,0,0,0,0,0,0,0,0
290156,1,1,1997,0,0,0,0,0,0,0,0,0,0
290156,2,1,1997,22,0,0,19,0,0,4,23,0,0
290157,1,1,1997,0,0,0,0,0,0,0,0,0,0
290157,2,1,1997,38,17,0,17,9,21,0,16,19,9
290158,1,1,1997,23,23,23,23,23,23,23,23,23,23
290159,1,1,1997,0,0,0,0,0,0,0,0,0,0
290159,2,1,1997,0,0,0,0,0,0,0,0,0,0
290160,1,1,1997,0,0,0,0,0,0,0,0,0,0
290160,2,1,1997,0,0,7,0,0,0,0,0,0,0
290161,1,1,1997,0,0,0,0,0,0,0,0,0,0
290162,1,1,1997,0,0,0,0,0,0,0,0,3,0
290163,1,1,1997,0,0,0,0,0,0,0,0,0,0
290164,1,1,1997,18,18,18,18,18,18,18,18,18,18
290165,1,1,1997,0,19,0,7,0,19,8,0,0,38
290165,2,1,1997,5,0,0,0,11,19,0,0,16,0
290166,1,1,1997,0,0,0,0,0,0,0,0,0,0
290166,2,1,1997,22,22,22,22,22,22,22,22,22,22
290167,1,1,1997,21,21,21,21,21,21,21,21,21,21
290168,1,1,1997,0,0,0,0,0,0,0,0,0,0
290169,1,1,1997,0,0,0,0,0,0,0,0,0,0
290169,2,1,1997,0,0,0,0,0,0,0,0,0,0
290169,3,1,1997,0,0,0,0,0,0,0,0,0,0
290170,1,1,1997,0,0,0,0,0,0,0,0,0,0
290170,2,1,1997,0,0,0,0,0,0,0,0,0,0
290171,1,1,1997,27,27,27,27,27,27,27,27,27,27
290172,0,1,1997,0,0,0,0,0,0,0,0,0,0
290172,1,1,1997,0,0,0,0,0,0,0,0,0,0
290173,1,1,1997,0,0,0,0,0,0,0,0,0,0
290174,1,1,1997,0,0,0,0,0,0,0,0,10,0
290175,1,1,1997,24,24,24,24,24,24,24,24,24,24
290175,2,1,1997,0,0,0,0,0,0,0,0,0,0
290176,1,1,1997,20,20,20,20,20,20,20,20,20,20
290177,1,1,1997,0,0,0,0,0,0,0,0,0,0
290177,2,1,1997,0,0,0,0,0,0,0,0,0,0
290178,1,1,1997,18,18,18,18,18,18,18,18,18,18
290179,1,1,1997,17,17,17,17,17,17,17,17,17,17
290179,2,1,1997,0,0,0,0,0,0,0,0,0,0
290179,3,1,1997,0,0,0,0,0,0,0,0,0,0
290180,1,1,1997,0,0,0,0,0,0,0,0,0,0
290181,1,1,1997,5,0,16,27,6,12,15,14,0,17
290182,1,1,1997,0,0,0,0,0,0,0,0,0,0
290182,2,1,1997,0,0,0,0,0,0,0,0,0,0
290183,1,1,1997,0,0,0,0,0,0,0,0,0,0
290183,2,1,1997,17,17,17,17,17,17,17,17,17,17
290184,1,1,1997,0,0,0,0,0,0,0,0,0,0
290185,1,1,1997,0,0,0,0,0,0,0,0,0,0
290185,2,1,1997,0,0,0,0,0,0,0,0,0,0
290186,1,1,1997,0,0,0,0,0,23,0,0,0,0
290186,2,1,1997,0,0,0,0,0,0,0,0,0,0
290187,1,1,1997,0,0,0,0,0,0,0,0,0,0
290188,1,1,1997,0,0,0,0,0,0,0,0,0,0
290188,2,1,1997,0,0,0,0,0,0,0,0,0,0
290188,3,1,1997,0,0,0,0,0,0,0,0,0,0
290189,1,1,1997,0,0,0,0,0,0,0,0,0,0
290189,2,1,1997,0,0,0,0,0,0,0,0,0,0
290190,0,1,1997,0,0,0,0,0,0,0,0,0,0
290190,1,1,1997,12,0,0,0,0,0,0,10,15,0
290191,1,1,1997,16,0,0,0,15,0,0,0,0,0
290192,1,1,1997,6,6,6,6,6,6,6,6,6,6
290192,2,1,1997,20,20,20,20,20,20,20,20,20,20
290193,1,1,1997,0,7,0,15,0,5,0,18,14,0
290193,2,1,1997,0,0,0,0,0,0,0,0,0,0
290194,1,1,1997,18,18,18,18,18,18,18,18,18,18
290195,1,1,1997,0,0,0,10,0,0,0,0,24,0
290196,1,1,1997,0,0,19,0,0,0,0,0,0,0
290196,2,1,1997,0,0,0,0,0,0,0,0,0,0
290197,1,1,1997,15,15,15,15,15,15,15,15,15,15
290198,0,1,1997,0,0,0,0,0,0,0,0,0,0
290198,1,1,1997,17,17,17,17,17,17,17,17,17,17
290199,1,1,1997,13,18,13,11,0,12,0,0,8,0
290200,1,1,1997,17,12,33,19,22,10,8,14,14,30
290201,1,1,1997,15,15,15,15,15,15,15,15,15,15
290202,0,1,1997,4,4,4,4,4,4,4,4,4,4
290202,1,1,1997,0,0,0,12,0,0,0,0,0,0
290203,1,1,1997,0,0,0,0,0,0,0,0,0,0
290204,1,1,1997,11,0,0,0,0,0,7,0,0,22
290204,2,1,1997,0,0,0,0,0,0,0,0,0,0
290205,1,1,1997,0,27,32,27,17,0,0,27,0,13
290205,2,1,1997,16,16,16,16,16,16,16,16,16,16
290206,1,1,1997,0,0,0,0,0,0,0,0,0,0
290206,2,1,1997,0,0,0,0,0,0,0,0,0,0
290207,1,1,1997,0,0,0,0,0,0,0,0,0,0
290208,1,1,1997,0,16,11,24,13,12,7,36,25,23
290209,1,1,1997,23,23,23,23,23,23,23,23,23,23
290210,1,1,1997,70,70,70,70,70,70,70,70,70,70
290211,1,1,1997,14,14,14,14,14,14,14,14,14,14
290211,2,1,1997,0,0,13,0,0,0,0,6,0,0
290212,1,1,1997,0,0,0,0,0,0,0,0,0,0
290212,2,1,1997,0,0,0,0,0,0,0,0,0,0
290213,1,1,1997,0,0,0,0,0,0,0,0,0,20
290214,1,1,1997,32,32,32,32,32,32,32,32,32,32
290215,1,1,1997,9,0,0,0,0,0,0,0,0,0
290215,2,1,1997,0,0,0,0,0,0,0,0,0,0
290216,1,1,1997,15,15,15,15,15,15,15,15,15,15
290217,0,1,1997,19,19,19,19,19,19,19,19,19,19
290217,1,1,1997,3,17,10,11,14,9,19,37,15,19
290218,1,1,1997,30,30,30,30,30,30,30,30,30,30
290219,0,1,1997,0,0,0,0,0,0,0,0,0,0
290219,1,1,1997,0,0,0,0,0,0,0,0,0,0
290220,1,1,1997,15,15,15,15,15,15,15,15,15,15
290221,1,1,1997,11,11,11,11,11,11,11,11,11,11
290222,1,1,1997,0,0,0,0,0,0,17,0,7,0
290223,1,1,1997,0,0,0,0,0,0,0,0,0,0
290224,1,1,1997,0,0,0,0,0,0,0,0,0,0
290224,2,1,1997,15,0,0,0,0,0,0,0,0,18
290225,1,1,1997,14,14,14,14,14,14,14,14,14,14
290226,1,1,1997,0,0,0,0,0,0,0,0,0,0
290227,1,1,1997,0,0,0,0,0,0,0,0,0,0
290228,1,1,1997,14,14,14,14,14,14,14,14,14,14
290229,1,1,1997,0,0,0,0,0,0,0,0,0,0
290229,2,1,1997,0,0,0,0,0,0,0,0,0,0
290230,1,1,1997,16,16,16,16,16,16,16,16,16,16
290230,2,1,1997,0,0,0,0,0,0,0,0,0,9
290231,0,1,1997,0,0,0,0,0,0,28,0,0,0
290231,1,1,1997,0,11,0,0,0,0,0,0,0,0
290232,1,1,1997,0,0,0,0,0,0,0,0,0,0
290232,2,1,1997,0,0,0,0,0,0,0,0,0,0
290233,1,1,1997,0,0,0,0,0,0,0,0,0,0
290233,2,1,1997,0,0,0,0,0,0,0,0,0,0
290234,1,1,1997,13,13,13,13,13,13,13,13,13,13
290235,1,1,1997,0,0,0,0,0,0,7,0,0,10
290236,1,1,1997,27,27,27,27,27,27,27,27,27,27
290237,1,1,1997,33,33,33,33,33,33,33,33,33,33
290238,1,1,1997,0,0,0,0,9,0,0,0,0,0
290238,2,1,1997,0,0,18,0,0,0,0,0,0,16
290238,3,1,1997,0,0,0,0,0,0,0,0,0,0
290239,1,1,1997,18,18,18,18,18,18,18,18,18,18
290239,2,1,1997,0,0,0,0,0,0,0,0,0,0
290239,3,1,1997,0,0,0,0,0,0,0,0,0,0
290240,1,1,1997,0,0,0,0,0,0,0,0,0,0
290240,2,1,1997,0,0,0,0,0,0,0,0,0,26
290240,3,1,1997,0,0,0,0,0,0,0,0,0,0
290241,1,1,1997,0,0,0,0,0,0,0,0,0,0
290241,2,1,1997,10,0,0,0,0,0,0,0,0,0
290242,1,1,1997,0,0,0,0,0,0,0,0,0,0
290242,2,1,1997,0,0,0,0,0,0,0,0,0,0
290243,1,1,1997,0,0,0,0,5,0,0,0,0,0
290243,2,1,1997,0,0,0,0,0,0,0,0,0,0
290244,0,1,1997,29,29,29,29,29,29,29,29,29,29
290244,1,1,1997,0,0,0,0,0,7,0,0,0,0
290245,1,1,1997,0,0,0,0,0,0,0,0,0,0
290246,1,1,1997,0,0,0,0,0,0,0,0,0,0
290246,2,1,1997,0,0,0,0,0,0,0,0,0,15
290247,1,1,1997,0,0,0,0,0,0,0,0,0,0
290248,1,1,1997,0,0,0,0,0,0,0,0,0,0
290249,1,1,1997,0,0,0,0,0,0,0,0,0,0
290250,0,1,1997,0,0,0,0,0,0,0,0,0,0
290250,1,1,1997,0,0,0,0,0,0,0,0,0,12
290251,1,1,1997,34,19,12,0,19,0,13,23,24,21
290251,2,1,1997,23,17,0,4,17,19,9,7,0,5
290252,1,1,1997,0,0,14,0,0,0,0,0,0,0
290252,2,1,1997,0,0,0,0,0,0,0,0,0,0
290253,1,1,1997,5,0,0,0,0,0,0,0,0,0
290253,2,1,1997,0,0,0,0,0,0,0,0,0,0
290253,3,1,1997,0,0,0,0,0,0,0,0,0,6
290253,4,1,1997,0,21,0,0,0,0,0,14,5,12
290253,5,1,1997,0,0,6,0,0,15,0,0,0,0
290253,6,1,1997,16,0,3,0,0,0,0,0,0,0
290254,1,1,1997,21,11,21,20,16,19,21,14,16,29
290255,1,1,1997,0,12,26,24,19,0,14,0,13,0
290256,1,1,1997,27,23,0,0,24,17,0,21,0,22
290257,1,1,1997,15,15,15,15,15,15,15,15,15,15
290258,1,1,1997,8,8,8,8,8,8,8,8,8,8
290259,0,1,1997,0,0,0,0,0,0,0,0,0,0
290259,1,1,1997,0,4,0,0,0,0,0,0,0,0
290260,1,1,1997,0,18,16,22,0,16,0,0,0,25
290260,2,1,1997,14,0,9,0,0,0,0,0,0,0
290261,1,1,1997,35,35,35,35,35,35,35,35,35,35
290262,1,1,1997,0,0,0,0,0,0,0,10,19,0
290262,2,1,1997,0,0,0,0,0,0,0,0,0,0
290263,1,1,1997,0,5,0,0,0,0,0,0,0,0
290264,1,1,1997,5,5,5,5,5,5,5,5,5,5
290265,1,1,1997,40,0,0,31,0,0,26,0,0,0
290266,1,1,1997,0,0,0,0,0,0,0,0,5,0
290266,2,1,1997,0,0,0,0,0,0,0,0,0,0
290267,1,1,1997,21,21,21,21,21,21,21,21,21,21
290268,1,1,1997,21,12,6,20,13,21,19,27,14,6
290269,1,1,1997,19,0,0,8,0,0,0,16,18,0
290269,2,1,1997,15,0,21,0,0,16,0,20,0,0
290270,1,1,1997,0,0,0,0,0,0,0,0,0,0
290270,2,1,1997,34,34,34,34,34,34,34,34,34,34
290271,1,1,1997,0,0,0,0,0,0,0,0,0,0
290271,2,1,1997,0,0,0,0,0,0,0,0,0,0
290272,1,1,1997,0,0,0,0,0,0,0,0,0,0
290272,2,1,1997,0,0,0,0,0,0,0,0,0,0
290273,1,1,1997,1,1,1,1,1,1,1,1,1,1
290273,2,1,1997,12,12,12,12,12,12,12,12,12,12
290274,1,1,1997,7,7,7,7,7,7,7,7,7,7
290275,1,1,1997,0,0,0,0,0,0,0,0,0,0
290275,2,1,1997,0,0,0,0,0,0,0,0,0,0
290275,3,1,1997,0,0,0,0,0,0,0,0,0,0
290276,1,1,1997,0,0,0,0,0,0,0,0,0,0
290276,2,1,1997,0,0,0,0,0,0,0,0,0,0
290276,3,1,1997,0,0,0,0,0,0,0,0,0,0
290277,1,1,1997,0,0,0,0,0,0,0,0,0,0
290277,2,1,1997,0,0,0,10,0,0,0,0,0,0
290278,1,1,1997,0,0,24,0,0,0,19,0,3,0
290278,2,1,1997,0,0,0,0,0,0,0,0,0,0
290279,1,1,1997,0,0,0,0,0,0,0,0,0,0
290280,1,1,1997,0,0,0,0,0,0,0,0,0,0
290281,1,1,1997,24,0,13,0,24,0,11,0,0,0
290281,2,1,1997,0,0,0,0,0,0,0,0,0,0
290282,1,1,1997,0,0,0,0,0,0,0,0,0,0
290282,2,1,1997,0,0,0,0,0,0,0,0,0,0
290282,3,1,1997,0,0,0,20,0,0,0,0,0,0
290283,1,1,1997,0,0,0,0,0,0,0,0,0,0
290284,1,1,1997,17,17,17,17,17,17,17,17,17,17
290285,1,1,1997,22,22,22,22,22,22,22,22,22,22
290286,1,1,1997,0,24,7,0,21,0,23,0,20,0
290287,1,1,1997,0,0,0,27,27,0,3,0,0,0
290288,1,1,1997,0,0,0,32,0,0,8,0,0,0
290288,2,1,1997,26,26,26,26,26,26,26,26,26,26
290289,0,1,1997,28,28,28,28,28,28,28,28,28,28
290289,1,1,1997,20,0,0,0,0,0,0,19,0,0
290290,1,1,1997,0,0,0,0,0,0,0,0,0,0
290291,1,1,1997,0,0,0,0,0,0,0,12,22,0
290291,2,1,1997,0,0,0,0,0,0,0,0,0,0
290292,1,1,1997,9,9,9,9,9,9,9,9,9,9
290292,2,1,1997,0,0,0,0,0,0,0,0,0,0
290292,3,1,1997,0,0,0,0,0,0,0,0,0,0
290292,4,1,1997,0,8,0,0,0,0,0,0,0,5
290292,5,1,1997,0,0,0,0,0,0,2,9,0,0
290293,1,1,1997,19,19,19,19,19,19,19,19,19,19
290294,1,1,1997,22,19,0,25,0,20,0,0,0,0
290294,2,1,1997,12,12,12,12,12,12,12,12,12,12
290295,1,1,1997,24,24,24,24,24,24,24,24,24,24
290296,1,1,1997,0,0,0,0,0,0,0,0,0,0
290296,2,1,1997,0,0,13,0,0,0,0,0,0,0
290297,1,1,1997,0,0,0,0,0,0,0,0,0,0
290297,2,1,1997,0,0,0,2,0,0,0,0,0,0
290298,1,1,1997,0,0,0,0,0,0,0,0,0,0
290298,2,1,1997,0,0,0,0,0,0,0,0,0,0
290299,0,1,1997,0,0,0,0,0,0,0,0,0,0
290299,1,1,1997,0,0,0,0,0,0,0,0,0,0
290300,1,1,1997,0,0,0,0,0,15,0,0,10,0
290300,2,1,1997,0,0,0,0,0,0,0,0,0,0
290301,1,1,1997,0,16,18,21,17,0,15,20,24,3
290302,1,1,1997,19,19,19,19,19,19,19,19,19,19
290302,2,1,1997,0,0,0,0,0,0,0,0,6,0
290303,1,1,1997,0,0,0,0,0,0,0,0,0,0
290303,2,1,1997,0,0,0,0,0,0,0,17,0,0
290304,0,1,1997,0,0,0,0,0,0,0,0,0,0
290304,1,1,1997,0,0,0,0,0,0,0,0,0,0
290305,1,1,1997,1,1,1,1,1,1,1,1,1,1
290306,1,1,1997,0,0,0,0,0,0,0,0,0,0
290307,1,1,1997,8,8,8,8,8,8,8,8,8,8
290307,2,1,1997,0,25,0,0,0,6,14,0,0,0
290308,1,1,1997,0,0,0,0,0,0,0,0,0,0
290308,2,1,1997,0,0,0,0,0,0,0,0,0,0
290309,1,1,1997,0,0,0,0,0,17,0,0,0,0
290309,2,1,1997,7,21,19,9,0,5,14,31,28,17
290310,1,1,1997,22,22,22,22,22,22,22,22,22,22
290311,1,1,1997,6,6,6,6,6,6,6,6,6,6
290312,1,1,1997,0,0,0,0,0,0,0,0,0,0
290312,2,1,1997,0,0,0,0,0,0,0,0,3,0
290313,1,1,1997,0,0,6,0,0,15,0,0,0,0
290314,0,1,1997,0,0,0,0,0,0,0,0,0,0
290314,1,1,1997,0,0,0,0,0,0,0,0,0,0
290315,1,1,1997,13,13,13,13,13,13,13,13,13,13
290315,2,1,1997,0,0,0,0,0,0,0,0,0,0
290316,1,1,1997,30,30,30,30,30,30,30,30,30,30
290316,2,1,1997,12,7,10,0,0,0,0,0,0,0
290317,1,1,1997,5,17,12,13,29,14,0,23,12,0
290318,1,1,1997,23,23,23,23,23,23,23,23,23,23
290319,1,1,1997,9,9,9,9,9,9,9,9,9,9
290320,1,1,1997,12,38,25,14,14,4,17,14,29,25
290321,1,1,1997,0,0,0,0,0,0,0,0,0,0
290321,2,1,1997,0,0,0,0,0,0,0,0,0,0
290322,1,1,1997,0,0,0,0,0,10,0,0,0,0
290322,2,1,1997,0,0,0,0,0,0,0,0,0,24
290322,3,1,1997,0,0,0,0,0,0,0,0,0,0
290322,4,1,1997,0,0,0,0,0,0,0,0,3,4
290322,5,1,1997,0,0,0,0,0,0,0,0,0,0
290323,0,1,1997,0,0,0,0,0,0,0,0,0,0
290323,0,2,1997,0,0,0,0,0,0,0,5,0,0
290323,1,1,1997,0,0,0,0,0,0,0,0,0,0
290324,1,1,1997,2,0,0,0,0,0,0,0,0,0
290324,2,1,1997,0,0,0,0,0,0,0,0,0,0
290325,1,1,1997,0,0,0,0,0,0,0,0,0,0
290326,1,1,1997,33,33,33,33,33,33,33,33,33,33
290327,1,1,1997,0,0,0,0,0,0,0,0,0,0
290328,1,1,1997,0,0,0,0,0,0,0,0,20,0