ST_CASE,VEH_NO,PER_NO,YEAR,P1,P2,P3,P4,P5,P6,P7,P8,P9,P10
290328,2,1,1997,0,0,0,0,21,0,0,0,0,0
290329,1,1,1997,0,0,0,0,0,0,0,0,0,7
290330,1,1,1997,0,0,0,0,0,0,0,0,0,0
290331,1,1,1997,0,0,0,0,23,20,9,0,0,0
290332,1,1,1997,12,12,12,12,12,12,12,12,12,12
290332,2,1,1997,20,0,0,0,23,0,0,0,41,14
290333,1,1,1997,0,0,0,0,0,0,0,0,0,0
290333,2,1,1997,0,0,0,18,0,0,0,0,0,0
290334,1,1,1997,21,21,21,21,21,21,21,21,21,21
290335,1,1,1997,0,0,0,0,0,0,0,0,0,0
290336,1,1,1997,0,14,0,0,4,0,0,0,0,0
290337,1,1,1997,0,12,0,0,0,0,0,0,0,0
290338,1,1,1997,16,16,16,16,16,16,16,16,16,16
290338,2,1,1997,3,3,3,3,3,3,3,3,3,3
290339,1,1,1997,10,10,10,10,10,10,10,10,10,10
290340,1,1,1997,6,18,9,29,15,17,19,33,15,18
290340,2,1,1997,6,0,0,0,0,0,0,0,0,0
290341,1,1,1997,0,0,0,0,0,0,0,0,0,0
290342,1,1,1997,0,0,0,0,0,0,0,0,0,0
290343,0,1,1997,0,0,0,0,0,0,0,0,0,0
290343,1,1,1997,0,0,0,0,0,0,0,0,0,0
290344,1,1,1997,0,0,0,0,0,0,0,0,0,0
290344,2,1,1997,0,0,0,0,0,0,0,0,0,0
290345,1,1,1997,24,24,24,24,24,24,24,24,24,24
290345,2,1,1997,0,0,0,0,0,5,0,0,0,0
290346,0,1,1997,0,0,0,0,0,0,0,0,0,0
290346,1,1,1997,0,0,0,0,0,0,0,0,0,0
290347,1,1,1997,0,0,11,14,0,0,0,0,0,0
290348,0,1,1997,0,0,0,0,0,0,19,19,11,0
290348,0,2,1997,0,0,0,0,0,0,0,0,0,0
290348,1,1,1997,0,0,0,0,0,0,0,0,0,0
290349,1,1,1997,0,0,0,0,0,0,0,0,0,0
290350,1,1,1997,0,0,0,0,2,0,0,7,0,0
290350,2,1,1997,0,0,0,0,0,0,0,0,0,0
290351,1,1,1997,0,0,0,0,0,0,0,0,0,0
290351,2,1,1997,14,14,14,14,14,14,14,14,14,14
290352,1,1,1997,0,0,0,0,0,0,0,0,0,0
290352,2,1,1997,0,10,0,0,0,14,0,0,0,0
290352,3,1,1997,0,0,0,0,0,0,0,0,12,0
290352,4,1,1997,0,0,0,0,0,0,0,0,0,0
290352,5,1,1997,0,0,0,0,0,0,0,0,0,0
290352,6,1,1997,0,14,0,0,0,0,0,0,0,0
290353,1,1,1997,0,0,0,0,0,0,0,0,0,0
290353,2,1,1997,0,0,0,0,0,0,0,0,0,0
290354,1,1,1997,0,0,0,0,0,0,0,0,0,0
290354,2,1,1997,0,0,0,0,0,0,0,0,0,0
290355,1,1,1997,0,0,0,0,0,0,21,0,0,0
290355,2,1,1997,0,0,0,0,0,0,0,0,0,0
290355,3,1,1997,0,0,0,0,0,0,0,18,0,14
290355,4,1,1997,0,0,0,0,0,0,0,0,0,0
290356,1,1,1997,0,0,0,0,0,0,0,0,0,0
290357,1,1,1997,0,0,0,0,0,0,0,0,0,0
290357,2,1,1997,0,0,0,0,0,0,0,0,0,0
290357,3,1,1997,0,0,20,0,0,0,0,12,0,0
290358,1,1,1997,0,0,0,0,0,0,0,0,0,0
290359,1,1,1997,17,17,17,17,17,17,17,17,17,17
290360,1,1,1997,0,0,0,0,0,8,0,0,0,0
290360,2,1,1997,0,0,0,0,0,0,0,0,0,0
290360,3,1,1997,0,0,0,0,0,0,0,0,0,0
290360,4,1,1997,0,0,0,0,0,0,0,0,0,0
290361,1,1,1997,0,0,21,0,0,0,0,0,0,0
290362,0,1,1997,18,18,18,18,18,18,18,18,18,18
290362,1,1,1997,0,0,0,0,0,0,18,0,0,0
290363,1,1,1997,0,0,0,0,0,0,0,0,0,0
290363,2,1,1997,0,0,0,0,0,0,0,0,0,0
290364,1,1,1997,36,37,15,24,28,11,14,0,15,25
290365,1,1,1997,0,0,0,0,0,0,0,0,0,0
290365,2,1,1997,0,0,0,0,0,0,0,0,0,0
290366,1,1,1997,0,0,0,0,0,0,0,0,0,0
290367,1,1,1997,9,9,9,9,9,9,9,9,9,9
290368,1,1,1997,0,0,0,0,12,0,0,14,15,0
290369,1,1,1997,0,0,0,0,0,0,0,15,0,23
290369,2,1,1997,0,0,0,0,0,0,0,0,0,0
290370,0,1,1997,0,0,0,0,0,0,0,0,0,0
290370,1,1,1997,0,0,0,0,4,0,0,0,0,0
290371,1,1,1997,0,0,0,0,16,0,0,0,0,0
290371,2,1,1997,0,0,0,0,0,0,0,0,0,0
290372,0,1,1997,15,16,34,56,0,29,39,0,19,32
290372,1,1,1997,4,15,0,12,0,11,10,10,0,4
290373,0,1,1997,0,0,0,0,0,0,0,0,0,0
290373,1,1,1997,0,0,0,0,0,0,0,0,0,0
290374,1,1,1997,14,20,30,18,22,0,7,21,3,20
290374,2,1,1997,0,8,0,0,0,0,0,5,0,0
290375,1,1,1997,0,0,0,0,0,0,0,0,0,0
290376,1,1,1997,5,5,5,5,5,5,5,5,5,5
290377,1,1,1997,0,0,0,0,0,0,0,0,0,0
290378,1,1,1997,0,0,0,0,0,0,0,0,0,0
290378,2,1,1997,0,19,0,19,0,0,0,0,8,0
290379,1,1,1997,0,0,0,0,0,0,0,0,0,0
290379,2,1,1997,0,0,0,0,0,0,0,0,0,0
290379,3,1,1997,0,0,0,0,0,0,0,0,0,0
290380,1,1,1997,0,0,0,0,0,0,0,0,0,0
290381,1,1,1997,16,16,16,16,16,16,16,16,16,16
290382,1,1,1997,0,0,0,0,0,0,0,0,0,0
290382,2,1,1997,0,0,0,0,0,0,0,0,0,0
290383,1,1,1997,0,0,0,0,0,0,0,0,0,0
290383,2,1,1997,0,0,0,0,0,0,0,0,0,0
290383,3,1,1997,0,0,0,0,0,0,0,0,0,0
290384,1,1,1997,18,18,18,18,18,18,18,18,18,18
290385,1,1,1997,0,0,0,0,0,0,0,0,0,0
290386,1,1,1997,0,0,0,0,0,0,0,0,0,0
290386,2,1,1997,0,0,0,0,0,0,0,0,0,0
290387,1,1,1997,33,0,0,9,12,10,0,11,0,3
290388,1,1,1997,0,0,0,0,0,0,0,0,0,0
290388,2,1,1997,0,0,0,0,23,19,0,0,9,0
290389,1,1,1997,25,25,25,25,25,25,25,25,25,25
290390,0,1,1997,0,0,0,0,0,0,0,0,0,0
290390,1,1,1997,0,0,0,0,0,0,0,0,0,0
290391,1,1,1997,0,0,0,0,39,0,0,0,0,0
290392,1,1,1997,11,11,11,11,11,11,11,11,11,11
290393,1,1,1997,0,0,0,0,0,0,0,0,0,0
290394,1,1,1997,27,27,27,27,27,27,27,27,27,27
290395,1,1,1997,0,0,0,0,0,0,0,0,0,0
290395,2,1,1997,0,0,0,0,0,0,0,0,0,0
290396,1,1,1997,0,0,19,0,0,0,0,0,0,0
290397,1,1,1997,4,4,4,4,4,4,4,4,4,4
290398,1,1,1997,18,23,15,28,28,22,14,15,5,0
290398,2,1,1997,0,0,0,0,0,0,0,0,0,0
290399,1,1,1997,0,0,7,0,2,0,20,0,0,0
290399,2,1,1997,0,0,0,0,0,0,0,0,0,0
290400,1,1,1997,25,25,25,25,25,25,25,25,25,25
290401,1,1,1997,4,0,0,10,0,0,0,14,0,0
290402,1,1,1997,0,0,0,0,0,0,25,0,13,6
290402,2,1,1997,0,0,0,0,0,0,0,0,0,0
290403,0,1,1997,0,0,0,0,0,0,0,0,0,0
290403,1,1,1997,0,0,16,0,0,0,0,0,0,0
290404,1,1,1997,0,0,0,0,0,0,0,0,0,0
290404,2,1,1997,0,0,0,0,0,0,0,0,0,0
290404,3,1,1997,0,0,0,0,0,0,0,0,0,0
290405,1,1,1997,0,0,20,15,26,0,0,0,0,0
290405,2,1,1997,0,0,0,0,0,0,0,0,0,0
290406,1,1,1997,32,32,32,32,32,32,32,32,32,32
290407,0,1,1997,6,6,6,6,6,6,6,6,6,6
290407,1,1,1997,0,0,0,0,0,0,0,0,0,0
290408,1,1,1997,0,0,0,11,0,0,0,0,0,0
290409,1,1,1997,10,0,0,5,13,0,0,0,26,0
290410,1,1,1997,0,0,0,0,0,0,0,0,0,0
290410,2,1,1997,0,0,0,0,0,0,0,0,0,0
290411,1,1,1997,0,0,0,0,0,0,0,0,0,0
290412,1,1,1997,25,25,25,25,25,25,25,25,25,25
290413,1,1,1997,0,15,0,12,0,0,32,0,0,39
290413,2,1,1997,0,0,0,0,0,0,0,0,0,0
290414,1,1,1997,17,17,17,17,17,17,17,17,17,17
290415,1,1,1997,17,17,17,17,17,17,17,17,17,17
290416,1,1,1997,0,0,0,0,0,0,0,0,0,0
290416,2,1,1997,0,0,0,0,0,0,0,0,0,0
290417,1,1,1997,0,0,6,7,3,13,23,17,15,21
290418,1,1,1997,0,0,0,0,0,0,0,0,0,0
290419,1,1,1997,12,12,12,12,12,12,12,12,12,12
290420,1,1,1997,30,30,30,30,30,30,30,30,30,30
290421,1,1,1997,7,7,7,7,7,7,7,7,7,7
290421,2,1,1997,0,0,18,0,0,17,17,28,0,0
290422,1,1,1997,21,21,21,21,21,21,21,21,21,21
290422,2,1,1997,0,0,0,0,5,0,0,12,0,7
290423,1,1,1997,0,0,0,12,0,0,0,0,0,0
290423,2,1,1997,0,0,0,0,0,0,0,0,0,0
290424,1,1,1997,0,0,0,0,0,0,0,0,0,0
290424,2,1,1997,0,0,0,0,0,21,0,0,0,0
290425,0,1,1997,0,0,0,0,0,0,0,0,0,0
290425,0,2,1997,0,0,0,0,0,0,0,0,0,0
290425,0,3,1997,0,0,0,0,0,0,0,0,0,0
290425,0,4,1997,0,0,0,0,0,0,0,0,0,0
290425,0,5,1997,0,0,0,0,0,10,0,0,22,0
290425,0,6,1997,7,30,0,0,34,0,0,0,0,0
290425,1,1,1997,0,0,0,0,0,0,0,0,0,0
290426,1,1,1997,0,0,0,0,0,0,0,0,0,0
290426,2,1,1997,0,0,0,0,0,0,0,0,0,0
290427,1,1,1997,10,10,10,10,10,10,10,10,10,10
290428,1,1,1997,0,0,8,0,0,0,0,0,0,0
290428,2,1,1997,0,0,0,0,0,0,0,0,0,0
290429,1,1,1997,11,0,0,0,0,0,0,0,0,0
290430,1,1,1997,0,0,0,0,0,0,0,0,0,0
290430,2,1,1997,0,0,0,0,0,0,0,0,0,0
290431,1,1,1997,1,1,1,1,1,1,1,1,1,1
290431,2,1,1997,0,0,22,24,0,0,0,0,20,0
290432,1,1,1997,0,0,0,0,0,0,0,0,0,0
290432,2,1,1997,0,15,0,0,0,0,0,0,0,0
290433,1,1,1997,0,0,0,0,0,0,0,0,0,0
290433,2,1,1997,0,0,0,0,0,0,0,0,0,0
290434,1,1,1997,16,16,16,16,16,16,16,16,16,16
290435,1,1,1997,0,11,8,0,12,16,11,0,20,0
290436,1,1,1997,0,0,7,0,0,0,0,0,0,0
290436,2,1,1997,0,0,0,0,0,0,0,0,0,0
290437,1,1,1997,0,0,0,0,0,0,0,0,0,0
290438,1,1,1997,0,0,0,0,0,0,0,0,0,0
290439,1,1,1997,0,0,0,0,21,0,12,9,0,6
290440,1,1,1997,22,6,0,0,8,0,0,0,10,0
290441,1,1,1997,19,19,19,19,19,19,19,19,19,19
290442,0,1,1997,0,0,0,0,0,0,0,0,0,0
290442,1,1,1997,0,0,0,0,0,0,0,0,0,39
290443,1,1,1997,20,20,20,20,20,20,20,20,20,20
290444,1,1,1997,0,0,0,0,0,0,0,0,0,0
290444,2,1,1997,0,0,0,0,0,0,0,0,0,0
290445,1,1,1997,12,0,0,5,0,12,0,0,30,11
290445,2,1,1997,2,2,2,2,2,2,2,2,2,2
290446,1,1,1997,14,11,10,16,4,9,13,10,0,10
290446,2,1,1997,0,26,0,0,0,0,0,0,0,0
290446,3,1,1997,0,0,0,0,21,0,9,13,0,0
290447,1,1,1997,25,25,25,25,25,25,25,25,25,25
290447,2,1,1997,0,0,0,5,0,0,0,0,0,0
290448,1,1,1997,0,0,0,0,0,0,0,0,0,0
290448,2,1,1997,0,0,0,0,0,0,0,0,0,0
290449,1,1,1997,0,0,0,0,0,0,0,0,0,0
290449,2,1,1997,0,0,0,0,0,0,0,0,0,0
290449,3,1,1997,0,0,0,0,0,0,0,0,0,2
290450,1,1,1997,18,18,18,18,18,18,18,18,18,18
290451,1,1,1997,14,14,14,14,14,14,14,14,14,14
290452,1,1,1997,0,0,0,0,13,0,0,0,0,0
290452,2,1,1997,0,0,0,0,0,0,0,0,0,0
290453,1,1,1997,11,11,11,11,11,11,11,11,11,11
290454,1,1,1997,14,14,14,14,14,14,14,14,14,14
290455,1,1,1997,0,0,0,0,0,0,0,0,0,0
290456,0,1,1997,0,0,0,0,0,0,0,0,0,0
290457,1,1,1997,0,0,0,0,0,0,0,0,0,0
290457,2,1,1997,0,0,0,0,0,0,0,0,0,6
290458,1,1,1997,0,0,0,0,0,0,0,0,0,0
290458,2,1,1997,0,0,0,0,0,0,0,0,0,0
290459,1,1,1997,9,0,0,0,0,0,0,0,0,0
290459,2,1,1997,0,0,0,0,0,0,0,0,0,0
290460,1,1,1997,31,0,0,0,0,8,0,0,0,0
290461,1,1,1997,0,16,0,0,0,0,13,13,0,10
290462,1,1,1997,0,0,8,0,0,0,0,0,0,0
290463,1,1,1997,0,0,0,0,0,0,0,0,0,0
290464,1,1,1997,22,0,9,0,0,0,0,0,0,18
290465,1,1,1997,0,0,0,0,0,0,0,0,0,0
290465,2,1,1997,0,0,0,0,0,0,0,0,0,0
290466,1,1,1997,17,17,17,17,17,17,17,17,17,17
290467,1,1,1997,18,18,18,18,18,18,18,18,18,18
290468,1,1,1997,0,9,11,22,0,9,16,13,7,14
290469,1,1,1997,0,0,0,0,0,0,0,0,0,0
290469,2,1,1997,18,18,18,18,18,18,18,18,18,18
290470,1,1,1997,0,0,0,0,0,0,0,0,0,0
290470,2,1,1997,0,0,0,0,0,0,0,0,0,0
290471,0,1,1997,4,0,0,0,0,0,0,0,0,0
290471,0,2,1997,0,0,23,0,12,0,0,0,5,0
290471,1,1,1997,13,0,14,0,0,0,22,0,0,0
290472,1,1,1997,0,0,0,0,0,0,12,0,6,0
290472,2,1,1997,0,0,0,0,0,0,0,12,0,9
290472,3,1,1997,0,0,0,0,0,0,0,0,0,0
290473,0,1,1997,0,11,33,0,0,0,0,0,0,0
290473,1,1,1997,0,0,8,0,15,0,0,0,0,0
290474,1,1,1997,9,0,0,14,0,21,0,0,0,0
290475,1,1,1997,0,0,0,0,0,0,0,0,0,0
290475,2,1,1997,0,0,0,0,0,0,0,0,0,0
290476,1,1,1997,19,19,19,19,19,19,19,19,19,19
290477,1,1,1997,0,0,0,0,0,0,0,0,0,0
290477,2,1,1997,0,0,0,0,0,0,0,0,0,0
290478,1,1,1997,8,0,0,0,5,0,0,0,0,0
290479,0,1,1997,22,22,22,22,22,22,22,22,22,22
290479,1,1,1997,19,0,22,19,0,0,21,0,0,0
290479,2,1,1997,0,0,0,0,15,11,0,13,0,0
290480,1,1,1997,0,0,0,0,0,0,0,0,0,0
290480,2,1,1997,0,0,0,0,0,0,0,0,0,0
290481,1,1,1997,0,0,0,0,0,0,0,0,0,0
290481,2,1,1997,0,0,0,0,0,0,0,0,0,0
290482,1,1,1997,21,21,21,21,21,21,21,21,21,21
290483,0,1,1997,0,0,0,0,0,0,0,0,0,0
290483,1,1,1997,0,0,0,0,0,0,0,0,0,0
290484,1,1,1997,24,24,24,24,24,24,24,24,24,24
290484,2,1,1997,0,0,0,0,0,0,10,0,0,0
290485,1,1,1997,16,16,16,16,16,16,16,16,16,16
290486,1,1,1997,14,13,0,3,7,16,9,15,15,10
290487,1,1,1997,11,0,0,0,0,0,0,0,0,0
290487,2,1,1997,0,0,0,0,0,0,12,0,33,0
290488,0,1,1997,21,0,12,21,13,22,24,30,8,22
290488,0,2,1997,20,16,0,0,0,0,37,0,34,0
290488,0,3,1997,0,0,16,8,0,0,31,15,0,12
290488,1,1,1997,0,0,15,0,23,0,0,0,7,0
290488,2,1,1997,0,0,0,0,0,0,0,15,0,0
290489,1,1,1997,0,0,0,0,0,0,0,0,0,0
290489,2,1,1997,9,0,12,0,0,0,0,0,0,0
290490,1,1,1997,20,20,20,20,20,20,20,20,20,20
290491,0,1,1997,0,0,0,0,0,0,0,0,0,0
290491,1,1,1997,0,0,0,0,0,0,0,0,0,0
290492,0,1,1997,0,0,0,0,0,0,0,0,0,0
290492,1,1,1997,0,0,0,0,0,0,0,0,0,0
290492,2,1,1997,0,0,0,0,0,0,0,0,0,0
290493,1,1,1997,22,22,22,22,22,22,22,22,22,22
290494,1,1,1997,4,7,14,4,11,10,4,4,0,7
290494,2,1,1997,9,9,9,9,9,9,9,9,9,9
290495,1,1,1997,0,0,0,0,0,0,0,0,0,0
290495,2,1,1997,0,0,0,0,0,0,0,0,0,0
290495,3,1,1997,0,0,0,0,5,15,0,0,0,0
290496,1,1,1997,0,0,0,0,0,0,0,0,0,0
290496,2,1,1997,0,0,17,0,0,0,0,0,0,0
290497,1,1,1997,0,0,0,0,0,0,0,0,0,0
290498,1,1,1997,0,0,0,0,0,0,0,0,0,0
290498,2,1,1997,0,0,20,16,15,0,0,0,0,0
290499,1,1,1997,0,0,0,0,0,0,13,0,0,0
290499,2,1,1997,0,0,0,0,0,0,0,0,0,0
290500,1,1,1997,0,0,0,0,0,0,0,0,0,0
290500,2,1,1997,0,0,0,0,0,0,0,0,0,0
290501,1,1,1997,0,0,0,0,0,0,0,0,0,0
290501,2,1,1997,14,0,0,0,0,18,0,0,0,0
290502,1,1,1997,0,0,0,0,10,0,0,19,0,0
290503,1,1,1997,4,4,4,4,4,4,4,4,4,4
290504,1,1,1997,29,0,6,0,29,24,19,0,28,0
290505,1,1,1997,13,15,12,13,10,0,27,28,18,27
290505,2,1,1997,13,13,13,13,13,13,13,13,13,13
290506,1,1,1997,0,0,0,0,0,0,0,0,0,6
290506,2,1,1997,0,0,0,0,0,0,0,0,0,0
290507,1,1,1997,0,0,0,0,0,0,0,0,0,0
290507,2,1,1997,0,0,0,0,0,0,0,0,0,0
290508,1,1,1997,12,0,0,0,0,0,0,14,0,0
290509,1,1,1997,4,4,4,4,4,4,4,4,4,4
290510,1,1,1997,20,0,11,19,0,14,12,31,12,22
290511,1,1,1997,0,0,0,0,0,0,0,0,0,0
290511,2,1,1997,0,0,0,0,10,0,0,0,0,9
290512,1,1,1997,23,23,23,23,23,23,23,23,23,23
290513,1,1,1997,0,0,0,0,0,0,0,35,0,0
290513,2,1,1997,0,14,0,0,0,0,0,0,0,0
290513,3,1,1997,0,0,0,0,0,0,0,0,0,0
290513,4,1,1997,0,0,0,0,0,0,0,0,0,0
290514,1,1,1997,4,4,4,4,4,4,4,4,4,4
290514,2,1,1997,0,0,0,0,0,0,0,0,0,0
290515,1,1,1997,0,0,0,0,0,0,0,0,0,0
290516,1,1,1997,22,14,26,18,6,23,13,13,16,17
290517,1,1,1997,0,0,0,0,0,0,0,0,0,0
290518,1,1,1997,19,19,15,18,15,32,21,21,24,39
290519,1,1,1997,0,0,0,0,0,0,0,0,0,0
290520,1,1,1997,17,17,17,17,17,17,17,17,17,17
290521,1,1,1997,0,0,0,0,0,0,0,0,0,0
290521,2,1,1997,0,0,0,0,0,0,0,0,0,0
290522,1,1,1997,11,0,0,0,0,0,0,0,0,0
290522,2,1,1997,0,0,0,0,0,0,0,0,0,0
290523,1,1,1997,0,0,0,18,0,11,6,0,0,21
290524,1,1,1997,18,16,8,9,13,16,8,11,4,24
290525,1,1,1997,0,0,0,0,0,0,0,0,0,0
290525,2,1,1997,0,0,0,0,0,0,0,0,0,0
290526,1,1,1997,24,24,24,24,24,24,24,24,24,24
290527,1,1,1997,0,0,0,0,0,0,0,0,0,0
290528,0,1,1997,0,0,0,0,0,0,0,0,0,0
290528,1,1,1997,0,12,0,0,0,0,0,3,0,0
290529,1,1,1997,0,0,0,0,0,0,0,0,0,0
290529,2,1,1997,0,0,0,0,0,0,0,0,0,0
290530,1,1,1997,29,29,29,29,29,29,29,29,29,29
290531,1,1,1997,0,0,17,0,0,0,0,0,16,0
290532,1,1,1997,0,0,0,0,0,0,0,0,0,0
290532,2,1,1997,0,0,0,0,0,0,0,0,0,0
290533,1,1,1997,0,0,0,0,0,0,0,0,0,0
290534,1,1,1997,0,0,0,0,0,0,0,0,0,0
290534,2,1,1997,0,0,0,0,0,0,0,0,0,0
290535,1,1,1997,13,0,0,0,0,0,0,0,0,13
290536,1,1,1997,0,0,0,0,0,0,0,0,0,0
290536,2,1,1997,0,0,0,13,6,0,0,0,0,0
290537,1,1,1997,22,22,22,22,22,22,22,22,22,22
290538,1,1,1997,11,11,11,11,11,11,11,11,11,11
290539,1,1,1997,6,6,6,6,6,6,6,6,6,6
290540,1,1,1997,26,12,0,0,0,28,37,0,23,27
290541,1,1,1997,0,0,0,0,0,0,0,0,0,0
290542,1,1,1997,34,0,0,0,0,0,18,8,0,18
290543,1,1,1997,0,35,15,22,25,4,0,28,24,22
290544,1,1,1997,0,0,0,0,0,0,11,0,0,0
290545,1,1,1997,0,0,0,0,0,0,0,0,0,0
290545,2,1,1997,0,0,0,0,0,0,0,0,0,0
290546,1,1,1997,0,0,0,0,0,0,0,0,0,0
290546,2,1,1997,0,0,0,0,0,0,0,0,0,0
290546,3,1,1997,5,5,5,5,5,5,5,5,5,5
290546,4,1,1997,0,0,0,0,0,0,0,0,0,0
290547,1,1,1997,18,18,18,18,18,18,18,18,18,18
290548,1,1,1997,0,0,0,35,30,0,0,0,0,34
290548,2,1,1997,0,0,0,0,4,0,0,0,23,3
290549,1,1,1997,0,0,0,0,0,3,5,0,0,0
290550,1,1,1997,0,0,0,0,0,0,0,0,0,0
290550,2,1,1997,0,0,0,0,0,0,0,0,0,0
290551,1,1,1997,37,37,37,37,37,37,37,37,37,37
290551,2,1,1997,0,0,0,0,0,0,0,0,0,0
290552,1,1,1997,0,0,20,0,0,0,0,16,16,15
290553,1,1,1997,0,0,0,0,0,0,0,0,0,0
290553,2,1,1997,0,0,0,0,0,0,0,0,0,0
290554,1,1,1997,0,0,0,0,0,0,0,0,0,0
290554,2,1,1997,0,0,0,0,0,0,0,0,0,27
290555,1,1,1997,0,0,0,0,0,0,0,0,0,0
290555,2,1,1997,0,0,0,0,0,0,0,0,0,0
290556,1,1,1997,19,19,19,19,19,19,19,19,19,19
290557,0,1,1997,0,0,0,0,0,0,0,0,0,0
290557,1,1,1997,0,0,0,0,0,0,0,0,0,0
290558,1,1,1997,0,0,0,0,0,0,0,0,0,0
290558,2,1,1997,0,0,0,0,0,0,0,0,0,0
290559,1,1,1997,0,5,0,8,0,30,0,4,26,22
290559,2,1,1997,0,0,0,0,0,0,0,0,0,0
290560,1,1,1997,0,0,0,0,0,0,0,0,0,0
290560,2,1,1997,0,0,0,0,0,0,0,0,0,0
290560,3,1,1997,0,0,0,0,0,0,0,0,0,13
290561,1,1,1997,0,0,0,0,0,0,13,0,0,0
290561,2,1,1997,0,0,0,0,0,0,0,0,0,0
290561,3,1,1997,0,21,0,0,8,0,11,0,14,0
290562,1,1,1997,1,1,1,1,1,1,1,1,1,1
290563,1,1,1997,0,0,0,18,6,0,0,0,0,0
290564,1,1,1997,0,0,0,0,0,0,0,0,0,0
290564,2,1,1997,0,0,0,0,23,0,0,0,0,0
290565,1,1,1997,20,8,11,14,0,0,6,19,5,11
290566,1,1,1997,19,19,19,19,19,19,19,19,19,19
290567,1,1,1997,22,22,22,22,22,22,22,22,22,22
290567,2,1,1997,7,0,0,0,0,0,12,0,0,13
290568,1,1,1997,0,0,0,0,0,0,0,0,0,0
290569,1,1,1997,0,0,0,0,0,0,0,0,0,0
290570,1,1,1997,0,0,0,13,0,0,0,0,0,0
290571,1,1,1997,0,9,22,19,15,13,0,17,0,0
290571,2,1,1997,0,0,0,0,0,0,0,0,0,0
290572,1,1,1997,0,4,0,0,0,0,0,0,0,0
290572,2,1,1997,0,0,8,31,0,0,0,0,0,0
290572,3,1,1997,0,0,0,0,0,0,0,0,0,0
290573,1,1,1997,13,0,10,22,14,0,0,14,13,3
290574,1,1,1997,0,0,0,0,0,0,0,0,0,0
290575,1,1,1997,0,0,0,0,0,0,0,11,0,0
290575,2,1,1997,0,0,0,0,0,0,0,0,0,0
290575,3,1,1997,0,0,0,0,0,0,0,0,0,0
290576,1,1,1997,0,0,0,0,0,0,0,0,0,0
290576,2,1,1997,0,0,0,0,0,0,0,0,0,0
290577,1,1,1997,24,0,0,0,0,0,0,19,0,0
290578,1,1,1997,26,26,26,26,26,26,26,26,26,26
290579,1,1,1997,0,0,0,0,0,0,0,0,0,0
290579,2,1,1997,0,0,0,0,0,0,0,0,0,0
290580,1,1,1997,0,0,0,0,0,4,0,0,0,11
290580,2,1,1997,0,0,0,0,0,0,0,0,0,0
290580,3,1,1997,0,0,0,0,0,0,0,0,0,0
290581,1,1,1997,0,0,0,0,0,0,0,0,0,0
290582,0,1,1997,23,23,23,23,23,23,23,23,23,23
290582,1,1,1997,0,0,16,0,22,0,0,0,0,0
290583,1,1,1997,19,19,19,19,19,19,19,19,19,19
290584,1,1,1997,0,0,0,0,0,0,0,0,0,0
290584,2,1,1997,14,14,14,14,14,14,14,14,14,14
290585,2,1,1997,13,0,0,14,6,26,0,0,0,5
290586,1,1,1997,0,15,22,0,7,6,19,23,19,0
290587,1,1,1997,0,0,0,0,0,0,0,0,0,0
290587,2,1,1997,0,0,0,0,0,0,0,0,0,0
290588,1,1,1997,0,17,0,0,0,0,0,0,0,0
290588,2,1,1997,0,0,0,0,0,0,0,0,0,0
290589,1,1,1997,0,0,0,0,0,0,0,0,0,0
290590,1,1,1997,0,0,0,0,0,0,0,0,0,0
290590,2,1,1997,0,0,0,0,0,0,0,0,0,0
290591,1,1,1997,0,0,0,0,0,0,0,0,0,0
290591,2,1,1997,0,0,0,24,0,0,12,0,0,0
290592,1,1,1997,0,23,0,11,0,0,0,0,0,0
290592,2,1,1997,0,0,0,0,0,0,0,0,0,0
290592,3,1,1997,0,0,0,0,0,0,0,0,0,0
290593,1,1,1997,0,0,0,0,0,0,0,0,0,0
290593,2,1,1997,0,0,0,0,0,0,0,0,0,0
290594,1,1,1997,0,0,0,0,0,0,0,0,0,0
290594,2,1,1997,0,0,0,0,0,0,0,0,0,0
290595,1,1,1997,0,0,0,0,0,0,0,0,0,0
290595,2,1,1997,0,0,0,0,0,0,0,0,0,0
290596,1,1,1997,17,17,17,17,17,17,17,17,17,17
290597,1,1,1997,16,7,0,0,0,0,0,0,0,0
290597,2,1,1997,0,0,0,0,0,0,0,0,0,0
290598,0,1,1997,0,0,0,13,0,0,0,20,0,0
290598,1,1,1997,0,0,0,0,0,0,0,0,0,0
290599,1,1,1997,0,0,0,0,0,0,0,0,0,0
290599,2,1,1997,0,0,0,0,0,0,0,0,0,0
290600,1,1,1997,0,0,8,0,0,0,0,0,0,0
290601,1,1,1997,0,0,0,0,0,0,0,0,0,0
290601,2,1,1997,19,0,17,0,6,21,10,0,35,0
290602,1,1,1997,0,0,0,0,0,0,0,0,0,4
290602,2,1,1997,0,0,0,0,0,0,0,0,18,0
290602,3,1,1997,0,0,0,0,0,0,0,0,0,0