ST_CASE,VEH_NO,PER_NO,YEAR,P1,P2,P3,P4,P5,P6,P7,P8,P9,P10
290603,1,1,1997,0,0,0,0,0,0,0,0,0,0
290603,2,1,1997,0,0,0,0,0,0,0,0,0,0
290604,1,1,1997,25,25,25,25,25,25,25,25,25,25
290604,2,1,1997,0,0,0,0,0,0,0,0,0,0
290605,1,1,1997,0,0,0,0,0,0,0,0,0,0
290605,2,1,1997,0,0,0,0,0,0,0,0,0,0
290606,1,1,1997,0,0,0,0,0,0,0,0,0,0
290606,2,1,1997,0,0,0,0,0,0,0,0,0,0
290607,1,1,1997,0,0,17,0,0,0,0,0,0,0
290607,2,1,1997,0,0,0,0,0,0,0,0,0,0
290608,1,1,1997,15,15,15,15,15,15,15,15,15,15
290609,0,1,1997,0,0,0,0,0,0,0,0,0,0
290609,1,1,1997,0,0,0,0,0,0,0,0,0,0
290610,1,1,1997,2,2,2,2,2,2,2,2,2,2
290610,2,1,1997,0,0,0,0,0,0,0,0,0,0
290611,1,1,1997,0,0,0,0,0,7,0,0,11,0
290611,2,1,1997,0,0,0,0,0,0,0,0,0,0
290612,1,1,1997,24,24,24,24,24,24,24,24,24,24
290613,1,1,1997,11,12,0,0,0,0,30,0,15,0
290613,2,1,1997,10,10,10,10,10,10,10,10,10,10
290614,1,1,1997,27,27,27,27,27,27,27,27,27,27
290615,1,1,1997,20,42,19,12,20,0,20,0,43,27
290615,2,1,1997,0,0,0,0,0,0,0,0,0,0
290616,1,1,1997,16,0,12,10,8,9,0,0,19,0
290616,2,1,1997,8,8,8,8,8,8,8,8,8,8
290616,3,1,1997,0,16,0,0,0,0,15,0,5,0
290616,4,1,1997,30,20,0,0,0,5,11,0,0,17
290617,1,1,1997,0,0,0,0,0,0,0,0,0,0
290618,1,1,1997,0,0,0,0,0,0,0,0,0,0
290618,2,1,1997,0,0,0,0,0,0,0,0,0,0
290619,0,1,1997,0,0,0,0,0,12,0,0,35,0
290619,1,1,1997,0,0,0,0,0,0,0,0,0,0
290620,1,1,1997,1,1,1,1,1,1,1,1,1,1
290620,2,1,1997,0,0,0,0,0,0,0,0,0,0
290621,1,1,1997,0,0,0,0,0,0,0,0,0,0
290621,2,1,1997,0,0,0,12,0,0,0,18,0,0
290622,1,1,1997,0,0,0,0,0,0,0,0,0,0
290622,2,1,1997,0,0,0,0,0,0,0,0,0,0
290623,1,1,1997,0,13,0,0,0,0,0,0,0,0
290624,1,1,1997,0,0,0,0,0,0,0,0,0,0
290624,2,1,1997,0,0,0,0,0,0,0,0,0,0
290625,1,1,1997,0,17,0,0,0,12,0,20,16,0
290626,1,1,1997,0,0,0,0,0,0,0,0,0,0
290626,2,1,1997,0,0,0,0,0,0,0,11,0,0
290627,1,1,1997,15,15,15,15,15,15,15,15,15,15
290628,1,1,1997,0,0,0,0,0,0,0,0,0,19
290628,2,1,1997,0,0,0,0,0,0,0,0,0,0
290628,3,1,1997,0,11,0,0,0,0,0,0,0,0
290629,1,1,1997,0,0,0,0,11,0,0,0,0,0
290629,2,1,1997,0,0,0,0,0,0,0,0,0,0
290630,1,1,1997,0,0,0,0,0,0,0,0,0,0
290630,2,1,1997,0,14,0,8,0,0,23,0,0,0
290631,1,1,1997,9,9,9,9,9,9,9,9,9,9
290632,1,1,1997,25,25,25,25,25,25,25,25,25,25
290633,1,1,1997,0,0,0,0,0,0,0,0,0,0
290633,2,1,1997,0,0,0,0,0,0,0,0,0,0
290634,1,1,1997,8,0,0,0,0,0,0,0,6,0
290634,2,1,1997,0,0,0,0,0,0,0,0,0,0
290635,1,1,1997,2,2,2,2,2,2,2,2,2,2
290636,1,1,1997,0,0,0,0,0,0,0,0,0,0
290636,2,1,1997,9,9,9,9,9,9,9,9,9,9
290637,1,1,1997,0,8,18,5,18,11,0,8,0,11
290637,2,1,1997,0,0,0,0,0,0,0,0,0,0
290637,3,1,1997,0,16,11,0,8,24,0,0,0,6
290638,1,1,1997,0,0,0,0,0,0,0,0,0,0
290638,2,1,1997,0,0,0,17,0,0,0,0,0,0
290639,0,1,1997,0,0,0,0,0,0,0,0,0,0
290639,1,1,1997,0,0,0,0,0,0,0,0,0,0
290640,1,1,1997,11,11,11,11,11,11,11,11,11,11
290641,1,1,1997,0,0,0,0,0,0,0,0,0,0
290642,1,1,1997,0,0,0,0,0,17,0,0,11,0
290643,0,1,1997,0,0,29,0,0,0,29,0,15,0
290643,1,1,1997,0,7,0,0,0,0,0,6,0,0
290644,1,1,1997,0,16,0,0,15,0,0,0,0,0
290644,2,1,1997,4,0,0,10,0,0,8,9,0,0
290645,1,1,1997,26,26,26,26,26,26,26,26,26,26
290646,1,1,1997,0,0,0,0,0,0,0,0,0,0
290646,2,1,1997,0,0,0,0,0,0,0,0,0,0
290647,1,1,1997,0,0,0,0,0,0,0,0,0,0
290647,2,1,1997,0,0,0,0,0,0,0,0,0,0
290648,1,1,1997,0,0,0,0,0,0,0,0,0,13
290648,2,1,1997,12,22,10,13,26,41,33,8,22,26
290649,1,1,1997,0,0,0,0,0,0,0,0,0,0
290649,2,1,1997,0,0,0,19,0,8,0,0,0,0
290650,1,1,1997,27,27,27,27,27,27,27,27,27,27
290651,1,1,1997,0,0,0,0,0,0,0,0,0,0
290652,1,1,1997,0,0,0,0,0,0,0,0,0,0
290652,2,1,1997,23,0,6,0,0,0,0,0,0,4
290653,1,1,1997,9,9,9,9,9,9,9,9,9,9
290653,2,1,1997,9,0,0,0,0,0,0,0,0,0
290654,1,1,1997,21,21,21,21,21,21,21,21,21,21
290654,2,1,1997,3,3,3,3,3,3,3,3,3,3
290655,0,1,1997,0,0,0,17,33,0,0,0,0,0
290655,1,1,1997,24,0,0,8,0,0,22,0,0,5
290656,1,1,1997,0,0,0,0,0,0,0,0,0,0
290657,1,1,1997,0,0,0,0,0,0,0,0,0,0
290657,2,1,1997,0,0,0,0,0,0,0,0,0,0
290657,3,1,1997,0,0,0,0,0,0,0,0,0,0
290658,1,1,1997,20,20,20,20,20,20,20,20,20,20
290659,1,1,1997,15,15,15,15,15,15,15,15,15,15
290660,1,1,1997,23,33,39,19,0,16,26,17,28,29
290661,1,1,1997,0,0,0,0,0,0,0,0,0,0
290661,2,1,1997,0,0,0,0,0,0,0,0,0,0
290662,1,1,1997,0,0,0,0,0,25,0,19,0,0
290663,1,1,1997,0,0,0,0,0,0,0,0,0,0
290663,2,1,1997,0,0,0,0,0,0,3,0,0,0
290664,1,1,1997,0,3,0,12,0,0,15,0,0,0
290665,1,1,1997,0,6,0,6,8,15,8,0,23,16
290666,0,1,1997,0,0,8,0,0,0,0,0,0,0
290666,1,1,1997,16,0,0,0,0,0,0,0,0,0
290667,1,1,1997,0,0,0,0,0,0,0,0,0,0
290667,2,1,1997,8,0,13,0,0,0,0,0,0,0
290668,1,1,1997,0,0,0,0,0,0,0,0,0,0
290668,2,1,1997,0,0,0,0,0,0,0,0,0,0
290669,1,1,1997,0,0,14,0,0,19,20,17,0,6
290670,1,1,1997,9,9,9,9,9,9,9,9,9,9
290671,1,1,1997,0,13,0,9,0,0,0,0,0,36
290672,1,1,1997,19,19,19,19,19,19,19,19,19,19
290673,1,1,1997,0,0,0,0,0,0,0,0,0,7
290673,2,1,1997,0,27,0,0,17,12,0,0,0,0
290674,1,1,1997,27,27,27,27,27,27,27,27,27,27
290675,1,1,1997,0,0,27,0,5,0,29,0,0,3
290676,1,1,1997,0,0,0,0,0,0,8,0,0,0
290676,2,1,1997,0,0,0,0,0,12,14,0,0,0
290677,1,1,1997,0,0,0,0,0,0,0,0,0,0
290677,2,1,1997,0,0,0,0,0,0,0,0,0,0
290678,1,1,1997,0,0,0,0,0,0,0,0,0,0
290678,2,1,1997,0,0,0,0,0,0,0,0,0,0
290679,1,1,1997,4,4,4,4,4,4,4,4,4,4
290679,2,1,1997,0,0,0,0,0,0,0,0,0,0
290680,0,1,1997,21,21,21,21,21,21,21,21,21,21
290680,1,1,1997,0,0,0,0,0,0,0,0,0,0
290681,0,1,1997,0,0,0,0,0,0,0,0,0,0
290681,1,1,1997,0,0,0,0,0,0,0,0,0,0
290682,1,1,1997,0,0,0,0,0,0,0,0,0,0
290682,2,1,1997,20,0,0,0,0,0,9,0,0,0
290683,1,1,1997,8,8,8,8,8,8,8,8,8,8
290684,1,1,1997,6,6,6,6,6,6,6,6,6,6
290685,1,1,1997,0,0,0,0,0,0,0,0,0,0
290686,1,1,1997,0,30,10,0,0,0,0,6,0,0
290686,2,1,1997,0,0,0,0,0,0,0,0,0,0
290686,3,1,1997,0,0,0,0,0,29,0,0,0,0
290686,4,1,1997,0,0,0,0,0,0,0,0,0,0
290687,1,1,1997,17,17,17,17,17,17,17,17,17,17
290687,2,1,1997,0,0,0,0,0,0,0,0,0,0
290688,1,1,1997,0,0,0,0,0,0,0,0,0,0
290689,1,1,1997,12,12,12,12,12,12,12,12,12,12
290690,1,1,1997,6,6,6,6,6,6,6,6,6,6
290691,1,1,1997,0,0,0,0,0,0,0,0,0,0
290691,2,1,1997,0,0,0,0,0,0,0,0,0,0
290691,3,1,1997,0,0,0,0,0,0,0,0,0,0
290691,4,1,1997,0,0,0,0,0,0,0,0,0,0
290692,1,1,1997,0,9,0,20,12,0,13,0,6,18
290692,2,1,1997,0,0,0,0,0,0,0,0,0,0
290693,1,1,1997,20,23,9,12,6,13,0,26,13,10
290694,1,1,1997,19,19,19,19,19,19,19,19,19,19
290695,1,1,1997,0,0,0,0,0,0,0,14,0,0
290695,2,1,1997,0,0,0,0,0,0,0,0,0,0
290696,1,1,1997,0,0,0,13,0,0,0,6,0,0
290696,2,1,1997,0,14,0,0,0,0,0,0,0,0
290697,1,1,1997,0,0,0,0,0,0,0,0,0,0
290697,2,1,1997,0,0,27,0,0,0,0,0,0,0
290698,0,1,1997,0,0,0,0,0,0,0,0,0,0
290698,1,1,1997,7,7,7,7,7,7,7,7,7,7
290699,1,1,1997,19,19,19,19,19,19,19,19,19,19
290700,1,1,1997,0,0,0,0,0,0,0,0,0,0
290700,2,1,1997,0,0,0,0,0,0,0,0,0,0
290701,1,1,1997,0,0,0,0,0,0,0,0,0,0
290701,2,1,1997,15,0,0,0,0,0,0,0,0,0
290701,3,1,1997,0,0,0,0,0,0,0,0,0,0
290702,1,1,1997,0,0,0,0,0,0,0,0,0,0
290703,1,1,1997,0,0,0,0,0,0,0,0,0,0
290703,2,1,1997,0,0,0,0,0,0,0,0,0,0
290704,1,1,1997,0,0,0,0,0,0,0,0,0,0
290704,2,1,1997,0,0,0,0,0,0,0,0,0,0
290705,1,1,1997,31,31,31,31,31,31,31,31,31,31
290706,1,1,1997,0,0,0,0,0,0,0,0,0,0
290706,2,1,1997,0,0,0,0,0,0,0,0,0,0
290706,3,1,1997,0,0,0,0,0,0,0,14,0,0
290707,1,1,1997,0,0,0,0,0,0,0,0,0,0
290708,1,2,1997,34,19,6,5,8,18,22,21,15,21
290709,1,1,1997,8,21,12,14,34,20,9,0,18,7
290710,1,1,1997,0,0,4,14,0,0,0,0,0,0
290711,1,1,1997,0,0,0,0,4,0,0,0,0,0
290711,2,1,1997,4,0,12,0,0,0,0,0,0,0
290711,3,1,1997,0,0,0,0,0,5,0,0,0,0
290712,1,1,1997,10,10,10,10,10,10,10,10,10,10
290713,1,1,1997,2,6,14,0,19,5,10,8,22,0
290714,1,1,1997,0,0,0,0,0,0,0,0,0,0
290714,2,1,1997,15,22,0,0,0,20,6,13,0,0
290715,1,1,1997,0,0,0,0,0,0,0,0,0,0
290715,2,1,1997,0,0,31,20,0,0,0,0,0,0
290716,1,1,1997,0,0,0,0,0,0,0,0,0,0
290716,2,1,1997,0,0,0,0,0,0,0,0,0,0
290717,1,1,1997,0,0,0,0,0,0,0,0,0,0
290717,2,1,1997,0,0,0,0,0,0,15,0,0,0
290718,1,1,1997,0,0,0,21,0,0,0,0,0,0
290718,2,1,1997,0,0,0,0,0,0,0,0,0,0
290718,3,1,1997,0,0,0,0,0,0,0,0,0,0
290718,4,1,1997,0,0,0,0,0,0,0,0,0,0
290719,1,1,1997,0,0,0,0,0,0,0,0,0,0
290719,2,1,1997,0,0,0,0,0,0,0,0,0,0
290719,3,1,1997,0,0,0,0,0,0,0,0,0,0
290719,4,1,1997,0,0,0,0,0,0,12,0,10,0
290719,5,1,1997,0,0,0,0,0,0,0,0,0,0
290719,6,1,1997,0,0,0,0,0,0,0,0,0,0
290719,7,1,1997,0,0,0,0,0,0,0,0,0,0
290719,8,1,1997,0,0,0,0,0,0,0,0,0,0
290719,9,1,1997,0,0,0,0,0,0,0,0,0,0
290720,1,1,1997,0,0,0,0,0,0,0,0,0,0
290720,2,1,1997,18,18,18,18,18,18,18,18,18,18
290721,1,1,1997,27,27,27,27,27,27,27,27,27,27
290722,0,1,1997,0,0,0,0,0,0,0,0,0,0
290722,1,1,1997,0,0,0,0,0,0,0,0,0,0
290723,1,1,1997,0,0,0,0,0,0,0,0,0,0
290723,2,1,1997,0,0,0,0,0,0,0,0,0,0
290724,1,1,1997,0,12,0,9,0,0,0,0,0,0
290724,2,1,1997,0,0,0,0,0,0,0,0,0,0
290725,1,1,1997,0,0,0,0,13,0,0,0,0,0
290726,1,1,1997,0,0,0,0,0,0,0,0,0,0
290727,1,1,1997,0,0,0,0,0,0,0,0,0,0
290727,2,1,1997,0,0,0,0,0,0,0,0,0,0
290728,1,1,1997,24,24,24,24,24,24,24,24,24,24
290729,1,1,1997,31,31,31,31,31,31,31,31,31,31
290730,1,1,1997,0,0,0,0,0,0,0,0,0,0
290730,2,1,1997,0,0,0,0,0,0,0,0,0,0
290731,1,1,1997,0,0,0,0,0,0,0,0,0,0
290732,1,1,1997,0,4,13,8,5,9,15,9,12,21
290733,0,1,1997,0,0,0,0,0,0,0,0,0,0
290733,1,1,1997,0,0,0,0,0,0,0,0,0,0
290734,1,1,1997,0,0,0,0,0,0,0,0,0,39
290734,2,1,1997,0,0,0,0,0,0,0,0,0,0
290735,1,1,1997,0,0,0,0,0,0,0,0,0,0
290735,2,1,1997,18,18,18,18,18,18,18,18,18,18
290736,1,1,1997,0,0,0,0,0,0,0,0,0,0
290736,2,1,1997,0,0,0,0,0,21,16,0,0,7
290737,1,1,1997,0,0,0,0,0,0,0,0,0,0
290738,0,1,1997,0,0,0,0,0,0,0,0,0,0
290738,1,1,1997,0,0,0,0,0,0,7,0,0,0
290739,1,1,1997,0,0,0,0,0,0,0,0,0,0
290740,1,1,1997,5,5,5,5,5,5,5,5,5,5
290740,2,1,1997,0,13,7,8,0,0,0,0,0,0
290741,1,1,1997,0,0,0,0,0,0,0,0,0,0
290741,2,1,1997,0,0,0,11,0,0,0,0,0,0
290742,1,1,1997,10,10,10,10,10,10,10,10,10,10
290742,2,1,1997,0,0,0,0,0,0,0,0,0,0
290743,1,1,1997,24,24,24,24,24,24,24,24,24,24
290744,0,1,1997,4,4,4,4,4,4,4,4,4,4
290744,1,1,1997,0,0,0,0,0,0,0,0,0,0
290745,1,1,1997,0,0,0,0,0,0,0,0,0,0
290746,1,1,1997,22,22,22,22,22,22,22,22,22,22
290747,1,1,1997,0,0,0,0,0,0,0,0,0,0
290747,2,1,1997,0,0,0,0,0,0,0,0,0,0
290748,1,1,1997,24,4,0,0,7,0,0,0,0,0
290748,2,1,1997,0,0,0,0,19,0,0,0,0,13
290748,3,1,1997,12,20,0,0,0,0,0,0,0,0
290749,1,1,1997,0,0,0,0,0,17,0,0,0,0
290749,2,1,1997,13,13,13,13,13,13,13,13,13,13
290750,1,1,1997,12,12,12,12,12,12,12,12,12,12
290751,1,1,1997,14,29,15,21,14,16,9,18,15,15
290752,0,1,1997,16,16,16,16,16,16,16,16,16,16
290752,0,2,1997,25,0,0,24,7,0,0,19,0,18
290752,1,1,1997,0,0,10,0,0,15,0,0,13,0
290753,1,1,1997,12,12,12,12,12,12,12,12,12,12
290754,1,1,1997,13,13,13,13,13,13,13,13,13,13
290754,2,1,1997,11,0,0,0,0,0,0,25,0,0
290755,1,1,1997,14,14,14,14,14,14,14,14,14,14
290756,1,1,1997,0,0,27,17,26,0,12,12,0,0
290757,1,1,1997,21,21,14,13,23,4,11,15,28,9
290757,2,1,1997,0,7,0,15,0,0,0,0,14,9
290758,1,1,1997,0,0,0,0,0,0,0,0,0,0
290758,2,1,1997,0,0,0,0,0,0,0,0,0,0
290758,3,1,1997,0,0,0,0,0,0,0,0,13,0
290759,1,1,1997,0,0,0,0,0,0,0,0,0,0
290759,2,1,1997,19,19,19,19,19,19,19,19,19,19
290760,1,1,1997,0,0,0,0,0,0,0,0,0,0
290760,2,1,1997,0,0,0,0,0,0,0,0,0,0
290761,1,1,1997,0,0,0,0,0,0,0,0,0,0
290761,2,1,1997,0,0,0,0,0,0,0,0,0,0
290762,1,1,1997,0,0,0,0,0,0,0,0,0,0
290762,2,1,1997,0,0,0,0,0,0,0,0,0,0
290763,1,1,1997,0,0,0,0,0,0,0,0,0,0
290763,2,1,1997,0,0,25,0,20,0,19,0,0,0
290764,0,1,1997,0,0,0,0,0,0,0,0,0,0
290764,1,1,1997,16,0,0,0,0,3,6,0,0,0
290765,1,1,1997,10,18,6,15,6,8,4,18,12,13
290766,1,1,1997,0,0,0,0,0,0,0,0,0,0
290766,2,1,1997,0,0,0,0,0,0,0,0,0,0
290767,0,1,1997,0,0,0,0,0,0,0,0,0,0
290767,1,1,1997,18,19,0,0,12,0,0,23,0,0
290768,1,1,1997,16,16,16,16,16,16,16,16,16,16
290769,1,1,1997,0,0,0,0,0,0,0,0,0,0
290770,1,1,1997,0,0,0,0,0,0,0,0,0,0
290770,2,1,1997,0,0,0,0,0,0,0,0,0,0
290771,1,1,1997,11,0,0,0,0,0,0,0,0,0
290772,1,1,1997,19,19,19,19,19,19,19,19,19,19
290773,1,1,1997,0,0,0,0,0,0,0,0,0,0
290774,1,1,1997,0,0,0,0,0,0,0,0,0,0
290774,2,1,1997,0,0,0,0,0,0,0,0,0,0
290774,3,1,1997,0,0,0,0,0,0,0,0,0,0
290774,4,1,1997,0,0,0,0,0,0,0,0,0,0
290775,1,1,1997,0,0,0,0,0,0,0,0,0,0
290775,2,1,1997,0,0,0,0,0,0,0,0,10,0
290776,1,1,1997,0,0,0,0,0,0,0,0,0,0
290776,2,1,1997,0,0,0,0,0,0,0,0,0,0
290777,1,1,1997,0,0,0,0,0,0,0,0,0,0
290777,2,1,1997,0,0,0,0,0,0,0,0,7,0
290777,3,1,1997,0,3,15,0,0,0,0,0,0,0
290778,1,1,1997,0,0,0,0,0,0,16,0,0,0
290778,2,1,1997,0,0,0,0,0,0,0,0,0,0
290779,1,1,1997,15,15,15,15,15,15,15,15,15,15
290780,1,1,1997,0,0,0,0,0,0,0,0,0,0
290780,2,1,1997,0,0,0,0,0,0,0,0,0,0
290781,1,1,1997,0,0,0,0,0,0,0,0,0,0
290781,2,1,1997,0,0,0,0,0,0,0,0,0,0
290782,1,1,1997,0,6,17,22,10,18,24,10,36,34
290783,1,1,1997,0,0,0,0,9,0,0,0,10,0
290783,2,1,1997,0,0,0,0,0,0,0,0,0,0
290784,1,1,1997,26,34,33,8,23,7,31,19,12,30
290785,1,1,1997,0,0,0,0,0,0,0,0,0,0
290786,1,1,1997,4,4,4,4,4,4,4,4,4,4
290786,2,1,1997,0,0,0,0,0,0,0,0,0,0
290787,1,1,1997,0,11,0,0,0,0,0,0,0,0
290787,2,1,1997,0,0,0,0,0,0,0,0,0,0
290788,1,1,1997,0,0,0,0,0,0,0,0,0,0
290788,2,1,1997,0,0,0,0,16,0,0,0,0,0
290789,1,1,1997,17,17,17,17,17,17,17,17,17,17
290790,1,1,1997,5,5,5,5,5,5,5,5,5,5
290790,2,1,1997,0,0,0,0,0,0,0,0,0,0
290791,1,1,1997,0,0,0,0,0,0,0,0,0,0
290791,2,1,1997,0,0,0,0,0,0,0,0,16,0
290792,1,1,1997,0,0,0,0,0,0,0,0,0,0
290792,2,1,1997,0,0,0,0,0,0,0,0,0,0
290792,3,1,1997,0,0,0,0,0,0,0,0,0,0
290793,1,1,1997,0,0,0,0,0,0,0,0,0,0
290794,1,1,1997,0,0,0,0,0,0,0,0,0,0
290794,2,1,1997,0,0,0,0,0,0,12,0,0,0
290794,3,1,1997,0,0,0,0,0,0,0,0,0,0
290795,1,1,1997,0,0,0,0,0,0,0,0,0,0
290795,2,1,1997,0,0,0,0,25,0,12,9,0,0
290796,1,1,1997,0,0,0,0,0,0,0,0,0,0
290797,1,1,1997,0,0,0,0,0,0,0,0,0,0
290797,2,1,1997,0,0,0,0,0,0,0,0,0,0
290798,1,1,1997,0,0,0,0,0,0,20,0,0,0
290799,1,1,1997,0,0,0,0,0,0,0,0,0,0
290800,1,1,1997,0,4,0,0,0,8,11,0,12,15
290800,2,1,1997,0,0,0,0,0,0,0,0,0,0
290800,3,1,1997,0,0,0,0,0,0,0,0,0,0
290801,1,1,1997,0,0,0,0,0,0,0,0,0,0
290802,1,1,1997,0,0,0,0,0,0,0,0,0,0
290803,1,1,1997,0,0,0,0,0,0,0,0,0,0
290803,2,1,1997,0,0,0,0,0,0,0,0,0,0
290804,1,1,1997,0,0,0,0,0,0,0,0,0,0
290805,1,1,1997,0,0,0,0,0,0,0,0,0,0
290805,2,1,1997,0,0,0,0,0,0,0,0,0,0
290805,3,1,1997,0,0,0,0,0,0,0,0,0,23
290806,1,1,1997,0,15,0,0,0,0,0,0,0,0
290806,2,1,1997,0,0,0,0,8,0,0,0,0,0
290807,1,1,1997,27,27,27,27,27,27,27,27,27,27
290808,1,1,1997,0,0,0,0,0,0,0,0,0,0
290809,1,1,1997,0,0,0,0,0,0,0,0,0,0
290810,0,1,1997,44,0,27,16,0,35,0,0,0,0
290810,1,1,1997,0,0,0,0,0,0,14,0,0,0
290811,1,1,1997,0,0,0,0,0,0,0,0,0,0
290811,2,1,1997,0,0,0,0,0,0,0,0,0,0
290812,1,1,1997,0,0,0,0,0,0,0,0,0,0
290812,2,1,1997,0,0,0,0,0,0,0,8,0,0
290813,1,1,1997,0,0,0,0,0,0,0,0,0,0
290813,2,1,1997,0,0,0,0,0,0,0,0,0,0
290814,1,1,1997,0,0,0,0,0,0,0,0,0,0
290814,2,1,1997,0,0,0,0,0,0,0,0,0,0
290815,1,1,1997,0,0,0,0,0,0,0,0,0,7
290815,2,1,1997,0,0,0,0,0,12,0,0,22,0
290816,1,1,1997,36,36,36,36,36,36,36,36,36,36
290817,1,1,1997,0,0,0,0,0,0,0,0,0,0
290817,2,1,1997,9,9,9,9,9,9,9,9,9,9
290817,3,1,1997,0,12,0,0,0,0,0,0,0,0
290818,1,1,1997,0,0,0,0,0,0,0,0,0,0
290818,2,1,1997,0,0,0,0,0,0,0,0,0,0
290819,1,1,1997,10,10,10,10,10,10,10,10,10,10
290820,0,1,1997,0,31,0,0,0,0,0,0,0,0
290820,1,1,1997,0,0,0,0,0,13,0,0,0,0
290821,1,1,1997,0,0,0,0,0,0,0,0,0,0
290822,0,1,1997,0,0,0,16,0,0,0,0,0,0
290822,1,1,1997,0,0,0,0,22,0,0,0,0,0
290823,1,1,1997,0,0,0,0,0,0,0,0,0,0
290823,2,1,1997,0,0,0,0,0,0,0,0,0,0
290824,0,1,1997,0,0,0,0,0,0,0,0,0,0
290824,1,1,1997,0,0,0,0,18,0,0,13,0,0
290825,1,1,1997,28,28,28,28,28,28,28,28,28,28
290826,1,1,1997,15,0,0,0,0,0,0,0,0,0
290826,2,1,1997,0,0,0,0,0,0,0,0,0,0
290827,1,1,1997,13,14,0,0,0,0,0,0,0,17
290828,1,1,1997,0,0,0,0,0,0,0,0,0,0
290829,1,1,1997,17,17,17,17,17,17,17,17,17,17
290830,1,1,1997,0,0,0,0,0,0,0,0,0,0
290830,2,1,1997,0,0,0,0,0,0,0,0,0,0
290831,1,1,1997,0,0,0,0,0,0,0,0,0,0
290831,2,1,1997,23,0,0,0,0,0,0,16,0,7
290832,1,1,1997,0,0,0,0,0,0,0,0,0,0
290832,2,1,1997,0,0,0,0,0,0,0,0,0,0
290832,3,1,1997,0,0,0,0,0,0,0,0,0,0
290832,4,1,1997,0,0,0,0,0,0,0,0,0,0
290833,1,1,1997,0,0,0,0,0,0,0,0,0,0
290833,2,1,1997,4,12,12,0,0,0,0,0,0,0
290834,1,1,1997,0,0,0,0,0,0,0,0,0,0
290834,2,1,1997,0,0,0,0,5,0,0,0,0,0
290835,0,1,1997,0,0,0,0,0,0,0,0,0,0
290835,1,1,1997,0,0,9,0,0,0,0,0,0,0
290836,1,1,1997,0,0,0,0,0,0,0,0,0,0
290837,1,1,1997,0,0,0,0,0,0,0,0,0,0
290837,2,1,1997,0,0,0,0,0,0,0,0,0,0
290838,1,1,1997,0,0,0,0,0,0,0,0,0,0
290838,2,1,1997,0,0,0,0,0,0,0,0,0,0
290839,1,1,1997,0,0,0,0,0,0,0,0,0,0
290839,2,1,1997,0,0,0,0,0,0,0,0,0,0
290840,1,1,1997,0,0,0,0,0,0,0,0,0,0
290840,2,1,1997,0,0,0,0,0,0,0,0,0,0
290841,1,1,1997,15,15,15,15,15,15,15,15,15,15
290841,2,1,1997,0,0,0,0,0,0,0,0,0,0
290842,1,1,1997,0,0,24,15,17,13,17,12,8,18
290842,2,1,1997,0,0,0,11,0,0,0,0,0,16
290842,3,1,1997,0,0,0,0,0,0,0,0,0,0
290843,1,1,1997,0,0,0,0,0,0,0,0,0,0
290844,1,1,1997,0,0,0,0,0,19,0,0,0,0
290844,2,1,1997,0,0,0,0,0,0,0,0,0,0
290845,1,1,1997,15,0,2,9,0,4,14,18,0,0
290846,1,1,1997,9,0,0,0,0,0,0,0,0,0
290846,2,1,1997,0,0,0,0,0,0,0,0,0,0
290846,3,1,1997,0,0,2,0,0,17,23,0,0,0
290846,4,1,1997,0,0,0,0,0,0,0,0,0,0
290846,5,1,1997,0,0,0,0,0,0,0,0,14,0
290847,1,1,1997,29,29,29,29,29,29,29,29,29,29
290848,1,1,1997,0,0,0,0,0,0,0,0,0,0
290848,2,1,1997,0,0,0,0,0,0,0,0,0,0
290848,3,1,1997,0,0,0,0,21,0,0,0,0,0
290849,1,1,1997,0,0,0,0,0,0,0,0,0,0
290850,1,1,1997,26,26,26,26,26,26,26,26,26,26
290851,1,1,1997,0,0,0,0,0,0,0,0,0,0
290851,2,1,1997,0,0,0,0,0,0,0,0,0,0
290852,1,1,1997,17,17,17,17,17,17,17,17,17,17
290853,0,1,1997,19,19,19,19,19,19,19,19,19,19
290853,1,1,1997,0,0,0,0,0,0,25,0,0,0
290854,1,1,1997,0,0,0,0,0,0,0,0,0,0
290855,1,1,1997,0,0,0,0,0,0,0,0,0,0
290855,2,1,1997,0,0,0,12,0,0,19,0,0,0
290855,3,1,1997,0,0,0,0,0,0,0,0,0,0
290856,1,1,1997,0,0,0,0,0,0,0,0,0,0
290857,1,1,1997,27,27,27,27,27,27,27,27,27,27
290857,2,1,1997,0,12,9,24,28,0,0,18,7,25
290858,1,1,1997,17,17,17,17,17,17,17,17,17,17
290859,1,1,1997,30,30,30,30,30,30,30,30,30,30
290860,1,1,1997,0,0,0,0,0,0,0,0,0,0
290861,1,1,1997,0,0,0,0,0,0,0,0,0,0
290861,2,1,1997,0,0,0,0,0,0,0,0,0,0
290862,1,1,1997,0,0,0,0,0,0,0,0,0,0
290863,1,1,1997,0,0,0,0,0,0,0,0,0,0
290863,2,1,1997,0,0,0,0,0,0,0,0,0,0
290864,1,1,1997,0,0,0,0,0,0,0,0,0,0