ST_CASE,VEH_NO,PER_NO,YEAR,P1,P2,P3,P4,P5,P6,P7,P8,P9,P10
290864,2,1,1997,0,0,0,0,0,0,0,0,0,0
290865,1,1,1997,0,0,0,0,0,0,0,0,0,0
290866,1,1,1997,0,0,0,0,0,0,0,0,0,0
290866,2,1,1997,25,25,25,25,25,25,25,25,25,25
290867,1,1,1997,12,12,12,12,12,12,12,12,12,12
290868,1,1,1997,0,0,0,31,0,0,0,34,38,0
290869,1,1,1997,0,0,0,0,0,0,0,0,0,0
290869,2,1,1997,0,0,0,23,0,0,0,0,0,0
290870,1,1,1997,20,13,17,21,25,0,38,20,24,18
290871,1,1,1997,0,0,0,0,0,0,0,0,0,0
290872,0,1,1997,0,0,0,0,0,0,0,0,0,0
290872,1,1,1997,0,0,0,0,0,0,0,0,0,0
290873,1,1,1997,0,0,0,0,0,0,0,0,0,0
290874,1,1,1997,20,0,0,0,17,0,19,0,5,0
290875,1,1,1997,0,0,0,0,0,18,0,0,0,0
290875,2,1,1997,0,8,0,0,0,0,0,10,0,0
290876,1,1,1997,0,0,0,18,0,16,0,0,0,0
290877,0,1,1997,0,0,0,0,0,0,0,0,0,0
290877,1,1,1997,0,0,0,0,0,0,0,0,0,0
290878,1,1,1997,0,0,0,0,0,0,0,0,0,0
290879,1,1,1997,15,15,15,15,15,15,15,15,15,15
290879,2,1,1997,0,0,0,0,0,0,0,0,0,0
290880,0,1,1997,28,28,28,28,28,28,28,28,28,28
290880,1,1,1997,8,0,0,11,0,0,4,0,0,0
290881,1,1,1997,26,26,26,26,26,26,26,26,26,26
290882,1,1,1997,0,0,17,0,0,0,9,0,14,0
290883,1,1,1997,29,29,29,29,29,29,29,29,29,29
290884,1,1,1997,0,0,0,0,0,0,0,0,0,0
290884,2,1,1997,0,0,0,0,0,0,0,0,20,0
290885,1,1,1997,0,0,0,0,0,0,0,0,0,0
290885,2,1,1997,0,0,0,0,0,0,0,0,0,0
290886,1,1,1997,0,0,0,0,0,0,0,0,0,0
290886,2,1,1997,12,0,0,0,0,3,0,0,0,0
290887,1,1,1997,0,16,20,0,0,11,0,0,23,8
290888,1,1,1997,17,0,0,0,0,0,0,0,13,4
290889,1,1,1997,0,0,0,0,0,0,0,14,0,13
290889,2,1,1997,0,0,0,0,0,0,0,0,0,0
290890,1,1,1997,0,0,0,0,0,0,0,0,0,0
290891,1,1,1997,0,0,0,0,0,5,0,0,0,0
290891,2,1,1997,0,0,0,0,0,0,0,0,0,0
290892,0,1,1997,0,0,0,0,0,0,0,0,0,0
290892,1,1,1997,0,0,0,0,0,0,0,12,0,10
290893,1,1,1997,23,23,23,23,23,23,23,23,23,23
290894,1,1,1997,0,0,0,0,0,0,0,0,0,0
290895,1,1,1997,14,14,14,14,14,14,14,14,14,14
290895,2,1,1997,0,0,0,0,0,0,0,0,0,0
290896,1,1,1997,14,14,14,14,14,14,14,14,14,14
290897,1,1,1997,0,0,0,0,9,0,0,0,0,0
290898,1,1,1997,0,0,7,13,20,0,0,7,17,20
290899,0,1,1997,0,0,0,0,0,0,0,0,0,0
290899,1,1,1997,0,0,0,0,0,0,0,0,0,0
290900,1,1,1997,0,0,0,0,0,0,0,0,0,0
290901,1,1,1997,53,0,0,0,0,0,0,0,12,0
290901,2,1,1997,0,0,0,0,0,0,0,0,0,0
290901,3,1,1997,0,0,0,0,0,0,0,0,0,0
290902,1,1,1997,0,0,0,0,0,0,0,0,0,0
290902,2,1,1997,0,0,0,0,0,0,0,0,0,0
290903,1,1,1997,0,0,0,0,0,0,0,0,0,0
290903,2,1,1997,12,0,0,0,0,0,0,0,0,0
290904,0,1,1997,0,0,13,24,0,0,0,0,0,11
290904,1,1,1997,0,0,0,0,0,0,0,0,0,0
290905,1,1,1997,15,15,15,15,15,15,15,15,15,15
290906,1,1,1997,0,0,11,7,0,27,15,0,0,5
290907,1,1,1997,0,0,0,0,0,0,0,0,0,0
290907,2,1,1997,0,0,0,0,0,0,0,0,0,0
290908,1,1,1997,0,0,0,0,0,0,0,0,0,0
290908,2,1,1997,0,0,0,0,0,0,0,0,0,0
290909,1,1,1997,0,0,0,0,0,0,0,0,0,20
290909,2,1,1997,0,0,0,0,0,0,0,0,0,0
290910,1,1,1997,13,13,13,13,13,13,13,13,13,13
290911,1,1,1997,0,0,0,0,0,0,0,0,0,0
290912,1,1,1997,23,23,0,11,13,0,24,8,17,34
290912,2,1,1997,0,0,0,0,0,0,0,0,0,0
290913,1,1,1997,0,0,0,0,0,0,0,0,0,0
290913,2,1,1997,0,0,0,0,0,0,0,0,0,0
290914,1,1,1997,5,5,5,5,5,5,5,5,5,5
290914,2,1,1997,0,0,0,0,0,0,0,0,0,0
290915,1,1,1997,1,1,1,1,1,1,1,1,1,1
290915,2,1,1997,0,0,0,0,0,0,0,0,0,0
290916,1,1,1997,0,0,0,0,0,0,0,0,0,0
290916,2,1,1997,0,0,0,0,0,0,0,0,0,0
290917,1,1,1997,0,0,0,0,0,0,0,0,0,0
290918,1,1,1997,0,0,0,0,0,16,0,0,0,0
290918,2,1,1997,0,0,0,0,0,0,0,0,0,0
290919,1,1,1997,19,19,19,19,19,19,19,19,19,19
290919,2,1,1997,0,0,0,0,0,0,0,0,0,0
290920,1,1,1997,0,0,0,0,0,0,0,0,0,0
290921,1,1,1997,12,12,12,12,12,12,12,12,12,12
290922,0,1,1997,0,0,0,0,0,0,16,0,0,0
290922,1,1,1997,0,0,0,0,0,0,0,0,0,0
290923,1,1,1997,0,0,0,0,0,0,0,0,0,0
290923,2,1,1997,0,0,0,24,0,0,0,0,0,0
290923,3,1,1997,0,0,0,0,6,0,0,0,0,0
290924,0,1,1997,0,0,0,0,0,0,0,0,0,0
290924,1,1,1997,0,0,0,0,0,0,0,0,0,0
290925,1,1,1997,19,19,19,19,19,19,19,19,19,19
290926,0,1,1997,24,24,24,24,24,24,24,24,24,24
290926,1,1,1997,0,29,8,23,0,0,15,24,0,0
290927,1,1,1997,0,0,0,0,0,0,0,0,0,0
290927,2,1,1997,0,0,0,0,0,0,0,0,0,0
290928,1,1,1997,0,0,0,0,0,0,0,0,0,11
290929,1,1,1997,0,0,0,0,0,0,0,0,10,0
290929,2,1,1997,0,0,0,0,0,0,0,0,0,0
290930,1,1,1997,0,26,9,20,17,16,0,19,8,13
290931,1,1,1997,0,0,0,0,0,0,0,0,0,0
290932,1,1,1997,0,0,0,0,0,0,0,0,0,0
290932,2,1,1997,0,0,0,0,0,0,0,23,0,10
290933,0,1,1997,0,0,0,0,0,8,0,32,0,0
290933,1,1,1997,0,0,0,0,0,0,0,8,0,0
290934,1,1,1997,0,0,0,0,0,0,28,17,0,0
290934,2,1,1997,0,0,0,0,0,0,0,0,0,0
290935,1,1,1997,0,0,0,0,0,0,0,0,0,0
290935,2,1,1997,0,0,0,0,0,10,0,0,0,0
290936,1,1,1997,22,22,22,22,22,22,22,22,22,22
290937,0,1,1997,11,0,0,11,0,18,0,0,0,0
290937,1,1,1997,0,13,0,9,0,0,0,6,0,0
290938,1,1,1997,0,0,0,0,0,0,0,0,0,0
290938,2,1,1997,0,0,0,0,0,0,0,0,0,0
290938,3,1,1997,0,0,0,0,0,0,0,0,0,0
290939,1,1,1997,0,0,0,0,0,0,6,0,0,0
290939,2,1,1997,0,0,0,0,0,0,0,0,7,0
290940,1,1,1997,14,14,14,14,14,14,14,14,14,14
290940,2,1,1997,25,25,25,25,25,25,25,25,25,25
290941,0,1,1997,0,0,0,0,0,0,0,0,0,0
290941,0,2,1997,0,0,0,0,0,0,0,0,0,0
290941,2,1,1997,0,0,0,0,0,0,0,0,0,0
290942,1,1,1997,0,0,0,0,0,0,0,0,0,0
290943,1,1,1997,0,0,0,0,0,0,8,0,0,0
290943,2,1,1997,0,0,0,0,0,0,22,0,0,6
290944,0,1,1997,12,12,12,12,12,12,12,12,12,12
290944,1,1,1997,0,0,0,0,0,0,0,0,0,0
290945,1,1,1997,12,12,12,12,12,12,12,12,12,12
290946,1,1,1997,14,33,24,20,10,0,10,0,25,22
290947,1,1,1997,0,0,0,0,0,0,0,0,0,0
290947,2,1,1997,22,0,0,0,7,0,0,19,0,0
290948,1,1,1997,0,0,0,0,0,0,0,0,0,0
290949,1,1,1997,0,0,0,0,9,0,0,0,0,15
290949,2,1,1997,0,0,0,0,0,0,14,0,0,0
290950,1,1,1997,20,0,9,10,15,0,0,12,0,11
290951,1,1,1997,8,29,19,12,34,32,33,33,23,17
290952,1,1,1997,0,0,0,0,0,0,0,0,0,0
290952,2,1,1997,0,0,16,0,0,0,0,0,6,0
290953,1,1,1997,0,0,0,0,0,0,0,0,0,0
290953,2,1,1997,0,0,0,0,0,0,0,0,0,0
290954,1,1,1997,0,0,0,0,0,0,0,0,0,0
290954,2,1,1997,0,0,0,0,0,0,0,0,0,0
290955,1,1,1997,0,0,0,0,0,0,0,0,0,0
290955,2,1,1997,0,0,10,13,13,0,0,14,0,0
290956,0,1,1997,0,0,0,24,8,22,0,30,0,0
290956,0,2,1997,0,12,0,0,12,21,0,0,0,0
290956,1,1,1997,11,0,11,0,0,0,0,0,20,0
290957,1,1,1997,0,0,0,0,0,0,0,0,0,0
290957,2,1,1997,0,0,0,0,12,0,0,0,0,0
290958,1,1,1997,0,0,0,0,0,0,0,0,0,0
290958,2,1,1997,0,0,0,0,0,0,0,0,0,0
290959,1,1,1997,0,0,0,0,0,0,0,0,0,0
290959,2,1,1997,0,0,0,0,0,0,0,0,0,0
290960,1,1,1997,0,0,0,0,0,0,0,0,0,0
290960,2,1,1997,0,0,0,0,0,0,0,0,0,0
290961,1,1,1997,22,0,23,22,0,0,26,19,30,14
290962,1,1,1997,17,17,17,17,17,17,17,17,17,17
290962,2,1,1997,0,0,0,0,0,0,0,0,0,0
290963,1,1,1997,11,11,11,11,11,11,11,11,11,11
290963,2,1,1997,0,0,0,0,0,0,0,0,0,0
290964,1,1,1997,0,0,0,0,0,0,0,0,0,0
290964,2,1,1997,0,0,0,0,0,0,0,0,0,0
290965,1,1,1997,24,24,24,24,24,24,24,24,24,24
290966,1,1,1997,0,0,0,0,0,0,0,0,0,0
290966,2,1,1997,9,9,9,9,9,9,9,9,9,9
290967,1,1,1997,0,0,0,0,0,13,0,0,0,0
290968,1,1,1997,0,0,0,0,0,0,0,0,0,0
290968,2,1,1997,0,0,0,0,0,0,0,0,0,0
290969,1,1,1997,22,13,29,19,26,0,0,18,0,0
290970,1,1,1997,20,6,18,18,0,3,0,0,0,14
290970,2,1,1997,0,0,29,0,3,0,0,19,0,13
290970,3,1,1997,16,16,0,0,18,0,0,0,0,0
290971,1,1,1997,0,0,0,0,0,0,0,9,0,0
290971,2,1,1997,14,0,0,0,0,0,0,0,14,0
290971,3,1,1997,28,28,28,28,28,28,28,28,28,28
290971,4,1,1997,0,0,0,0,0,0,0,0,0,0
290972,1,1,1997,12,12,12,12,12,12,12,12,12,12
290973,0,1,1997,31,31,31,31,31,31,31,31,31,31
290973,1,1,1997,0,17,0,0,0,0,0,0,0,0
290974,1,1,1997,0,0,0,0,0,0,0,0,0,0
290975,1,1,1997,0,0,0,0,0,0,0,0,0,0
290975,2,1,1997,0,0,0,0,0,0,0,0,0,0
290976,0,1,1997,0,0,0,0,0,0,0,0,0,0
290976,1,1,1997,0,0,0,0,0,0,0,0,0,0
290977,1,1,1997,0,0,0,0,0,0,0,0,0,0
290977,2,1,1997,0,0,0,0,0,0,0,0,0,0
290978,1,1,1997,0,0,0,0,0,0,0,0,0,0
290979,1,1,1997,0,0,0,0,0,0,0,0,0,0
290979,2,1,1997,0,0,0,0,0,0,0,0,0,0
290980,1,1,1997,0,0,0,0,0,0,0,0,0,0
290981,1,1,1997,0,0,0,0,0,0,0,0,0,0
290981,2,1,1997,0,0,0,0,0,0,0,0,0,0
290982,1,1,1997,11,11,11,11,11,11,11,11,11,11
290982,2,1,1997,0,0,0,0,0,0,0,0,0,0
290983,1,1,1997,12,12,12,12,12,12,12,12,12,12
290983,2,1,1997,0,0,0,0,0,0,0,0,0,0
290984,1,1,1997,0,0,0,0,0,0,17,17,0,0
290984,2,1,1997,0,0,0,0,0,0,0,0,0,0
290985,0,1,1997,20,20,20,20,20,20,20,20,20,20
290985,1,1,1997,7,0,0,0,0,0,0,12,0,0
290986,1,1,1997,22,22,22,22,22,22,22,22,22,22
290986,2,1,1997,0,0,0,0,0,0,0,0,0,0
290986,3,1,1997,0,0,0,0,0,0,0,0,0,0
290987,1,1,1997,29,29,29,29,29,29,29,29,29,29
290988,1,1,1997,12,12,12,12,12,12,12,12,12,12
290989,1,1,1997,0,0,17,10,0,0,0,0,27,0
290989,2,1,1997,0,0,0,0,0,0,0,16,0,0
290990,1,1,1997,0,0,0,0,0,0,0,0,0,0
290990,2,1,1997,0,0,0,0,0,0,0,0,0,0
290991,0,1,1997,12,41,23,31,20,30,23,17,20,24
290991,1,1,1997,29,0,0,7,29,8,13,0,0,0
290992,1,1,1997,0,0,0,0,0,0,0,0,0,0
290993,1,1,1997,0,0,0,0,0,0,0,0,26,0
290994,1,1,1997,0,0,0,0,0,0,0,0,0,0
290994,2,1,1997,0,0,0,0,0,0,0,0,0,0
290995,0,1,1997,19,19,19,19,19,19,19,19,19,19
290995,1,1,1997,0,0,0,0,0,0,0,0,0,0
290996,1,1,1997,0,0,0,0,0,0,0,0,0,0
290996,2,1,1997,0,0,0,0,0,0,0,0,0,0
290997,1,1,1997,0,0,0,0,0,0,0,0,0,0
290997,2,1,1997,0,0,0,0,0,0,0,0,0,0
290998,1,1,1997,0,0,0,0,0,0,0,10,0,0
290999,1,1,1997,0,0,0,0,0,0,0,0,0,0
290999,2,1,1997,0,15,0,0,0,0,0,0,0,0
291000,1,1,1997,0,0,0,0,0,0,0,0,0,0
291000,2,1,1997,0,0,0,0,0,0,0,0,0,0
291001,1,1,1997,0,0,0,0,0,0,0,0,0,0
291001,2,1,1997,0,0,0,0,0,0,0,0,0,0
291002,1,1,1997,0,0,0,0,0,15,0,0,0,0
291002,2,1,1997,0,0,0,0,0,0,0,0,0,12
291002,3,1,1997,0,0,0,0,0,0,0,0,0,0
291003,1,1,1997,21,21,21,21,21,21,21,21,21,21
291003,2,1,1997,0,0,0,0,0,0,0,0,0,0
291004,1,1,1997,0,0,0,0,0,0,0,0,0,0
291004,2,1,1997,0,15,0,0,0,0,0,0,0,0
291005,1,1,1997,19,19,19,19,19,19,19,19,19,19
291006,1,1,1997,0,0,0,0,0,0,0,0,0,0
291007,1,1,1997,11,11,11,11,11,11,11,11,11,11
291008,1,1,1997,12,12,12,12,12,12,12,12,12,12
291008,2,1,1997,0,0,0,0,0,0,0,0,0,0
291009,1,1,1997,5,5,5,5,5,5,5,5,5,5
291010,1,1,1997,22,22,16,21,15,29,0,0,15,13
291010,2,1,1997,22,22,22,22,22,22,22,22,22,22
291010,3,1,1997,0,0,0,25,8,21,10,0,0,0
291011,1,1,1997,0,0,0,0,0,0,0,0,0,0
291011,2,1,1997,0,0,0,0,0,0,0,0,0,0
291011,3,1,1997,0,0,0,0,0,0,0,0,0,0
291012,1,1,1997,0,0,0,0,0,0,0,0,0,0
291013,0,1,1997,14,14,14,14,14,14,14,14,14,14
291013,0,2,1997,25,0,12,0,26,0,0,12,34,17
291013,1,1,1997,22,13,0,13,14,12,29,19,9,21
291014,1,1,1997,49,49,49,49,49,49,49,49,49,49
291015,1,1,1997,30,31,5,17,16,22,10,0,22,11
291016,1,1,1997,0,0,0,0,0,0,0,0,0,0
291017,1,1,1997,0,0,0,0,0,0,0,0,0,0
291017,2,1,1997,0,0,0,0,0,0,0,0,0,0
291018,1,1,1997,0,0,0,0,0,0,0,0,0,0
291018,2,1,1997,0,0,0,0,0,0,0,0,0,0
291018,3,1,1997,0,0,0,0,0,0,0,0,0,0
291019,1,1,1997,0,0,0,0,0,0,0,0,0,0
291020,1,1,1997,0,0,0,0,0,0,0,0,0,0
291021,1,1,1997,0,0,0,0,0,0,0,0,17,10
291021,2,1,1997,0,0,0,0,0,0,0,0,0,0
291022,1,1,1997,17,17,17,17,17,17,17,17,17,17
291023,1,1,1997,11,11,11,11,11,11,11,11,11,11
291024,1,1,1997,0,0,19,0,0,0,0,0,0,15
291025,1,1,1997,0,0,0,0,14,0,0,0,0,0
291026,1,1,1997,0,0,0,0,0,0,0,0,0,0
291027,1,1,1997,0,0,0,0,0,0,0,0,0,0
291027,2,1,1997,10,0,0,0,0,0,0,0,0,0
291028,0,1,1997,0,0,0,0,0,0,10,0,0,0
291028,1,1,1997,0,0,0,0,0,0,0,0,0,0
291029,0,1,1997,19,0,0,0,0,0,0,0,0,0
291029,1,1,1997,0,0,0,0,0,0,0,0,0,0
300001,1,1,1997,0,0,0,0,0,0,0,0,0,0
300002,1,1,1997,14,14,14,14,14,14,14,14,14,14
300003,1,1,1997,0,0,0,0,0,0,0,0,0,0
300003,2,1,1997,0,0,0,0,0,0,0,0,0,0
300004,1,1,1997,0,0,0,0,0,0,0,0,0,0
300004,2,1,1997,0,0,0,0,0,0,0,0,0,0
300005,1,1,1997,0,0,0,0,0,0,0,0,0,0
300005,2,1,1997,0,0,0,0,0,0,0,0,0,0
300006,1,1,1997,0,0,0,0,0,0,0,0,0,0
300007,1,1,1997,0,0,0,0,0,0,0,0,0,0
300007,2,1,1997,31,31,31,31,31,31,31,31,31,31
300008,1,1,1997,26,26,26,26,26,26,26,26,26,26
300009,1,1,1997,0,0,0,0,0,0,0,0,0,0
300009,2,1,1997,0,0,0,19,0,0,0,0,0,0
300010,1,1,1997,0,0,0,0,0,0,0,0,0,0
300010,2,1,1997,8,5,13,18,25,33,26,15,20,15
300011,1,1,1997,24,24,24,24,24,24,24,24,24,24
300012,1,1,1997,0,0,0,0,0,0,0,0,0,0
300012,2,1,1997,16,16,16,16,16,16,16,16,16,16
300013,1,1,1997,22,22,22,22,22,22,22,22,22,22
300014,1,1,1997,23,23,23,23,23,23,23,23,23,23
300015,1,1,1997,0,0,0,0,0,0,0,0,0,0
300016,0,1,1997,3,3,3,3,3,3,3,3,3,3
300016,0,2,1997,24,0,37,13,20,0,0,35,13,34
300016,1,1,1997,0,0,0,0,0,0,0,0,0,0
300017,1,1,1997,6,6,6,6,6,6,6,6,6,6
300017,2,1,1997,0,0,0,0,0,0,0,3,0,0
300018,1,1,1997,0,0,0,0,0,0,0,0,0,0
300018,2,1,1997,0,0,0,0,0,0,0,0,0,0
300019,1,1,1997,27,27,27,27,27,27,27,27,27,27
300019,2,1,1997,0,0,0,0,0,0,0,0,0,0
300020,1,1,1997,24,24,24,24,24,24,24,24,24,24
300020,2,1,1997,20,20,20,20,20,20,20,20,20,20
300021,1,1,1997,0,0,0,0,0,0,0,0,0,0
300022,0,1,1997,0,0,0,0,0,0,0,0,0,0
300022,1,1,1997,0,0,0,0,0,0,0,0,0,0
300023,1,1,1997,0,0,0,0,0,0,0,0,0,0
300023,2,1,1997,0,0,0,0,0,0,0,0,0,21
300024,1,1,1997,26,26,26,26,26,26,26,26,26,26
300025,1,1,1997,8,8,8,8,8,8,8,8,8,8
300025,2,1,1997,0,0,0,0,0,0,0,0,0,0
300026,1,1,1997,21,21,21,21,21,21,21,21,21,21
300027,1,1,1997,0,0,0,0,0,0,0,0,0,0
300027,2,1,1997,0,0,0,0,0,0,0,0,0,0
300028,1,1,1997,0,0,0,0,0,0,0,0,0,0
300029,1,1,1997,22,22,22,22,22,22,22,22,22,22
300030,0,1,1997,0,0,0,0,0,0,0,0,0,0
300030,0,2,1997,0,9,0,0,21,0,0,22,0,24
300030,1,1,1997,0,0,0,0,0,0,0,0,0,0
300031,1,1,1997,0,0,0,0,0,0,0,0,0,0
300031,2,1,1997,0,19,0,0,0,0,0,0,0,0
300032,1,1,1997,0,0,0,0,0,0,0,0,0,0
300033,1,1,1997,0,0,0,0,0,0,0,0,0,0
300034,1,1,1997,26,26,26,26,26,26,26,26,26,26
300035,1,1,1997,28,28,28,28,28,28,28,28,28,28
300036,1,1,1997,0,0,0,0,0,0,0,0,0,0
300036,2,1,1997,0,0,0,0,0,0,0,0,0,0
300037,1,1,1997,0,0,0,0,0,0,0,0,0,0
300037,2,1,1997,0,0,0,0,0,0,0,0,0,0
300038,1,1,1997,16,16,16,16,16,16,16,16,16,16
300039,1,1,1997,7,7,7,7,7,7,7,7,7,7
300040,1,1,1997,0,0,0,0,0,0,0,0,0,0
300041,1,1,1997,0,0,0,0,0,0,0,0,0,0
300042,1,1,1997,0,0,0,0,0,0,0,0,0,0
300042,2,1,1997,26,26,26,26,26,26,26,26,26,26
300043,1,1,1997,16,16,16,16,16,16,16,16,16,16
300044,1,1,1997,0,0,0,0,0,0,0,0,0,0
300045,0,1,1997,19,19,19,19,19,19,19,19,19,19
300045,1,1,1997,0,0,0,0,0,0,0,0,0,0
300046,1,1,1997,13,13,13,13,13,13,13,13,13,13
300047,1,1,1997,27,27,27,27,27,27,27,27,27,27
300047,2,1,1997,0,0,0,0,0,0,0,0,0,0
300048,1,1,1997,22,22,22,22,22,22,22,22,22,22
300049,1,1,1997,0,0,0,0,0,0,0,0,0,0
300050,0,1,1997,0,0,0,0,0,0,0,0,0,0
300050,1,1,1997,0,0,0,0,0,0,0,0,0,0
300051,1,1,1997,0,0,0,0,0,0,0,0,0,0
300052,1,1,1997,11,11,11,11,11,11,11,11,11,11
300053,1,1,1997,14,23,15,25,10,8,5,19,10,15
300054,1,1,1997,3,3,3,3,3,3,3,3,3,3
300055,1,1,1997,16,16,16,16,16,16,16,16,16,16
300055,2,1,1997,28,28,28,28,28,28,28,28,28,28
300056,1,1,1997,19,19,19,19,19,19,19,19,19,19
300057,1,1,1997,12,12,12,12,12,12,12,12,12,12
300058,1,1,1997,16,16,16,16,16,16,16,16,16,16
300059,1,1,1997,0,0,0,0,0,0,0,0,0,0
300060,1,1,1997,0,0,0,0,0,0,0,0,0,0
300061,1,1,1997,0,0,0,0,0,0,0,0,0,0
300061,2,1,1997,0,0,0,0,0,0,0,0,0,0
300062,1,1,1997,0,0,0,0,0,0,0,0,0,0
300063,1,1,1997,0,0,0,0,0,0,0,0,15,9
300064,1,1,1997,0,0,0,0,0,0,0,0,0,0
300065,1,1,1997,0,0,0,0,0,0,0,0,0,0
300066,1,1,1997,0,0,0,0,0,0,0,0,0,0
300067,1,1,1997,34,34,34,34,34,34,34,34,34,34
300068,1,1,1997,0,0,0,0,0,0,0,0,0,0
300068,2,1,1997,0,11,0,0,0,0,0,0,0,0
300069,1,1,1997,16,16,16,16,16,16,16,16,16,16
300070,1,1,1997,14,14,14,14,14,14,14,14,14,14
300071,1,1,1997,19,19,19,19,19,19,19,19,19,19
300072,1,1,1997,14,6,12,21,9,16,21,5,13,19
300073,1,1,1997,0,0,0,0,0,0,0,0,0,0
300074,1,1,1997,0,0,0,0,0,0,0,0,0,0
300075,1,1,1997,0,0,0,0,0,0,0,0,0,0
300076,1,1,1997,0,0,0,0,0,0,0,0,0,0
300077,1,1,1997,0,0,17,0,0,0,23,0,16,17
300078,1,1,1997,17,32,10,11,14,8,33,14,10,21
300079,1,1,1997,8,8,8,8,8,8,8,8,8,8
300079,2,1,1997,15,15,15,15,15,15,15,15,15,15
300080,1,1,1997,18,18,18,18,18,18,18,18,18,18
300081,1,1,1997,18,18,18,18,18,18,18,18,18,18
300082,1,1,1997,16,16,16,16,16,16,16,16,16,16
300083,1,1,1997,22,22,22,22,22,22,22,22,22,22
300084,1,1,1997,33,33,33,33,33,33,33,33,33,33
300084,2,1,1997,0,0,0,0,0,0,0,0,0,0
300085,1,1,1997,16,16,16,16,16,16,16,16,16,16
300085,2,1,1997,21,21,21,21,21,21,21,21,21,21
300086,1,1,1997,20,20,20,20,20,20,20,20,20,20
300087,1,1,1997,0,0,0,0,0,0,0,0,0,0
300088,1,1,1997,22,30,11,14,24,15,33,24,22,33
300089,1,1,1997,0,0,0,0,0,0,0,0,0,0
300090,1,1,1997,16,16,16,16,16,16,16,16,16,16
300091,1,1,1997,0,0,0,0,0,0,0,0,0,0
300092,1,1,1997,0,0,0,0,0,0,0,0,0,0
300092,2,1,1997,0,0,0,0,0,0,0,0,0,0
300093,1,1,1997,8,8,8,8,8,8,8,8,8,8
300094,1,1,1997,10,27,18,12,22,6,11,8,12,16
300095,1,1,1997,11,11,14,23,3,7,10,4,24,23
300096,1,1,1997,28,28,28,28,28,28,28,28,28,28
300097,1,1,1997,20,13,31,12,27,15,20,31,12,31
300098,1,1,1997,0,0,0,0,0,0,0,0,0,0
300099,1,1,1997,0,0,0,0,0,0,0,0,0,0
300099,2,1,1997,0,0,0,0,0,0,0,0,0,0
300100,1,1,1997,18,18,18,18,18,18,18,18,18,18
300101,1,1,1997,0,0,0,0,0,0,0,0,0,0
300102,0,1,1997,0,8,0,0,0,0,14,0,0,0
300102,0,2,1997,0,0,0,0,0,0,0,0,0,0
300102,1,1,1997,0,0,0,0,0,0,0,0,0,26
300103,1,1,1997,0,0,0,0,0,0,0,0,0,0
300103,2,1,1997,0,0,0,0,0,0,0,0,0,0
300104,1,1,1997,0,13,0,0,0,0,0,0,0,0
300104,2,1,1997,0,0,0,0,0,0,0,0,0,0
300105,1,1,1997,21,21,21,21,21,21,21,21,21,21
300106,1,1,1997,0,29,0,0,0,0,0,0,0,0
300107,1,1,1997,0,0,0,0,0,0,0,0,0,0
300107,2,1,1997,0,0,0,0,0,0,0,0,0,0
300108,1,1,1997,0,9,0,0,0,0,0,0,0,0
300109,1,1,1997,8,10,27,19,0,33,9,12,14,0
300110,1,1,1997,24,24,24,24,24,24,24,24,24,24
300111,1,1,1997,0,0,0,7,0,0,0,0,0,0
300111,2,1,1997,0,0,0,0,0,0,0,0,0,0
300112,1,1,1997,0,0,0,0,0,0,0,0,0,0
300113,1,1,1997,0,0,0,0,0,0,0,0,0,0
300114,1,1,1997,8,8,8,8,8,8,8,8,8,8
300114,2,1,1997,0,0,0,0,0,0,0,0,0,0
300115,1,1,1997,21,21,21,21,21,21,21,21,21,21
300116,1,1,1997,19,19,19,19,19,19,19,19,19,19
300117,1,1,1997,0,0,0,0,0,0,0,0,0,0
300117,2,1,1997,0,0,0,0,0,0,0,0,0,0
300117,3,1,1997,0,0,0,0,0,0,0,0,0,0
300117,4,1,1997,0,0,0,0,0,0,0,0,0,0
300118,1,1,1997,0,0,0,0,0,0,0,11,0,0
300119,1,1,1997,0,0,0,0,0,0,0,0,0,0
300120,1,1,1997,0,0,0,0,0,0,0,0,0,0
300121,1,1,1997,24,24,24,24,24,24,24,24,24,24
300122,1,1,1997,0,0,0,0,0,0,0,0,0,0
300122,2,1,1997,0,0,0,0,0,0,0,0,12,0
300122,3,1,1997,0,0,0,0,0,0,0,0,0,0
300123,1,1,1997,0,18,0,0,0,0,0,0,8,0
300123,2,1,1997,0,0,0,0,0,0,29,0,0,0