ST_CASE,VEH_NO,PER_NO,YEAR,P1,P2,P3,P4,P5,P6,P7,P8,P9,P10
300124,1,1,1997,0,0,0,0,0,0,0,0,0,0
300124,2,1,1997,0,0,0,0,0,0,0,0,0,0
300124,3,1,1997,0,0,0,0,0,0,0,0,0,0
300125,1,1,1997,0,13,0,25,0,8,0,0,0,0
300126,1,1,1997,21,21,21,21,21,21,21,21,21,21
300127,1,1,1997,23,23,23,23,23,23,23,23,23,23
300127,2,1,1997,0,0,0,0,0,0,0,0,0,0
300128,1,1,1997,8,8,8,8,8,8,8,8,8,8
300129,1,1,1997,0,0,0,0,0,0,0,0,0,0
300130,1,1,1997,0,0,0,0,0,0,0,0,0,0
300131,1,1,1997,0,0,0,0,12,0,0,0,0,0
300132,1,1,1997,40,40,40,40,40,40,40,40,40,40
300133,1,1,1997,0,0,0,0,0,0,0,0,0,0
300133,2,1,1997,0,0,0,0,0,0,0,0,0,0
300134,1,1,1997,30,30,30,30,30,30,30,30,30,30
300135,1,1,1997,20,20,20,20,20,20,20,20,20,20
300136,1,1,1997,0,0,0,0,0,9,0,0,17,0
300137,1,1,1997,0,0,0,0,0,0,0,0,0,0
300137,2,1,1997,0,0,0,0,0,0,0,0,0,0
300138,1,1,1997,0,0,0,0,0,0,0,0,0,0
300139,1,1,1997,0,0,0,0,0,0,0,0,0,0
300139,2,1,1997,0,0,0,0,0,0,0,0,0,0
300140,1,1,1997,0,0,0,0,0,0,0,0,0,0
300141,1,1,1997,0,0,0,0,0,0,0,0,0,0
300142,0,1,1997,16,16,16,16,16,16,16,16,16,16
300142,1,1,1997,0,0,0,0,0,7,0,0,0,42
300143,1,1,1997,0,0,0,0,0,0,0,0,0,0
300144,1,1,1997,0,0,0,0,0,0,0,0,0,0
300144,2,1,1997,0,0,0,0,0,0,0,0,0,0
300145,1,1,1997,0,0,0,0,0,0,0,0,0,0
300145,2,1,1997,0,0,0,0,8,0,0,0,0,0
300146,1,1,1997,18,30,7,10,14,5,10,32,16,12
300147,0,1,1997,0,0,0,0,0,0,0,0,0,0
300148,1,1,1997,0,0,0,0,7,10,0,0,0,0
300149,1,1,1997,0,0,0,0,0,0,0,0,0,0
300149,2,1,1997,0,0,0,0,0,0,0,0,0,0
300150,1,1,1997,12,12,12,12,12,12,12,12,12,12
300151,1,1,1997,34,9,36,15,0,20,16,18,10,31
300152,1,1,1997,0,0,0,0,0,0,0,0,0,0
300153,1,1,1997,6,6,6,6,6,6,6,6,6,6
300154,1,1,1997,0,0,0,0,0,0,0,0,0,0
300155,1,1,1997,0,0,0,0,0,0,0,0,0,0
300155,2,1,1997,0,0,0,0,0,0,0,0,0,0
300156,1,1,1997,0,0,0,0,0,0,0,0,0,0
300157,1,1,1997,15,15,15,15,15,15,15,15,15,15
300158,1,1,1997,21,21,21,21,21,21,21,21,21,21
300159,1,1,1997,20,20,20,20,20,20,20,20,20,20
300160,1,1,1997,0,0,0,0,0,0,0,0,0,0
300161,1,1,1997,0,0,0,0,0,0,0,0,0,0
300161,2,1,1997,19,13,0,18,20,17,13,0,21,38
300162,1,1,1997,14,0,28,12,11,15,14,9,16,11
300163,1,1,1997,26,26,26,26,26,26,26,26,26,26
300164,1,1,1997,37,37,37,37,37,37,37,37,37,37
300165,1,1,1997,30,30,30,30,30,30,30,30,30,30
300166,1,1,1997,12,12,12,12,12,12,12,12,12,12
300167,1,1,1997,0,0,0,0,0,0,0,0,0,0
300168,1,1,1997,9,9,9,9,9,9,9,9,9,9
300169,1,1,1997,0,0,0,0,0,0,0,0,0,0
300170,1,1,1997,0,0,0,0,12,0,0,0,0,0
300170,2,1,1997,19,19,19,19,19,19,19,19,19,19
300170,3,1,1997,0,0,0,0,0,0,0,0,0,0
300171,1,1,1997,0,0,0,0,0,0,0,0,0,0
300171,2,1,1997,0,0,0,0,0,0,0,0,0,0
300171,3,1,1997,0,0,0,0,0,0,0,0,0,0
300172,1,1,1997,3,3,3,3,3,3,3,3,3,3
300173,1,1,1997,10,10,10,10,10,10,10,10,10,10
300173,2,1,1997,10,10,10,10,10,10,10,10,10,10
300174,1,1,1997,0,15,10,0,0,0,13,0,0,0
300175,1,1,1997,0,0,0,0,0,0,0,0,0,0
300176,1,1,1997,0,0,0,0,0,0,0,0,0,0
300177,1,1,1997,0,0,0,0,0,0,0,0,0,0
300177,2,1,1997,0,0,0,0,0,0,0,0,0,0
300178,1,1,1997,19,19,19,19,19,19,19,19,19,19
300179,1,1,1997,0,0,0,0,0,0,0,0,0,0
300179,2,1,1997,0,0,0,0,0,0,0,0,0,0
300179,3,1,1997,0,0,0,0,0,0,0,0,0,0
300179,4,1,1997,0,0,0,0,0,0,0,0,0,0
300180,1,1,1997,17,17,17,17,17,17,17,17,17,17
300180,2,1,1997,0,0,0,0,0,0,0,0,0,0
300181,1,1,1997,14,14,14,14,14,14,14,14,14,14
300182,1,1,1997,0,0,0,0,0,0,0,0,0,0
300183,1,1,1997,0,0,0,0,0,0,0,0,0,0
300184,1,1,1997,0,0,0,0,0,0,0,0,0,0
300185,1,1,1997,0,0,0,0,0,0,0,0,0,0
300186,1,1,1997,0,0,0,0,0,0,0,0,0,0
300187,1,1,1997,0,0,0,0,0,0,0,0,0,0
300188,1,1,1997,11,11,11,11,11,11,11,11,11,11
300189,1,1,1997,0,0,0,0,0,0,0,0,0,0
300189,2,1,1997,0,0,0,0,0,0,0,0,0,0
300190,1,1,1997,0,0,0,0,0,0,0,0,0,0
300190,2,1,1997,0,0,0,0,0,0,0,0,0,0
300190,3,1,1997,0,0,0,0,0,0,0,0,0,0
300191,1,1,1997,0,0,0,0,0,0,0,0,0,0
300191,2,1,1997,0,0,0,0,0,0,0,0,0,0
300192,1,1,1997,13,13,13,13,13,13,13,13,13,13
300193,1,1,1997,0,0,0,0,0,0,0,0,0,0
300193,2,1,1997,8,8,8,8,8,8,8,8,8,8
300194,1,1,1997,0,0,0,0,0,0,0,0,0,0
300194,2,1,1997,14,14,14,14,14,14,14,14,14,14
300195,1,1,1997,0,0,0,0,0,0,0,0,0,0
300195,2,1,1997,0,0,0,0,0,0,0,0,0,0
300196,1,1,1997,0,0,0,0,0,0,0,0,0,0
300196,2,1,1997,0,0,0,0,0,0,0,0,0,0
300197,1,1,1997,0,0,0,0,0,0,0,0,0,0
300198,1,1,1997,0,0,0,0,0,0,0,0,0,0
300199,1,1,1997,0,0,0,0,0,0,0,0,0,0
300200,1,1,1997,0,0,0,0,0,0,0,0,0,0
300200,2,1,1997,0,0,0,0,0,0,0,0,0,0
300201,0,1,1997,0,0,0,0,0,0,0,10,0,0
300202,1,1,1997,0,0,0,0,0,0,0,0,0,0
300202,2,1,1997,0,0,0,0,0,0,0,0,0,0
300203,1,1,1997,23,23,23,23,23,23,23,23,23,23
300204,1,1,1997,0,0,0,0,0,0,0,0,0,0
300205,1,1,1997,0,0,0,0,0,0,0,0,0,0
300205,2,1,1997,0,0,0,0,0,0,0,0,0,0
300206,1,1,1997,15,15,15,15,15,15,15,15,15,15
300207,1,1,1997,33,33,33,33,33,33,33,33,33,33
300208,1,1,1997,3,3,3,3,3,3,3,3,3,3
300208,2,1,1997,6,6,6,6,6,6,6,6,6,6
300209,1,1,1997,25,25,25,25,25,25,25,25,25,25
300210,1,1,1997,0,0,0,0,0,0,0,0,0,0
300211,1,1,1997,0,0,0,0,0,0,0,0,0,0
300212,1,1,1997,19,19,19,19,19,19,19,19,19,19
300213,1,1,1997,12,0,0,0,0,0,0,0,5,10
300214,1,1,1997,3,3,3,3,3,3,3,3,3,3
300214,2,1,1997,0,0,0,0,0,0,0,0,0,0
300215,1,1,1997,0,0,0,0,0,0,0,0,0,0
300215,2,1,1997,11,11,11,11,11,11,11,11,11,11
300216,1,1,1997,20,12,3,15,15,11,7,22,22,16
300217,0,1,1997,0,0,0,0,0,0,0,0,0,0
300217,1,1,1997,0,0,0,0,0,0,0,0,0,0
300218,1,1,1997,25,25,25,25,25,25,25,25,25,25
300219,1,1,1997,18,6,5,0,15,37,8,2,23,14
300220,1,1,1997,0,0,0,0,0,0,0,0,15,0
300220,2,1,1997,0,0,0,0,0,0,0,0,0,0
300221,0,1,1997,0,0,0,0,0,0,0,0,0,0
300221,1,1,1997,13,17,11,13,9,0,2,14,14,12
300222,1,1,1997,0,0,0,0,0,0,0,0,0,0
300223,1,1,1997,0,30,33,14,13,23,20,22,21,22
310001,0,1,1997,0,0,0,0,0,0,0,0,0,0
310001,1,1,1997,0,0,0,0,0,0,0,0,0,0
310002,1,1,1997,0,0,0,0,0,0,0,0,0,0
310002,2,1,1997,44,0,0,0,0,27,0,0,0,0
310003,0,1,1997,0,0,0,0,0,0,0,0,0,0
310003,0,2,1997,0,11,0,0,0,0,0,0,0,0
310003,0,3,1997,29,25,0,0,0,0,0,0,0,14
310003,1,1,1997,0,0,0,0,0,5,0,0,0,0
310003,2,1,1997,16,0,0,8,0,0,0,0,0,0
310003,3,1,1997,0,0,0,0,0,0,0,0,0,0
310004,1,1,1997,0,0,0,0,0,0,0,0,0,0
310004,2,1,1997,0,0,0,0,0,0,0,0,0,0
310005,1,1,1997,6,6,6,6,6,6,6,6,6,6
310006,1,1,1997,0,0,0,0,0,0,0,0,0,0
310006,2,1,1997,0,0,0,0,0,0,0,0,0,0
310007,1,1,1997,0,0,0,0,0,0,0,0,0,0
310007,2,1,1997,0,0,0,0,0,0,0,0,0,0
310008,1,1,1997,11,11,11,11,11,11,11,11,11,11
310008,2,1,1997,0,0,0,0,0,0,0,0,0,0
310009,0,1,1997,0,0,19,0,0,0,0,0,0,0
310009,1,1,1997,0,0,0,0,0,0,0,0,0,9
310010,1,1,1997,3,3,3,3,3,3,3,3,3,3
310010,2,1,1997,0,0,0,0,0,0,20,0,0,0
310011,1,1,1997,0,0,0,0,0,0,0,0,0,0
310011,2,1,1997,0,0,0,0,0,0,0,0,0,0
310012,1,1,1997,28,28,28,28,28,28,28,28,28,28
310013,1,1,1997,0,0,0,0,0,0,0,0,0,0
310013,2,1,1997,0,0,0,0,0,0,0,0,0,0
310014,1,1,1997,0,0,0,0,0,0,0,0,0,0
310014,2,1,1997,0,0,0,0,0,0,0,0,0,0
310015,1,1,1997,0,0,0,0,0,0,0,0,0,0
310016,1,1,1997,0,0,0,0,0,0,0,0,0,0
310016,2,1,1997,0,0,0,0,0,0,0,0,0,0
310017,1,1,1997,0,0,0,0,0,0,0,0,0,0
310017,2,1,1997,21,21,21,21,21,21,21,21,21,21
310018,1,1,1997,0,0,0,0,0,20,0,0,0,0
310018,2,1,1997,0,0,0,2,7,0,26,0,0,11
310019,1,1,1997,0,0,0,0,0,0,0,0,0,0
310019,2,1,1997,0,0,0,0,0,0,0,0,0,0
310020,1,1,1997,6,6,6,6,6,6,6,6,6,6
310020,2,1,1997,0,0,0,0,0,0,0,0,0,0
310021,1,1,1997,0,0,0,0,0,0,0,0,0,0
310021,2,1,1997,0,0,0,0,0,0,0,0,0,0
310022,1,1,1997,14,0,0,0,13,0,0,0,24,0
310023,0,1,1997,0,0,0,0,0,0,0,0,0,0
310023,0,2,1997,0,28,18,0,7,0,15,12,17,0
310023,1,1,1997,15,15,15,15,15,15,15,15,15,15
310023,2,1,1997,0,0,0,0,0,0,0,0,0,0
310024,1,1,1997,0,0,0,0,0,0,0,0,0,0
310024,2,1,1997,0,0,0,0,11,0,0,0,0,7
310025,1,1,1997,0,0,0,0,0,0,0,0,0,0
310025,2,1,1997,34,34,34,34,34,34,34,34,34,34
310026,1,1,1997,0,0,0,0,0,0,0,0,0,0
310026,2,1,1997,0,0,0,0,0,0,0,0,0,0
310027,1,1,1997,0,0,0,0,0,0,0,0,0,0
310028,1,1,1997,0,0,0,0,0,0,0,0,0,0
310028,2,1,1997,0,0,0,0,0,0,0,0,0,0
310029,1,1,1997,16,16,16,16,16,16,16,16,16,16
310030,1,1,1997,0,20,0,0,0,0,0,0,22,0
310030,2,1,1997,0,0,0,0,0,0,0,0,0,0
310031,1,1,1997,0,0,0,0,0,0,0,0,0,0
310032,1,1,1997,0,0,0,0,0,0,0,0,0,0
310033,1,1,1997,0,0,0,0,0,0,0,0,0,0
310033,2,1,1997,0,0,0,0,0,0,0,0,0,0
310034,1,1,1997,0,0,0,0,0,0,0,0,0,0
310035,1,1,1997,0,0,8,0,0,0,0,0,0,0
310035,2,1,1997,0,0,0,0,0,0,0,0,0,0
310036,1,1,1997,0,0,0,0,0,0,0,0,0,0
310036,2,1,1997,0,0,0,0,0,0,0,0,0,0
310037,1,1,1997,0,0,0,0,0,0,0,0,0,0
310037,2,1,1997,0,0,0,0,0,0,0,0,0,0
310038,1,1,1997,0,0,0,0,0,0,0,0,0,0
310038,2,1,1997,0,0,0,0,0,0,0,0,0,0
310039,1,1,1997,16,16,16,16,16,16,16,16,16,16
310040,1,1,1997,13,13,13,13,13,13,13,13,13,13
310041,0,1,1997,0,0,0,0,0,0,0,0,0,0
310041,1,1,1997,0,0,0,0,0,0,0,0,0,0
310042,1,1,1997,0,0,0,0,0,0,0,0,0,0
310042,2,1,1997,0,0,0,0,0,6,0,0,0,0
310043,1,1,1997,0,0,0,0,0,0,0,0,0,0
310044,0,1,1997,30,18,0,7,0,13,31,0,0,0
310044,1,1,1997,0,0,0,0,8,0,0,0,14,0
310045,1,1,1997,0,0,0,0,0,0,0,0,0,0
310046,1,1,1997,0,0,0,0,0,0,0,0,0,0
310046,2,1,1997,9,9,9,9,9,9,9,9,9,9
310047,1,1,1997,26,26,26,26,26,26,26,26,26,26
310047,2,1,1997,0,0,0,0,0,0,0,0,0,0
310048,1,1,1997,0,0,0,0,0,0,0,0,0,0
310049,1,1,1997,0,0,0,0,0,0,0,0,0,0
310049,2,1,1997,0,0,0,0,0,0,0,0,0,0
310050,1,1,1997,0,0,0,0,0,0,0,0,0,0
310051,1,1,1997,14,14,14,14,14,14,14,14,14,14
310052,1,1,1997,0,0,0,0,0,0,0,0,0,0
310052,2,1,1997,0,0,0,0,0,0,0,0,0,0
310053,1,1,1997,0,0,0,0,0,0,0,0,0,0
310054,1,1,1997,0,0,0,0,0,0,0,0,0,0
310054,2,1,1997,0,0,0,0,0,0,0,0,0,0
310055,1,1,1997,22,22,22,22,22,22,22,22,22,22
310056,1,1,1997,11,11,11,11,11,11,11,11,11,11
310057,1,1,1997,0,0,0,0,0,0,0,0,0,0
310058,1,1,1997,0,0,0,0,0,0,0,0,0,0
310058,2,1,1997,0,0,0,0,0,0,0,0,0,0
310060,1,1,1997,6,9,0,0,0,0,15,21,0,23
310061,1,1,1997,26,26,26,26,26,26,26,26,26,26
310062,1,1,1997,21,21,21,21,21,21,21,21,21,21
310063,1,1,1997,0,0,0,0,0,0,0,0,0,0
310063,2,1,1997,0,0,0,0,0,0,0,0,0,0
310064,1,1,1997,21,21,21,21,21,21,21,21,21,21
310065,1,1,1997,0,0,0,0,0,0,0,0,21,0
310065,2,1,1997,0,0,0,0,0,0,0,0,0,0
310066,1,1,1997,0,0,0,0,0,0,0,0,0,0
310066,2,1,1997,0,0,0,0,0,0,0,0,0,0
310067,1,1,1997,0,0,0,0,0,0,0,0,0,0
310067,2,1,1997,0,0,0,0,0,0,0,0,0,0
310068,1,1,1997,0,0,0,0,0,0,0,0,0,0
310068,2,1,1997,0,0,0,0,0,0,0,0,0,0
310068,3,1,1997,0,0,0,0,0,0,0,0,0,0
310069,1,1,1997,10,10,10,10,10,10,10,10,10,10
310070,1,1,1997,0,0,0,0,0,0,0,0,0,0
310071,1,1,1997,20,17,24,6,0,12,0,7,4,0
310072,1,1,1997,0,0,0,0,0,0,0,0,0,0
310073,1,1,1997,17,0,0,0,22,0,0,0,0,0
310074,1,1,1997,5,5,5,5,5,5,5,5,5,5
310074,2,1,1997,0,0,0,0,0,0,0,0,0,9
310075,1,1,1997,14,14,14,14,14,14,14,14,14,14
310076,1,1,1997,0,0,0,0,0,0,0,0,0,0
310076,2,1,1997,6,6,6,6,6,6,6,6,6,6
310077,1,1,1997,0,0,0,0,0,0,0,0,0,0
310077,2,1,1997,0,0,0,0,0,5,0,0,0,0
310078,0,1,1997,0,0,0,0,0,0,0,0,0,0
310078,1,1,1997,0,0,0,0,0,0,0,0,0,0
310079,1,1,1997,19,19,19,19,19,19,19,19,19,19
310080,1,1,1997,0,0,0,0,0,0,0,0,0,0
310081,1,1,1997,0,0,0,0,0,0,0,0,0,0
310081,2,1,1997,0,0,0,0,0,0,0,0,0,0
310082,1,1,1997,13,7,24,9,20,28,8,14,19,10
310083,1,1,1997,0,0,0,0,0,0,0,0,0,0
310083,2,1,1997,0,0,0,0,0,0,0,0,0,0
310084,1,1,1997,0,0,0,0,0,0,0,0,0,0
310085,1,3,1997,19,9,0,31,17,0,0,0,13,42
310086,1,1,1997,0,0,0,0,0,0,0,0,0,0
310086,2,1,1997,0,0,0,0,0,0,0,0,0,0
310087,0,1,1997,0,0,31,0,34,29,0,0,0,10
310087,1,1,1997,10,10,10,10,10,10,10,10,10,10
310088,1,1,1997,11,11,11,11,11,11,11,11,11,11
310089,0,1,1997,0,0,0,0,0,0,0,0,0,0
310089,1,1,1997,0,0,0,0,0,0,0,0,0,0
310090,1,1,1997,0,0,0,0,0,0,0,0,0,0
310090,2,1,1997,0,0,0,0,0,0,0,0,0,0
310091,1,1,1997,16,16,16,16,16,16,16,16,16,16
310092,1,1,1997,0,0,0,0,0,0,0,0,0,0
310093,1,1,1997,17,17,17,17,17,17,17,17,17,17
310094,1,1,1997,13,13,13,13,13,13,13,13,13,13
310095,1,1,1997,0,0,0,0,0,0,0,0,0,0
310095,2,1,1997,0,0,0,0,0,0,0,0,0,0
310096,0,1,1997,26,26,26,26,26,26,26,26,26,26
310096,1,1,1997,18,18,18,18,18,18,18,18,18,18
310097,1,1,1997,0,0,0,0,0,0,0,0,0,0
310098,1,1,1997,0,0,0,0,0,0,0,0,0,0
310098,2,1,1997,0,0,0,0,0,0,0,0,0,0
310099,1,1,1997,0,0,0,0,0,0,0,0,0,0
310100,0,1,1997,10,10,10,10,10,10,10,10,10,10
310100,1,1,1997,10,10,10,10,10,10,10,10,10,10
310101,1,1,1997,0,0,0,0,0,0,0,0,0,0
310102,1,1,1997,4,4,4,4,4,4,4,4,4,4
310103,1,1,1997,0,0,0,0,0,0,0,0,0,0
310104,1,1,1997,0,0,0,0,0,0,0,0,0,0
310105,1,1,1997,0,0,0,0,0,0,0,0,0,0
310105,2,1,1997,0,0,0,0,0,0,0,0,0,0
310106,1,1,1997,0,0,0,0,0,0,0,0,0,0
310107,1,1,1997,17,17,17,17,17,17,17,17,17,17
310108,1,1,1997,20,20,20,20,20,20,20,20,20,20
310108,2,1,1997,0,0,0,0,0,0,0,0,0,0
310109,1,1,1997,27,0,0,0,10,0,24,10,0,11
310110,1,1,1997,0,0,0,0,0,0,0,0,0,0
310111,1,1,1997,0,0,0,0,0,0,0,0,0,0
310112,1,1,1997,10,10,10,10,10,10,10,10,10,10
310113,1,1,1997,0,0,0,0,0,0,0,0,0,0
310113,2,1,1997,0,0,0,0,0,0,0,0,0,0
310114,0,1,1997,29,29,29,29,29,29,29,29,29,29
310114,1,1,1997,0,0,0,0,0,0,0,0,0,0
310115,0,1,1997,9,9,9,9,9,9,9,9,9,9
310115,1,1,1997,0,0,0,0,0,0,0,0,0,0
310116,0,1,1997,0,0,0,0,28,0,0,0,0,0
310117,1,1,1997,0,0,0,0,0,0,0,0,0,0
310118,1,1,1997,0,0,0,0,0,0,0,0,0,0
310118,2,1,1997,0,0,0,0,0,0,0,0,0,0
310119,1,1,1997,0,0,0,0,0,0,0,0,0,0
310120,1,1,1997,0,0,0,0,0,0,0,0,0,0
310120,2,1,1997,0,0,0,0,0,0,0,0,0,0
310121,1,1,1997,5,5,5,5,5,5,5,5,5,5
310122,1,1,1997,15,15,15,15,15,15,15,15,15,15
310123,1,1,1997,18,18,18,18,18,18,18,18,18,18
310123,2,1,1997,19,19,19,19,19,19,19,19,19,19
310124,1,1,1997,0,0,0,0,0,0,0,0,0,0
310125,1,1,1997,0,0,0,0,0,0,0,0,0,0
310125,2,1,1997,0,0,0,0,0,0,0,0,0,0
310126,1,1,1997,0,11,0,10,0,0,0,13,0,0
310127,1,1,1997,0,0,0,0,0,0,0,0,0,0
310127,2,1,1997,0,0,0,0,0,0,0,0,0,0
310128,1,1,1997,27,27,27,27,27,27,27,27,27,27
310128,2,1,1997,16,16,16,16,16,16,16,16,16,16
310128,3,1,1997,0,0,0,0,0,0,0,0,0,0
310129,0,1,1997,0,0,0,0,0,0,0,0,0,0
310129,1,1,1997,10,10,10,10,10,10,10,10,10,10
310130,0,1,1997,35,35,35,35,35,35,35,35,35,35
310130,1,1,1997,0,0,0,0,0,0,0,0,0,0
310131,1,1,1997,8,8,8,8,8,8,8,8,8,8
310132,1,1,1997,5,5,5,5,5,5,5,5,5,5
310132,2,1,1997,0,0,0,0,0,0,0,0,0,28
310133,1,1,1997,0,0,0,0,0,0,0,0,0,0
310133,2,1,1997,0,0,0,0,0,0,0,0,0,0
310134,1,1,1997,12,12,12,12,12,12,12,12,12,12
310135,1,1,1997,0,3,0,0,0,14,23,0,14,8
310136,1,1,1997,15,15,15,15,15,15,15,15,15,15
310137,1,1,1997,0,0,0,0,14,0,13,0,0,0
310138,1,1,1997,0,0,0,0,0,0,0,0,0,0
310138,2,1,1997,0,0,0,0,0,0,0,0,0,0
310139,1,1,1997,0,0,0,0,0,0,0,0,0,0
310140,1,1,1997,17,17,17,17,17,17,17,17,17,17
310141,1,1,1997,0,0,0,0,0,0,0,0,0,0
310142,1,1,1997,20,20,20,20,20,20,20,20,20,20
310143,0,1,1997,0,0,0,0,0,0,0,0,0,0
310143,1,1,1997,0,0,0,0,0,0,0,0,0,0
310143,2,1,1997,0,0,0,0,0,0,0,0,0,0
310144,1,1,1997,0,0,0,0,0,0,0,0,0,0
310145,1,1,1997,0,0,0,0,0,0,0,0,0,0
310145,2,1,1997,0,0,0,0,0,0,0,0,0,0
310146,1,1,1997,11,11,11,11,11,11,11,11,11,11
310146,2,1,1997,4,4,4,4,4,4,4,4,4,4
310147,1,1,1997,0,0,0,0,0,0,0,0,0,0
310148,0,1,1997,0,0,0,0,0,0,0,0,0,0
310148,1,1,1997,0,0,0,0,0,0,0,0,0,0
310149,1,1,1997,0,20,0,21,25,0,0,0,0,0
310149,2,1,1997,0,0,0,0,0,0,0,0,0,0
310150,1,1,1997,0,0,0,0,0,0,0,0,0,0
310150,2,1,1997,5,5,5,5,5,5,5,5,5,5
310151,1,1,1997,0,0,0,0,0,0,0,0,0,0
310151,2,1,1997,0,0,0,0,0,0,0,0,0,0
310152,1,1,1997,16,16,16,16,16,16,16,16,16,16
310153,1,1,1997,0,0,0,0,0,0,0,0,0,0
310153,2,1,1997,0,0,0,0,0,0,0,0,0,0
310154,1,1,1997,0,0,0,0,0,0,0,0,0,0
310154,2,1,1997,0,0,0,0,0,0,0,0,0,0
310155,1,1,1997,0,0,0,0,0,0,0,0,0,0
310155,2,1,1997,0,0,0,0,0,0,0,0,0,0
310156,1,1,1997,0,0,0,0,0,0,0,0,0,0
310157,1,1,1997,18,18,18,18,18,18,18,18,18,18
310158,1,1,1997,0,0,0,0,0,0,0,0,0,0
310158,2,1,1997,0,0,0,0,0,0,0,0,0,0
310159,1,1,1997,0,0,0,0,0,0,0,0,0,0
310159,2,1,1997,0,0,0,0,0,0,0,0,0,0
310160,1,1,1997,4,4,4,4,4,4,4,4,4,4
310160,2,1,1997,14,0,0,27,0,0,0,0,0,0
310161,1,1,1997,12,12,12,12,12,12,12,12,12,12
310162,1,1,1997,23,23,23,23,23,23,23,23,23,23
310162,2,1,1997,0,0,0,0,0,0,0,0,0,0
310163,1,1,1997,0,0,16,17,32,0,0,10,25,0
310164,1,1,1997,0,0,0,0,0,0,0,0,0,0
310165,1,1,1997,0,0,0,0,0,0,0,0,0,0
310165,2,1,1997,0,0,0,0,0,0,0,0,0,0
310166,1,1,1997,0,0,0,0,0,0,35,14,0,37
310167,1,1,1997,0,0,0,0,0,0,0,0,0,0
310168,1,1,1997,0,0,0,0,0,0,0,0,22,0
310169,1,1,1997,0,0,0,0,0,0,0,0,0,0
310169,2,1,1997,0,0,0,0,0,0,0,0,0,0
310170,1,1,1997,0,0,0,0,0,0,0,0,0,0
310170,2,1,1997,0,0,0,0,0,0,0,0,0,0
310171,1,1,1997,24,24,24,24,24,24,24,24,24,24
310172,1,1,1997,0,0,0,0,0,0,0,0,0,0
310172,2,1,1997,0,0,0,0,0,0,0,0,0,0
310173,1,1,1997,0,0,0,0,0,0,0,0,0,0
310173,2,1,1997,0,0,0,0,0,0,0,0,0,0
310174,1,1,1997,0,0,0,0,0,0,0,0,0,0
310174,2,1,1997,0,0,0,0,0,0,0,0,0,0
310175,1,1,1997,8,8,8,8,8,8,8,8,8,8
310175,2,1,1997,0,0,0,0,0,0,0,0,0,0
310176,1,1,1997,0,0,0,0,0,0,0,0,0,0
310177,1,1,1997,0,0,0,0,0,0,0,0,0,0
310177,2,1,1997,12,12,12,12,12,12,12,12,12,12
310178,1,1,1997,0,0,0,0,0,0,0,0,0,0
310178,2,1,1997,0,0,0,0,0,0,0,0,0,0
310179,1,1,1997,0,0,0,0,0,0,0,0,0,0
310180,1,1,1997,0,0,0,0,0,0,0,0,0,0
310181,1,1,1997,17,17,17,17,17,17,17,17,17,17
310182,1,1,1997,16,16,16,16,16,16,16,16,16,16
310183,1,1,1997,10,10,10,10,10,10,10,10,10,10
310183,2,1,1997,0,0,0,0,0,0,9,0,0,0
310184,1,1,1997,0,0,0,0,0,0,0,0,0,0
310184,2,1,1997,0,0,0,0,0,0,0,0,0,0
310185,1,1,1997,0,0,0,0,0,0,0,0,0,0
310185,2,1,1997,0,0,0,0,0,0,0,0,0,0
310186,1,1,1997,0,0,0,0,0,0,0,0,0,0
310186,2,1,1997,0,0,0,0,0,0,0,0,0,0
310187,1,1,1997,28,28,28,28,28,28,28,28,28,28
310188,1,1,1997,6,6,6,6,6,6,6,6,6,6
310189,1,1,1997,0,0,0,0,0,0,0,0,0,0
310189,2,1,1997,15,15,15,15,15,15,15,15,15,15
310190,1,1,1997,0,0,0,0,0,0,0,0,0,0
310191,1,1,1997,0,0,0,0,0,0,0,0,0,0
310191,2,1,1997,0,0,0,0,0,0,0,0,0,0
310192,1,1,1997,0,0,0,0,0,0,0,0,0,0
310192,2,1,1997,0,0,0,0,0,0,0,0,0,0
310193,1,1,1997,0,0,0,0,0,0,0,0,0,0
310193,2,1,1997,0,0,0,0,0,0,0,0,0,0
310194,1,1,1997,0,0,0,0,0,0,0,0,0,0
310194,2,1,1997,0,0,0,0,0,0,0,0,0,0
310195,1,1,1997,0,0,0,0,0,0,0,0,0,0
310196,1,1,1997,0,0,0,0,0,0,0,0,0,0
310196,2,1,1997,0,0,0,0,0,0,0,0,0,0
310197,1,1,1997,0,0,0,0,0,0,0,0,0,0
310197,2,1,1997,0,0,0,0,0,0,0,0,0,0
310198,1,1,1997,0,0,0,0,0,0,0,0,0,0
310199,1,1,1997,0,0,0,0,0,0,0,0,0,0
310199,2,1,1997,0,0,0,0,0,0,0,0,0,0
310200,0,1,1997,0,0,0,0,0,0,0,0,0,0