ST_CASE,VEH_NO,PER_NO,YEAR,P1,P2,P3,P4,P5,P6,P7,P8,P9,P10
320201,1,1,1997,0,0,0,0,0,0,0,0,0,0
320202,1,1,1997,0,0,0,0,0,0,0,0,0,0
320202,2,1,1997,0,0,0,0,0,0,26,0,0,0
320202,3,1,1997,0,0,0,0,20,0,0,0,0,0
320202,4,1,1997,0,0,0,25,0,0,0,0,0,0
320202,5,1,1997,0,0,0,0,0,0,0,0,0,0
320203,0,1,1997,0,0,0,0,0,0,0,0,0,0
320203,1,1,1997,0,0,0,0,0,0,0,0,0,0
320204,1,1,1997,23,23,23,23,23,23,23,23,23,23
320205,1,1,1997,0,0,0,0,0,0,0,0,0,0
320205,2,1,1997,4,4,4,4,4,4,4,4,4,4
320206,1,1,1997,0,0,0,0,0,0,0,0,0,0
320207,1,1,1997,0,0,0,0,0,0,0,0,0,0
320207,2,1,1997,0,0,0,0,0,0,0,0,0,0
320208,1,1,1997,8,8,8,8,8,8,8,8,8,8
320209,1,1,1997,28,28,28,28,28,28,28,28,28,28
320210,1,1,1997,18,18,18,18,18,18,18,18,18,18
320211,1,1,1997,0,0,0,0,0,0,0,0,0,0
320212,1,1,1997,0,0,0,0,0,0,0,0,0,0
320212,2,1,1997,4,4,4,4,4,4,4,4,4,4
320213,1,1,1997,0,0,0,0,0,0,0,0,0,0
320214,1,1,1997,0,0,0,0,7,0,0,0,0,0
320215,1,1,1997,0,0,0,0,0,0,0,0,0,0
320215,2,1,1997,0,0,0,0,0,0,0,0,0,0
320216,1,1,1997,0,0,0,0,0,0,0,0,0,0
320216,2,1,1997,0,0,0,0,0,0,0,0,0,0
320216,3,1,1997,0,0,0,0,0,0,0,0,0,0
320217,1,1,1997,22,22,22,22,22,22,22,22,22,22
320218,1,1,1997,0,0,0,0,0,0,0,0,0,0
320218,2,1,1997,0,0,0,0,0,0,0,0,0,0
320219,1,1,1997,0,0,0,0,0,0,0,0,0,0
320219,2,1,1997,0,0,0,0,0,0,0,0,0,0
320220,1,1,1997,0,0,0,0,0,0,0,0,0,0
320221,1,1,1997,0,0,0,0,0,0,0,0,0,0
320221,2,1,1997,0,0,0,0,0,0,0,0,0,0
320222,1,1,1997,11,11,11,11,11,11,11,11,11,11
320223,0,1,1997,44,44,44,44,44,44,44,44,44,44
320223,1,1,1997,0,0,0,0,0,0,0,0,0,0
320224,0,1,1997,16,23,19,18,28,11,0,7,34,16
320224,1,1,1997,0,0,0,0,0,0,0,0,0,23
320225,1,1,1997,21,21,21,21,21,21,21,21,21,21
320226,1,1,1997,0,0,0,0,0,0,0,0,0,0
320227,1,1,1997,25,0,0,0,0,0,0,0,0,0
320228,1,1,1997,9,9,9,9,9,9,9,9,9,9
320228,2,1,1997,0,0,0,0,0,0,0,0,0,0
320229,0,1,1997,8,0,0,0,0,0,0,30,0,0
320229,1,1,1997,0,0,0,0,0,0,0,0,0,0
320230,0,1,1997,0,0,0,0,0,0,0,0,0,0
320230,1,1,1997,0,0,0,0,0,0,0,0,0,0
320231,1,1,1997,0,0,0,0,0,0,0,0,0,0
320231,2,1,1997,0,0,0,0,0,0,0,0,0,0
320232,1,1,1997,21,21,21,21,21,21,21,21,21,21
320232,2,1,1997,0,0,0,0,0,0,0,0,0,0
320233,1,1,1997,0,0,0,0,0,0,0,0,0,0
320234,1,1,1997,0,0,0,13,0,0,0,0,0,0
320234,2,1,1997,15,31,12,0,0,14,0,16,0,0
320235,1,1,1997,7,7,7,7,7,7,7,7,7,7
320236,1,1,1997,6,6,6,6,6,6,6,6,6,6
320237,1,1,1997,0,0,0,0,0,0,0,0,0,0
320238,1,1,1997,0,0,0,0,0,0,0,0,0,0
320239,1,1,1997,0,0,0,0,0,0,0,0,0,0
320240,1,1,1997,3,3,3,3,3,3,3,3,3,3
320241,0,1,1997,18,18,18,18,18,18,18,18,18,18
320241,1,1,1997,1,1,1,1,1,1,1,1,1,1
320242,1,1,1997,0,0,0,0,0,0,0,0,0,0
320243,1,1,1997,0,0,0,0,0,0,0,0,0,0
320244,1,1,1997,18,18,18,18,18,18,18,18,18,18
320245,1,1,1997,0,0,0,0,0,0,0,0,0,0
320246,1,1,1997,0,0,0,0,0,0,0,0,0,0
320247,1,1,1997,18,18,18,18,18,18,18,18,18,18
320247,2,1,1997,0,0,0,0,0,0,0,14,0,0
320248,1,1,1997,4,4,4,4,4,4,4,4,4,4
320249,1,1,1997,6,6,6,6,6,6,6,6,6,6
320250,1,1,1997,18,18,18,18,18,18,18,18,18,18
320251,0,1,1997,26,26,26,26,26,26,26,26,26,26
320251,1,1,1997,5,5,5,5,5,5,5,5,5,5
320252,0,1,1997,0,0,0,0,0,0,0,0,0,0
320252,1,1,1997,0,0,0,0,0,0,0,0,0,0
320253,1,1,1997,27,27,27,27,27,27,27,27,27,27
320253,2,1,1997,0,0,0,0,0,0,0,0,0,0
320254,1,1,1997,25,25,25,25,25,25,25,25,25,25
320255,0,1,1997,0,0,0,0,0,44,0,27,24,0
320255,1,1,1997,0,0,0,0,0,0,0,0,0,0
320256,1,1,1997,0,0,0,0,0,0,0,0,0,0
320256,2,1,1997,0,0,0,0,0,0,0,0,0,0
320257,0,1,1997,32,32,32,32,32,32,32,32,32,32
320257,1,1,1997,0,0,11,0,22,16,0,0,0,0
320257,2,1,1997,0,0,0,0,36,0,0,21,7,10
320258,1,1,1997,0,0,0,0,0,0,0,0,11,0
320258,2,1,1997,0,0,0,0,0,0,0,0,0,0
320259,1,1,1997,28,28,28,28,28,28,28,28,28,28
320259,2,1,1997,0,0,0,0,0,0,0,0,0,0
320259,3,1,1997,0,0,0,0,0,0,0,0,0,0
320260,1,1,1997,0,0,0,0,0,0,0,0,0,0
320260,2,1,1997,0,0,0,0,0,0,0,0,0,0
320261,1,1,1997,0,0,0,0,0,0,0,0,0,0
320262,1,1,1997,22,22,22,22,22,22,22,22,22,22
320262,2,1,1997,4,4,4,4,4,4,4,4,4,4
320262,3,1,1997,0,0,0,0,0,0,0,0,0,0
320263,1,1,1997,11,11,11,11,11,11,11,11,11,11
320264,0,1,1997,0,22,0,0,0,0,0,8,0,11
320264,1,1,1997,0,0,0,0,0,0,0,0,0,0
320265,1,1,1997,15,15,15,15,15,15,15,15,15,15
320265,2,1,1997,0,0,0,0,0,0,0,0,0,0
320266,0,1,1997,0,0,0,0,0,0,0,0,0,0
320266,1,1,1997,2,2,2,2,2,2,2,2,2,2
320267,0,1,1997,36,36,36,36,36,36,36,36,36,36
320267,1,1,1997,0,0,0,0,0,0,0,0,0,0
320268,1,1,1997,13,0,14,11,0,6,13,12,0,0
320268,2,1,1997,0,0,0,0,0,0,0,0,0,0
320269,1,1,1997,0,0,0,0,0,0,0,0,0,0
320269,2,1,1997,0,0,0,0,0,0,0,0,0,0
320270,0,1,1997,23,23,23,23,23,23,23,23,23,23
320270,1,1,1997,0,0,0,0,0,0,0,0,0,0
320271,1,1,1997,0,0,0,0,0,0,0,0,0,16
320271,2,1,1997,0,0,0,0,0,0,0,0,0,0
320272,1,1,1997,13,13,13,13,13,13,13,13,13,13
320272,2,1,1997,0,0,0,0,0,0,0,10,0,0
320272,3,1,1997,0,0,0,0,0,0,0,0,0,0
320272,4,1,1997,0,14,0,19,0,24,0,7,0,10
320272,5,1,1997,0,0,0,0,0,0,0,0,0,0
320272,6,1,1997,0,0,8,0,0,15,17,0,0,0
320273,0,1,1997,0,13,0,0,0,0,0,0,0,0
320273,1,1,1997,0,0,0,0,0,0,0,0,0,0
320274,1,1,1997,0,0,0,0,11,0,0,0,0,0
320274,2,1,1997,0,0,0,0,0,0,0,0,0,0
320274,3,1,1997,0,0,0,0,0,0,0,0,0,0
320274,4,1,1997,0,0,0,0,0,0,0,0,0,0
320275,1,1,1997,0,0,0,0,0,0,0,0,0,0
320275,2,1,1997,0,0,0,0,0,0,0,0,0,0
320276,0,1,1997,27,27,27,27,27,27,27,27,27,27
320276,1,1,1997,0,0,0,0,0,0,12,0,12,0
320277,1,1,1997,0,0,0,0,0,0,0,0,0,0
320277,2,1,1997,0,0,0,5,0,0,0,0,0,0
320278,0,1,1997,0,0,0,0,0,0,0,0,0,0
320278,0,2,1997,10,0,8,28,13,0,19,0,17,0
320278,1,1,1997,0,0,0,3,0,0,0,0,0,15
320279,1,1,1997,2,2,2,2,2,2,2,2,2,2
320280,0,1,1997,36,36,36,36,36,36,36,36,36,36
320280,1,1,1997,0,0,0,0,0,0,0,0,0,0
320280,2,1,1997,0,0,0,0,0,0,4,0,0,0
320281,1,1,1997,0,0,0,0,0,0,0,0,0,0
320281,2,1,1997,0,0,0,0,0,0,4,0,0,0
320281,3,1,1997,7,0,0,0,0,0,0,0,0,0
320282,0,1,1997,0,0,0,0,0,0,13,0,0,11
320282,1,1,1997,0,0,0,0,0,0,0,0,0,21
320283,0,1,1997,0,0,0,0,0,0,0,0,0,0
320283,0,2,1997,0,0,0,0,0,0,0,0,0,0
320283,1,1,1997,0,0,0,0,0,0,0,0,0,0
320284,1,1,1997,0,0,0,0,0,0,0,0,0,0
320284,2,1,1997,0,0,0,0,0,6,0,0,6,0
320285,0,1,1997,1,1,1,1,1,1,1,1,1,1
320285,1,1,1997,0,0,0,0,0,0,0,0,0,0
320286,1,1,1997,0,0,0,0,0,0,0,0,0,0
320286,2,1,1997,0,0,0,0,0,0,0,0,0,0
320287,1,1,1997,0,0,0,0,0,0,0,0,0,0
320288,1,1,1997,0,0,0,0,0,0,0,0,0,0
320288,2,1,1997,2,2,2,2,2,2,2,2,2,2
320289,1,1,1997,0,0,0,0,0,0,0,0,0,0
320290,0,1,1997,0,0,10,26,12,0,0,18,0,0
320290,1,1,1997,0,0,0,0,0,0,0,0,0,0
320291,1,1,1997,0,0,0,0,0,0,0,7,0,9
320291,2,1,1997,0,0,0,0,0,0,0,0,0,0
320292,1,1,1997,0,0,0,0,0,0,0,0,0,0
320292,2,1,1997,0,0,0,0,0,0,0,0,0,0
320293,1,1,1997,0,0,17,0,0,0,0,0,0,0
320293,2,1,1997,0,0,0,0,0,0,0,0,0,0
320293,3,1,1997,0,0,0,0,0,0,0,0,0,0
320294,1,1,1997,0,0,0,0,0,0,0,0,0,0
320295,1,1,1997,1,1,1,1,1,1,1,1,1,1
320295,2,1,1997,0,0,0,0,0,0,0,0,10,0
320296,1,1,1997,0,0,0,0,0,0,0,0,0,16
320297,0,1,1997,8,8,8,8,8,8,8,8,8,8
320297,1,1,1997,0,0,0,0,0,0,0,0,0,0
320298,1,1,1997,0,0,0,0,0,0,0,0,0,0
320299,1,1,1997,0,0,0,0,0,0,0,0,0,0
320300,1,1,1997,0,0,0,0,0,0,0,0,0,0
320301,1,1,1997,0,0,0,0,0,0,0,0,0,0
320302,1,1,1997,0,0,0,0,0,0,0,0,0,0
320303,1,1,1997,0,0,0,0,0,0,0,0,0,0
320304,1,1,1997,0,0,0,0,0,0,0,0,0,0
320304,2,1,1997,0,0,0,0,0,0,0,0,0,0
320304,3,1,1997,0,0,0,0,0,0,12,0,0,0
320305,0,1,1997,23,23,23,23,23,23,23,23,23,23
320305,1,1,1997,0,0,0,0,0,0,0,0,0,0
320306,1,1,1997,22,22,22,22,22,22,22,22,22,22
320307,0,1,1997,23,23,23,23,23,23,23,23,23,23
320307,1,1,1997,0,0,0,0,0,0,0,0,0,0
320307,2,1,1997,7,0,0,5,20,5,19,0,9,4
320308,1,1,1997,0,0,0,0,0,0,0,0,0,0
320308,2,1,1997,0,0,0,13,0,0,0,0,0,0
320309,1,1,1997,0,0,0,0,0,0,0,0,0,0
320309,2,1,1997,4,4,4,4,4,4,4,4,4,4
320310,1,1,1997,14,14,14,14,14,14,14,14,14,14
320310,2,1,1997,0,0,0,0,13,0,0,0,0,11
320311,0,1,1997,0,0,0,0,0,0,0,0,0,0
320311,1,1,1997,0,0,0,0,0,0,0,0,0,0
320312,1,1,1997,0,0,0,0,0,0,0,0,0,0
320312,2,1,1997,17,17,17,17,17,17,17,17,17,17
320313,0,1,1997,21,21,21,21,21,21,21,21,21,21
320313,1,1,1997,0,0,0,0,0,0,0,0,0,0
320314,1,1,1997,0,0,0,0,0,0,0,0,0,0
320314,2,1,1997,0,0,0,1,0,0,0,0,0,0
320315,0,1,1997,0,0,0,0,0,0,0,0,0,0
320315,1,1,1997,0,0,0,0,27,0,0,0,0,0
320315,2,1,1997,0,0,0,0,0,0,0,0,0,0
320316,1,1,1997,56,56,56,56,56,56,56,56,56,56
320317,0,1,1997,0,0,0,0,0,0,0,0,0,0
320317,1,1,1997,0,0,0,0,0,0,0,0,0,0
320318,1,1,1997,21,21,21,21,21,21,21,21,21,21
320319,1,1,1997,0,0,0,0,0,0,0,0,0,0
320320,1,1,1997,0,0,0,0,0,0,0,0,0,0
320320,2,1,1997,0,0,0,0,0,0,0,0,0,0
320321,0,1,1997,0,0,0,0,0,0,0,0,0,0
320321,1,1,1997,7,14,0,0,10,0,0,0,0,0
320322,1,1,1997,13,13,13,13,13,13,13,13,13,13
330001,1,1,1997,22,22,22,22,22,22,22,22,22,22
330002,1,1,1997,0,0,0,0,0,0,31,0,0,25
330003,1,1,1997,11,11,11,11,11,11,11,11,11,11
330004,1,1,1997,0,0,0,0,0,0,0,0,0,0
330004,2,1,1997,0,0,0,0,0,0,0,0,0,0
330005,1,1,1997,0,4,0,0,0,0,0,0,0,0
330006,1,1,1997,0,0,0,0,0,0,0,0,0,0
330006,2,1,1997,0,20,11,0,0,0,16,12,0,4
330007,1,1,1997,8,0,0,0,0,0,0,0,0,12
330007,2,1,1997,0,0,0,0,0,0,0,0,0,0
330008,1,1,1997,0,0,0,0,0,0,0,0,0,0
330008,2,1,1997,4,0,0,0,0,0,0,0,0,0
330009,1,1,1997,0,0,0,0,0,0,0,0,0,0
330010,1,1,1997,33,33,33,33,33,33,33,33,33,33
330011,1,1,1997,0,0,0,0,0,0,0,0,0,0
330011,2,1,1997,0,0,0,0,0,0,0,0,0,0
330012,1,1,1997,0,0,0,0,0,0,0,0,0,0
330013,1,1,1997,0,0,0,0,0,0,0,21,2,0
330013,2,1,1997,4,4,4,4,4,4,4,4,4,4
330015,1,1,1997,0,0,0,10,0,23,14,0,0,0
330016,1,1,1997,23,23,23,23,23,23,23,23,23,23
330016,2,1,1997,0,0,0,0,0,0,0,0,0,0
330017,0,1,1997,0,0,0,0,0,26,0,0,0,0
330017,1,1,1997,0,0,0,0,0,0,0,0,0,0
330018,1,1,1997,22,22,22,22,22,22,22,22,22,22
330019,1,1,1997,0,0,0,0,0,0,0,0,0,0
330020,1,1,1997,0,0,0,0,0,0,0,0,0,0
330020,2,1,1997,0,0,0,0,0,0,0,0,0,0
330021,1,1,1997,18,18,18,18,18,18,18,18,18,18
330021,2,1,1997,0,0,0,0,0,0,0,0,0,0
330022,1,1,1997,19,19,19,19,19,19,19,19,19,19
330023,1,1,1997,0,0,0,0,0,0,0,0,0,0
330023,2,1,1997,0,0,0,0,0,0,0,0,0,0
330024,0,1,1997,17,17,17,17,17,17,17,17,17,17
330024,1,1,1997,0,0,0,0,0,0,0,0,0,0
330025,1,1,1997,15,15,15,15,15,15,15,15,15,15
330026,1,1,1997,20,20,20,20,20,20,20,20,20,20
330027,1,1,1997,0,0,0,18,0,0,0,0,0,0
330028,1,1,1997,0,0,0,0,0,0,0,0,0,0
330028,2,1,1997,0,0,0,0,0,0,0,0,0,0
330029,1,1,1997,7,13,18,15,25,29,30,0,30,16
330030,1,1,1997,0,0,0,0,0,0,0,0,0,0
330031,1,1,1997,14,14,14,14,14,14,14,14,14,14
330032,1,1,1997,0,0,0,0,0,0,0,0,0,0
330032,2,1,1997,0,0,0,0,0,0,0,0,0,30
330033,1,1,1997,0,0,0,0,0,0,0,0,0,0
330033,2,1,1997,0,0,0,0,0,0,0,0,0,0
330034,1,1,1997,0,0,0,0,0,0,0,0,0,0
330035,1,1,1997,0,6,0,0,0,0,0,0,0,0
330036,1,1,1997,28,28,28,28,28,28,28,28,28,28
330037,1,1,1997,2,2,2,2,2,2,2,2,2,2
330037,2,1,1997,0,0,0,0,0,0,0,0,0,0
330038,1,1,1997,19,19,19,19,19,19,19,19,19,19
330039,0,1,1997,0,0,0,0,0,0,0,0,0,0
330039,1,1,1997,0,0,0,0,0,0,0,0,0,11
330040,1,1,1997,13,13,13,13,13,13,13,13,13,13
330041,1,1,1997,25,25,25,25,25,25,25,25,25,25
330042,1,1,1997,0,0,0,0,0,0,0,0,0,0
330042,2,1,1997,0,0,0,0,0,0,0,0,0,0
330043,1,1,1997,6,0,14,0,18,0,0,0,0,18
330044,1,1,1997,0,0,0,0,0,0,0,0,0,0
330044,2,1,1997,0,0,0,0,0,0,0,0,0,0
330045,1,1,1997,0,0,0,0,0,0,0,0,0,0
330045,2,1,1997,0,0,0,0,0,0,0,0,0,0
330046,1,1,1997,12,12,12,12,12,12,12,12,12,12
330047,1,1,1997,0,0,0,0,0,0,0,0,0,0
330047,2,1,1997,0,0,0,0,0,0,0,0,0,0
330048,1,1,1997,21,21,21,21,21,21,21,21,21,21
330049,1,1,1997,21,20,27,15,18,19,6,26,26,14
330050,0,1,1997,0,0,13,0,0,16,0,0,0,0
330050,1,1,1997,0,0,21,0,0,0,0,0,0,0
330051,1,1,1997,25,25,25,25,25,25,25,25,25,25
330051,2,1,1997,0,0,0,0,0,0,0,0,0,0
330052,1,1,1997,15,15,15,15,15,15,15,15,15,15
330052,2,1,1997,0,0,0,0,0,0,0,0,0,0
330053,1,1,1997,5,5,5,5,5,5,5,5,5,5
330053,2,1,1997,0,0,0,0,0,0,0,0,0,0
330054,0,1,1997,0,0,0,0,0,0,0,0,0,0
330054,1,1,1997,0,0,0,0,0,0,0,0,0,0
330055,1,1,1997,9,9,9,9,9,9,9,9,9,9
330056,1,1,1997,0,0,0,0,0,0,0,0,0,0
330056,2,1,1997,0,0,0,0,0,0,0,0,0,0
330057,1,1,1997,0,0,0,0,0,0,0,0,0,0
330058,1,1,1997,0,0,0,0,0,0,0,0,0,0
330059,1,1,1997,16,16,16,16,16,16,16,16,16,16
330059,2,1,1997,0,0,0,10,0,0,0,0,18,13
330059,3,1,1997,0,13,0,0,0,0,0,0,0,15
330060,1,1,1997,13,13,13,13,13,13,13,13,13,13
330061,1,1,1997,5,5,5,5,5,5,5,5,5,5
330062,1,1,1997,0,0,0,10,0,0,0,0,8,0
330062,2,1,1997,0,0,10,14,0,0,0,0,0,0
330063,0,1,1997,0,0,0,0,0,0,0,0,0,0
330063,1,1,1997,0,0,0,0,0,0,0,0,0,0
330064,1,1,1997,0,0,0,0,0,0,0,0,0,0
330065,1,1,1997,0,0,0,12,0,0,0,5,0,0
330065,2,1,1997,11,0,0,0,0,0,0,0,0,0
330066,1,1,1997,17,17,17,17,17,17,17,17,17,17
330067,1,1,1997,12,12,12,12,12,12,12,12,12,12
330068,1,1,1997,0,0,0,0,0,0,0,0,0,0
330068,2,1,1997,0,0,0,0,0,0,0,0,0,0
330069,1,1,1997,0,0,0,0,0,0,0,0,0,0
330069,2,1,1997,0,0,0,0,0,0,0,0,0,0
330070,0,1,1997,0,0,0,0,0,0,0,0,0,0
330070,1,1,1997,14,14,14,14,14,14,14,14,14,14
330071,1,1,1997,0,0,0,0,0,0,0,0,0,0
330072,1,1,1997,4,0,0,0,0,0,0,0,0,0
330072,2,1,1997,0,0,0,0,0,0,0,0,0,0
330073,1,1,1997,0,0,0,0,0,0,0,0,0,0
330074,1,1,1997,16,32,0,35,12,20,0,13,12,14
330075,1,1,1997,18,18,18,18,18,18,18,18,18,18
330076,1,1,1997,0,0,0,0,0,0,0,0,0,0
330076,2,1,1997,0,0,0,0,0,0,0,0,0,0
330077,1,1,1997,29,29,29,29,29,29,29,29,29,29
330078,1,1,1997,24,0,0,21,21,21,0,0,11,30
330078,2,1,1997,0,0,0,0,0,0,0,2,0,0
330078,3,1,1997,5,9,0,0,0,9,9,0,0,0
330079,1,1,1997,7,7,7,7,7,7,7,7,7,7
330080,0,1,1997,24,12,0,10,0,0,26,0,22,9
330080,1,1,1997,0,0,16,0,0,13,21,0,0,20
330081,1,1,1997,16,16,16,16,16,16,16,16,16,16
330082,0,1,1997,0,0,0,0,0,0,0,0,0,0
330082,1,1,1997,0,0,0,0,0,0,0,0,0,0
330083,0,1,1997,0,0,0,0,0,0,0,0,0,0
330083,1,1,1997,0,0,0,0,0,0,0,0,0,0
330084,1,1,1997,22,22,22,22,22,22,22,22,22,22
330084,2,1,1997,0,0,0,0,0,0,0,0,0,0
330085,1,1,1997,8,8,8,8,8,8,8,8,8,8
330086,1,1,1997,0,0,0,0,0,0,0,0,0,0
330086,2,1,1997,0,0,0,0,0,0,0,0,0,0
330087,0,1,1997,0,0,0,0,0,0,0,0,0,0
330087,1,1,1997,0,0,0,0,0,0,0,0,0,0
330088,1,1,1997,21,21,21,21,21,21,21,21,21,21
330089,1,1,1997,0,0,0,0,0,0,0,0,0,0
330090,1,1,1997,1,1,1,1,1,1,1,1,1,1
330090,2,1,1997,0,0,0,0,0,0,0,0,0,0
330091,1,1,1997,0,0,22,0,0,0,0,0,0,15
330092,1,1,1997,33,33,33,33,33,33,33,33,33,33
330092,2,1,1997,0,0,0,0,0,0,0,0,0,0
330093,1,1,1997,0,0,0,0,12,0,0,0,0,0
330093,2,1,1997,0,0,0,0,0,0,0,0,0,0
330093,3,1,1997,0,0,0,0,0,11,0,0,0,0
330094,1,1,1997,0,0,0,0,0,0,0,0,0,0
330095,1,1,1997,10,10,10,10,10,10,10,10,10,10
330096,1,1,1997,0,0,0,0,0,0,0,0,0,0
330096,2,1,1997,0,0,0,0,0,0,0,0,0,0
330096,3,1,1997,0,0,0,0,0,0,0,0,0,0
330097,1,1,1997,0,0,0,0,0,0,0,0,0,0
330097,2,1,1997,0,0,0,0,5,0,0,0,0,0
330098,1,1,1997,25,0,0,0,0,25,0,6,0,0
330098,2,1,1997,17,0,0,0,0,0,0,0,0,0
330099,1,1,1997,17,17,17,17,17,17,17,17,17,17
330100,0,1,1997,31,31,31,31,31,31,31,31,31,31
330100,1,1,1997,0,0,0,0,0,0,0,0,0,0
330101,1,1,1997,11,0,11,0,0,0,0,0,0,0
330101,2,1,1997,0,0,0,0,0,0,0,0,0,0
330102,1,1,1997,25,25,25,25,25,25,25,25,25,25
330103,0,1,1997,34,0,61,0,16,0,12,0,0,0
330103,1,1,1997,0,0,0,0,0,0,0,0,0,0
330104,1,1,1997,0,0,0,0,0,0,0,0,0,0
330104,2,1,1997,0,0,0,0,0,0,0,0,0,0
330105,1,1,1997,0,0,0,0,0,0,0,22,0,0
330105,2,1,1997,0,0,0,0,0,0,0,18,0,0
330106,1,1,1997,0,0,0,0,0,0,0,0,0,0
330107,1,1,1997,32,32,32,32,32,32,32,32,32,32
330108,1,1,1997,0,0,0,0,0,0,0,0,0,0
330109,1,1,1997,0,0,0,0,0,0,0,0,0,0
330109,2,1,1997,0,0,0,0,0,0,0,0,0,0
330109,3,1,1997,0,22,0,0,0,0,0,0,0,0
330110,1,1,1997,21,21,21,21,21,21,21,21,21,21
330111,1,1,1997,0,0,0,0,0,0,0,0,0,0
330112,1,1,1997,6,6,6,6,6,6,6,6,6,6
330113,1,1,1997,0,0,0,0,0,0,0,0,0,0
330113,2,1,1997,0,0,0,0,0,0,0,0,0,0
330114,1,1,1997,15,15,15,15,15,15,15,15,15,15
330114,2,1,1997,0,0,0,0,0,0,0,0,3,0
330115,1,1,1997,0,0,0,0,0,0,0,0,0,0
330115,2,1,1997,0,19,0,0,0,0,0,0,0,0
330116,1,1,1997,0,0,0,0,0,0,0,0,0,0
330116,2,1,1997,0,0,0,0,0,0,0,0,0,0
330117,1,1,1997,0,0,0,0,0,0,0,0,0,0
330118,1,1,1997,19,19,19,19,19,19,19,19,19,19
330119,1,1,1997,0,0,0,0,0,0,0,0,0,0
330119,2,1,1997,0,0,0,0,0,0,0,0,0,0
330120,0,1,1997,0,0,0,0,0,7,0,0,7,21
330120,1,1,1997,0,0,6,0,0,0,0,0,0,0
330121,1,1,1997,0,0,0,0,0,0,0,0,0,0
330121,2,1,1997,1,1,1,1,1,1,1,1,1,1
340001,1,1,1997,0,0,0,0,16,0,0,0,16,0
340002,1,1,1997,0,0,0,0,0,0,0,0,0,0
340003,1,1,1997,0,0,0,9,0,0,0,0,0,0
340003,2,1,1997,5,5,5,5,5,5,5,5,5,5
340004,1,1,1997,27,27,27,27,27,27,27,27,27,27
340004,2,1,1997,11,0,0,0,0,0,0,0,0,0
340005,1,1,1997,0,0,0,0,24,0,0,0,0,0
340005,2,1,1997,0,0,0,0,0,0,0,0,0,0
340006,1,1,1997,0,0,0,0,0,0,0,0,0,0
340006,2,1,1997,0,0,0,0,0,0,0,0,0,0
340007,1,1,1997,22,22,22,22,22,22,22,22,22,22
340007,2,1,1997,0,0,0,0,0,11,0,0,0,0
340008,0,1,1997,0,0,0,0,0,0,0,0,0,0
340008,1,1,1997,9,9,9,9,9,9,9,9,9,9
340008,2,1,1997,0,0,0,0,0,0,0,0,0,0
340009,1,1,1997,0,0,0,4,0,0,12,0,0,0
340009,2,1,1997,0,0,25,0,10,0,3,24,0,0
340010,0,1,1997,0,0,0,0,0,0,0,0,0,0
340010,1,1,1997,0,0,0,0,0,0,0,0,0,0
340011,1,1,1997,0,0,0,0,0,0,0,0,0,0
340011,2,1,1997,0,0,0,0,0,0,0,0,0,0
340012,0,1,1997,0,0,0,0,0,0,0,0,0,0
340012,1,1,1997,0,0,0,0,0,0,0,0,0,0
340013,1,1,1997,14,14,14,14,14,14,14,14,14,14
340015,1,1,1997,0,0,0,0,0,0,0,0,0,0
340016,0,1,1997,0,0,0,0,0,0,0,0,0,0
340016,1,1,1997,0,0,0,0,0,0,0,0,0,0
340017,1,1,1997,0,0,0,0,0,0,0,0,0,0
340018,1,1,1997,4,0,0,0,0,0,0,10,0,0
340019,1,1,1997,0,0,0,0,0,10,0,0,0,0
340019,2,1,1997,0,0,0,0,0,0,0,0,0,0
340020,1,1,1997,0,11,0,0,0,0,0,0,0,0
340020,2,1,1997,0,0,0,0,0,0,0,0,0,0
340021,1,1,1997,0,0,0,0,0,0,0,0,0,0
340021,2,1,1997,0,0,0,0,0,0,0,0,0,0
340022,1,1,1997,0,0,0,0,0,0,0,0,0,0
340023,2,1,1997,0,0,0,0,0,0,0,0,0,0
340024,1,1,1997,0,0,0,0,0,0,0,0,0,0
340024,2,1,1997,0,0,0,0,0,0,0,0,0,0
340025,0,1,1997,37,37,37,37,37,37,37,37,37,37
340025,1,1,1997,18,0,0,0,0,0,0,0,0,11
340025,2,1,1997,11,0,0,0,0,0,0,0,0,7
340026,1,1,1997,0,0,0,0,0,0,0,0,0,0
340026,2,1,1997,0,0,0,0,0,0,0,0,0,0
340027,1,1,1997,4,4,4,4,4,4,4,4,4,4
340028,1,1,1997,0,0,0,0,0,0,0,0,0,0
340029,1,1,1997,0,0,0,0,0,0,0,0,0,0
340029,2,1,1997,0,0,0,0,0,0,0,0,0,0
340030,0,1,1997,14,14,14,14,14,14,14,14,14,14
340030,1,1,1997,0,0,0,0,0,0,0,0,0,0
340031,1,1,1997,0,0,0,0,0,0,0,0,0,0
340033,1,1,1997,0,0,0,25,0,0,0,0,0,0
340034,1,1,1997,0,0,0,0,0,0,0,0,0,0