ST_CASE,VEH_NO,PER_NO,YEAR,P1,P2,P3,P4,P5,P6,P7,P8,P9,P10
340035,0,1,1997,25,25,25,25,25,25,25,25,25,25
340035,1,1,1997,1,1,1,1,1,1,1,1,1,1
340036,1,1,1997,0,0,0,0,0,0,0,0,0,0
340037,1,1,1997,0,0,0,0,0,0,0,0,0,0
340038,0,1,1997,0,0,0,0,0,0,0,0,0,0
340038,1,1,1997,0,0,0,0,0,0,0,0,0,0
340039,1,1,1997,19,19,19,19,19,19,19,19,19,19
340040,1,1,1997,12,12,12,12,12,12,12,12,12,12
340041,1,1,1997,13,13,13,13,13,13,13,13,13,13
340042,0,1,1997,0,0,0,0,0,0,0,0,0,0
340042,1,1,1997,0,0,0,0,0,0,0,5,0,0
340043,1,1,1997,11,11,11,11,11,11,11,11,11,11
340044,1,1,1997,0,0,0,0,0,0,0,0,0,0
340045,1,1,1997,0,0,0,0,0,0,0,0,0,0
340045,2,1,1997,0,0,0,0,0,0,0,0,0,0
340046,1,1,1997,18,18,18,18,18,18,18,18,18,18
340047,1,1,1997,0,0,0,0,0,0,0,0,0,0
340048,0,1,1997,33,33,33,33,33,33,33,33,33,33
340048,1,1,1997,0,0,0,0,0,0,11,0,0,0
340049,0,1,1997,0,0,0,0,0,0,0,0,0,0
340049,1,1,1997,0,0,15,0,13,0,0,20,0,0
340050,1,1,1997,0,0,0,0,0,0,0,0,0,0
340050,2,1,1997,0,0,0,0,0,0,0,0,0,0
340051,1,1,1997,0,0,0,0,0,0,0,0,0,0
340051,2,1,1997,0,0,0,0,0,0,0,0,0,0
340052,1,1,1997,0,0,0,0,0,0,0,0,0,0
340052,2,1,1997,0,0,0,0,0,0,0,0,0,0
340053,1,1,1997,0,0,0,0,0,0,0,0,0,0
340053,2,1,1997,0,0,0,0,0,0,0,0,0,12
340054,1,1,1997,0,0,0,0,0,0,0,0,0,0
340055,1,1,1997,0,0,0,0,0,0,0,0,0,0
340056,1,1,1997,0,0,0,0,0,0,0,0,0,0
340056,2,1,1997,0,0,0,0,0,0,0,0,0,0
340057,1,1,1997,32,0,0,0,0,0,0,0,20,0
340058,1,1,1997,0,0,0,0,0,0,0,0,0,0
340058,2,1,1997,0,0,0,0,0,0,0,0,0,0
340059,0,1,1997,0,0,0,0,0,0,0,0,0,0
340059,1,1,1997,0,0,0,0,0,0,0,0,0,0
340060,1,1,1997,0,0,0,14,5,0,0,26,0,0
340061,1,1,1997,0,0,0,25,0,0,0,0,0,0
340062,1,1,1997,0,0,0,0,0,0,0,0,0,0
340063,1,1,1997,0,0,0,0,0,0,0,0,0,0
340064,1,1,1997,26,26,26,26,26,26,26,26,26,26
340064,2,1,1997,0,0,0,0,0,0,0,0,0,0
340065,1,1,1997,0,0,0,0,0,0,0,0,0,0
340066,1,1,1997,0,0,0,0,0,0,0,0,0,0
340066,2,1,1997,0,0,0,0,0,0,0,0,0,0
340067,1,1,1997,0,0,0,0,0,0,0,0,0,0
340068,0,1,1997,25,25,25,25,25,25,25,25,25,25
340068,1,1,1997,0,0,0,0,0,0,0,0,0,0
340069,1,1,1997,0,0,0,0,0,0,0,0,0,0
340070,1,1,1997,16,16,16,16,16,16,16,16,16,16
340071,1,1,1997,0,0,0,0,0,17,0,0,0,0
340072,1,1,1997,0,0,0,0,0,0,0,0,0,0
340073,1,1,1997,0,0,0,0,0,0,0,0,0,0
340073,2,1,1997,0,0,0,0,0,0,0,0,0,0
340074,1,1,1997,0,0,0,0,0,0,0,0,0,0
340074,2,1,1997,0,0,0,0,0,0,0,0,0,0
340075,0,1,1997,0,0,0,0,0,0,0,0,0,0
340075,1,1,1997,0,0,0,0,12,0,0,0,0,0
340076,1,1,1997,0,0,0,0,0,0,0,0,0,0
340076,2,1,1997,0,0,0,0,0,0,0,0,0,0
340077,1,1,1997,0,0,0,0,0,0,0,0,0,0
340078,1,1,1997,0,0,0,0,0,0,0,0,0,0
340078,2,1,1997,0,0,0,0,0,0,0,0,0,0
340079,1,1,1997,0,0,0,0,0,0,0,0,0,0
340080,0,1,1997,0,0,0,0,0,0,0,0,0,0
340080,1,1,1997,16,16,16,16,16,16,16,16,16,16
340081,0,1,1997,0,0,0,0,0,0,0,0,0,0
340081,1,1,1997,0,0,0,0,0,0,0,0,0,0
340081,2,1,1997,0,0,0,0,0,0,0,0,0,0
340082,1,1,1997,0,0,0,0,0,0,0,0,0,0
340082,2,1,1997,0,0,0,0,0,0,0,0,0,0
340084,1,1,1997,13,13,13,13,13,13,13,13,13,13
340085,0,1,1997,31,31,31,31,31,31,31,31,31,31
340085,1,1,1997,0,0,12,0,0,0,10,15,0,0
340086,1,1,1997,0,0,0,0,0,0,0,20,0,0
340087,1,1,1997,4,4,4,4,4,4,4,4,4,4
340088,1,1,1997,0,0,0,0,0,0,0,0,0,0
340089,1,1,1997,0,0,0,0,0,0,0,0,0,0
340089,2,1,1997,0,0,0,0,0,0,0,0,0,0
340090,1,1,1997,15,15,15,15,15,15,15,15,15,15
340091,1,1,1997,15,15,15,15,15,15,15,15,15,15
340093,0,1,1997,0,0,0,0,0,0,0,0,0,0
340093,1,1,1997,0,0,0,0,0,0,0,0,0,0
340094,1,1,1997,0,0,0,0,0,0,16,0,0,0
340094,2,1,1997,0,0,0,0,0,0,0,0,0,0
340095,1,1,1997,0,0,0,0,0,0,0,0,0,0
340096,1,1,1997,0,0,0,0,0,0,0,0,0,0
340097,1,1,1997,0,0,0,0,0,0,0,0,0,0
340097,2,1,1997,0,0,0,0,0,0,0,0,0,0
340098,1,1,1997,13,13,13,13,13,13,13,13,13,13
340099,1,1,1997,0,0,0,0,0,0,0,0,0,0
340099,2,1,1997,0,0,0,0,0,0,0,0,0,0
340100,1,1,1997,0,0,0,0,0,0,0,0,0,0
340100,2,1,1997,0,0,0,0,0,0,0,0,0,10
340101,1,1,1997,3,3,3,3,3,3,3,3,3,3
340101,2,1,1997,0,21,0,5,22,11,10,9,0,19
340102,1,1,1997,0,0,0,0,0,0,0,0,0,0
340102,2,1,1997,0,0,0,0,0,0,0,0,0,0
340103,1,1,1997,0,0,0,0,0,0,0,0,0,0
340104,1,1,1997,0,0,0,0,0,0,0,0,0,0
340104,2,1,1997,0,0,0,0,0,0,0,0,0,0
340105,1,1,1997,0,0,0,0,0,0,0,0,0,0
340105,2,1,1997,0,0,0,0,0,0,0,0,0,0
340105,3,1,1997,0,0,0,0,0,0,0,0,0,0
340106,1,1,1997,0,0,0,0,0,0,0,0,0,0
340107,1,1,1997,0,0,8,0,0,0,0,0,40,0
340107,2,1,1997,0,0,0,0,0,0,0,0,0,0
340108,0,1,1997,16,16,16,16,16,16,16,16,16,16
340108,1,1,1997,0,0,0,0,0,0,0,0,0,0
340109,1,1,1997,0,0,0,0,0,0,0,0,0,0
340109,2,1,1997,0,0,0,0,0,0,0,0,0,0
340110,1,1,1997,0,0,0,0,0,0,0,0,0,0
340111,1,1,1997,0,0,0,0,0,0,0,0,0,0
340112,1,1,1997,0,0,0,0,0,0,0,0,0,0
340112,2,1,1997,0,0,0,0,0,0,0,0,0,0
340113,1,1,1997,19,19,19,19,19,19,19,19,19,19
340114,1,1,1997,0,0,0,0,0,0,0,0,0,0
340114,2,1,1997,0,0,0,0,0,0,0,0,0,0
340115,1,1,1997,0,0,0,0,0,0,0,0,0,3
340115,2,1,1997,9,9,9,9,9,9,9,9,9,9
340116,1,1,1997,18,18,18,18,18,18,18,18,18,18
340117,0,1,1997,0,0,0,0,0,0,0,0,0,0
340117,1,1,1997,0,0,0,0,0,0,0,0,0,0
340118,1,1,1997,0,0,0,0,0,0,0,0,0,0
340118,2,1,1997,0,0,0,32,0,23,0,0,0,0
340118,3,1,1997,10,0,0,0,0,0,0,0,0,0
340119,1,1,1997,11,11,11,11,11,11,11,11,11,11
340119,2,1,1997,20,20,20,20,20,20,20,20,20,20
340120,1,1,1997,0,0,0,0,0,0,0,0,0,0
340120,2,1,1997,0,0,0,0,0,0,0,0,0,0
340122,0,1,1997,0,17,37,17,0,0,33,0,25,0
340122,1,1,1997,0,0,0,0,0,0,0,0,0,0
340123,1,1,1997,4,4,4,4,4,4,4,4,4,4
340123,2,1,1997,0,0,0,0,0,0,0,0,0,0
340124,1,1,1997,0,0,0,0,0,18,0,0,0,0
340125,1,1,1997,0,0,0,8,0,23,0,0,0,15
340125,2,1,1997,0,0,0,0,0,0,0,0,0,0
340126,1,1,1997,0,0,0,0,0,0,0,0,0,0
340127,1,1,1997,19,19,19,19,19,19,19,19,19,19
340128,1,1,1997,0,0,0,0,0,0,0,0,0,0
340128,2,1,1997,0,0,0,0,0,0,0,0,0,0
340129,1,1,1997,0,0,19,0,0,0,0,0,0,0
340129,2,1,1997,0,0,13,0,0,0,0,0,0,0
340130,1,1,1997,16,16,16,16,16,16,16,16,16,16
340131,1,1,1997,14,14,14,14,14,14,14,14,14,14
340131,2,1,1997,5,5,5,5,5,5,5,5,5,5
340132,0,1,1997,12,16,0,0,15,0,0,26,0,0
340132,1,1,1997,0,30,15,5,0,0,0,15,0,0
340133,1,1,1997,20,20,20,20,20,20,20,20,20,20
340134,1,1,1997,0,0,0,0,0,0,0,0,0,0
340134,2,1,1997,0,0,0,0,0,0,0,0,0,0
340135,1,1,1997,0,0,0,0,0,0,0,0,0,0
340135,2,1,1997,0,0,0,0,0,0,0,0,0,0
340136,1,1,1997,8,8,8,8,8,8,8,8,8,8
340137,0,1,1997,7,55,25,11,20,0,28,0,0,0
340137,1,1,1997,0,9,0,0,0,0,0,0,0,0
340138,1,1,1997,0,0,0,0,0,0,0,0,0,0
340138,2,1,1997,19,19,19,19,19,19,19,19,19,19
340139,0,1,1997,0,0,0,0,0,0,0,0,0,0
340139,1,1,1997,0,0,0,0,0,0,0,0,0,0
340140,1,1,1997,0,0,0,0,0,0,0,0,0,0
340140,2,1,1997,0,0,0,0,0,0,0,0,0,0
340141,0,1,1997,0,0,0,0,0,0,0,0,0,0
340141,0,2,1997,0,30,0,0,28,0,36,0,15,0
340141,0,3,1997,0,0,0,0,0,0,34,0,0,0
340141,1,1,1997,0,0,0,0,0,0,0,0,0,0
340141,2,1,1997,0,0,0,0,0,0,0,0,24,0
340142,1,1,1997,0,0,0,0,0,0,0,0,0,0
340142,2,1,1997,0,0,0,0,0,0,0,0,0,0
340143,1,1,1997,0,0,0,0,0,0,0,0,0,0
340143,2,1,1997,0,0,0,0,0,0,0,0,0,0
340144,1,1,1997,0,0,0,0,0,0,0,0,0,0
340145,0,1,1997,29,29,29,29,29,29,29,29,29,29
340145,1,1,1997,0,0,0,0,0,0,0,0,0,0
340146,1,1,1997,5,5,5,5,5,5,5,5,5,5
340146,2,1,1997,11,11,11,11,11,11,11,11,11,11
340147,1,1,1997,0,0,0,0,0,0,0,0,0,0
340148,1,1,1997,0,0,0,0,0,0,0,0,0,0
340149,1,1,1997,10,10,10,10,10,10,10,10,10,10
340150,1,1,1997,0,0,10,0,3,0,0,0,0,10
340150,2,1,1997,0,29,14,0,0,0,21,0,9,21
340150,3,1,1997,0,0,8,0,0,0,0,4,0,11
340151,0,1,1997,11,11,11,11,11,11,11,11,11,11
340151,1,1,1997,21,0,0,0,0,22,0,0,0,0
340152,1,1,1997,0,0,0,0,0,0,0,0,0,0
340153,0,1,1997,13,0,0,0,0,0,16,0,0,0
340153,1,1,1997,0,0,0,0,0,0,0,0,0,0
340154,0,1,1997,0,0,0,0,0,0,0,0,0,0
340154,0,2,1997,0,16,0,0,0,0,0,0,0,0
340154,1,1,1997,0,0,0,0,0,0,0,0,0,0
340155,1,1,1997,0,0,0,0,0,0,0,0,0,0
340155,2,1,1997,1,1,1,1,1,1,1,1,1,1
340155,3,1,1997,0,0,0,0,0,0,0,0,0,0
340156,1,1,1997,12,22,6,0,0,25,34,2,13,19
340157,1,1,1997,21,21,21,21,21,21,21,21,21,21
340158,1,1,1997,20,20,20,20,20,20,20,20,20,20
340159,1,1,1997,0,0,0,0,0,0,0,0,0,0
340160,1,1,1997,9,15,0,0,5,0,0,0,0,12
340161,1,1,1997,0,0,0,0,0,0,0,0,0,0
340161,2,1,1997,0,0,0,0,0,0,0,0,0,0
340162,1,1,1997,17,17,17,17,17,17,17,17,17,17
340162,2,1,1997,0,0,0,0,0,0,0,0,0,0
340163,1,1,1997,0,0,0,0,0,0,0,0,0,0
340163,2,1,1997,0,0,0,0,11,13,0,0,0,0
340164,0,1,1997,0,0,0,0,0,0,0,0,0,0
340164,1,1,1997,0,0,0,0,0,0,0,0,0,0
340165,1,1,1997,19,0,0,0,0,7,0,0,0,0
340166,0,1,1997,37,37,37,37,37,37,37,37,37,37
340166,1,1,1997,0,0,0,0,0,0,0,0,0,0
340167,1,1,1997,0,0,0,0,0,0,0,0,0,0
340167,2,1,1997,0,0,0,0,0,0,0,0,0,0
340168,0,1,1997,0,0,0,0,0,0,0,0,0,0
340168,1,1,1997,0,0,0,0,0,0,0,0,0,0
340169,1,1,1997,17,17,17,17,17,17,17,17,17,17
340169,2,1,1997,0,0,0,0,0,0,0,20,0,0
340169,3,1,1997,0,0,0,0,0,0,0,0,0,0
340169,4,1,1997,0,0,0,0,0,0,0,0,0,0
340169,5,1,1997,0,0,20,0,0,0,0,0,0,0
340170,0,1,1997,0,0,0,0,0,0,0,0,0,0
340170,1,1,1997,0,0,0,0,0,0,0,0,0,0
340171,1,1,1997,24,24,24,24,24,24,24,24,24,24
340172,1,1,1997,11,11,11,11,11,11,11,11,11,11
340173,2,1,1997,0,0,0,0,0,0,0,0,0,0
340174,0,1,1997,19,19,19,19,19,19,19,19,19,19
340174,1,1,1997,9,0,0,0,0,0,0,0,0,0
340174,2,1,1997,0,0,0,0,0,0,0,0,0,0
340175,0,1,1997,0,0,0,0,0,0,0,0,0,0
340175,1,1,1997,0,0,0,0,0,0,0,0,0,0
340176,1,1,1997,0,0,0,0,0,0,0,0,0,0
340176,2,1,1997,0,0,0,0,0,0,0,7,0,0
340177,1,1,1997,0,0,0,0,0,0,0,0,0,0
340177,2,1,1997,0,0,0,0,0,0,0,0,0,0
340178,1,1,1997,0,0,0,0,0,0,0,0,0,0
340178,2,1,1997,0,0,3,0,0,5,0,0,20,0
340179,0,1,1997,0,0,22,11,23,27,19,11,14,21
340179,1,1,1997,0,0,7,0,0,7,0,0,4,0
340180,1,1,1997,0,0,0,0,0,0,0,0,0,0
340181,0,1,1997,0,0,0,0,0,0,0,0,0,0
340181,1,1,1997,0,0,0,0,0,0,0,0,0,0
340182,1,1,1997,0,0,0,0,0,0,0,0,0,0
340183,1,1,1997,0,0,0,0,0,0,0,0,0,0
340184,1,1,1997,0,0,0,0,0,0,0,0,0,0
340184,2,1,1997,0,0,0,0,0,0,0,0,0,0
340185,1,1,1997,0,0,0,0,0,0,0,0,0,0
340185,2,1,1997,0,0,0,0,0,0,0,0,0,0
340185,3,1,1997,0,0,0,0,0,0,0,0,0,0
340186,1,1,1997,0,0,0,0,0,0,0,0,0,0
340186,2,1,1997,0,0,0,0,14,0,0,0,0,0
340187,1,1,1997,26,26,26,26,26,26,26,26,26,26
340187,2,1,1997,0,0,0,0,0,0,0,0,0,0
340187,3,1,1997,0,0,0,22,0,0,0,0,0,0
340189,1,1,1997,0,0,0,0,0,0,0,0,0,0
340189,2,1,1997,0,0,0,0,0,0,0,0,10,15
340189,3,1,1997,0,0,0,0,0,0,14,0,0,0
340190,1,1,1997,0,0,0,0,0,0,0,0,0,0
340190,2,1,1997,0,0,0,0,0,0,0,0,0,0
340191,1,1,1997,21,0,0,10,0,0,18,26,6,21
340192,0,1,1997,13,13,13,13,13,13,13,13,13,13
340192,1,1,1997,8,0,23,0,0,9,0,0,9,0
340193,1,1,1997,27,27,27,27,27,27,27,27,27,27
340194,0,1,1997,0,0,0,0,0,0,0,0,0,0
340194,1,1,1997,0,0,0,0,0,0,0,0,0,0
340196,1,1,1997,2,2,2,2,2,2,2,2,2,2
340197,0,1,1997,0,0,0,0,0,0,0,0,0,0
340197,1,1,1997,0,0,0,0,0,0,0,0,0,0
340198,1,1,1997,0,0,0,0,0,0,0,0,0,0
340199,1,1,1997,21,21,21,21,21,21,21,21,21,21
340200,1,1,1997,0,0,0,0,0,0,0,0,0,0
340200,2,1,1997,0,0,0,0,0,0,0,0,0,0
340200,3,1,1997,0,0,0,15,0,0,0,0,0,0
340201,1,1,1997,0,0,0,0,0,0,0,0,0,0
340202,1,1,1997,22,22,22,22,22,22,22,22,22,22
340203,0,1,1997,0,0,0,0,0,0,0,0,0,0
340203,1,1,1997,0,0,0,0,0,0,0,0,15,17
340204,1,1,1997,0,0,0,0,0,0,0,0,0,0
340204,2,1,1997,2,2,2,2,2,2,2,2,2,2
340205,1,1,1997,0,0,0,0,0,0,0,0,0,0
340206,1,1,1997,0,0,0,0,0,0,0,0,0,0
340206,2,1,1997,0,0,0,0,0,0,0,0,0,0
340207,1,1,1997,0,0,0,0,0,0,0,0,0,0
340208,1,1,1997,8,8,8,8,8,8,8,8,8,8
340209,1,1,1997,0,0,0,0,0,0,0,0,0,0
340209,2,1,1997,0,0,0,0,0,0,0,0,0,0
340210,1,1,1997,0,0,0,0,0,0,0,0,0,0
340211,1,1,1997,27,27,27,27,27,27,27,27,27,27
340212,1,1,1997,0,0,0,0,0,0,0,0,0,0
340212,2,1,1997,0,0,0,0,0,0,0,0,0,0
340213,1,1,1997,0,0,0,0,0,0,0,0,0,0
340213,2,1,1997,0,0,0,0,0,0,0,0,0,0
340214,1,1,1997,0,0,0,0,0,0,0,0,0,0
340215,1,1,1997,18,18,18,18,18,18,18,18,18,18
340216,1,1,1997,0,0,0,0,0,0,0,0,0,0
340216,2,1,1997,0,0,0,0,0,0,0,14,0,0
340217,1,1,1997,31,31,31,31,31,31,31,31,31,31
340217,2,1,1997,0,0,0,0,0,0,0,0,0,0
340218,1,1,1997,0,0,0,0,0,0,0,0,0,0
340218,2,1,1997,0,0,0,0,0,0,0,0,0,0
340219,0,1,1997,11,11,11,11,11,11,11,11,11,11
340219,1,1,1997,0,0,0,0,0,0,0,0,0,0
340220,1,1,1997,0,0,0,0,0,0,0,0,0,0
340221,0,1,1997,26,26,26,26,26,26,26,26,26,26
340221,1,1,1997,13,0,0,6,5,21,14,0,0,19
340222,0,1,1997,15,15,15,15,15,15,15,15,15,15
340222,1,1,1997,6,6,6,6,6,6,6,6,6,6
340223,1,1,1997,0,0,0,0,0,0,0,0,0,0
340224,1,1,1997,0,0,0,0,0,0,0,0,0,0
340225,1,1,1997,0,0,0,0,0,11,16,0,16,0
340225,2,1,1997,0,0,0,0,0,0,0,0,3,8
340226,1,1,1997,0,0,0,0,0,0,0,0,0,0
340226,2,1,1997,18,18,18,18,18,18,18,18,18,18
340227,0,1,1997,1,1,1,1,1,1,1,1,1,1
340227,1,1,1997,0,0,0,0,0,0,0,0,0,0
340228,1,1,1997,0,0,0,0,0,0,0,0,0,0
340228,2,1,1997,0,0,0,0,0,0,0,0,0,0
340229,1,1,1997,0,0,0,0,0,0,0,0,0,0
340230,0,1,1997,31,8,0,33,27,0,39,9,0,0
340230,0,2,1997,0,0,0,0,0,0,0,0,0,0
340230,1,1,1997,0,0,0,0,0,0,0,0,0,0
340231,1,1,1997,0,0,0,0,0,0,0,0,0,0
340232,1,1,1997,0,0,0,0,0,0,0,0,0,0
340233,1,1,1997,15,15,15,15,15,15,15,15,15,15
340234,1,1,1997,4,4,4,4,4,4,4,4,4,4
340234,2,1,1997,0,0,0,0,0,0,0,0,0,0
340234,3,1,1997,0,0,0,0,0,0,0,0,0,0
340235,1,1,1997,29,29,29,29,29,29,29,29,29,29
340237,0,1,1997,0,0,0,0,0,0,0,0,0,0
340237,1,1,1997,6,0,0,0,0,0,0,0,0,0
340238,0,1,1997,0,0,0,0,0,0,0,0,0,0
340238,1,1,1997,0,0,0,0,0,0,0,0,0,0
340239,1,1,1997,0,0,0,0,0,0,0,0,0,0
340239,2,1,1997,0,0,0,0,0,0,0,0,0,0
340240,1,1,1997,0,0,0,0,0,0,0,0,0,0
340241,1,1,1997,0,0,0,0,0,0,0,0,0,0
340242,1,1,1997,0,0,0,0,0,0,0,0,0,0
340242,2,1,1997,0,0,0,0,0,0,0,0,0,0
340243,1,1,1997,0,0,0,0,0,0,0,0,0,0
340243,2,1,1997,0,0,0,0,0,0,0,0,0,0
340244,1,1,1997,0,0,8,12,0,0,0,33,0,9
340245,1,1,1997,0,0,0,0,0,0,0,0,0,0
340246,1,1,1997,0,0,0,0,0,0,0,0,0,0
340246,2,1,1997,1,1,1,1,1,1,1,1,1,1
340247,1,1,1997,0,0,0,0,0,0,0,0,0,11
340248,1,1,1997,4,4,4,4,4,4,4,4,4,4
340250,1,1,1997,0,0,0,0,0,0,0,0,0,0
340250,2,1,1997,0,0,0,0,0,0,0,0,0,0
340250,3,1,1997,0,0,0,0,0,0,0,0,0,0
340251,0,1,1997,17,17,17,17,17,17,17,17,17,17
340251,1,1,1997,0,22,0,0,0,24,0,0,0,13
340252,1,1,1997,0,0,0,0,0,0,0,0,0,0
340252,2,1,1997,15,0,0,0,0,0,0,19,0,0
340253,1,1,1997,18,18,18,18,18,18,18,18,18,18
340254,1,1,1997,12,12,12,12,12,12,12,12,12,12
340255,1,1,1997,0,0,0,0,0,0,0,0,0,0
340255,2,1,1997,0,0,0,0,0,0,0,0,0,0
340257,1,1,1997,0,0,0,0,0,0,0,0,0,0
340258,0,1,1997,0,0,0,0,0,0,0,0,0,0
340258,1,1,1997,0,0,0,0,0,0,0,0,0,0
340259,1,1,1997,0,0,0,0,0,0,0,0,0,0
340260,0,1,1997,0,0,0,0,0,0,0,0,0,0
340260,1,1,1997,0,0,0,0,0,0,0,0,0,0
340261,1,1,1997,11,7,0,0,0,0,10,13,0,2
340261,2,1,1997,0,0,0,0,0,0,0,0,0,0
340262,1,1,1997,0,0,0,0,0,0,0,0,0,0
340262,2,1,1997,0,0,0,0,0,0,0,0,0,0
340263,1,1,1997,0,0,0,0,0,0,0,0,0,0
340264,1,1,1997,20,20,20,20,20,20,20,20,20,20
340265,1,1,1997,20,20,20,20,20,20,20,20,20,20
340266,1,1,1997,0,0,0,0,0,0,0,0,0,0
340266,2,1,1997,12,12,12,12,12,12,12,12,12,12
340266,3,1,1997,0,0,0,0,0,0,0,0,0,0
340267,1,1,1997,0,0,0,0,0,0,0,0,0,0
340268,1,1,1997,20,20,20,20,20,20,20,20,20,20
340268,2,1,1997,0,0,0,0,0,0,0,21,0,0
340269,0,1,1997,0,0,0,0,0,0,0,0,0,0
340269,1,1,1997,0,0,0,0,0,0,0,0,0,0
340270,0,1,1997,0,0,0,0,0,0,0,0,0,0
340270,1,1,1997,0,0,0,0,0,0,0,0,0,0
340271,0,1,1997,10,10,10,10,10,10,10,10,10,10
340271,1,1,1997,0,0,0,0,0,0,0,0,0,0
340273,0,1,1997,0,0,0,0,0,0,0,0,0,0
340273,1,1,1997,1,1,1,1,1,1,1,1,1,1
340274,1,1,1997,0,0,0,0,0,0,0,0,0,0
340274,2,1,1997,0,0,0,0,0,0,0,0,0,0
340275,1,1,1997,6,6,6,6,6,6,6,6,6,6
340277,0,1,1997,16,16,16,16,16,16,16,16,16,16
340277,1,1,1997,0,17,27,0,0,9,6,11,0,0
340277,3,1,1997,0,0,21,0,0,0,16,13,0,23
340277,4,1,1997,19,9,22,0,0,0,0,0,0,0
340278,1,1,1997,0,0,0,0,14,19,0,0,0,0
340280,0,1,1997,30,11,0,11,21,45,0,0,0,0
340280,0,2,1997,0,0,0,0,0,0,0,0,0,0
340280,1,1,1997,0,0,0,0,7,0,0,0,0,10
340281,1,1,1997,0,0,0,0,4,0,0,0,0,0
340281,2,1,1997,0,0,0,0,20,0,0,0,0,0
340282,0,1,1997,0,0,0,0,0,0,0,0,0,0
340282,1,1,1997,0,0,0,0,0,0,0,0,0,0
340283,1,1,1997,0,0,0,0,0,0,0,0,0,0
340284,1,1,1997,0,0,8,0,0,0,0,0,0,0
340285,0,1,1997,18,18,18,18,18,18,18,18,18,18
340285,1,1,1997,0,0,0,18,0,0,0,0,0,0
340286,0,1,1997,16,16,16,16,16,16,16,16,16,16
340286,1,1,1997,6,0,0,0,0,16,0,0,0,0
340287,1,1,1997,0,0,0,0,0,0,0,0,0,0
340287,2,1,1997,0,0,0,0,0,0,0,0,0,0
340288,1,1,1997,0,0,0,0,0,0,0,0,0,0
340289,1,1,1997,0,0,0,0,0,0,0,0,0,0
340289,2,1,1997,0,0,0,0,0,0,0,0,0,0
340290,1,1,1997,0,0,0,0,0,0,0,0,0,0
340290,2,1,1997,0,0,0,0,0,0,0,0,0,0
340291,0,1,1997,0,0,0,0,0,22,0,0,0,0
340291,1,1,1997,0,0,0,0,0,0,0,0,0,0
340292,1,1,1997,2,0,22,0,8,10,47,0,30,8
340293,1,1,1997,0,0,0,0,0,0,0,10,0,0
340293,2,1,1997,0,0,0,0,0,0,0,0,0,0
340294,1,1,1997,0,0,0,0,17,24,17,0,0,0
340294,2,1,1997,0,0,0,0,0,0,0,0,0,0
340294,3,1,1997,0,0,0,0,0,0,0,17,0,0
340295,1,1,1997,0,0,0,0,0,0,13,0,0,0
340296,1,1,1997,0,0,0,0,0,0,0,0,0,0
340297,1,1,1997,0,0,0,16,0,0,0,0,0,0
340297,2,1,1997,0,0,0,0,0,0,0,0,0,0
340297,3,1,1997,0,0,0,0,0,0,0,0,0,0
340298,0,1,1997,2,2,2,2,2,2,2,2,2,2
340298,1,1,1997,0,12,15,0,0,0,0,0,10,0
340298,2,1,1997,0,0,0,0,0,0,0,0,10,0
340300,1,1,1997,31,31,31,31,31,31,31,31,31,31
340302,1,1,1997,0,0,0,0,0,0,0,0,0,0
340302,2,1,1997,0,0,0,0,0,0,0,0,0,0
340303,1,1,1997,0,0,0,0,0,0,0,0,0,0
340303,2,1,1997,28,28,28,28,28,28,28,28,28,28
340304,1,1,1997,0,0,0,0,0,0,0,0,0,0
340306,0,1,1997,0,0,0,0,0,0,0,0,0,0
340306,1,1,1997,0,0,0,0,0,0,0,0,0,0
340307,1,1,1997,0,0,0,0,0,0,0,0,0,0
340307,2,1,1997,0,0,0,0,0,0,0,0,0,0
340308,1,1,1997,0,0,15,0,0,0,0,0,0,0
340308,2,1,1997,0,0,0,0,0,0,0,0,0,0
340310,0,1,1997,0,0,0,0,0,0,0,0,0,0
340310,1,1,1997,0,0,0,0,0,0,0,0,0,0
340311,0,1,1997,0,0,0,0,0,0,0,0,0,0
340311,1,1,1997,0,0,0,0,0,0,0,0,22,0
340313,0,1,1997,0,0,0,0,0,0,0,0,0,0
340313,1,1,1997,0,0,0,0,0,0,0,0,0,0
340315,1,1,1997,0,0,0,0,0,0,0,0,0,0
340316,1,1,1997,0,0,0,0,0,0,0,0,0,0
340316,2,1,1997,0,0,0,0,0,0,0,0,0,0
340317,1,1,1997,0,0,0,0,0,0,0,0,0,13
340317,2,1,1997,0,0,14,19,0,0,12,0,0,0
340317,3,1,1997,0,17,0,0,8,0,0,0,0,16
340318,1,1,1997,0,0,0,0,0,0,0,0,0,0
340319,1,1,1997,0,0,0,0,0,0,0,0,0,0
340319,2,1,1997,0,0,0,0,0,0,0,0,0,0
340320,1,1,1997,0,0,0,0,0,0,0,0,0,0
340320,2,1,1997,0,0,0,0,0,0,0,0,0,0
340321,1,1,1997,0,0,0,0,0,0,0,0,0,0
340321,2,1,1997,0,0,0,0,0,0,0,0,0,0
340323,1,1,1997,0,0,0,0,0,0,0,0,0,0
340323,2,1,1997,0,0,0,0,0,0,0,0,0,0