ST_CASE,VEH_NO,PER_NO,YEAR,P1,P2,P3,P4,P5,P6,P7,P8,P9,P10
340584,1,1,1997,0,0,0,0,0,0,0,0,0,0
340585,0,1,1997,0,0,0,0,0,0,0,0,0,0
340585,1,1,1997,0,4,5,0,14,0,0,0,0,0
340586,0,1,1997,0,0,0,0,0,0,0,0,0,0
340586,1,1,1997,0,0,0,0,0,0,0,0,0,0
340587,1,1,1997,0,0,0,0,0,0,0,0,0,0
340587,2,1,1997,0,0,0,0,0,0,0,0,0,0
340588,0,1,1997,0,0,0,0,0,0,0,0,0,0
340588,1,1,1997,0,0,0,21,0,20,32,0,15,0
340589,0,1,1997,0,0,0,0,0,0,0,0,0,0
340589,1,1,1997,0,0,0,0,0,0,0,0,0,0
340589,2,1,1997,0,0,0,0,0,0,0,0,0,0
340590,1,1,1997,0,0,0,0,0,0,0,0,0,0
340590,2,1,1997,0,0,0,0,0,0,0,0,0,0
340591,1,1,1997,0,0,0,0,0,0,0,0,0,0
340592,1,1,1997,17,22,0,15,0,0,0,15,16,14
340592,2,1,1997,0,0,0,0,0,0,0,0,0,0
340593,1,1,1997,0,0,10,0,0,0,0,0,0,0
340593,2,1,1997,0,0,0,0,0,0,0,0,0,0
340594,1,1,1997,0,0,0,0,0,0,0,0,0,0
340595,1,1,1997,0,0,0,0,0,0,0,0,0,0
340595,2,1,1997,0,0,0,0,0,0,0,0,0,0
340596,1,1,1997,1,1,1,1,1,1,1,1,1,1
340597,1,1,1997,0,0,0,0,0,0,0,0,0,0
340597,2,1,1997,8,0,0,0,0,0,0,0,0,0
340597,3,1,1997,0,0,0,12,0,0,0,0,0,0
340598,1,1,1997,27,13,0,22,0,31,23,19,31,16
340599,0,1,1997,0,0,14,0,13,25,34,20,17,12
340599,1,1,1997,4,4,4,4,4,4,4,4,4,4
340600,1,1,1997,0,0,0,0,0,0,0,0,0,0
340600,2,1,1997,0,0,0,0,9,0,0,0,6,0
340601,1,1,1997,0,0,0,0,0,0,0,0,0,0
340602,1,1,1997,0,0,0,0,0,0,0,0,0,0
340603,1,1,1997,0,0,0,0,0,0,0,0,0,0
340603,2,1,1997,4,4,4,4,4,4,4,4,4,4
340604,1,1,1997,0,0,0,0,0,0,0,0,0,0
340604,2,1,1997,0,0,9,0,0,0,0,0,0,0
340604,3,1,1997,0,0,0,0,0,0,0,0,0,0
340605,1,1,1997,10,10,10,10,10,10,10,10,10,10
340605,2,1,1997,0,0,16,0,14,0,0,0,0,0
340605,3,1,1997,0,0,0,0,0,0,0,0,0,0
340606,1,1,1997,0,0,0,0,0,0,0,0,0,0
340606,2,1,1997,0,0,0,0,0,0,0,0,0,0
340607,1,1,1997,0,0,0,0,0,0,0,0,0,0
340607,2,1,1997,0,0,0,0,0,0,0,0,5,0
340608,1,1,1997,0,0,0,0,0,0,0,0,0,0
340608,2,1,1997,0,0,0,0,16,0,0,0,0,0
340610,1,1,1997,0,0,0,18,0,0,0,28,0,0
340610,2,1,1997,0,0,0,0,0,0,0,0,0,0
340611,1,1,1997,35,35,35,35,35,35,35,35,35,35
340612,0,1,1997,0,0,0,0,0,0,0,0,0,0
340612,1,1,1997,0,0,0,0,0,0,0,0,0,0
340613,1,1,1997,0,0,0,0,0,0,0,0,0,0
340614,0,1,1997,35,35,35,35,35,35,35,35,35,35
340614,1,1,1997,0,15,18,0,53,19,0,11,20,0
340615,0,1,1997,3,3,3,3,3,3,3,3,3,3
340615,1,1,1997,0,0,0,0,0,0,0,0,14,0
340616,1,1,1997,22,22,22,22,22,22,22,22,22,22
340617,1,1,1997,0,0,0,0,0,0,0,0,0,0
340617,2,1,1997,0,0,0,0,0,0,0,0,0,0
340618,1,1,1997,0,0,0,0,0,0,0,0,0,0
340619,0,1,1997,0,0,0,0,0,0,0,0,0,0
340619,1,1,1997,0,0,0,0,0,0,0,0,0,0
340620,1,1,1997,0,0,0,0,0,0,0,0,0,0
340620,2,1,1997,16,0,0,0,0,0,0,0,0,19
340621,1,1,1997,0,0,0,0,0,0,0,0,0,0
340621,2,1,1997,0,0,0,0,0,0,0,0,0,0
340621,3,1,1997,0,24,0,0,0,0,0,0,0,0
340621,4,1,1997,0,0,0,0,0,0,0,0,0,0
340622,0,1,1997,0,0,0,0,0,0,0,0,0,0
340622,1,1,1997,29,29,29,29,29,29,29,29,29,29
340623,1,1,1997,22,22,22,22,22,22,22,22,22,22
340623,2,1,1997,0,0,0,0,0,0,0,0,0,0
340624,1,1,1997,15,15,15,15,15,15,15,15,15,15
340625,0,1,1997,0,0,0,20,0,0,26,24,0,34
340625,1,1,1997,0,0,0,0,0,0,0,0,0,0
340627,0,1,1997,0,0,0,0,0,0,0,0,0,0
340627,1,1,1997,0,0,0,0,0,0,0,0,0,0
340628,1,1,1997,0,0,0,0,0,0,0,0,0,0
340629,1,1,1997,0,0,0,0,0,0,0,0,0,0
340629,2,1,1997,0,0,0,0,0,0,0,0,0,0
340629,3,1,1997,0,0,0,0,0,0,0,0,0,0
340630,0,1,1997,0,0,0,0,0,0,0,0,0,0
340630,1,1,1997,6,6,6,6,6,6,6,6,6,6
340632,1,1,1997,0,0,0,0,0,0,0,0,0,0
340632,2,1,1997,0,0,0,0,0,0,0,0,0,0
340633,1,1,1997,0,0,14,23,0,0,0,20,9,0
340633,2,1,1997,0,0,0,0,0,0,0,0,0,0
340634,1,1,1997,16,16,16,16,16,16,16,16,16,16
340634,2,1,1997,0,0,0,0,0,0,0,0,0,0
340636,1,1,1997,1,1,1,1,1,1,1,1,1,1
340636,2,1,1997,0,0,0,0,0,0,0,0,0,0
340637,1,1,1997,0,0,0,0,0,0,0,0,0,0
340637,2,1,1997,14,0,0,0,0,0,0,0,0,0
340637,3,1,1997,0,0,0,0,0,0,0,0,0,0
340638,1,1,1997,0,0,0,0,0,0,0,0,0,0
340638,2,1,1997,0,0,0,0,0,0,0,0,0,0
340639,0,1,1997,28,28,28,28,28,28,28,28,28,28
340639,1,1,1997,0,0,0,0,0,0,0,0,0,0
340640,0,1,1997,0,0,0,0,0,0,0,0,0,0
340640,1,1,1997,0,0,0,0,0,0,0,0,0,0
340641,0,1,1997,21,0,36,0,0,0,0,0,0,17
340641,0,2,1997,0,0,0,0,0,0,0,0,0,0
340641,0,3,1997,0,0,0,0,0,0,0,0,0,0
340641,1,1,1997,0,0,0,0,0,0,0,0,0,0
340642,1,1,1997,0,0,0,20,0,0,0,0,0,9
340642,2,1,1997,0,0,0,0,0,0,0,0,0,0
340642,3,1,1997,0,0,0,0,0,0,0,0,0,0
340643,0,1,1997,25,0,0,0,0,16,0,0,0,0
340643,1,1,1997,0,0,0,0,17,5,0,0,0,0
340644,1,1,1997,12,12,12,12,12,12,12,12,12,12
340645,1,1,1997,0,0,0,16,0,0,0,0,0,0
340646,1,1,1997,0,0,0,32,0,0,0,0,0,0
340646,2,1,1997,1,1,1,1,1,1,1,1,1,1
340647,1,1,1997,19,19,19,19,19,19,19,19,19,19
340647,2,1,1997,0,0,26,0,0,0,0,0,11,11
340648,0,1,1997,0,0,0,0,0,0,0,0,0,0
340648,1,1,1997,0,0,0,0,0,0,0,0,0,0
340649,1,1,1997,0,0,0,0,0,0,0,0,0,0
340650,1,1,1997,0,0,0,0,0,0,0,0,0,0
340651,0,1,1997,21,0,0,0,33,0,0,0,0,28
340651,1,1,1997,0,0,0,0,0,0,0,0,0,0
340652,1,1,1997,0,0,0,0,0,0,0,0,0,0
340652,2,1,1997,0,0,0,0,0,0,0,0,0,0
340653,1,1,1997,0,0,0,0,0,0,0,0,0,0
340653,2,1,1997,0,0,0,0,0,0,0,0,0,0
340654,0,1,1997,0,0,0,0,0,0,0,0,0,0
340654,1,1,1997,0,0,0,0,0,0,0,0,0,0
340655,1,1,1997,0,0,0,0,0,0,11,0,0,0
340657,1,1,1997,0,0,0,0,0,0,0,0,0,0
340658,1,1,1997,0,0,0,0,0,0,0,0,0,0
340658,2,1,1997,0,0,0,0,0,0,0,0,0,0
340659,1,1,1997,0,0,0,0,0,0,0,0,0,0
340660,1,1,1997,14,14,14,14,14,14,14,14,14,14
340661,1,1,1997,0,0,0,0,0,0,0,0,0,0
340662,1,1,1997,0,0,14,14,0,0,0,0,0,0
340663,1,1,1997,17,17,17,17,17,17,17,17,17,17
340664,1,1,1997,17,17,17,17,17,17,17,17,17,17
340665,1,1,1997,9,9,9,9,9,9,9,9,9,9
340666,1,1,1997,21,21,21,21,21,21,21,21,21,21
340667,0,1,1997,0,0,25,0,0,13,0,0,0,0
340667,1,1,1997,0,0,0,0,0,0,0,0,0,0
340668,1,1,1997,0,0,0,0,0,0,0,0,0,0
340668,2,1,1997,0,0,0,0,0,0,0,0,0,0
340669,1,1,1997,11,11,11,11,11,11,11,11,11,11
340669,2,1,1997,0,0,0,0,0,0,0,0,0,0
340670,1,1,1997,0,0,0,0,0,0,0,0,0,0
340670,2,1,1997,0,0,0,0,0,0,0,0,0,0
340671,0,1,1997,22,0,24,18,0,32,0,0,0,0
340671,1,1,1997,0,0,13,0,0,0,0,21,0,0
340672,1,1,1997,0,0,0,0,0,0,0,0,0,0
340673,0,1,1997,0,0,0,0,0,0,0,0,0,0
340673,1,1,1997,0,27,0,0,0,0,0,0,6,0
340673,2,1,1997,0,0,0,0,0,0,0,0,0,0
340674,0,1,1997,0,0,0,38,0,19,0,0,0,0
340674,1,1,1997,0,0,0,0,0,0,0,0,0,0
340675,0,1,1997,0,0,0,0,0,0,0,0,0,0
340675,1,1,1997,0,0,0,0,0,0,8,0,0,0
340676,1,1,1997,0,0,0,0,0,0,0,0,0,0
340676,2,1,1997,5,0,0,0,0,0,0,0,0,0
340677,1,1,1997,0,0,20,11,0,0,0,0,0,0
340677,2,1,1997,0,0,0,0,0,0,0,0,0,14
340678,1,1,1997,7,7,7,7,7,7,7,7,7,7
340679,0,1,1997,0,0,0,0,0,0,0,0,0,0
340679,1,1,1997,8,0,0,10,12,0,12,27,0,0
340680,0,1,1997,0,0,0,0,0,0,0,0,0,0
340680,1,1,1997,0,0,0,0,0,0,0,0,0,0
340681,0,1,1997,0,0,0,0,0,0,0,0,0,0
340681,1,1,1997,0,0,0,0,0,0,0,0,0,0
340682,0,1,1997,0,0,0,0,0,0,0,0,0,0
340682,1,1,1997,0,0,0,14,0,0,0,0,7,0
340682,2,1,1997,0,0,0,0,0,0,0,0,0,0
340683,1,1,1997,0,0,0,0,0,0,0,18,22,0
340683,2,1,1997,0,0,0,0,0,0,0,0,0,0
340685,1,1,1997,0,0,0,0,5,0,0,0,0,0
340685,2,1,1997,0,15,0,0,0,0,0,0,0,0
340685,3,1,1997,0,0,0,0,0,34,0,0,0,0
340686,1,1,1997,12,0,0,0,0,0,0,0,0,0
340686,2,1,1997,0,0,0,0,0,0,0,0,0,0
340687,0,1,1997,0,0,0,0,17,26,0,0,0,0
340687,1,1,1997,0,0,0,0,0,0,0,0,0,0
340688,0,1,1997,26,26,26,26,26,26,26,26,26,26
340688,1,1,1997,0,0,0,0,0,0,0,0,0,0
340689,1,1,1997,0,0,0,0,0,0,0,0,0,0
340689,2,1,1997,0,0,16,0,10,6,18,11,0,0
340690,1,1,1997,0,5,15,0,0,0,0,0,0,0
340690,2,1,1997,0,0,0,0,0,0,0,0,0,0
340692,1,1,1997,0,0,0,0,0,0,0,0,0,0
340692,2,1,1997,0,0,0,0,0,0,8,0,0,0
340693,1,1,1997,11,11,11,11,11,11,11,11,11,11
340694,1,1,1997,0,0,0,0,0,0,0,0,0,0
340695,1,1,1997,0,0,0,0,0,0,0,0,0,0
340695,2,1,1997,0,0,0,0,0,0,0,0,0,0
340696,1,1,1997,0,0,0,0,0,0,0,0,0,0
340698,1,1,1997,0,0,0,0,6,0,0,0,0,0
340698,2,1,1997,0,0,0,0,0,0,0,19,0,0
340699,1,1,1997,0,0,0,0,0,0,0,0,0,0
340699,2,1,1997,18,18,18,18,18,18,18,18,18,18
340700,1,1,1997,0,0,0,0,0,0,0,0,0,0
340701,1,1,1997,0,0,0,0,0,0,0,0,0,0
340702,1,1,1997,10,10,10,10,10,10,10,10,10,10
340703,0,1,1997,0,0,0,0,0,0,0,0,0,0
340703,1,1,1997,0,0,0,0,0,0,0,0,0,0
340704,1,1,1997,0,0,0,0,0,0,0,0,0,0
340705,1,1,1997,11,11,11,11,11,11,11,11,11,11
340706,1,1,1997,16,16,16,16,16,16,16,16,16,16
340707,1,1,1997,0,0,0,0,0,0,0,0,0,0
340707,2,1,1997,5,5,5,5,5,5,5,5,5,5
340708,1,1,1997,9,9,9,9,9,9,9,9,9,9
340709,1,1,1997,0,0,0,0,0,0,0,0,0,0
340710,0,1,1997,31,31,31,31,31,31,31,31,31,31
340710,1,1,1997,0,0,0,0,0,0,0,0,0,0
340711,1,1,1997,14,14,14,14,14,14,14,14,14,14
340711,2,1,1997,0,0,0,0,0,0,0,0,0,0
340712,1,1,1997,0,0,0,0,0,0,0,0,0,0
340712,2,1,1997,0,8,7,0,0,0,0,0,0,0
340713,1,1,1997,0,0,0,0,0,0,0,0,0,0
340714,1,1,1997,0,0,0,0,0,0,0,0,0,0
340715,1,1,1997,0,0,0,0,0,0,0,0,0,0
340715,2,1,1997,0,0,0,0,0,0,0,0,0,0
340716,1,1,1997,0,0,0,0,0,0,0,0,0,0
340716,2,1,1997,0,0,0,0,0,0,0,0,0,0
340717,1,1,1997,15,15,15,15,15,15,15,15,15,15
340719,0,1,1997,26,26,26,26,26,26,26,26,26,26
340719,1,1,1997,0,0,0,0,0,0,0,0,0,0
340722,1,1,1997,0,0,0,0,0,0,0,0,0,0
340722,2,1,1997,0,0,0,0,0,0,0,0,0,0
340722,3,1,1997,0,0,0,0,0,0,0,0,0,0
340723,1,1,1997,0,0,0,0,0,0,0,0,0,0
340723,2,1,1997,0,0,0,0,0,0,0,0,0,0
340723,3,1,1997,0,0,0,0,0,0,0,0,0,0
340723,4,1,1997,0,0,0,0,0,0,0,0,0,0
340723,5,1,1997,24,0,0,0,0,0,0,0,0,0
340724,0,1,1997,0,7,4,11,17,26,0,26,10,25
340724,0,3,1997,0,0,0,0,0,0,0,0,0,0
340724,1,1,1997,12,12,12,12,12,12,12,12,12,12
340725,0,1,1997,0,0,0,0,0,16,0,0,0,0
340725,1,1,1997,0,0,0,0,6,14,0,0,0,0
340726,0,1,1997,0,0,0,15,0,0,0,0,0,0
340726,1,1,1997,0,0,0,0,0,0,0,0,0,0
340727,1,1,1997,0,0,0,0,0,0,0,0,0,0
340727,2,1,1997,0,0,0,0,0,0,0,0,0,0
340728,0,1,1997,0,0,0,0,0,0,0,0,0,0
340728,1,1,1997,0,0,0,0,0,0,0,0,0,0
340729,1,1,1997,2,2,2,2,2,2,2,2,2,2
340730,0,1,1997,18,18,18,18,18,18,18,18,18,18
340730,1,1,1997,0,0,0,0,0,0,0,0,0,0
340731,0,1,1997,0,0,0,0,0,0,0,0,0,0
340732,1,1,1997,0,0,0,0,0,0,0,0,0,0
340732,2,1,1997,0,0,0,0,0,14,0,0,11,0
340732,3,1,1997,8,0,0,0,0,0,0,0,0,7
340733,0,1,1997,0,0,0,0,0,0,0,0,0,0
340733,1,1,1997,0,0,0,0,0,0,0,0,22,0
340734,1,1,1997,0,0,0,0,0,0,0,0,0,0
340734,2,1,1997,0,0,0,5,0,0,0,0,0,0
340735,0,1,1997,0,0,0,9,45,0,0,0,9,31
340735,1,1,1997,0,0,0,0,0,0,0,0,0,0
340736,1,1,1997,15,15,15,15,15,15,15,15,15,15
340737,1,1,1997,0,0,10,6,12,0,0,0,0,0
340737,2,1,1997,0,0,0,0,0,0,0,0,0,0
340739,1,1,1997,3,3,3,3,3,3,3,3,3,3
340739,2,1,1997,0,0,0,0,0,0,0,0,0,0
340740,0,1,1997,0,0,0,0,0,0,0,0,0,0
340740,1,1,1997,0,0,0,0,0,0,0,0,0,0
340741,1,1,1997,0,0,0,0,0,0,0,0,0,0
340741,2,1,1997,0,0,0,0,0,0,0,0,0,31
340741,3,1,1997,0,0,0,0,0,0,0,0,0,0
340742,1,1,1997,0,0,0,0,0,0,0,0,0,0
340743,1,1,1997,0,0,0,0,0,0,0,0,0,0
340743,2,1,1997,0,0,0,0,0,0,0,0,0,0
350001,0,1,1997,28,28,28,28,28,28,28,28,28,28
350001,1,1,1997,0,0,0,0,0,0,0,0,0,13
350002,1,1,1997,24,24,24,24,24,24,24,24,24,24
350003,1,1,1997,0,0,0,0,0,0,0,0,0,0
350004,1,1,1997,18,18,18,18,18,18,18,18,18,18
350005,1,1,1997,0,0,0,0,0,0,0,0,0,0
350005,2,1,1997,0,0,0,0,0,0,0,0,0,0
350006,1,1,1997,0,0,0,0,0,0,0,0,0,0
350006,2,1,1997,0,0,0,0,0,0,0,0,0,0
350007,1,1,1997,0,0,0,0,0,0,0,13,0,0
350008,1,1,1997,25,25,25,25,25,25,25,25,25,25
350009,1,1,1997,0,0,0,0,0,0,0,0,0,0
350010,0,1,1997,41,41,41,41,41,41,41,41,41,41
350010,1,1,1997,0,0,0,0,0,0,0,0,0,0
350011,1,1,1997,0,0,0,0,0,0,0,0,0,0
350011,2,1,1997,0,0,0,0,0,0,0,0,0,0
350012,0,1,1997,0,0,0,0,0,0,0,0,0,0
350012,1,1,1997,0,0,0,0,0,0,0,0,0,0
350013,1,1,1997,0,0,0,0,0,0,0,15,0,0
350013,2,1,1997,28,28,28,28,28,28,28,28,28,28
350014,0,1,1997,28,28,28,28,28,28,28,28,28,28
350014,1,1,1997,0,0,0,0,0,0,0,0,0,0
350014,2,1,1997,0,0,0,0,0,0,0,0,0,0
350014,3,1,1997,0,0,0,0,0,0,0,0,0,0
350015,1,1,1997,0,0,0,0,0,0,0,0,0,0
350015,2,1,1997,0,0,0,0,0,0,0,0,0,0
350016,1,1,1997,0,0,0,0,0,0,0,0,0,0
350016,2,1,1997,0,0,0,0,0,0,0,0,0,0
350017,1,1,1997,17,17,17,17,17,17,17,17,17,17
350018,1,1,1997,0,0,0,0,0,0,0,0,0,0
350018,2,1,1997,0,0,0,0,0,0,0,0,0,0
350019,1,1,1997,7,7,7,7,7,7,7,7,7,7
350020,0,1,1997,0,0,0,0,0,0,0,0,0,0
350020,1,1,1997,0,0,0,0,0,0,0,0,0,0
350021,0,1,1997,0,0,12,0,0,0,0,0,0,0
350021,1,1,1997,0,0,0,0,0,0,0,0,0,0
350022,1,1,1997,0,0,0,0,0,0,0,16,11,0
350022,2,1,1997,0,0,0,0,0,0,0,0,0,0
350023,0,1,1997,26,26,26,26,26,26,26,26,26,26
350023,1,1,1997,0,0,0,0,0,0,0,0,0,0
350024,1,1,1997,23,23,23,23,23,23,23,23,23,23
350024,2,1,1997,0,0,0,0,0,0,0,0,0,0
350025,1,1,1997,17,0,0,0,0,15,14,0,0,0
350025,2,1,1997,11,11,11,11,11,11,11,11,11,11
350026,1,1,1997,14,14,14,14,14,14,14,14,14,14
350027,1,1,1997,9,9,9,9,9,9,9,9,9,9
350028,1,1,1997,11,0,0,0,0,0,0,0,41,0
350028,2,1,1997,13,13,13,13,13,13,13,13,13,13
350029,1,1,1997,11,11,11,11,11,11,11,11,11,11
350030,1,1,1997,2,2,2,2,2,2,2,2,2,2
350031,1,1,1997,0,0,0,0,0,0,0,0,0,0
350032,1,1,1997,0,0,0,0,0,0,0,0,0,0
350032,2,1,1997,0,0,0,0,0,0,0,0,0,0
350033,1,1,1997,21,21,21,21,21,21,21,21,21,21
350034,1,1,1997,23,23,23,23,23,23,23,23,23,23
350034,2,1,1997,10,0,0,0,0,0,0,0,0,0
350035,0,1,1997,39,39,39,39,39,39,39,39,39,39
350035,1,1,1997,0,0,0,0,0,0,0,0,0,0
350036,1,1,1997,0,0,0,0,0,0,0,0,0,0
350037,1,1,1997,0,0,0,0,0,0,0,0,0,0
350038,1,1,1997,12,12,12,12,12,12,12,12,12,12
350039,1,1,1997,0,0,0,0,0,0,0,0,0,0
350039,2,1,1997,0,0,0,0,0,0,0,0,0,0
350040,1,1,1997,0,0,0,0,0,0,0,0,0,0
350041,1,1,1997,12,12,12,12,12,12,12,12,12,12
350041,2,1,1997,5,5,5,5,5,5,5,5,5,5
350042,1,1,1997,0,0,0,0,0,0,0,0,0,0
350042,2,1,1997,0,0,0,0,0,0,0,0,0,0
350043,1,1,1997,27,27,27,27,27,27,27,27,27,27
350044,1,1,1997,28,28,28,28,28,28,28,28,28,28
350045,0,1,1997,0,0,0,0,0,0,0,0,0,0
350045,1,1,1997,0,0,0,0,0,0,0,0,0,0
350046,1,1,1997,0,0,0,0,0,0,0,0,0,0
350047,1,1,1997,0,0,0,0,0,0,0,0,0,0
350047,2,1,1997,0,0,0,0,0,0,0,0,0,0
350048,0,1,1997,0,0,0,0,0,0,0,0,0,0
350048,1,1,1997,0,0,0,0,0,0,0,0,0,0
350049,0,1,1997,0,0,0,0,0,0,0,0,0,0
350049,1,1,1997,0,0,0,0,0,0,0,0,0,0
350050,1,1,1997,0,0,0,0,0,0,0,18,0,0
350051,1,1,1997,0,0,0,0,0,0,0,0,0,0
350051,2,1,1997,13,13,13,13,13,13,13,13,13,13
350052,1,1,1997,5,5,5,5,5,5,5,5,5,5
350052,2,1,1997,0,0,0,0,0,0,0,0,0,0
350053,1,1,1997,0,0,0,0,0,10,0,0,0,0
350053,2,1,1997,0,0,0,0,0,0,0,0,0,0
350053,3,1,1997,32,32,32,32,32,32,32,32,32,32
350054,1,1,1997,0,0,0,0,0,0,0,0,0,0
350054,2,1,1997,0,0,0,0,0,0,0,0,0,0
350055,1,1,1997,0,0,0,0,0,0,0,0,0,0
350055,2,1,1997,0,0,0,0,0,0,0,0,0,0
350056,1,1,1997,15,15,15,15,15,15,15,15,15,15
350056,2,1,1997,0,0,0,0,0,0,0,0,0,0
350058,0,1,1997,38,38,38,38,38,38,38,38,38,38
350058,1,1,1997,0,0,0,0,0,0,0,0,0,0
350059,1,1,1997,25,25,25,25,25,25,25,25,25,25
350060,1,1,1997,0,0,0,0,0,0,0,0,0,0
350060,2,1,1997,0,0,0,0,0,0,0,0,0,0
350061,1,1,1997,0,0,0,0,0,0,30,21,15,21
350062,1,1,1997,0,0,0,0,0,0,0,0,0,0
350062,2,1,1997,0,0,0,0,0,0,0,0,0,0
350063,1,1,1997,0,0,0,0,0,0,0,0,0,0
350063,2,1,1997,0,0,0,0,0,0,0,0,0,0
350064,1,1,1997,0,0,0,0,0,0,0,0,0,0
350064,2,1,1997,29,29,29,29,29,29,29,29,29,29
350065,1,1,1997,15,15,15,15,15,15,15,15,15,15
350066,1,1,1997,0,0,0,0,0,0,0,0,0,0
350067,1,1,1997,0,3,0,0,0,0,15,0,0,0
350068,1,1,1997,14,14,14,14,14,14,14,14,14,14
350069,1,1,1997,0,0,0,0,0,0,0,0,0,0
350070,1,1,1997,2,2,2,2,2,2,2,2,2,2
350070,2,1,1997,0,0,0,0,0,0,0,0,0,0
350071,1,1,1997,0,0,0,0,0,0,0,0,0,0
350072,1,1,1997,0,0,0,0,0,0,0,0,0,0
350072,2,1,1997,22,12,0,12,0,7,22,11,5,10
350073,1,1,1997,8,15,22,6,27,14,12,31,22,0
350074,1,1,1997,0,0,0,0,0,3,0,0,2,0
350075,1,1,1997,0,0,0,0,0,0,0,0,0,0
350075,2,1,1997,0,0,0,0,0,0,0,9,0,0
350076,1,1,1997,0,0,0,0,0,0,0,0,0,0
350077,0,1,1997,31,31,31,31,31,31,31,31,31,31
350077,1,1,1997,0,0,0,0,0,0,0,0,0,0
350078,1,1,1997,0,16,0,0,20,0,0,0,10,0
350078,2,1,1997,0,0,0,0,0,0,0,0,0,0
350079,1,1,1997,0,19,26,0,0,12,0,0,0,31
350080,1,1,1997,0,0,0,0,0,0,0,0,0,0
350081,1,1,1997,0,0,0,0,0,0,0,0,0,0
350081,2,1,1997,28,9,24,9,9,27,24,14,8,14
350082,1,1,1997,7,18,5,26,12,12,17,5,15,19
350083,1,1,1997,0,0,0,0,0,0,0,0,0,0
350083,2,1,1997,0,0,0,0,0,0,0,0,0,0
350084,0,1,1997,34,34,34,34,34,34,34,34,34,34
350084,1,1,1997,0,0,0,0,0,0,0,0,0,0
350085,1,1,1997,0,0,0,0,0,19,0,0,0,0
350086,1,1,1997,0,0,0,0,0,0,0,0,0,0
350087,1,1,1997,0,0,0,0,0,0,0,0,0,0
350088,1,1,1997,0,0,0,0,0,0,0,0,0,0
350089,1,1,1997,0,0,0,0,0,0,0,0,0,0
350089,2,1,1997,1,1,1,1,1,1,1,1,1,1
350090,0,1,1997,27,27,27,27,27,27,27,27,27,27
350090,1,1,1997,13,16,0,0,0,0,0,10,0,0
350091,1,1,1997,0,0,0,0,0,0,0,0,0,0
350091,2,1,1997,0,0,0,0,0,0,0,0,0,2
350091,3,1,1997,0,0,0,0,0,0,0,12,0,0
350092,1,1,1997,0,0,0,0,0,0,0,0,0,0
350093,0,1,1997,29,29,29,29,29,29,29,29,29,29
350093,1,1,1997,0,0,0,0,0,0,0,0,0,0
350094,0,1,1997,32,32,32,32,32,32,32,32,32,32
350094,1,1,1997,0,0,0,0,0,0,0,0,0,0
350095,1,1,1997,18,18,18,18,18,18,18,18,18,18
350096,0,1,1997,13,13,13,13,13,13,13,13,13,13
350096,1,1,1997,0,0,0,0,0,0,0,0,0,0
350097,0,1,1997,18,18,18,18,18,18,18,18,18,18
350097,1,1,1997,0,0,0,0,0,0,0,0,0,0
350098,1,1,1997,0,0,0,0,0,0,0,0,0,0
350099,1,1,1997,0,0,0,0,0,0,0,0,0,0
350099,2,1,1997,0,0,0,0,0,0,0,0,0,0
350100,1,1,1997,0,0,0,0,0,0,0,0,0,0
350100,2,1,1997,0,0,0,0,0,0,0,0,0,0
350101,1,1,1997,0,0,0,0,0,0,0,0,0,0
350101,2,1,1997,0,0,0,0,0,0,0,0,0,0
350102,1,1,1997,0,0,0,0,0,0,0,0,0,0
350102,2,1,1997,0,0,0,0,0,0,0,0,0,0
350103,1,1,1997,0,0,0,0,0,0,0,0,0,0
350104,0,1,1997,32,32,32,32,32,32,32,32,32,32
350104,1,1,1997,16,10,0,0,12,21,22,0,6,0
350105,1,1,1997,0,0,0,0,0,0,0,0,0,0
350105,2,1,1997,25,25,25,25,25,25,25,25,25,25
350106,1,1,1997,0,0,22,0,0,0,0,0,0,0
350106,2,1,1997,0,0,0,0,0,0,0,0,0,0
350107,1,1,1997,1,1,1,1,1,1,1,1,1,1
350108,1,1,1997,0,0,0,0,0,15,0,0,0,0
350109,1,1,1997,7,9,9,12,0,0,0,0,0,0
350110,0,1,1997,0,0,0,0,0,0,0,0,0,0
350110,1,1,1997,0,0,0,0,0,0,0,0,0,0
350111,1,1,1997,0,0,0,15,9,0,27,0,31,27
350112,1,1,1997,0,0,0,0,15,0,0,22,0,0
350113,1,1,1997,0,13,0,0,0,10,0,0,0,0
350114,1,1,1997,0,0,0,0,0,0,0,0,0,0
350115,1,1,1997,0,0,0,0,0,0,0,0,0,0
350115,2,1,1997,0,0,0,0,0,0,0,0,0,0
350116,1,1,1997,7,7,7,7,7,7,7,7,7,7
350116,2,1,1997,0,0,0,0,0,0,0,0,0,0
350117,0,1,1997,20,20,20,20,20,20,20,20,20,20
350117,1,1,1997,0,0,0,0,0,0,0,0,0,0
350118,1,1,1997,0,0,0,0,0,0,0,0,0,0
350119,1,1,1997,0,0,0,0,0,0,0,0,0,0
350119,2,1,1997,0,0,0,0,0,0,0,0,0,0