ST_CASE,VEH_NO,PER_NO,YEAR,P1,P2,P3,P4,P5,P6,P7,P8,P9,P10
350400,1,1,1997,15,12,6,33,18,19,3,12,0,0
350401,0,1,1997,0,0,0,0,0,0,0,0,0,0
350401,1,1,1997,0,0,0,0,0,0,0,0,0,0
360001,0,1,1997,0,0,0,17,0,0,0,0,16,0
360001,1,1,1997,0,0,0,0,0,0,0,0,0,0
360002,1,1,1997,0,0,0,0,0,0,0,0,0,0
360002,2,1,1997,0,0,0,0,0,0,0,0,0,0
360003,1,1,1997,0,0,0,0,0,0,0,0,0,0
360003,2,1,1997,7,18,12,2,7,16,12,4,0,11
360004,1,1,1997,0,0,0,0,0,0,0,0,0,0
360004,2,1,1997,0,0,13,0,24,0,0,0,0,0
360005,1,1,1997,11,8,15,26,24,15,0,23,25,17
360006,1,1,1997,0,0,0,0,0,0,0,0,0,0
360006,2,1,1997,0,0,0,0,7,0,0,14,0,0
360007,1,1,1997,0,0,0,0,0,0,0,0,0,0
360008,1,1,1997,33,43,36,22,12,0,21,32,23,40
360009,1,1,1997,0,0,0,0,0,0,0,0,0,0
360009,2,1,1997,0,0,0,0,15,0,0,0,0,0
360010,1,1,1997,0,0,0,0,0,0,0,21,0,9
360010,2,1,1997,0,0,0,0,0,0,0,0,7,20
360011,1,1,1997,0,0,0,0,9,0,0,0,0,0
360011,2,1,1997,16,0,0,0,20,0,0,0,0,26
360012,1,1,1997,0,0,0,7,0,0,0,0,28,0
360012,2,1,1997,0,0,7,0,0,0,0,17,0,5
360013,0,1,1997,0,0,0,0,0,0,0,0,0,0
360013,1,1,1997,0,0,0,0,0,0,0,0,12,0
360014,1,1,1997,0,0,0,0,0,0,0,0,0,0
360014,2,1,1997,0,0,0,0,0,0,0,0,0,0
360015,1,1,1997,0,0,0,0,0,0,0,0,0,0
360015,2,1,1997,0,0,0,0,0,0,0,0,0,0
360016,1,1,1997,13,19,17,18,5,17,12,11,2,10
360016,2,1,1997,0,0,0,0,0,0,0,0,0,0
360017,0,1,1997,33,33,33,33,33,33,33,33,33,33
360017,1,1,1997,0,3,0,0,0,0,14,0,0,0
360018,1,1,1997,10,14,32,0,28,0,10,0,0,0
360019,1,1,1997,13,13,13,13,13,13,13,13,13,13
360020,1,1,1997,0,0,0,0,0,0,0,0,0,0
360020,2,1,1997,0,0,0,0,0,0,0,0,0,0
360020,3,1,1997,0,0,0,0,0,0,0,0,0,0
360021,1,1,1997,0,0,0,0,0,0,0,0,0,0
360021,2,1,1997,0,12,0,0,0,0,0,0,0,0
360022,1,1,1997,0,0,0,0,0,0,0,0,0,0
360022,2,1,1997,0,0,0,0,0,0,0,0,0,0
360023,0,1,1997,8,8,8,8,8,8,8,8,8,8
360023,1,1,1997,0,25,18,18,22,31,13,17,13,21
360023,2,1,1997,0,9,14,15,0,11,14,16,0,0
360024,1,1,1997,0,0,0,0,0,0,0,0,0,0
360024,2,1,1997,0,0,0,0,0,0,5,0,0,0
360025,0,1,1997,0,0,29,3,17,21,0,34,0,0
360025,1,1,1997,0,0,0,0,0,0,11,0,0,0
360026,1,1,1997,19,10,19,22,14,10,0,9,0,21
360026,2,1,1997,20,15,15,9,9,12,5,12,8,15
360027,1,1,1997,0,0,0,0,0,0,0,0,0,0
360027,2,1,1997,0,0,0,0,0,0,0,0,0,0
360028,1,1,1997,0,0,0,0,0,0,0,7,0,0
360028,2,1,1997,0,0,0,0,0,0,0,0,0,0
360029,1,1,1997,9,0,14,32,7,16,30,15,2,15
360030,1,1,1997,0,54,7,0,0,0,0,0,12,18
360030,2,1,1997,0,13,0,0,0,0,15,0,0,0
360031,1,1,1997,0,0,0,0,0,0,0,0,0,0
360031,2,1,1997,0,0,0,0,0,0,0,0,0,0
360032,1,1,1997,0,0,0,0,0,0,6,0,0,0
360033,1,1,1997,0,0,0,0,0,0,0,0,0,0
360033,2,1,1997,0,0,0,0,0,0,0,0,0,0
360034,0,1,1997,0,0,0,0,0,0,0,0,0,0
360034,1,1,1997,0,0,0,0,0,0,0,0,0,0
360035,0,1,1997,0,0,0,0,0,25,0,0,0,0
360035,0,2,1997,0,0,0,0,0,0,0,0,0,0
360035,1,1,1997,0,0,0,0,0,0,0,0,0,0
360036,0,1,1997,14,0,0,0,0,0,26,48,0,32
360036,1,1,1997,0,0,0,0,0,0,16,0,0,0
360037,1,1,1997,0,0,0,0,0,0,0,0,0,0
360037,2,1,1997,0,0,9,0,0,13,0,0,0,0
360038,1,1,1997,0,13,0,0,0,0,0,0,0,0
360038,2,1,1997,0,0,0,0,0,0,0,0,0,0
360039,1,1,1997,15,15,15,12,9,9,0,8,24,7
360040,1,1,1997,15,15,15,15,15,15,15,15,15,15
360040,2,1,1997,0,0,0,0,2,0,0,0,0,0
360040,3,1,1997,0,0,0,0,0,0,25,0,0,7
360041,1,1,1997,0,0,0,0,0,0,0,0,0,0
360041,2,1,1997,0,0,0,0,0,0,0,0,0,0
360042,1,1,1997,0,0,0,0,0,0,0,0,0,0
360043,1,1,1997,0,0,0,0,0,0,0,0,0,0
360044,0,1,1997,0,0,0,0,0,0,0,0,0,0
360044,1,1,1997,0,0,0,0,0,0,0,0,0,0
360045,1,1,1997,17,17,17,17,17,17,17,17,17,17
360045,2,1,1997,0,0,0,0,0,0,0,10,0,0
360046,1,1,1997,0,0,0,0,0,0,0,0,0,0
360047,1,1,1997,0,0,0,0,0,0,0,0,0,0
360047,2,1,1997,0,0,0,0,0,0,0,0,0,0
360048,1,1,1997,21,0,0,0,0,0,0,27,0,0
360049,1,1,1997,0,0,0,0,0,0,4,0,0,0
360050,1,1,1997,0,19,26,3,0,0,7,19,5,0
360050,2,1,1997,0,0,0,0,0,0,0,0,0,0
360051,1,1,1997,0,0,0,0,0,0,0,0,0,0
360051,2,1,1997,0,0,7,0,0,0,0,0,0,0
360052,0,1,1997,0,0,0,0,0,0,0,0,19,0
360052,1,1,1997,0,0,0,0,0,0,0,0,0,6
360053,0,1,1997,0,0,0,0,0,0,0,0,0,0
360053,1,1,1997,0,0,0,0,0,0,0,0,0,0
360054,1,1,1997,16,0,0,0,0,0,0,0,0,0
360055,1,1,1997,12,8,0,0,0,21,7,0,0,0
360055,2,1,1997,22,9,22,27,15,6,17,34,0,13
360056,1,1,1997,0,0,0,0,0,0,0,0,0,0
360057,1,1,1997,0,18,0,0,0,0,0,0,0,0
360058,0,1,1997,0,0,0,0,0,0,0,0,0,0
360058,1,1,1997,3,16,14,11,10,9,0,12,23,11
360059,0,1,1997,0,21,22,17,0,45,19,0,25,0
360059,1,1,1997,0,0,0,0,0,0,0,0,0,0
360060,1,1,1997,14,14,19,8,6,8,7,7,29,14
360061,1,1,1997,0,0,0,0,0,0,0,2,0,0
360061,2,1,1997,0,0,0,0,0,0,0,0,0,0
360062,0,1,1997,2,2,2,2,2,2,2,2,2,2
360062,1,1,1997,0,12,0,0,0,0,0,0,0,0
360063,1,1,1997,0,0,0,0,0,0,0,0,0,0
360063,2,1,1997,0,0,0,11,0,0,0,0,0,10
360064,1,1,1997,8,0,32,21,0,14,27,21,20,29
360065,0,1,1997,25,25,25,25,25,25,25,25,25,25
360065,1,1,1997,0,0,0,0,0,0,0,0,14,0
360065,2,1,1997,0,0,0,0,0,8,0,0,10,5
360066,1,1,1997,16,0,0,0,0,0,0,0,0,0
360066,2,1,1997,0,0,0,0,0,0,0,0,0,0
360066,3,1,1997,0,0,0,0,0,0,0,0,0,0
360067,1,1,1997,0,0,0,0,0,0,0,0,0,0
360067,2,1,1997,0,0,0,0,0,0,0,0,0,0
360068,1,1,1997,10,10,10,10,10,10,10,10,10,10
360068,2,1,1997,7,3,7,12,13,0,26,18,10,13
360068,3,1,1997,17,25,0,0,0,0,0,23,0,0
360069,0,1,1997,0,0,20,0,0,0,3,0,24,24
360069,1,1,1997,0,0,0,0,0,0,0,0,0,0
360070,0,1,1997,0,0,0,0,0,0,0,0,0,0
360070,1,1,1997,0,0,0,0,0,0,0,0,0,0
360071,1,1,1997,22,22,22,22,22,22,22,22,22,22
360072,1,1,1997,0,0,0,0,0,0,0,0,0,0
360072,2,1,1997,0,0,0,0,0,0,0,0,0,0
360073,1,1,1997,0,0,0,0,0,0,0,0,0,0
360073,2,1,1997,0,0,0,0,0,0,0,0,0,0
360073,3,1,1997,0,0,0,0,0,0,0,0,0,0
360074,1,1,1997,16,8,16,10,10,20,0,26,14,17
360075,0,1,1997,0,20,14,20,15,31,14,26,0,0
360075,0,2,1997,0,0,9,18,17,22,0,10,2,17
360075,1,1,1997,0,0,22,0,0,17,0,0,0,10
360076,1,1,1997,0,0,7,0,0,0,20,0,0,16
360077,0,1,1997,0,0,12,31,26,17,22,24,0,0
360077,1,1,1997,0,0,0,0,0,0,0,0,0,0
360078,1,1,1997,10,0,0,0,28,0,0,0,0,0
360078,2,1,1997,0,0,0,0,0,17,21,0,9,0
360079,1,1,1997,24,24,24,24,24,24,24,24,24,24
360080,1,1,1997,0,15,0,0,0,0,6,9,0,0
360081,1,1,1997,20,36,19,33,15,21,23,17,11,26
360082,1,1,1997,0,0,0,0,0,0,0,0,0,0
360082,2,1,1997,0,0,0,0,0,0,0,0,0,0
360083,1,1,1997,0,0,0,0,0,0,0,0,0,0
360083,2,1,1997,0,0,0,0,0,0,0,0,0,0
360084,1,1,1997,12,12,12,12,12,12,12,12,12,12
360085,1,1,1997,0,0,0,0,0,0,0,0,0,0
360085,2,1,1997,0,0,0,0,0,0,0,0,0,0
360086,1,1,1997,0,0,0,0,24,10,0,0,0,27
360087,1,1,1997,0,17,0,0,0,0,0,0,0,0
360087,2,1,1997,0,7,0,0,0,0,0,0,0,0
360088,0,1,1997,4,4,4,4,4,4,4,4,4,4
360088,0,2,1997,0,14,28,24,17,0,19,0,0,11
360088,1,1,1997,0,0,0,0,11,0,0,5,0,0
360089,1,1,1997,0,0,0,0,0,0,0,22,0,9
360089,2,1,1997,0,0,0,0,0,0,0,0,0,0
360090,1,1,1997,0,0,0,0,0,15,0,0,0,0
360090,2,1,1997,0,0,16,7,0,0,0,7,0,0
360091,1,1,1997,0,0,23,0,0,0,0,0,22,0
360092,1,1,1997,18,18,18,18,18,18,18,18,18,18
360093,0,1,1997,0,0,0,0,0,0,0,0,0,0
360093,1,1,1997,0,0,0,0,0,0,0,0,0,0
360095,1,1,1997,0,0,0,0,0,0,0,0,0,0
360095,2,1,1997,0,0,0,0,0,0,0,0,0,0
360096,1,1,1997,0,0,0,0,18,0,0,0,0,0
360097,0,1,1997,25,0,0,8,0,8,0,21,8,0
360097,1,1,1997,0,0,0,0,0,21,0,0,20,0
360098,0,1,1997,0,0,0,0,0,0,0,0,0,0
360098,1,1,1997,0,0,0,0,0,0,0,0,0,0
360099,1,1,1997,0,0,0,0,0,0,0,0,0,0
360099,2,1,1997,0,0,0,39,15,0,0,0,0,0
360100,1,1,1997,0,0,0,0,0,0,0,0,0,0
360101,1,1,1997,0,0,0,0,0,0,0,0,0,0
360102,1,1,1997,17,17,17,17,17,17,17,17,17,17
360103,0,1,1997,0,0,0,0,0,0,7,0,0,0
360103,1,1,1997,10,0,0,0,0,0,0,0,0,0
360104,0,1,1997,7,8,0,0,13,0,16,24,0,0
360104,1,1,1997,0,0,0,0,0,0,0,0,0,0
360105,0,1,1997,0,0,0,0,0,0,0,0,26,12
360105,1,1,1997,15,0,0,0,0,0,0,0,12,0
360106,1,1,1997,0,0,0,0,0,0,0,0,0,0
360106,2,1,1997,0,0,0,0,0,22,0,0,0,0
360107,0,1,1997,0,0,0,0,0,6,38,0,0,0
360107,1,1,1997,9,0,0,0,0,0,16,0,0,0
360108,0,1,1997,0,0,0,0,0,0,0,0,0,0
360108,1,1,1997,0,0,0,0,0,0,0,0,0,0
360109,1,1,1997,0,12,17,0,0,0,13,0,0,5
360109,2,1,1997,7,0,7,13,0,0,0,9,0,0
360109,3,1,1997,4,4,4,4,4,4,4,4,4,4
360109,4,1,1997,27,0,12,14,14,0,0,24,19,0
360110,1,1,1997,0,0,0,0,0,0,4,0,0,0
360110,2,1,1997,0,0,0,0,0,0,0,0,0,0
360111,0,1,1997,20,0,0,0,0,0,0,0,0,0
360111,1,1,1997,18,21,11,20,0,5,0,16,27,19
360112,1,1,1997,15,15,15,15,15,15,15,15,15,15
360113,1,1,1997,22,29,12,17,28,20,22,14,24,23
360114,0,1,1997,11,11,11,11,11,11,11,11,11,11
360114,1,1,1997,0,0,0,0,22,0,7,19,0,0
360115,1,1,1997,0,0,0,0,0,0,0,0,0,0
360115,2,1,1997,0,0,0,0,0,0,0,0,0,0
360115,3,1,1997,0,0,0,0,0,0,0,0,0,0
360116,0,1,1997,19,35,8,27,0,0,0,0,0,0
360116,1,1,1997,0,0,0,0,0,0,0,0,0,0
360117,0,1,1997,0,0,0,0,0,0,0,0,0,0
360117,0,2,1997,0,0,0,0,0,0,0,0,0,0
360117,1,1,1997,0,0,0,0,0,0,0,0,0,0
360118,1,1,1997,0,0,0,0,0,0,0,0,0,0
360119,0,1,1997,0,0,0,0,0,0,0,0,0,0
360119,1,1,1997,0,0,0,0,0,0,0,0,0,0
360120,1,1,1997,0,0,44,0,0,0,25,0,0,0
360121,1,1,1997,0,19,21,0,0,0,0,0,7,0
360121,2,1,1997,0,0,9,0,0,0,0,0,0,0
360122,0,1,1997,22,22,22,22,22,22,22,22,22,22
360122,1,1,1997,0,20,0,8,0,9,0,0,8,0
360123,1,1,1997,22,7,22,0,26,10,0,0,0,9
360124,1,1,1997,29,6,6,0,11,6,7,21,7,10
360124,2,1,1997,0,0,0,0,0,8,20,0,0,0
360125,1,1,1997,0,0,0,0,0,0,0,0,0,0
360125,2,1,1997,44,0,0,0,0,0,0,0,0,0
360126,1,1,1997,9,14,0,20,3,12,3,9,0,16
360127,1,1,1997,24,0,0,0,0,0,0,0,0,0
360127,2,1,1997,0,0,0,0,0,0,0,0,0,0
360127,3,1,1997,0,0,0,0,0,0,0,0,0,0
360128,1,1,1997,22,10,13,13,10,7,4,25,20,11
360129,1,1,1997,0,20,0,23,14,0,19,0,19,16
360130,0,1,1997,0,0,0,0,0,0,0,0,0,0
360130,1,1,1997,0,0,0,0,0,0,0,0,0,0
360131,0,1,1997,0,0,16,0,17,0,0,0,0,0
360131,1,1,1997,0,0,0,0,0,0,0,9,14,0
360132,0,1,1997,0,0,0,0,0,0,0,0,0,11
360132,1,1,1997,14,20,11,11,0,14,10,11,10,14
360133,0,1,1997,17,0,0,0,31,0,0,0,0,0
360133,1,1,1997,0,23,14,0,0,0,0,7,15,0
360134,1,1,1997,14,0,0,0,0,0,0,0,0,0
360134,2,1,1997,0,0,0,0,0,0,0,0,0,0
360135,0,1,1997,0,0,0,0,0,0,0,0,0,0
360135,1,1,1997,0,0,0,0,0,0,0,0,0,0
360136,0,1,1997,0,35,0,0,0,22,0,0,0,18
360136,1,1,1997,0,0,18,0,0,5,0,0,8,17
360137,1,1,1997,0,0,0,0,0,0,0,0,0,0
360137,2,1,1997,17,0,17,0,0,0,9,0,0,0
360137,3,1,1997,0,0,0,0,0,0,0,27,0,0
360138,1,1,1997,0,5,0,0,0,0,0,0,0,0
360138,2,1,1997,0,0,15,9,0,0,0,0,0,0
360139,1,1,1997,17,0,0,12,14,11,0,0,0,0
360140,0,1,1997,16,16,16,16,16,16,16,16,16,16
360140,1,1,1997,0,0,0,0,0,0,0,0,0,0
360141,1,1,1997,0,0,0,0,0,0,0,0,0,0
360141,2,1,1997,0,0,0,0,0,0,0,0,0,0
360142,1,1,1997,0,0,0,0,0,0,0,0,0,0
360142,2,1,1997,0,0,0,0,0,0,0,0,0,0
360143,1,1,1997,26,26,26,26,26,26,26,26,26,26
360144,1,1,1997,0,18,18,12,31,0,0,0,0,29
360144,2,1,1997,0,0,0,0,0,0,7,0,0,0
360145,0,1,1997,0,0,0,0,0,0,0,20,0,0
360145,1,1,1997,0,0,0,0,0,0,0,0,8,0
360146,1,1,1997,0,0,6,0,0,0,0,0,10,17
360147,0,1,1997,0,0,0,0,0,0,0,0,31,0
360147,1,1,1997,0,0,0,0,0,0,0,0,0,0
360148,1,1,1997,0,0,0,0,0,0,0,0,0,0
360148,2,1,1997,0,0,0,0,0,0,0,0,0,0
360149,1,1,1997,6,0,14,0,26,11,0,0,0,0
360149,2,1,1997,18,6,11,0,11,19,16,13,14,0
360150,1,1,1997,1,1,1,1,1,1,1,1,1,1
360150,2,1,1997,0,0,0,0,0,0,0,0,0,0
360151,1,1,1997,0,0,0,0,0,0,0,0,0,0
360151,2,1,1997,0,0,0,0,0,0,0,0,7,0
360152,1,1,1997,0,0,0,0,0,0,0,0,0,0
360152,2,1,1997,0,0,0,0,0,0,0,0,0,0
360153,1,1,1997,6,6,6,6,6,6,6,6,6,6
360154,1,1,1997,0,0,0,0,0,0,0,0,0,0
360154,2,1,1997,0,0,0,0,0,0,0,0,0,0
360155,1,1,1997,0,0,0,0,0,0,0,0,0,0
360155,2,1,1997,0,0,0,0,0,0,0,0,0,0
360156,1,1,1997,14,17,35,33,25,11,0,18,26,20
360157,1,1,1997,0,0,0,0,0,0,0,0,0,0
360158,1,1,1997,0,0,0,0,0,0,0,0,0,0
360159,1,1,1997,0,0,0,0,0,0,0,0,0,0
360159,2,1,1997,0,0,0,0,0,0,0,0,0,0
360160,0,1,1997,12,12,13,16,0,0,0,0,24,0
360160,1,1,1997,7,0,0,0,0,0,0,0,0,7
360161,1,1,1997,6,49,21,11,0,0,0,0,0,0
360162,1,1,1997,8,0,0,27,13,0,0,0,12,6
360163,1,1,1997,16,16,16,16,16,16,16,16,16,16
360164,1,1,1997,0,0,0,21,0,0,0,0,0,0
360165,1,1,1997,0,0,0,0,0,0,0,0,0,0
360166,1,1,1997,0,0,0,0,0,0,0,0,0,0
360167,0,1,1997,38,0,4,30,0,0,0,0,0,16
360167,1,1,1997,0,0,0,0,0,0,0,0,0,0
360168,1,1,1997,0,0,0,0,0,0,0,0,0,0
360168,2,1,1997,17,4,0,0,13,11,0,0,0,11
360168,3,1,1997,0,0,0,0,0,0,0,0,0,0
360169,1,1,1997,24,24,24,24,24,24,24,24,24,24
360170,1,1,1997,0,18,0,0,0,11,0,16,28,0
360171,1,1,1997,15,7,5,7,9,15,8,9,9,28
360172,1,1,1997,16,16,16,16,16,16,16,16,16,16
360173,1,1,1997,0,0,0,0,0,0,0,0,0,0
360174,1,1,1997,0,0,5,0,0,13,0,0,0,0
360174,2,1,1997,0,0,0,0,0,0,0,0,0,0
360175,1,1,1997,0,0,0,0,0,0,0,0,0,0
360175,2,1,1997,0,0,0,0,0,0,0,0,0,0
360176,1,1,1997,0,0,30,0,0,21,0,0,26,0
360176,2,1,1997,0,0,0,0,0,0,0,0,0,0
360177,0,1,1997,0,29,0,0,0,0,0,0,0,0
360177,1,1,1997,0,0,0,0,0,0,0,0,0,0
360178,1,1,1997,0,0,0,0,0,0,0,0,0,0
360178,2,1,1997,0,0,0,0,0,0,0,0,0,6
360179,0,1,1997,0,0,0,0,17,35,31,0,0,0
360179,1,1,1997,0,2,0,0,0,0,0,0,0,0
360179,2,1,1997,0,0,0,12,0,0,15,0,2,0
360180,0,1,1997,0,0,0,0,0,0,0,0,0,0
360180,1,1,1997,0,0,0,0,0,0,0,0,0,0
360181,1,1,1997,22,22,22,22,22,22,22,22,22,22
360182,1,1,1997,10,6,18,13,15,5,8,13,10,0
360183,1,1,1997,0,0,0,0,0,0,0,0,0,0
360184,1,1,1997,0,0,0,0,0,0,0,0,0,0
360184,2,1,1997,0,0,0,0,0,0,0,0,0,0
360185,1,1,1997,3,0,0,11,10,15,0,26,0,0
360186,1,1,1997,0,0,0,0,0,0,0,0,0,0
360186,2,1,1997,0,0,7,0,0,0,0,0,0,0
360187,0,1,1997,0,0,0,0,0,0,0,0,0,0
360187,1,1,1997,0,0,0,0,0,0,0,0,0,0
360188,0,1,1997,26,26,26,26,26,26,26,26,26,26
360188,1,1,1997,0,0,0,0,0,0,0,0,0,0
360189,1,1,1997,0,0,0,0,0,0,0,0,0,0
360190,1,2,1997,9,3,25,6,19,15,24,5,5,8
360191,1,1,1997,0,0,0,0,0,0,0,0,0,0
360192,1,1,1997,0,0,0,0,0,0,0,0,0,0
360192,2,1,1997,12,12,12,12,12,12,12,12,12,12
360193,0,1,1997,0,0,0,0,42,0,14,25,0,0
360193,0,2,1997,0,0,0,0,0,0,0,0,0,0
360193,1,1,1997,0,0,0,0,18,0,0,0,0,0
360194,1,1,1997,15,0,0,0,0,0,0,0,0,0
360194,2,1,1997,0,0,0,0,0,0,0,0,0,0
360194,3,1,1997,9,0,7,4,0,0,0,0,0,0
360195,1,1,1997,0,0,0,0,0,0,0,0,0,0
360195,2,1,1997,0,0,0,0,0,0,0,0,0,0
360196,1,1,1997,0,0,0,0,0,0,0,0,0,0
360197,0,1,1997,0,0,0,0,0,0,0,0,0,0
360197,1,1,1997,0,0,0,0,21,0,0,0,0,0
360198,1,1,1997,0,0,0,0,0,0,0,0,0,0
360198,2,1,1997,0,0,0,0,0,0,0,0,0,0
360199,1,1,1997,0,0,0,0,0,0,0,0,0,0
360200,1,1,1997,0,0,0,0,0,0,0,0,19,5
360201,0,1,1997,0,0,0,0,0,0,0,0,26,0
360201,1,1,1997,0,0,0,0,0,0,0,0,0,0
360202,0,1,1997,30,28,16,20,23,34,34,11,30,27
360202,1,1,1997,0,0,0,0,0,0,0,0,0,0
360203,0,1,1997,0,0,0,0,0,0,0,0,0,0
360203,1,1,1997,0,0,0,0,0,0,0,0,0,0
360204,0,1,1997,5,22,18,22,14,22,32,18,9,19
360204,1,1,1997,0,26,0,0,0,0,22,0,0,6
360205,1,1,1997,26,26,26,26,26,26,26,26,26,26
360206,0,1,1997,0,0,0,0,0,0,0,0,0,0
360206,2,1,1997,0,0,0,0,0,0,0,0,0,0
360206,3,1,1997,0,0,0,0,4,0,0,0,0,11
360206,4,1,1997,0,0,0,0,0,0,0,12,0,0
360207,1,1,1997,0,0,0,0,0,0,0,0,0,0
360207,2,1,1997,0,3,40,0,0,0,13,5,0,4
360208,1,1,1997,11,2,4,15,8,21,5,12,20,19
360209,1,1,1997,25,0,0,0,0,0,0,0,0,0
360209,2,1,1997,12,0,0,7,0,0,0,0,0,0
360209,3,1,1997,0,0,0,0,0,0,0,0,0,0
360210,1,1,1997,0,0,0,0,0,0,0,0,0,0
360210,2,1,1997,0,0,0,0,0,0,0,0,0,0
360211,1,1,1997,0,0,0,0,0,0,0,0,0,0
360211,2,1,1997,0,0,0,0,0,0,0,0,0,0
360212,0,1,1997,0,0,0,0,0,0,0,0,0,0
360212,1,1,1997,0,0,0,0,0,0,0,0,0,0
360213,0,1,1997,21,0,10,35,9,19,0,0,0,0
360213,1,1,1997,0,0,0,0,0,0,0,0,0,0
360214,0,1,1997,0,0,0,0,0,0,0,0,0,0
360214,1,1,1997,0,23,0,0,0,0,0,0,0,0
360215,1,1,1997,0,0,0,0,0,0,0,0,0,0
360215,2,1,1997,0,27,0,0,0,0,0,0,0,0
360215,3,1,1997,0,0,0,0,0,0,0,0,0,0
360216,1,1,1997,0,0,0,0,0,22,0,23,22,13
360216,2,1,1997,18,39,12,27,24,14,32,9,16,16
360217,1,1,1997,0,0,28,16,12,20,25,31,22,14
360218,1,1,1997,32,0,20,24,18,0,21,26,31,20
360219,1,1,1997,17,17,17,17,17,17,17,17,17,17
360219,2,1,1997,15,15,15,15,15,15,15,15,15,15
360220,1,1,1997,0,0,0,20,0,0,0,0,0,0
360221,1,1,1997,0,0,15,0,0,17,0,0,0,0
360221,2,1,1997,0,0,0,0,0,0,0,0,0,0
360221,3,1,1997,0,0,0,0,0,0,0,0,0,0
360222,1,1,1997,0,0,0,0,0,0,0,0,0,0
360222,2,1,1997,0,0,14,0,0,0,0,0,12,0
360223,1,1,1997,13,13,13,13,13,13,13,13,13,13
360225,1,1,1997,0,13,0,18,0,0,0,0,21,0
360226,1,1,1997,0,0,0,0,0,0,0,0,0,0
360227,0,1,1997,0,26,0,0,0,0,0,30,0,28
360227,1,1,1997,0,0,0,0,0,0,0,0,0,0
360228,1,1,1997,0,0,0,0,0,0,0,0,0,0
360229,1,1,1997,0,0,0,0,0,0,0,0,0,0
360229,2,1,1997,1,1,1,1,1,1,1,1,1,1
360230,0,1,1997,0,14,27,25,0,24,0,0,21,0
360230,2,1,1997,15,0,0,0,21,8,0,13,0,0
360230,3,1,1997,0,0,0,0,0,10,0,0,0,0
360231,1,1,1997,0,4,0,14,0,0,0,0,0,8
360232,1,1,1997,13,0,0,0,0,0,0,0,0,0
360232,2,1,1997,0,0,15,0,0,0,0,0,0,0
360233,0,1,1997,0,22,0,0,0,0,0,0,0,0
360233,1,1,1997,0,0,0,0,0,0,0,0,0,0
360234,1,1,1997,0,0,0,0,0,0,0,0,0,0
360234,2,1,1997,0,0,0,0,0,0,0,0,0,0
360235,0,1,1997,7,37,14,15,25,19,21,4,26,30
360235,1,1,1997,22,0,10,0,0,0,0,1,3,15
360236,1,1,1997,0,0,7,0,0,0,0,0,0,0
360237,1,1,1997,17,17,17,17,17,17,17,17,17,17
360238,1,1,1997,16,16,16,16,16,16,16,16,16,16
360239,0,1,1997,0,19,0,0,0,0,24,0,0,0
360239,1,1,1997,0,0,0,0,0,0,0,0,0,0
360239,2,1,1997,0,0,0,0,10,0,0,0,0,0
360239,3,1,1997,0,0,0,0,0,0,0,0,0,0
360240,1,1,1997,14,15,25,0,20,0,0,5,14,0
360240,2,1,1997,0,0,0,0,0,0,0,0,0,0
360241,1,1,1997,0,0,0,0,0,0,0,0,22,0
360241,2,1,1997,0,0,0,0,0,0,0,0,0,0
360242,1,1,1997,0,0,0,0,0,0,0,0,0,0
360242,2,1,1997,0,0,0,0,0,0,0,0,0,0
360243,0,1,1997,0,0,0,0,0,23,0,0,0,0
360243,1,1,1997,0,11,0,0,0,0,0,15,0,0
360244,1,1,1997,15,15,15,15,15,15,15,15,15,15
360245,1,1,1997,0,20,0,13,0,26,12,35,27,15
360246,1,1,1997,0,0,0,0,0,0,0,0,0,0
360246,2,1,1997,0,0,0,0,0,0,0,0,0,0
360247,1,1,1997,0,0,0,0,0,0,0,0,0,0
360247,2,1,1997,26,0,0,8,0,0,0,27,0,0
360248,1,1,1997,11,0,0,8,24,38,19,9,30,0
360249,1,1,1997,3,13,0,11,0,0,0,4,0,0
360249,2,1,1997,0,0,8,0,0,0,0,0,0,0
360250,0,1,1997,7,19,12,0,25,25,0,0,12,18
360250,0,2,1997,17,8,0,17,30,17,24,34,22,27
360250,1,1,1997,16,17,0,10,0,0,0,0,3,0
360250,2,1,1997,0,0,0,0,37,0,9,0,33,14
360251,1,1,1997,0,0,0,0,0,0,0,0,0,0
360251,2,1,1997,0,0,0,0,0,0,0,0,0,0
360252,0,1,1997,0,0,0,0,0,0,0,0,0,0
360252,1,1,1997,0,0,0,0,0,0,0,0,0,0
360253,1,1,1997,0,6,13,35,10,16,0,0,10,13
360254,1,1,1997,10,0,14,0,16,0,0,0,0,0
360255,0,1,1997,25,11,0,22,0,21,8,7,42,0
360255,1,1,1997,3,8,0,15,0,0,19,25,0,4
360256,1,1,1997,13,28,16,15,12,20,10,4,0,10
360257,1,1,1997,6,13,9,26,18,10,11,36,8,23
360257,2,1,1997,28,0,0,0,19,0,22,0,0,0
360258,1,1,1997,0,0,0,0,0,0,0,0,0,0