ST_CASE,VEH_NO,PER_NO,YEAR,P1,P2,P3,P4,P5,P6,P7,P8,P9,P10
360513,1,1,1997,0,0,0,0,0,0,0,0,0,0
360513,2,1,1997,0,0,0,0,6,0,0,0,0,0
360513,3,1,1997,0,0,0,0,0,0,18,0,0,0
360514,1,1,1997,20,12,20,11,7,33,15,12,35,20
360515,1,1,1997,0,0,0,0,19,0,0,0,0,0
360516,1,1,1997,0,0,0,0,0,0,0,0,0,0
360516,2,1,1997,0,0,0,0,0,0,0,0,0,0
360517,1,1,1997,10,4,19,20,20,22,16,15,16,18
360518,0,1,1997,0,0,0,0,0,0,0,0,0,0
360518,1,1,1997,0,0,0,0,0,0,0,0,0,0
360519,1,1,1997,0,0,0,0,0,0,0,0,0,0
360519,2,1,1997,0,0,0,0,0,0,0,0,0,0
360520,1,1,1997,0,0,0,11,0,0,0,23,0,0
360521,1,1,1997,0,0,0,0,0,0,0,0,0,0
360521,2,1,1997,0,0,0,0,0,0,0,0,0,0
360522,1,1,1997,0,0,0,0,0,0,0,0,0,0
360523,1,1,1997,0,0,0,0,0,0,0,0,0,0
360524,1,1,1997,29,16,19,4,0,23,29,7,29,19
360524,2,1,1997,0,0,0,0,0,0,0,0,0,0
360525,0,1,1997,0,0,0,0,0,0,0,0,0,0
360525,1,1,1997,0,0,0,0,0,0,0,0,0,0
360526,1,1,1997,0,0,0,0,0,0,0,0,0,0
360526,2,1,1997,0,0,0,0,0,0,0,0,0,0
360527,0,1,1997,0,0,0,0,0,0,0,0,0,0
360527,1,1,1997,0,0,0,0,0,0,0,0,0,0
360528,1,1,1997,0,0,0,0,0,0,0,0,0,0
360528,2,1,1997,0,0,0,0,0,0,0,0,0,0
360529,1,1,1997,0,0,0,0,0,0,0,0,0,0
360529,2,1,1997,0,0,0,0,0,0,0,0,0,0
360530,1,1,1997,0,0,19,0,0,0,0,0,0,0
360530,2,1,1997,22,22,22,22,22,22,22,22,22,22
360531,1,1,1997,0,0,16,0,0,0,0,0,18,26
360531,2,1,1997,7,23,0,16,5,18,10,16,2,17
360532,0,1,1997,0,0,0,0,0,0,0,0,0,0
360532,1,1,1997,0,0,0,0,0,0,0,0,0,0
360533,0,1,1997,14,23,0,0,0,0,32,32,29,19
360533,1,1,1997,0,0,0,0,0,0,0,0,0,0
360534,1,1,1997,11,11,11,11,11,11,11,11,11,11
360535,1,1,1997,17,9,16,3,6,6,18,16,21,10
360536,1,1,1997,0,0,0,0,0,0,0,0,4,0
360537,1,1,1997,0,0,0,0,0,0,0,0,0,0
360537,2,1,1997,0,0,0,0,0,0,0,0,0,0
360538,1,1,1997,0,0,0,0,0,0,0,0,0,0
360538,2,1,1997,0,0,0,0,0,0,0,0,0,0
360539,0,1,1997,0,0,0,0,0,0,0,0,0,0
360539,1,1,1997,0,0,0,0,0,0,0,0,0,0
360540,1,1,1997,0,0,0,0,0,0,0,0,0,0
360540,2,1,1997,0,0,0,0,0,0,0,0,0,0
360541,1,1,1997,24,24,24,24,24,24,24,24,24,24
360541,2,1,1997,0,0,0,0,0,0,0,0,0,0
360542,0,1,1997,0,0,0,0,0,15,0,0,0,0
360542,1,1,1997,0,0,0,0,0,0,0,0,0,0
360543,1,1,1997,4,12,25,0,0,13,25,9,11,6
360543,2,1,1997,0,0,0,0,0,0,0,0,0,0
360544,1,1,1997,0,0,0,0,0,0,0,0,0,0
360544,2,1,1997,0,0,0,0,0,0,0,0,0,0
360545,1,1,1997,0,0,0,0,0,0,0,0,0,0
360545,2,1,1997,0,0,0,0,0,9,0,0,15,0
360546,0,1,1997,0,0,0,0,0,0,0,0,0,0
360546,1,1,1997,10,0,0,0,0,0,0,0,0,0
360547,1,1,1997,32,0,0,0,0,0,0,0,0,0
360547,2,1,1997,0,0,0,0,0,0,0,0,0,0
360547,3,1,1997,0,0,0,11,0,0,9,29,0,0
360547,4,1,1997,0,0,0,0,0,0,0,0,0,0
360548,0,1,1997,0,0,0,0,0,11,0,0,0,0
360548,1,1,1997,12,21,16,11,3,18,5,15,11,2
360549,1,1,1997,0,0,0,0,0,0,0,0,0,0
360550,1,1,1997,0,0,0,19,0,0,0,0,0,0
360551,1,1,1997,0,0,0,0,0,0,0,0,0,11
360552,1,1,1997,5,5,5,5,5,5,5,5,5,5
360553,1,1,1997,25,0,0,0,0,0,0,0,0,0
360554,1,1,1997,0,0,0,0,0,0,0,0,0,0
360554,2,1,1997,0,0,0,0,0,0,0,0,0,0
360555,1,1,1997,0,0,0,0,0,0,0,0,0,0
360555,2,1,1997,0,0,0,0,0,0,0,0,0,0
360556,1,1,1997,0,0,0,0,0,0,0,0,0,0
360556,2,1,1997,0,0,0,0,0,0,0,0,0,0
360557,1,1,1997,0,0,0,0,0,0,0,0,0,0
360557,2,1,1997,0,0,0,0,0,0,0,0,0,0
360558,1,1,1997,17,17,17,17,17,17,17,17,17,17
360559,1,1,1997,19,19,19,19,19,19,19,19,19,19
360560,0,1,1997,0,0,0,0,0,0,0,0,0,0
360560,1,1,1997,0,0,0,0,0,0,0,0,0,0
360561,1,1,1997,0,0,0,0,0,0,0,0,0,0
360561,2,1,1997,11,0,0,35,0,0,0,0,0,15
360562,1,1,1997,0,0,0,0,0,0,0,0,0,0
360562,2,1,1997,0,0,0,0,0,0,0,0,0,0
360563,1,1,1997,0,0,0,0,0,0,0,0,0,0
360564,1,1,1997,0,0,0,0,0,0,0,0,0,0
360564,2,1,1997,0,0,0,0,0,0,0,0,0,0
360564,3,1,1997,0,0,0,0,0,0,0,0,0,0
360564,4,1,1997,0,0,0,0,0,0,0,0,0,0
360565,0,1,1997,0,0,0,0,0,0,0,0,0,0
360565,1,1,1997,0,0,0,0,0,0,0,0,18,0
360566,0,1,1997,0,0,0,0,0,0,0,0,0,0
360566,1,1,1997,0,0,0,0,0,0,0,0,0,0
360567,1,1,1997,0,0,0,0,0,0,0,0,0,0
360568,0,1,1997,0,0,0,0,0,18,0,0,0,0
360568,0,2,1997,0,0,0,0,0,0,0,29,0,25
360568,1,1,1997,7,0,0,0,0,0,0,0,0,0
360569,0,1,1997,0,17,0,0,0,0,0,0,0,0
360569,1,1,1997,0,0,0,0,0,0,0,0,0,0
360569,2,1,1997,0,0,0,0,0,0,0,0,0,0
360570,1,1,1997,0,0,0,0,0,0,0,0,0,0
360570,2,1,1997,0,0,0,0,0,0,0,0,0,0
360571,0,1,1997,0,0,0,0,0,0,0,0,0,0
360571,1,1,1997,0,0,0,0,0,0,0,0,0,0
360572,0,1,1997,0,0,0,0,21,0,0,0,0,0
360572,1,1,1997,0,0,0,0,0,0,0,0,0,0
360573,0,1,1997,0,0,0,0,0,0,0,0,0,0
360573,1,1,1997,0,11,0,0,0,0,0,0,0,0
360574,0,1,1997,0,0,0,0,0,0,0,0,0,0
360574,1,1,1997,0,0,0,0,0,0,0,0,0,0
360575,1,1,1997,0,0,0,0,29,0,0,0,0,0
360576,1,1,1997,0,0,0,0,0,0,0,0,0,0
360576,2,1,1997,0,0,0,17,0,0,0,0,16,0
360577,1,1,1997,13,13,13,13,13,13,13,13,13,13
360577,2,1,1997,0,0,0,0,0,0,0,0,0,0
360578,0,1,1997,0,0,0,0,0,0,0,0,0,0
360578,1,1,1997,0,0,0,0,0,0,0,0,0,0
360579,0,1,1997,0,0,30,0,0,0,0,0,0,0
360579,1,1,1997,0,0,0,0,0,0,0,0,0,0
360580,1,1,1997,0,17,0,0,16,23,0,0,24,0
360581,1,1,1997,0,0,0,0,0,0,0,0,0,0
360582,1,1,1997,0,0,0,0,0,0,0,0,0,0
360582,2,1,1997,14,0,0,0,0,0,0,0,0,0
360583,1,1,1997,0,0,0,0,0,0,0,0,0,0
360584,1,1,1997,0,0,0,0,0,0,0,0,0,0
360584,2,1,1997,0,0,0,0,0,0,0,0,0,0
360584,3,1,1997,0,0,0,0,0,0,0,0,0,0
360585,1,1,1997,0,0,0,0,0,0,0,0,0,0
360586,1,1,1997,0,0,0,5,0,0,0,0,0,0
360586,2,1,1997,0,0,0,0,0,0,0,0,0,0
360587,1,1,1997,0,0,0,20,0,0,0,19,0,0
360587,2,1,1997,0,0,0,5,0,0,0,0,0,0
360588,1,1,1997,0,0,21,0,19,0,0,3,0,0
360589,0,1,1997,0,0,0,0,0,0,0,27,0,0
360589,1,1,1997,18,0,0,4,17,27,19,0,15,0
360590,0,1,1997,0,0,0,0,0,0,0,0,0,0
360590,1,1,1997,0,0,0,0,0,0,0,0,0,0
360591,1,1,1997,0,0,0,0,0,0,0,0,0,0
360591,2,1,1997,0,0,0,0,0,0,0,0,0,0
360592,1,1,1997,0,0,0,0,7,12,0,0,14,0
360593,1,1,1997,0,0,0,0,0,0,0,0,0,0
360594,1,1,1997,0,0,0,0,0,0,0,0,0,0
360595,1,1,1997,15,8,8,4,20,0,7,10,0,17
360595,2,1,1997,0,0,0,0,0,0,0,0,0,0
360596,1,1,1997,0,0,0,0,0,0,0,0,0,0
360596,2,1,1997,0,0,0,0,0,0,0,0,0,0
360597,1,1,1997,0,0,0,0,0,0,0,0,0,0
360598,1,1,1997,0,0,0,0,0,0,0,0,0,0
360599,0,1,1997,0,0,0,0,0,0,0,0,0,0
360599,1,1,1997,0,14,0,0,0,0,0,0,0,0
360600,0,1,1997,0,0,0,0,0,0,0,0,0,0
360600,1,1,1997,0,0,0,0,0,0,0,0,0,0
360601,1,1,1997,0,4,0,0,0,0,0,0,0,0
360601,2,1,1997,0,0,0,0,0,0,0,0,0,0
360602,1,1,1997,0,0,0,0,0,0,0,0,11,0
360602,2,1,1997,0,6,7,4,16,0,6,0,10,6
360603,1,1,1997,17,0,0,0,13,0,0,0,0,0
360604,1,1,1997,0,0,0,0,0,0,0,0,0,0
360604,2,1,1997,0,0,0,0,0,0,0,0,0,0
360605,0,1,1997,0,0,0,0,0,0,0,0,0,0
360605,1,1,1997,0,0,0,0,0,0,0,10,0,5
360606,0,1,1997,0,17,0,0,23,0,0,12,0,0
360606,1,1,1997,15,11,0,15,19,22,14,14,20,29
360607,1,1,1997,0,0,0,0,0,0,0,0,0,0
360607,2,1,1997,0,0,0,0,0,0,0,0,0,0
360608,1,1,1997,0,0,0,0,0,0,0,0,0,29
360608,2,1,1997,0,0,0,0,0,0,0,0,0,0
360609,0,1,1997,7,7,7,7,7,7,7,7,7,7
360609,1,1,1997,0,0,0,0,0,0,0,0,0,0
360609,2,1,1997,0,0,0,0,0,0,0,0,0,0
360610,1,1,1997,0,0,0,0,0,0,0,0,0,0
360610,2,1,1997,0,4,17,0,27,10,15,0,13,13
360611,1,1,1997,0,13,16,7,12,0,0,0,0,0
360612,1,1,1997,0,0,0,0,0,0,0,0,0,0
360613,1,1,1997,19,19,19,19,19,19,19,19,19,19
360614,1,1,1997,0,0,0,0,0,0,0,0,0,0
360614,2,1,1997,0,0,0,0,0,0,0,0,0,0
360615,1,1,1997,0,0,0,0,0,0,0,20,0,0
360616,1,1,1997,13,9,9,8,8,16,22,11,14,21
360616,2,1,1997,0,0,0,0,0,0,0,0,0,0
360617,1,1,1997,0,0,0,0,0,0,0,0,0,0
360617,2,1,1997,0,0,0,0,0,0,0,0,0,0
360618,1,1,1997,0,0,0,0,0,0,0,0,0,0
360619,1,1,1997,17,39,15,20,14,17,21,7,40,17
360619,2,1,1997,11,14,11,9,11,5,15,19,3,11
360620,1,1,1997,0,25,0,0,0,23,0,0,0,15
360621,0,1,1997,4,4,4,4,4,4,4,4,4,4
360621,1,1,1997,0,0,0,0,0,0,0,0,0,0
360622,1,1,1997,27,27,27,27,27,27,27,27,27,27
360623,1,1,1997,0,0,0,0,0,0,0,0,0,0
360623,2,1,1997,0,0,0,0,0,0,0,0,0,0
360624,1,1,1997,14,0,11,0,0,0,0,0,0,0
360624,2,1,1997,13,13,13,13,13,13,13,13,13,13
360624,3,1,1997,7,11,7,7,12,11,4,19,11,25
360625,1,1,1997,0,0,0,0,0,8,6,0,0,0
360625,2,1,1997,0,0,0,0,0,0,0,0,0,0
360626,0,1,1997,0,0,18,0,0,0,0,7,0,9
360626,2,1,1997,0,0,0,0,0,0,0,0,0,0
360627,1,1,1997,0,0,0,0,0,0,0,0,0,0
360628,1,1,1997,0,0,0,0,0,0,0,0,0,0
360629,1,1,1997,0,0,0,0,0,0,0,0,0,22
360630,1,1,1997,0,0,0,0,0,0,0,0,0,0
360631,0,1,1997,19,19,19,19,19,19,19,19,19,19
360631,1,1,1997,0,14,0,0,0,0,0,0,0,0
360632,1,1,1997,0,0,0,0,0,0,0,0,0,0
360632,2,1,1997,0,0,0,0,0,0,0,0,0,0
360633,0,1,1997,0,0,0,0,0,0,0,0,0,0
360633,1,1,1997,0,0,0,0,0,0,0,0,0,0
360634,0,1,1997,0,0,0,0,0,0,0,0,0,0
360634,1,1,1997,0,0,0,0,0,0,0,0,0,0
360635,1,1,1997,0,0,0,0,0,0,0,0,0,0
360635,2,1,1997,0,0,28,0,0,0,0,0,0,0
360636,0,1,1997,0,0,0,0,0,0,0,0,0,0
360636,1,1,1997,0,0,0,0,0,0,0,0,0,0
360637,0,1,1997,0,0,0,0,0,0,0,0,0,0
360637,1,1,1997,0,0,0,0,0,0,0,0,0,0
360638,1,1,1997,13,18,6,29,10,8,8,22,24,20
360639,1,1,1997,0,0,6,0,0,0,0,0,0,0
360640,0,1,1997,0,0,0,0,0,0,0,0,0,0
360640,1,1,1997,0,23,0,0,0,0,0,0,19,0
360641,1,1,1997,0,0,0,0,0,0,0,0,0,0
360641,2,1,1997,0,0,0,0,0,0,0,0,0,0
360642,1,1,1997,0,0,0,0,0,0,0,0,0,0
360642,2,1,1997,0,0,0,0,0,0,0,0,0,0
360643,1,1,1997,0,0,0,0,0,0,0,0,0,0
360644,1,1,1997,0,0,0,0,0,0,0,0,0,0
360645,1,1,1997,18,18,18,18,18,18,18,18,18,18
360645,2,1,1997,0,0,0,0,0,0,0,0,0,0
360646,0,1,1997,0,0,0,0,0,0,0,0,0,0
360646,1,1,1997,0,0,0,0,0,0,0,0,0,0
360647,0,1,1997,0,0,0,0,0,0,0,0,0,0
360647,1,1,1997,0,0,0,0,0,0,0,0,0,0
360648,0,1,1997,0,0,0,0,0,15,0,0,0,8
360648,0,2,1997,0,0,0,0,0,0,0,26,0,0
360648,1,1,1997,0,0,0,0,0,20,0,0,0,0
360649,1,1,1997,0,0,0,0,0,0,0,0,0,0
360650,1,1,1997,37,27,18,23,11,13,17,20,37,3
360651,1,1,1997,1,1,1,1,1,1,1,1,1,1
360652,1,1,1997,12,17,15,9,8,12,24,8,15,16
360653,0,1,1997,0,0,0,0,0,0,0,0,0,0
360653,1,1,1997,0,0,0,4,0,0,0,0,0,22
360654,1,1,1997,0,0,0,0,0,0,0,0,0,0
360654,2,1,1997,0,0,0,0,0,0,0,0,0,0
360654,3,1,1997,0,0,0,0,0,0,0,0,0,0
360655,1,1,1997,0,0,0,0,0,0,0,0,0,0
360656,1,1,1997,12,31,11,7,17,17,16,0,3,21
360657,1,1,1997,6,6,6,6,6,6,6,6,6,6
360658,1,1,1997,29,29,29,29,29,29,29,29,29,29
360659,1,1,1997,11,11,11,11,11,11,11,11,11,11
360660,1,1,1997,0,33,18,0,0,0,0,9,0,12
360661,1,1,1997,0,0,10,0,0,0,17,0,13,0
360662,0,1,1997,0,0,0,0,0,0,0,0,0,0
360662,1,1,1997,0,0,0,0,0,0,0,0,0,0
360663,0,1,1997,21,25,30,16,30,31,11,18,17,56
360663,1,1,1997,0,0,0,0,0,0,0,0,0,0
360664,1,1,1997,0,0,0,0,0,0,0,0,0,0
360664,2,1,1997,0,0,0,0,0,0,0,0,0,0
360665,1,1,1997,1,1,1,1,1,1,1,1,1,1
360666,1,1,1997,4,4,4,4,4,4,4,4,4,4
360667,0,1,1997,0,0,0,0,0,0,0,0,0,0
360667,1,1,1997,0,0,0,0,0,0,0,0,0,0
360668,1,1,1997,8,0,0,0,0,0,0,0,0,0
360668,2,1,1997,0,0,0,0,0,0,0,0,0,0
360668,3,1,1997,0,0,0,0,0,0,0,0,0,0
360669,1,1,1997,0,0,0,0,0,0,0,0,0,0
360669,2,1,1997,0,0,0,0,0,0,0,0,0,0
360670,1,1,1997,0,0,0,0,0,0,0,0,0,0
360670,2,1,1997,10,5,26,8,28,22,13,0,0,17
360671,1,1,1997,0,0,0,0,6,0,0,0,0,0
360671,2,1,1997,0,0,0,0,0,0,0,0,15,0
360672,1,1,1997,0,0,0,0,0,0,0,0,0,20
360673,1,1,1997,0,0,0,0,0,0,0,0,0,0
360674,1,1,1997,13,13,13,13,13,13,13,13,13,13
360674,2,1,1997,0,0,0,0,0,0,0,0,0,0
360675,0,1,1997,0,19,0,0,0,0,0,0,0,0
360675,1,1,1997,0,0,0,0,0,0,0,0,0,0
360676,0,1,1997,0,0,0,0,0,0,0,0,0,0
360676,0,2,1997,0,14,0,0,0,0,0,0,0,0
360676,1,1,1997,0,0,0,0,0,0,0,0,0,0
360677,1,1,1997,0,0,0,0,0,0,0,0,0,0
360677,2,1,1997,0,0,0,0,0,0,0,0,0,0
360678,0,1,1997,0,0,0,0,0,0,0,0,0,0
360678,1,1,1997,0,0,0,0,0,0,0,0,0,0
360678,2,1,1997,0,0,0,0,0,0,0,0,0,0
360679,1,1,1997,0,0,0,0,0,0,0,0,0,0
360679,2,1,1997,0,0,0,0,0,10,0,0,0,0
360680,0,1,1997,25,25,25,25,25,25,25,25,25,25
360680,1,1,1997,7,14,15,14,15,14,6,24,10,15
360681,0,1,1997,0,0,0,0,0,0,0,0,0,0
360681,1,1,1997,0,0,0,0,0,0,0,0,0,0
360682,1,1,1997,0,0,0,0,0,0,0,0,0,0
360682,2,1,1997,0,0,0,0,0,0,0,0,0,0
360683,1,1,1997,0,0,0,0,0,0,0,0,0,0
360683,2,1,1997,0,0,0,0,0,0,0,0,0,0
360684,0,1,1997,0,0,0,0,0,0,0,0,0,0
360684,1,1,1997,0,0,0,0,0,0,0,0,0,0
360685,1,1,1997,0,0,0,0,0,0,0,0,0,0
360686,1,1,1997,15,28,24,21,19,27,21,9,14,28
360687,1,1,1997,0,0,0,0,0,11,0,0,14,0
360687,2,1,1997,0,0,0,0,0,0,0,0,0,0
360688,1,1,1997,19,32,24,0,25,24,30,23,20,6
360689,1,1,1997,16,4,23,19,13,15,13,8,18,18
360689,2,1,1997,0,0,0,0,0,0,0,0,0,0
360690,0,1,1997,0,0,0,0,0,0,0,0,0,0
360690,1,1,1997,0,0,0,0,0,0,0,0,0,0
360691,1,1,1997,0,0,0,0,0,0,0,0,0,0
360691,2,1,1997,0,14,0,31,0,0,0,0,19,15
360692,0,1,1997,0,0,0,0,0,0,0,0,0,0
360692,1,1,1997,0,0,0,0,0,0,0,0,0,0
360693,1,1,1997,0,0,0,0,0,0,0,0,0,0
360693,2,1,1997,0,23,0,0,0,14,0,0,0,0
360694,0,1,1997,0,0,0,0,0,9,0,0,0,0
360694,1,1,1997,0,0,0,0,0,0,0,0,0,0
360694,2,1,1997,0,0,0,0,0,0,0,0,0,0
360695,1,1,1997,9,0,0,0,0,0,0,0,26,0
360695,2,1,1997,0,0,0,0,0,0,15,0,0,0
360696,1,1,1997,15,22,14,24,14,18,8,31,16,20
360696,2,1,1997,0,0,0,0,0,0,0,0,0,0
360697,1,1,1997,0,7,0,0,0,0,0,0,0,0
360697,2,1,1997,0,0,5,0,0,0,0,0,0,0
360698,1,1,1997,0,0,0,0,0,0,0,0,0,0
360699,1,1,1997,0,0,0,0,0,0,0,0,0,0
360700,1,1,1997,0,21,0,29,0,0,0,0,0,0
360701,1,1,1997,0,0,0,0,0,0,0,0,0,0
360702,1,1,1997,0,0,0,0,0,0,0,0,0,0
360703,0,1,1997,38,0,0,0,37,0,0,0,29,0
360703,1,1,1997,0,0,0,0,0,0,0,0,0,0
360704,1,1,1997,0,0,0,0,0,0,0,0,0,0
360704,2,1,1997,0,0,0,0,0,0,0,0,0,0
360705,0,1,1997,0,0,0,0,0,0,0,0,0,0
360705,1,1,1997,0,0,0,0,15,0,0,0,0,0
360707,0,1,1997,0,0,17,14,24,0,30,9,9,0
360707,1,1,1997,0,0,0,0,0,0,0,0,0,0
360708,0,1,1997,0,0,0,0,0,0,0,0,0,0
360708,1,1,1997,0,0,5,0,0,0,0,0,0,0
360709,1,1,1997,0,0,0,0,0,0,0,0,0,0
360709,2,1,1997,0,0,0,0,0,0,0,0,0,0
360710,1,1,1997,0,8,13,16,9,15,33,19,16,0
360710,2,1,1997,0,0,0,0,0,0,0,0,0,0
360711,1,1,1997,0,0,0,0,0,0,0,0,0,0
360712,1,1,1997,0,0,0,0,0,0,0,0,0,0
360712,2,1,1997,0,0,0,0,0,0,0,0,0,0
360713,1,1,1997,16,16,16,16,16,16,16,16,16,16
360714,1,1,1997,0,0,0,0,0,0,0,0,0,0
360714,2,1,1997,0,0,0,0,0,0,0,0,0,0
360715,1,1,1997,0,0,0,0,0,0,0,0,0,0
360715,2,1,1997,0,0,0,0,0,0,0,0,0,0
360716,1,1,1997,0,0,21,0,0,0,0,0,0,0
360716,2,1,1997,0,0,0,0,0,0,0,0,0,0
360717,1,1,1997,0,0,0,0,0,0,0,0,0,0
360718,0,1,1997,0,0,0,0,8,0,0,0,0,0
360718,1,1,1997,0,0,0,0,0,0,0,0,0,0
360719,0,1,1997,0,0,0,0,0,0,0,0,0,0
360719,1,1,1997,0,0,0,0,0,0,0,0,0,0
360720,1,1,1997,13,13,13,13,13,13,13,13,13,13
360720,2,1,1997,0,0,0,0,0,0,0,0,0,0
360721,1,1,1997,0,26,0,0,0,0,0,0,0,0
360721,2,1,1997,0,0,0,0,0,0,0,18,0,0
360722,1,1,1997,0,0,0,0,0,0,0,0,0,13
360722,2,1,1997,0,19,0,0,0,13,0,0,0,0
360723,1,1,1997,0,0,0,0,0,0,0,0,0,0
360724,0,1,1997,0,0,0,0,0,0,0,0,0,0
360724,1,1,1997,0,0,0,0,0,0,0,0,0,0
360725,1,1,1997,0,0,0,0,0,0,0,0,0,0
360725,2,1,1997,0,0,0,0,0,0,0,0,0,0
360726,1,1,1997,0,0,0,16,0,0,0,0,0,0
360726,2,1,1997,0,0,0,0,0,0,0,0,0,0
360726,3,1,1997,0,0,0,0,0,0,0,0,0,0
360727,1,1,1997,2,2,2,2,2,2,2,2,2,2
360727,2,1,1997,0,0,0,0,0,0,0,0,0,0
360728,1,1,1997,0,0,0,0,0,0,0,0,0,0
360728,2,1,1997,10,10,10,10,10,10,10,10,10,10
360729,1,1,1997,0,0,0,0,0,0,0,0,0,0
360729,2,1,1997,0,0,0,0,0,0,0,0,0,0
360730,1,1,1997,0,0,0,0,0,0,0,0,0,0
360730,2,1,1997,0,0,0,0,0,0,0,0,0,0
360731,1,1,1997,7,19,20,9,24,24,29,31,20,11
360731,2,1,1997,0,0,0,14,14,0,0,0,0,0
360732,0,1,1997,0,0,0,0,0,0,0,0,0,0
360732,1,1,1997,0,0,0,0,0,0,0,0,0,0
360733,1,1,1997,0,0,0,0,0,0,0,0,0,0
360733,2,1,1997,0,0,23,0,14,15,0,0,0,0
360733,3,1,1997,0,0,32,0,19,0,0,27,0,0
360735,0,1,1997,0,0,0,0,0,0,0,0,0,0
360735,1,1,1997,0,0,0,0,0,0,0,0,0,0
360736,1,1,1997,12,12,12,12,12,12,12,12,12,12
360737,1,1,1997,41,21,10,16,6,22,0,11,14,13
360738,1,1,1997,0,0,0,0,0,0,0,0,0,0
360738,2,1,1997,0,0,0,0,0,0,0,0,0,0
360739,0,1,1997,0,0,0,0,0,0,0,0,0,0
360739,1,1,1997,0,0,0,0,0,0,0,0,11,0
360740,1,1,1997,19,19,19,19,19,19,19,19,19,19
360741,1,1,1997,19,19,19,19,19,19,19,19,19,19
360742,0,1,1997,0,0,0,0,0,0,0,0,0,0
360742,1,1,1997,0,0,0,0,0,0,0,0,0,0
360743,1,1,1997,0,0,0,0,0,0,0,0,0,0
360743,2,1,1997,0,0,0,0,0,0,0,0,0,0
360744,1,1,1997,0,0,0,0,0,0,0,0,0,0
360744,2,1,1997,32,32,32,32,32,32,32,32,32,32
360745,0,1,1997,0,0,0,0,0,0,0,0,0,0
360745,1,1,1997,0,0,0,0,0,0,0,0,0,0
360746,1,1,1997,0,0,0,0,0,0,0,0,0,0
360746,2,1,1997,0,0,0,0,0,0,0,0,0,0
360747,1,1,1997,0,0,0,0,0,0,0,0,0,0
360747,2,1,1997,0,0,0,0,0,0,0,0,0,0
360748,1,1,1997,0,0,0,0,0,0,0,0,0,0
360748,2,1,1997,0,0,0,0,0,0,0,0,0,0
360749,0,1,1997,11,0,10,11,13,14,13,23,5,13
360749,0,2,1997,0,0,0,0,8,0,0,12,0,12
360749,1,1,1997,0,0,0,0,0,0,0,0,0,0
360750,1,1,1997,0,16,17,13,17,18,4,42,18,6
360751,1,1,1997,0,0,0,0,0,0,0,0,0,0
360751,2,1,1997,0,0,0,0,0,0,0,0,0,0
360752,1,1,1997,6,0,0,0,0,10,0,0,0,0
360753,1,1,1997,0,0,0,0,0,0,0,0,0,0
360754,1,1,1997,0,0,0,0,0,0,0,0,0,0
360754,2,1,1997,0,0,0,0,0,0,0,0,0,0
360755,1,1,1997,19,14,0,2,3,0,14,12,0,11
360755,2,1,1997,0,0,0,0,0,0,0,0,0,0
360756,1,1,1997,19,19,19,19,19,19,19,19,19,19
360757,1,1,1997,0,0,0,0,0,0,0,0,0,0
360757,2,1,1997,0,0,0,0,0,0,0,0,0,0
360758,1,1,1997,0,0,0,0,0,0,0,0,0,0
360759,0,1,1997,0,0,0,0,0,0,0,0,0,0
360759,1,1,1997,0,0,0,0,0,0,0,0,0,0
360760,1,1,1997,0,0,0,0,0,0,0,0,0,0
360760,2,1,1997,0,0,0,0,0,0,0,0,0,0
360761,1,1,1997,0,0,0,0,0,0,0,0,0,0
360762,1,1,1997,0,0,0,0,0,0,0,0,0,0
360763,1,1,1997,0,0,0,0,0,0,0,0,0,0
360764,1,1,1997,29,29,29,29,29,29,29,29,29,29
360765,0,1,1997,0,0,0,0,0,0,0,0,0,0
360765,1,1,1997,0,0,8,0,0,0,0,0,0,0
360766,1,1,1997,0,0,0,0,0,0,0,0,0,0
360767,1,1,1997,0,0,0,0,0,0,0,0,0,0
360768,1,1,1997,11,11,11,11,11,11,11,11,11,11
360769,1,1,1997,0,0,0,0,0,0,0,0,0,0
360770,1,1,1997,20,32,9,20,17,11,6,26,23,11
360771,1,1,1997,0,0,0,0,0,0,0,0,0,0
360772,1,1,1997,11,2,25,23,9,13,32,17,16,32
360773,1,1,1997,14,14,14,14,14,14,14,14,14,14
360774,0,1,1997,0,0,0,0,0,0,0,0,0,0
360774,1,1,1997,0,0,0,17,0,0,0,0,0,0
360775,0,1,1997,0,0,0,0,0,0,0,0,0,0
360775,1,1,1997,0,0,0,0,0,0,0,9,0,0
360776,0,1,1997,21,0,0,0,0,0,0,0,0,0
360776,0,2,1997,0,0,0,0,0,0,0,0,0,0
360776,0,3,1997,0,0,0,0,0,0,0,0,0,0
360776,1,1,1997,0,0,0,0,0,0,0,0,4,0
360777,0,1,1997,0,0,0,0,0,0,0,0,0,0
360777,1,1,1997,0,0,0,0,0,0,0,0,0,0
360778,1,1,1997,0,0,0,0,0,0,0,0,0,0
360778,2,1,1997,0,0,0,0,0,0,0,0,0,24
360778,3,1,1997,0,0,0,0,0,0,0,0,0,0
360779,1,1,1997,1,1,1,1,1,1,1,1,1,1
360779,2,1,1997,25,13,12,8,7,3,0,4,4,20
360780,1,1,1997,0,0,0,0,0,0,0,0,0,0
360780,2,1,1997,0,0,0,0,0,0,0,0,0,0
360781,1,1,1997,0,0,0,0,0,0,0,0,0,0
360781,2,1,1997,0,0,0,0,0,0,0,0,0,0
360781,3,1,1997,0,0,0,0,0,0,0,0,0,0