ST_CASE,VEH_NO,PER_NO,YEAR,P1,P2,P3,P4,P5,P6,P7,P8,P9,P10
360782,0,1,1997,0,0,27,0,0,0,0,0,0,8
360782,1,1,1997,0,3,0,0,0,0,0,0,0,0
360783,1,1,1997,0,0,0,0,7,0,31,0,0,0
360783,2,1,1997,0,0,0,0,0,0,0,0,0,0
360784,1,1,1997,8,8,8,8,8,8,8,8,8,8
360785,0,1,1997,0,0,0,0,0,0,0,0,0,0
360785,1,1,1997,0,0,0,0,0,0,0,0,0,0
360786,1,1,1997,0,0,0,0,0,0,0,0,0,0
360787,1,1,1997,0,0,0,0,0,0,0,0,0,0
360787,2,1,1997,0,9,15,0,0,0,15,0,0,0
360788,1,1,1997,31,3,15,11,10,19,26,30,25,13
360789,1,1,1997,0,16,0,15,0,0,0,0,0,0
360789,2,1,1997,0,25,0,0,0,0,0,22,0,0
360790,1,1,1997,0,0,0,0,18,0,0,0,0,0
360791,1,1,1997,0,0,0,0,0,0,0,0,0,0
360791,2,1,1997,0,0,0,0,0,0,0,0,0,0
360791,3,1,1997,0,0,0,0,0,0,0,0,0,0
360792,0,1,1997,0,0,0,0,0,0,0,0,0,0
360792,1,1,1997,0,0,0,0,0,0,0,0,0,0
360793,1,1,1997,0,0,0,0,0,0,0,0,0,0
360793,2,1,1997,0,0,0,0,0,0,0,0,0,0
360794,1,1,1997,0,0,0,0,0,0,0,0,0,0
360795,1,1,1997,0,0,0,0,0,0,0,0,0,0
360795,2,1,1997,0,0,0,0,0,0,0,0,0,0
360796,1,1,1997,0,0,0,0,0,0,0,0,0,0
360797,1,1,1997,3,3,3,3,3,3,3,3,3,3
360798,1,1,1997,0,0,0,0,0,0,0,0,0,0
360799,0,1,1997,0,0,23,0,0,15,16,13,0,0
360799,1,1,1997,0,0,3,0,0,0,0,0,0,0
360800,1,1,1997,0,0,0,0,0,0,0,0,17,0
360801,1,1,1997,10,20,27,19,9,17,7,16,12,12
360802,1,1,1997,0,0,0,0,0,0,0,0,0,0
360802,2,1,1997,0,0,0,0,0,0,0,0,0,0
360803,1,1,1997,18,13,8,16,23,11,26,15,12,22
360804,0,1,1997,5,5,5,5,5,5,5,5,5,5
360804,1,1,1997,0,0,0,0,0,0,0,0,0,0
360805,1,1,1997,0,0,0,0,0,0,0,0,0,0
360805,2,1,1997,0,0,0,0,0,0,0,0,0,0
360806,1,1,1997,15,15,15,15,15,15,15,15,15,15
360807,1,1,1997,0,15,0,0,15,0,0,0,0,19
360807,2,1,1997,20,3,20,10,10,25,7,4,18,13
360808,0,1,1997,0,0,0,0,0,0,0,0,0,0
360808,1,1,1997,0,10,0,0,0,0,0,0,0,0
360809,1,1,1997,14,8,11,8,6,15,11,6,4,14
360810,0,1,1997,17,0,21,0,0,0,0,0,0,0
360810,1,1,1997,0,7,0,7,25,5,0,0,0,0
360811,1,1,1997,0,0,0,0,0,16,0,0,0,0
360812,1,1,1997,18,18,18,18,18,18,18,18,18,18
360813,0,1,1997,0,0,0,0,0,0,0,0,0,0
360813,1,1,1997,0,0,0,0,0,0,0,0,0,0
360814,0,1,1997,0,0,0,0,0,0,0,0,0,0
360814,1,1,1997,0,0,0,0,0,0,0,0,0,0
360815,1,1,1997,0,0,0,0,0,0,0,0,0,0
360816,1,1,1997,9,9,9,9,9,9,9,9,9,9
360817,1,1,1997,0,0,0,0,0,10,0,0,0,6
360818,1,1,1997,0,0,0,0,0,8,0,0,0,0
360819,0,1,1997,0,0,0,0,0,0,27,0,0,0
360819,1,1,1997,0,0,0,0,0,0,0,0,0,0
360820,1,1,1997,10,11,0,10,0,0,0,0,0,0
360821,1,1,1997,0,0,0,0,0,0,0,0,0,0
360822,1,1,1997,0,0,15,8,0,0,0,0,0,0
360823,1,1,1997,13,13,13,13,13,13,13,13,13,13
360824,0,1,1997,16,16,16,16,16,16,16,16,16,16
360824,1,1,1997,0,0,0,0,0,0,0,0,0,0
360825,1,1,1997,0,0,0,0,0,0,0,0,0,0
360825,2,1,1997,0,0,16,0,0,0,0,32,0,0
360826,1,1,1997,22,22,22,22,22,22,22,22,22,22
360827,1,1,1997,0,0,0,0,0,0,0,0,0,0
360827,2,1,1997,0,0,0,0,0,0,0,0,0,0
360827,3,1,1997,0,0,0,0,0,0,0,0,0,0
360827,4,1,1997,0,0,0,0,0,0,0,0,0,0
360827,5,1,1997,0,0,0,0,0,0,0,0,0,0
360828,1,1,1997,0,0,0,0,0,0,0,0,0,0
360829,0,1,1997,0,0,0,0,0,0,0,0,0,0
360829,1,1,1997,0,0,0,0,0,0,0,0,0,0
360830,1,1,1997,0,0,0,12,0,0,0,0,0,0
360830,2,1,1997,0,0,0,0,12,0,0,0,0,0
360830,3,1,1997,0,0,0,0,0,0,0,0,0,0
360831,0,1,1997,26,0,0,0,0,27,0,0,0,0
360831,1,1,1997,0,0,0,0,0,0,0,0,0,0
360832,1,1,1997,0,0,0,0,0,0,15,0,28,0
360832,2,1,1997,0,0,0,0,0,0,0,0,0,0
360833,1,1,1997,0,0,0,0,0,0,0,0,0,0
360833,2,1,1997,0,0,0,0,0,0,0,0,0,0
360834,1,1,1997,0,0,0,0,0,0,0,0,0,0
360835,1,1,1997,18,18,18,18,18,18,18,18,18,18
360835,2,1,1997,0,0,0,0,0,28,27,11,0,0
360836,1,1,1997,0,0,0,0,0,0,0,0,0,0
360837,1,1,1997,8,15,5,4,4,22,16,9,17,11
360838,1,1,1997,15,16,15,0,10,13,8,22,0,15
360839,1,1,1997,0,0,0,0,0,0,0,0,0,0
360840,1,1,1997,8,0,0,0,0,6,0,0,0,0
360840,2,1,1997,0,0,0,7,0,0,0,0,6,0
360841,1,1,1997,12,19,3,22,7,0,10,10,9,13
360842,0,1,1997,0,0,0,0,0,0,0,0,0,0
360842,1,1,1997,0,0,0,0,0,0,0,0,0,0
360842,2,1,1997,0,0,0,0,0,0,0,0,0,0
360843,1,1,1997,0,0,0,0,0,0,0,0,0,0
360844,1,1,1997,23,23,22,8,29,10,8,10,12,19
360845,0,1,1997,0,0,0,0,0,0,0,0,0,0
360845,1,1,1997,0,0,0,0,0,0,0,0,0,0
360846,1,1,1997,19,0,15,14,14,0,0,0,0,0
360847,1,1,1997,14,12,0,0,0,0,0,0,0,0
360848,1,1,1997,0,0,0,12,0,20,0,0,0,0
360849,1,1,1997,0,0,0,0,14,0,0,0,0,0
360850,0,1,1997,0,0,0,0,0,0,0,0,0,0
360850,1,1,1997,0,0,0,0,12,0,0,0,0,0
360851,1,1,1997,0,0,0,0,0,0,0,0,0,0
360851,2,1,1997,0,0,0,0,0,0,0,0,0,0
360852,1,1,1997,0,0,0,0,0,0,0,0,0,0
360852,2,1,1997,0,0,0,0,0,0,0,0,0,0
360853,1,1,1997,0,0,0,0,0,0,0,0,0,0
360853,2,1,1997,0,0,0,0,0,0,0,0,0,0
360853,3,1,1997,0,0,0,0,0,0,0,0,0,0
360854,1,1,1997,0,0,0,15,0,23,9,15,0,0
360854,2,1,1997,0,0,0,0,0,0,0,0,0,0
360854,3,1,1997,0,21,0,0,0,0,11,0,0,0
360855,0,1,1997,0,0,0,0,0,0,0,0,0,0
360855,1,1,1997,0,0,0,0,0,0,0,0,0,0
360856,1,1,1997,0,0,0,0,0,0,0,0,0,0
360856,2,1,1997,0,0,0,0,0,0,0,0,0,0
360856,3,1,1997,0,0,0,0,0,0,0,0,0,0
360857,1,1,1997,10,0,13,0,0,0,0,0,0,0
360857,2,1,1997,0,0,0,0,0,0,0,0,0,0
360858,0,1,1997,0,5,0,0,0,0,0,0,0,0
360858,1,1,1997,0,0,0,0,0,0,0,0,0,0
360859,1,1,1997,0,0,0,0,0,0,0,0,0,0
360860,1,1,1997,0,0,0,0,0,0,0,0,0,0
360860,2,1,1997,0,0,0,0,0,0,0,0,0,0
360861,1,1,1997,0,0,0,0,0,0,0,0,0,0
360861,2,1,1997,0,0,0,0,0,0,0,0,0,0
360862,1,1,1997,0,0,0,0,0,0,0,0,0,0
360862,2,1,1997,0,0,0,0,8,0,7,0,0,0
360863,0,1,1997,0,0,0,0,0,0,0,0,0,0
360863,1,1,1997,0,0,0,0,0,0,0,0,0,0
360864,1,1,1997,0,0,0,0,10,0,14,7,0,0
360865,1,1,1997,19,0,0,0,0,0,10,0,5,0
360866,0,1,1997,0,0,0,0,0,0,0,0,0,0
360866,1,1,1997,0,0,0,0,0,0,0,0,0,0
360867,1,1,1997,0,0,0,0,0,0,0,0,0,0
360867,2,1,1997,0,0,0,0,0,0,0,0,0,0
360868,0,1,1997,0,0,0,0,0,0,0,0,0,0
360868,1,1,1997,0,0,0,0,0,0,0,0,0,0
360869,1,1,1997,0,0,0,0,0,0,0,0,0,0
360869,2,1,1997,0,0,0,0,0,0,0,0,0,0
360870,1,1,1997,0,0,0,0,0,0,0,0,0,0
360871,1,1,1997,8,3,13,8,14,9,20,10,16,27
360872,1,1,1997,0,11,0,0,0,0,0,0,0,28
360873,1,1,1997,0,0,0,0,0,0,0,0,0,0
360874,1,1,1997,0,29,0,0,0,0,0,0,0,0
360875,1,1,1997,0,0,0,0,0,0,0,0,0,0
360876,1,1,1997,0,0,0,0,0,0,0,0,0,0
360876,2,1,1997,0,0,0,0,0,0,0,0,0,0
360877,1,1,1997,0,0,18,0,0,0,0,0,0,0
360877,2,1,1997,0,0,0,0,0,0,0,0,0,13
360878,1,1,1997,29,29,29,29,29,29,29,29,29,29
360878,2,1,1997,0,0,0,0,0,0,0,0,0,0
360879,0,1,1997,0,0,0,0,0,0,0,0,0,0
360879,1,1,1997,0,0,0,0,0,0,0,0,0,0
360881,0,1,1997,0,0,0,0,0,0,0,0,0,0
360881,1,1,1997,0,0,0,0,0,0,0,0,0,0
360882,1,1,1997,10,0,0,0,0,0,0,0,7,0
360882,2,1,1997,0,0,0,0,0,0,0,30,0,0
360883,0,1,1997,0,0,0,0,0,0,0,0,0,0
360883,1,1,1997,0,0,0,0,0,0,0,0,0,0
360884,1,1,1997,0,0,0,0,0,0,0,0,0,0
360884,2,1,1997,0,0,0,0,0,0,0,0,0,0
360885,1,1,1997,0,0,0,0,0,0,0,0,0,0
360885,2,1,1997,0,0,0,0,0,0,0,0,0,0
360885,3,1,1997,0,0,0,0,0,0,0,0,0,0
360885,4,1,1997,0,0,0,0,0,0,0,0,0,0
360886,1,1,1997,0,0,0,0,0,0,0,0,0,0
360886,2,1,1997,0,0,0,0,0,0,0,0,0,0
360887,1,1,1997,0,0,0,0,0,0,0,0,0,0
360887,2,1,1997,0,0,0,0,0,0,0,0,0,0
360888,1,1,1997,1,1,1,1,1,1,1,1,1,1
360888,2,1,1997,0,0,0,0,0,0,0,0,0,0
360889,0,1,1997,0,0,0,0,0,0,0,0,0,0
360889,1,1,1997,13,13,13,13,13,13,13,13,13,13
360890,1,1,1997,0,0,0,0,0,0,0,0,0,0
360890,2,1,1997,0,0,0,0,0,0,0,0,0,0
360890,3,1,1997,0,0,0,0,0,0,0,0,0,0
360891,0,1,1997,0,0,0,0,0,0,0,0,0,0
360891,1,1,1997,0,0,0,0,0,0,0,0,17,0
360892,1,1,1997,22,10,22,10,15,11,9,11,18,20
360893,1,1,1997,0,0,0,0,0,0,0,0,0,0
360893,2,1,1997,18,18,18,18,18,18,18,18,18,18
360894,0,1,1997,11,0,0,0,0,0,0,0,0,0
360894,1,1,1997,0,0,0,0,0,0,0,0,0,0
360895,1,1,1997,0,0,0,0,0,14,0,0,0,0
360895,2,1,1997,0,0,0,0,0,0,0,0,0,0
360896,0,1,1997,0,0,0,0,19,0,0,0,0,0
360896,1,1,1997,0,0,0,0,0,0,0,0,0,0
360897,0,1,1997,0,0,0,0,0,47,0,0,0,0
360897,1,1,1997,0,0,0,0,0,0,0,0,0,0
360898,0,1,1997,0,0,24,0,0,8,0,28,0,0
360898,1,1,1997,0,0,0,0,0,0,0,0,0,0
360899,1,1,1997,0,0,0,0,0,0,0,0,0,0
360899,2,1,1997,0,0,0,0,0,0,0,0,0,0
360899,3,1,1997,0,0,0,0,0,0,0,0,0,0
360900,0,1,1997,0,55,0,0,0,0,38,0,0,0
360900,1,1,1997,0,0,0,0,0,0,0,0,0,0
360901,1,1,1997,0,0,0,0,0,0,0,0,0,0
360901,2,1,1997,0,0,0,0,0,0,0,0,0,0
360902,1,1,1997,0,0,0,0,0,0,0,0,0,0
360902,2,1,1997,0,0,0,0,0,0,0,0,0,0
360903,1,1,1997,0,0,0,6,0,0,0,7,0,0
360903,2,1,1997,0,0,0,0,0,0,0,0,0,0
360904,0,1,1997,0,0,0,0,0,0,0,0,0,0
360904,1,1,1997,0,0,0,0,0,0,0,0,0,0
360905,1,1,1997,0,0,0,0,0,0,0,0,0,0
360905,2,1,1997,0,0,0,0,0,0,0,0,0,0
360906,0,1,1997,0,0,0,0,0,0,0,0,0,0
360906,1,1,1997,0,0,0,0,0,0,0,0,0,0
360907,1,1,1997,0,0,0,0,45,0,0,33,20,15
360908,1,1,1997,0,0,0,0,0,0,0,0,0,0
360909,0,1,1997,0,44,0,0,0,13,0,0,0,0
360909,1,1,1997,0,0,0,0,0,0,0,0,0,0
360909,2,1,1997,0,0,0,0,0,0,0,0,0,0
360910,1,1,1997,0,0,0,0,0,0,0,0,0,0
360910,2,1,1997,1,1,1,1,1,1,1,1,1,1
360911,1,1,1997,0,0,0,0,0,0,0,0,0,0
360912,1,1,1997,0,6,0,0,11,0,33,6,29,0
360913,1,1,1997,0,0,0,0,0,0,0,0,0,0
360913,2,1,1997,0,0,0,0,0,0,0,0,0,0
360914,1,1,1997,0,0,0,0,0,0,0,0,0,0
360914,2,1,1997,0,0,0,0,0,0,0,0,0,0
360915,1,1,1997,0,0,0,0,0,0,0,0,0,0
360915,2,1,1997,0,0,0,0,0,0,0,0,0,0
360916,0,1,1997,0,0,18,0,0,0,0,0,0,0
360916,1,1,1997,0,0,0,0,0,0,10,0,0,0
360917,1,1,1997,0,0,0,0,16,0,3,0,0,0
360918,1,1,1997,0,0,0,0,0,0,0,0,0,0
360918,2,1,1997,0,0,0,0,0,0,0,21,0,0
360919,0,1,1997,0,0,0,0,0,0,14,0,0,0
360919,1,1,1997,0,0,0,0,0,0,0,0,0,0
360919,2,1,1997,0,0,0,0,0,0,0,0,0,0
360919,3,1,1997,0,0,5,0,0,0,0,0,0,0
360919,4,1,1997,0,0,0,0,0,8,0,0,0,0
360920,0,1,1997,0,15,0,22,24,0,23,0,0,29
360920,1,1,1997,0,0,0,0,14,0,0,0,0,0
360920,2,1,1997,0,0,0,0,0,0,0,0,0,0
360921,0,1,1997,0,0,0,0,0,0,0,0,0,0
360921,1,1,1997,0,17,0,0,0,0,0,0,0,0
360922,1,1,1997,17,17,17,17,17,17,17,17,17,17
360923,1,1,1997,32,32,32,32,32,32,32,32,32,32
360924,0,1,1997,0,0,0,0,0,0,0,0,0,0
360924,1,1,1997,4,0,0,0,0,0,0,0,0,0
360925,1,1,1997,0,0,0,0,0,0,0,0,0,0
360925,2,1,1997,0,0,0,0,0,0,0,0,0,0
360926,1,1,1997,0,0,0,0,0,0,0,0,0,0
360926,2,1,1997,0,0,0,0,0,0,0,0,0,0
360927,1,1,1997,0,12,0,0,0,0,0,0,0,0
360927,2,1,1997,0,0,0,0,0,0,0,0,0,0
360928,1,1,1997,0,0,0,0,0,0,0,0,0,0
360928,2,1,1997,0,0,0,0,0,0,0,0,0,0
360929,1,1,1997,24,18,18,2,17,12,24,14,10,22
360930,1,1,1997,14,0,0,0,0,20,0,25,0,22
360931,1,1,1997,0,0,0,0,0,0,0,0,0,0
360932,0,1,1997,0,0,0,0,0,0,0,0,0,0
360932,1,1,1997,0,0,0,0,0,15,0,0,0,0
360933,1,1,1997,0,0,0,0,0,0,0,0,0,0
360933,2,1,1997,0,0,0,0,0,0,0,0,0,0
360934,1,1,1997,0,0,0,0,0,0,0,0,0,0
360934,2,1,1997,0,0,0,0,0,0,0,0,0,0
360935,0,1,1997,0,0,0,0,0,0,0,0,0,0
360935,1,1,1997,0,0,0,0,0,0,16,0,0,0
360936,1,1,1997,0,0,0,0,0,0,0,0,0,0
360936,2,1,1997,0,0,0,0,0,0,0,0,0,0
360937,0,1,1997,0,0,0,0,0,0,0,0,0,0
360937,1,1,1997,0,0,0,0,0,0,0,0,0,0
360938,1,1,1997,11,20,0,0,0,0,28,0,0,0
360939,0,1,1997,0,0,0,0,0,0,0,0,0,0
360939,1,1,1997,0,0,0,8,0,0,0,0,0,0
360940,0,1,1997,0,0,0,21,0,0,0,34,0,26
360940,1,1,1997,0,0,0,0,0,0,31,0,0,0
360941,0,1,1997,16,16,0,0,0,36,15,4,37,0
360941,1,1,1997,0,0,0,0,0,0,0,31,0,0
360942,0,1,1997,0,0,0,0,0,0,20,0,0,0
360942,1,1,1997,0,0,0,0,0,0,0,0,0,0
360943,0,1,1997,0,0,0,0,0,0,0,0,0,0
360943,1,1,1997,0,0,0,0,0,0,0,0,0,0
360944,1,1,1997,1,1,1,1,1,1,1,1,1,1
360944,2,1,1997,0,0,0,0,0,0,0,0,0,0
360945,0,1,1997,17,0,0,0,0,0,15,13,12,4
360945,0,2,1997,0,0,0,0,0,0,0,0,0,0
360945,1,1,1997,0,0,0,0,0,0,0,0,0,0
360946,1,1,1997,20,5,10,6,11,16,24,6,14,8
360947,0,1,1997,0,0,0,0,0,0,0,0,0,0
360947,1,1,1997,0,0,0,0,0,0,0,0,0,0
360948,0,1,1997,0,0,0,0,0,0,0,0,0,0
360948,1,1,1997,0,12,0,10,0,0,0,0,0,0
360949,1,1,1997,13,0,0,0,0,0,0,0,0,0
360949,2,1,1997,0,0,0,0,0,0,0,0,0,0
360950,0,1,1997,0,0,43,0,0,24,0,26,42,0
360950,1,1,1997,0,0,0,0,0,0,0,0,0,0
360951,0,1,1997,20,0,26,0,0,0,0,0,0,9
360951,1,1,1997,0,0,0,0,0,0,0,0,0,0
360952,0,1,1997,0,0,0,0,0,0,0,0,0,0
360952,1,1,1997,12,0,14,28,9,0,0,19,8,21
360953,1,1,1997,0,0,0,0,0,0,0,0,0,0
360953,2,1,1997,0,0,0,0,0,0,0,0,0,0
360954,0,1,1997,0,0,0,0,0,0,0,0,0,0
360954,1,1,1997,0,0,0,0,0,0,0,0,0,0
360955,1,1,1997,19,19,19,19,19,19,19,19,19,19
360956,1,1,1997,0,0,0,0,0,0,0,0,0,0
360956,2,1,1997,0,0,0,0,0,0,0,0,0,0
360957,1,1,1997,0,0,0,0,0,0,0,0,0,0
360958,1,1,1997,0,0,0,0,0,0,0,0,0,0
360958,2,1,1997,0,0,0,0,0,0,0,0,0,0
360959,1,1,1997,19,0,0,0,0,0,0,0,0,0
360960,1,1,1997,0,0,0,0,0,0,0,0,0,0
360960,2,1,1997,0,15,0,0,0,24,0,0,0,0
360961,0,1,1997,0,0,15,17,0,0,13,0,0,0
360961,1,1,1997,0,0,0,0,0,0,0,0,0,0
360961,2,1,1997,0,0,0,0,0,0,0,0,0,0
360962,0,1,1997,0,0,0,16,0,0,0,0,0,0
360962,1,1,1997,0,0,0,0,0,0,0,0,0,0
360964,1,1,1997,0,0,0,0,0,0,0,0,0,0
360964,2,1,1997,0,0,0,0,0,0,0,0,0,0
360965,1,1,1997,0,0,13,0,0,0,15,0,0,0
360966,0,1,1997,0,0,0,0,18,0,0,0,0,0
360966,0,2,1997,0,13,0,0,11,8,0,18,0,0
360966,1,1,1997,0,0,0,0,0,0,0,0,0,0
360967,1,1,1997,0,0,0,0,0,0,18,0,0,0
360967,2,1,1997,0,0,0,0,0,0,0,0,0,0
360968,0,1,1997,0,19,0,0,0,24,0,0,0,0
360968,1,1,1997,0,0,0,0,0,0,0,0,0,0
360969,1,1,1997,0,0,0,4,0,0,0,0,0,0
360969,2,1,1997,0,0,0,0,0,0,0,0,0,0
360970,1,1,1997,0,0,0,0,0,0,0,0,0,0
360970,2,1,1997,0,0,0,0,0,0,0,0,0,0
360971,0,1,1997,0,0,0,0,0,0,0,0,0,0
360971,1,1,1997,0,0,0,0,0,0,0,0,0,0
360972,1,1,1997,10,4,9,12,0,23,26,0,12,13
360972,2,1,1997,0,14,0,0,0,0,0,0,21,14
360973,1,1,1997,0,19,13,0,0,0,21,0,0,0
360973,2,1,1997,0,0,0,0,0,0,0,0,0,0
360974,1,1,1997,13,13,13,13,13,13,13,13,13,13
360975,1,1,1997,0,0,0,0,0,0,0,0,0,0
360975,2,1,1997,0,0,0,0,0,0,0,0,0,0
360976,1,1,1997,0,0,0,0,0,0,0,0,0,0
360976,2,1,1997,0,0,0,0,0,0,0,0,0,0
360977,1,1,1997,0,0,0,0,0,0,0,25,0,5
360977,2,1,1997,0,0,0,0,0,0,0,0,0,0
360978,1,1,1997,0,0,0,0,0,0,0,0,0,0
360979,1,1,1997,0,8,28,0,22,3,19,4,6,7
360979,2,1,1997,0,0,0,0,0,0,0,7,0,0
360980,1,1,1997,23,23,23,23,23,23,23,23,23,23
360981,1,1,1997,13,29,13,24,15,16,9,28,41,26
360982,1,1,1997,0,0,0,0,0,0,0,0,0,0
360983,1,1,1997,0,0,0,0,0,0,0,0,0,0
360984,1,1,1997,0,0,0,0,0,0,0,0,0,0
360984,2,1,1997,0,0,0,0,0,0,0,0,0,0
360985,0,1,1997,19,19,19,19,19,19,19,19,19,19
360985,1,1,1997,0,0,0,0,0,0,0,0,0,8
360985,2,1,1997,0,0,0,0,0,0,0,0,3,0
360986,1,1,1997,0,0,0,0,0,0,0,0,0,0
360987,1,1,1997,0,0,0,0,0,0,0,0,0,0
360988,1,1,1997,0,0,18,0,0,0,0,0,0,0
360988,2,1,1997,0,0,0,0,0,0,0,0,0,0
360989,1,1,1997,0,10,0,0,0,4,0,0,0,0
360990,1,1,1997,0,0,0,0,0,0,0,0,0,0
360990,2,1,1997,0,0,0,0,0,0,0,0,0,0
360991,0,1,1997,11,0,0,0,0,0,0,0,17,0
360991,1,1,1997,0,0,0,0,0,5,0,0,0,0
360991,2,1,1997,0,0,0,0,0,0,0,0,0,0
360992,1,1,1997,0,0,0,0,0,0,0,0,0,0
360992,2,1,1997,0,0,0,0,0,0,0,0,0,0
360993,0,1,1997,0,0,0,0,0,0,0,0,0,0
360993,1,1,1997,0,0,0,0,0,0,0,0,0,0
360994,1,1,1997,0,0,10,0,0,0,0,0,0,0
360994,2,1,1997,0,8,0,0,0,0,0,0,0,0
360995,1,1,1997,0,0,0,0,0,0,0,0,0,0
360996,1,1,1997,32,10,13,4,21,32,6,10,5,4
360996,2,1,1997,0,23,9,0,0,0,0,0,0,0
360997,1,1,1997,0,0,0,0,0,0,0,0,0,0
360997,2,1,1997,0,0,0,0,0,0,0,0,0,0
360997,3,1,1997,0,0,0,0,0,0,0,0,0,0
360998,1,1,1997,0,0,0,0,0,0,0,0,0,0
360998,2,1,1997,20,0,0,0,0,0,0,4,0,0
360999,0,1,1997,0,0,0,0,0,0,0,0,0,0
360999,1,1,1997,0,0,0,0,0,0,0,0,0,0
361000,0,1,1997,10,10,10,10,10,10,10,10,10,10
361000,1,1,1997,0,0,0,0,0,0,0,19,0,0
361001,1,1,1997,0,0,0,0,0,0,0,0,0,0
361002,1,1,1997,0,12,0,0,13,0,0,9,0,0
361002,2,1,1997,13,24,4,20,13,11,16,5,8,9
361003,0,1,1997,0,0,0,0,0,0,0,0,0,0
361003,1,1,1997,0,0,0,0,0,0,0,0,0,0
361004,0,1,1997,0,0,0,0,0,0,0,0,0,0
361004,1,1,1997,15,0,0,0,0,20,0,0,0,0
361005,0,1,1997,0,0,0,0,0,0,0,0,0,0
361005,1,1,1997,0,0,0,0,0,0,0,0,0,0
361006,1,1,1997,0,0,0,0,0,0,0,0,0,0
361007,1,1,1997,0,0,0,0,0,0,0,0,0,0
361007,2,1,1997,0,0,0,0,0,0,0,0,0,0
361008,1,1,1997,0,0,0,0,0,0,0,0,0,0
361008,2,1,1997,0,0,0,0,0,0,0,0,0,0
361009,0,1,1997,0,0,0,0,0,0,0,0,0,0
361009,1,1,1997,0,0,0,0,0,0,0,0,0,0
361010,0,1,1997,0,0,0,0,0,0,0,0,0,0
361010,1,1,1997,0,0,0,0,0,0,0,0,0,0
361011,0,1,1997,0,0,13,0,7,0,0,2,10,11
361011,1,1,1997,0,22,0,0,0,0,16,0,0,0
361012,0,1,1997,0,0,0,0,0,0,0,0,0,0
361012,1,1,1997,0,0,0,0,0,0,0,0,0,0
361013,0,1,1997,23,0,0,0,0,0,0,0,0,0
361013,1,1,1997,16,6,16,20,17,14,11,0,15,19
361013,2,1,1997,0,0,0,0,0,0,0,9,0,0
361014,1,1,1997,0,0,0,0,0,0,0,0,0,0
361014,2,1,1997,0,0,0,0,0,0,0,0,0,0
361015,1,1,1997,7,0,10,13,7,9,12,12,6,18
361016,0,1,1997,0,0,0,0,0,0,0,0,0,0
361016,1,1,1997,13,0,0,0,0,0,0,0,0,0
361017,0,1,1997,0,0,0,0,0,0,0,0,0,0
361017,1,1,1997,0,0,0,0,0,0,0,0,0,0
361018,0,1,1997,0,0,0,0,0,0,0,0,0,0
361018,1,1,1997,0,0,0,0,0,0,0,0,0,0
361019,0,1,1997,0,0,0,0,28,0,0,0,0,0
361019,1,1,1997,0,0,0,0,0,0,0,0,0,0
361019,2,1,1997,0,0,0,0,0,0,0,0,0,0
361020,0,1,1997,0,0,0,20,0,0,0,0,0,0
361020,0,2,1997,0,0,0,0,0,0,0,0,0,0
361020,1,1,1997,0,0,0,0,0,0,0,0,0,0
361021,0,1,1997,0,0,0,0,0,0,0,0,0,0
361021,0,2,1997,0,0,0,0,0,16,0,0,0,0
361021,1,1,1997,0,0,0,0,0,0,0,0,0,0
361022,1,1,1997,0,0,0,0,0,0,0,0,0,0
361022,2,1,1997,0,0,0,0,0,0,0,0,0,0
361023,1,1,1997,0,0,0,0,0,0,0,0,0,0
361024,1,1,1997,0,0,0,0,0,0,0,0,0,0
361024,2,1,1997,0,0,0,0,0,0,0,0,0,0
361025,1,1,1997,0,0,0,0,0,0,0,0,0,0
361025,2,1,1997,0,0,0,0,0,0,0,0,0,0
361026,1,1,1997,9,9,9,9,9,9,9,9,9,9
361027,1,1,1997,19,19,19,19,19,19,19,19,19,19
361028,1,1,1997,0,0,0,0,0,0,0,0,0,0
361028,2,1,1997,0,0,0,0,0,0,11,0,0,0
361029,1,1,1997,0,0,0,0,0,0,0,0,18,0
361029,2,1,1997,0,0,0,0,0,0,0,0,0,0
361030,1,1,1997,24,24,24,24,24,24,24,24,24,24
361031,0,1,1997,0,0,0,0,0,0,0,0,0,0
361031,1,1,1997,0,0,0,0,0,0,0,0,0,0
361032,1,1,1997,0,0,0,0,0,0,0,0,0,0
361032,2,1,1997,0,0,0,0,0,0,0,0,0,0
361033,0,1,1997,0,0,0,0,0,0,0,0,0,16
361033,1,1,1997,19,23,6,9,13,2,11,20,13,7
361034,1,1,1997,0,0,0,0,15,0,0,0,0,0
361034,2,1,1997,0,0,0,0,0,0,0,0,0,0
361035,0,1,1997,0,0,0,0,0,0,0,0,0,0
361035,1,1,1997,0,0,0,0,0,0,0,0,0,0
361036,1,1,1997,0,0,0,0,0,0,0,0,0,0
361036,2,1,1997,0,0,0,0,0,0,0,0,0,0
361037,1,1,1997,21,21,21,21,21,21,21,21,21,21
361038,1,1,1997,0,0,0,0,0,0,0,0,0,0
361039,0,1,1997,0,0,0,0,0,0,0,23,0,0
361039,1,1,1997,0,0,0,0,0,0,0,0,0,0
361040,0,1,1997,0,0,0,0,0,0,0,0,0,0
361040,1,1,1997,0,0,0,0,0,0,0,0,0,0
361041,0,1,1997,20,20,20,20,20,20,20,20,20,20
361041,1,1,1997,0,0,0,0,0,0,0,0,0,0
361042,1,1,1997,21,21,21,21,21,21,21,21,21,21
361042,2,1,1997,0,0,0,0,0,0,0,0,0,0
361042,3,1,1997,0,0,0,0,0,0,0,0,0,0
361043,1,1,1997,2,22,13,10,12,9,0,15,10,15
361044,1,1,1997,12,12,12,12,12,12,12,12,12,12