ST_CASE,VEH_NO,PER_NO,YEAR,P1,P2,P3,P4,P5,P6,P7,P8,P9,P10
361045,1,1,1997,17,20,14,20,16,13,7,20,6,30
361046,1,1,1997,0,0,0,0,0,0,0,0,0,0
361047,1,1,1997,0,0,0,0,0,0,0,0,0,0
361047,2,1,1997,0,0,0,0,0,0,0,0,0,0
361048,1,1,1997,0,0,0,0,0,0,0,0,0,0
361048,2,1,1997,0,0,0,0,0,0,0,0,0,0
361049,1,1,1997,0,0,0,0,0,0,0,0,0,0
361050,0,1,1997,0,0,0,0,0,0,0,0,0,0
361050,1,1,1997,0,0,0,0,0,0,0,0,0,0
361051,1,1,1997,0,5,0,0,0,0,6,0,0,0
361052,1,1,1997,0,0,0,0,0,0,0,0,0,0
361052,2,1,1997,0,0,0,0,0,0,0,0,0,0
361053,1,1,1997,16,16,16,16,16,16,16,16,16,16
361053,2,1,1997,8,0,0,6,10,9,7,8,3,0
361054,1,1,1997,24,24,24,24,24,24,24,24,24,24
361056,1,1,1997,0,0,0,0,0,0,0,0,0,0
361056,2,1,1997,18,13,5,14,14,11,12,27,0,3
361056,3,1,1997,0,0,0,0,0,0,0,0,0,0
361057,0,1,1997,0,0,20,0,0,0,0,0,19,0
361057,1,1,1997,0,0,0,0,0,0,0,0,0,2
361058,1,1,1997,0,0,0,0,0,0,0,0,0,0
361058,2,1,1997,0,0,0,0,0,0,0,0,0,0
361059,0,1,1997,0,0,0,0,0,0,0,23,0,0
361059,1,1,1997,0,0,0,0,0,24,11,12,0,0
361060,1,1,1997,0,0,0,0,0,0,0,15,0,0
361061,1,1,1997,0,0,0,0,0,0,0,0,0,0
361062,1,1,1997,23,0,0,0,0,0,32,0,27,12
361062,2,1,1997,0,0,0,0,0,0,0,0,0,0
361063,1,1,1997,0,0,0,0,0,0,0,0,0,0
361064,1,1,1997,0,0,0,0,0,0,0,0,0,0
361065,1,1,1997,0,0,0,0,0,0,0,11,0,0
361066,1,1,1997,0,0,0,0,0,0,0,0,0,0
361066,2,1,1997,0,0,0,0,0,0,0,0,0,0
361067,1,1,1997,0,0,0,0,0,0,0,0,0,0
361067,2,1,1997,0,0,0,0,0,0,0,0,0,0
361068,1,1,1997,12,10,20,8,8,17,11,9,15,22
361069,1,1,1997,11,0,0,0,0,0,0,0,0,9
361069,2,1,1997,0,0,0,0,0,0,0,0,0,0
361070,1,1,1997,23,0,0,0,0,6,0,0,0,9
361071,0,1,1997,0,0,0,0,0,0,0,0,0,0
361071,1,1,1997,0,0,0,0,0,0,0,0,0,8
361072,1,1,1997,24,24,24,24,24,24,24,24,24,24
361073,1,1,1997,0,0,0,0,0,0,0,0,0,0
361074,1,1,1997,15,19,12,15,22,17,18,19,20,7
361075,1,1,1997,0,0,0,0,0,0,0,0,0,0
361075,2,1,1997,0,17,0,0,17,0,0,14,13,0
361076,0,1,1997,0,0,0,0,0,0,0,30,0,0
361076,1,1,1997,0,0,0,0,0,0,0,0,0,0
361077,1,1,1997,0,0,0,0,0,12,0,0,0,0
361077,3,1,1997,0,0,0,0,0,0,0,0,0,0
361078,1,1,1997,0,0,0,17,0,0,23,0,0,0
361079,0,1,1997,0,0,0,0,0,0,0,0,0,0
361079,1,1,1997,0,0,0,0,0,0,0,0,0,0
361080,1,1,1997,0,0,0,0,0,0,0,0,0,0
361080,2,1,1997,0,0,0,0,0,0,0,0,0,0
361081,1,1,1997,0,15,0,0,0,0,0,0,0,0
361081,2,1,1997,0,0,0,0,0,0,0,0,0,0
361082,1,1,1997,0,0,0,0,0,0,0,0,0,0
361082,2,1,1997,0,0,0,0,0,0,0,0,0,0
361082,3,1,1997,0,0,0,0,0,0,0,0,0,0
361083,1,1,1997,0,0,0,0,0,0,0,0,0,0
361083,2,1,1997,0,0,0,0,0,0,0,0,0,0
361084,1,1,1997,16,16,16,16,16,16,16,16,16,16
361084,2,1,1997,0,0,0,0,0,0,0,29,34,19
361085,0,1,1997,0,0,0,0,0,0,0,0,0,0
361085,1,1,1997,0,0,0,0,0,0,0,0,0,0
361086,1,1,1997,0,0,0,0,0,0,0,0,0,0
361086,2,1,1997,0,0,0,0,0,0,0,0,0,0
361087,1,1,1997,0,0,0,0,0,0,0,0,0,0
361088,1,1,1997,15,0,0,18,25,0,0,0,0,0
361089,0,1,1997,0,0,0,0,0,0,0,0,0,0
361089,1,1,1997,0,0,0,0,0,0,0,0,0,0
361090,0,1,1997,15,15,15,15,15,15,15,15,15,15
361090,1,1,1997,0,0,0,0,0,0,0,0,0,0
361091,1,1,1997,0,0,0,0,16,0,0,0,0,0
361091,2,1,1997,26,26,15,11,14,29,13,19,14,23
361092,1,1,1997,0,0,0,0,0,0,0,0,0,0
361092,2,1,1997,0,0,0,5,0,0,0,0,0,0
361093,1,1,1997,0,0,0,0,0,0,0,0,0,0
361094,0,1,1997,0,0,0,4,29,0,0,10,0,0
361094,1,1,1997,0,0,0,0,0,0,0,0,0,0
361095,1,1,1997,0,0,0,0,0,0,0,0,0,0
361095,2,1,1997,0,0,0,0,0,0,0,0,0,0
361096,1,1,1997,0,0,0,36,0,13,29,10,18,13
361097,1,1,1997,0,0,0,0,0,0,0,0,0,0
361098,1,1,1997,11,19,30,22,0,18,20,26,17,28
361099,1,1,1997,22,20,23,34,14,26,12,0,24,32
361100,1,1,1997,11,11,11,11,11,11,11,11,11,11
361101,1,1,1997,5,5,5,5,5,5,5,5,5,5
361101,2,1,1997,0,0,0,0,0,0,0,0,0,0
361101,3,1,1997,16,11,5,9,16,9,8,14,12,18
361102,1,1,1997,22,14,18,13,18,15,20,15,22,6
361103,1,1,1997,0,0,0,0,0,0,0,0,0,0
361104,1,1,1997,0,0,0,0,0,0,0,0,0,0
361104,2,1,1997,0,0,0,0,0,0,0,0,0,0
361105,1,1,1997,3,26,18,11,4,11,13,0,5,3
361106,0,1,1997,0,0,0,0,0,0,0,0,0,0
361106,1,1,1997,0,0,0,0,0,12,0,0,0,0
361107,1,1,1997,14,14,14,14,14,14,14,14,14,14
361108,1,1,1997,25,25,25,25,25,25,25,25,25,25
361109,0,1,1997,0,0,0,0,0,0,0,0,35,23
361109,1,1,1997,0,0,31,0,0,8,0,0,0,0
361110,0,1,1997,0,0,0,0,0,0,0,0,0,0
361110,1,1,1997,0,0,0,0,0,0,0,0,0,0
361111,0,1,1997,0,0,0,0,0,0,0,0,0,0
361111,1,1,1997,0,0,0,0,0,0,0,0,0,0
361112,0,1,1997,0,0,0,0,0,0,0,0,0,0
361112,1,1,1997,0,0,0,0,0,2,0,0,0,0
361113,0,1,1997,0,0,0,27,0,23,17,0,0,17
361113,1,1,1997,22,0,0,0,0,0,0,0,0,0
361113,2,1,1997,0,0,0,0,0,0,0,0,0,0
361114,1,1,1997,8,0,27,16,0,0,17,0,8,15
361115,1,1,1997,0,0,0,0,0,0,22,0,0,0
361115,2,1,1997,0,0,0,0,0,0,0,0,0,0
361116,1,1,1997,0,0,0,0,0,0,0,0,0,0
361116,2,1,1997,0,0,0,0,0,0,0,0,0,0
361117,0,1,1997,0,0,0,0,0,0,29,0,0,0
361117,0,2,1997,0,0,0,0,0,0,0,0,0,0
361118,1,1,1997,0,0,0,0,0,0,0,0,0,0
361118,2,1,1997,0,0,0,0,0,0,0,0,0,0
361119,0,1,1997,0,41,0,0,0,0,0,26,0,27
361119,1,1,1997,0,0,0,0,0,0,0,0,0,0
361120,1,1,1997,0,0,0,0,0,0,11,0,0,0
361120,2,1,1997,0,0,0,0,0,0,0,0,0,0
361120,3,1,1997,15,14,8,0,8,19,9,11,15,19
361121,1,1,1997,16,0,18,31,13,8,26,20,28,5
361122,1,1,1997,15,15,15,15,15,15,15,15,15,15
361122,2,1,1997,0,0,0,0,0,0,0,0,0,0
361123,1,1,1997,0,0,0,0,0,0,0,0,0,0
361123,2,1,1997,0,0,0,0,0,0,0,0,0,0
361124,0,1,1997,0,0,0,0,0,0,0,0,0,0
361124,1,1,1997,0,0,0,0,0,0,0,0,0,18
361125,0,1,1997,0,0,0,0,0,10,0,0,0,0
361125,1,1,1997,0,0,0,0,0,0,14,0,0,0
361126,1,1,1997,0,0,0,0,0,0,0,0,0,0
361126,2,1,1997,0,0,0,0,0,0,0,0,0,0
361127,1,1,1997,23,23,23,23,23,23,23,23,23,23
361128,1,1,1997,0,0,0,0,0,0,0,0,0,0
361128,2,1,1997,0,0,0,0,0,0,0,0,0,0
361128,3,1,1997,0,0,0,0,0,0,0,0,0,0
361129,1,1,1997,3,3,3,3,3,3,3,3,3,3
361129,2,1,1997,0,0,0,0,0,0,0,0,3,0
361130,1,1,1997,22,22,22,22,22,22,22,22,22,22
361131,1,1,1997,0,0,0,0,0,0,0,0,0,0
361131,2,1,1997,0,0,0,0,0,0,0,0,0,0
361132,1,1,1997,0,0,0,0,0,0,0,0,0,0
361132,2,1,1997,0,0,8,0,0,0,0,0,0,0
361133,0,1,1997,0,0,0,0,0,0,0,0,0,0
361133,1,1,1997,0,0,0,0,0,0,0,33,0,0
361134,0,1,1997,0,0,25,0,27,0,0,0,0,0
361134,1,1,1997,0,0,0,0,0,0,0,0,0,0
361135,1,1,1997,13,23,9,21,28,16,21,17,20,13
361136,1,1,1997,0,0,0,0,8,0,0,0,0,0
361136,2,1,1997,0,0,0,0,0,0,0,0,0,0
361137,1,1,1997,0,0,0,0,0,0,0,0,0,0
361138,1,1,1997,0,0,0,0,0,0,0,0,0,0
361138,2,1,1997,0,0,0,0,0,0,0,0,0,0
361139,1,1,1997,0,0,0,0,0,0,0,0,0,0
361139,2,1,1997,0,0,0,0,0,0,0,0,0,0
361140,1,1,1997,0,0,0,0,0,0,0,0,0,0
361140,2,1,1997,0,0,0,0,0,0,0,0,0,0
361141,1,1,1997,0,0,0,0,0,0,0,0,0,0
361141,2,1,1997,0,0,0,0,0,0,0,0,0,0
361142,1,1,1997,16,10,22,23,4,14,8,20,9,27
361143,1,1,1997,0,0,0,0,0,0,0,0,0,0
361143,2,1,1997,14,0,0,0,0,0,0,0,0,0
361144,1,1,1997,0,0,0,0,0,0,0,0,0,0
361144,2,1,1997,0,0,0,0,0,0,0,0,0,0
361145,1,1,1997,5,0,0,0,0,0,0,0,0,0
361145,2,1,1997,0,0,0,0,0,0,0,0,0,0
361147,1,1,1997,8,26,23,6,13,17,9,12,6,23
361147,2,1,1997,0,0,0,0,0,0,0,0,0,0
361148,1,1,1997,0,0,0,0,0,0,0,0,0,0
361148,2,1,1997,0,0,0,0,0,0,0,0,0,0
361149,0,1,1997,0,0,5,0,0,0,0,0,19,0
361149,1,1,1997,0,0,0,0,0,0,0,0,0,10
361150,0,1,1997,0,0,0,0,0,0,0,0,0,0
361150,1,1,1997,0,0,0,0,0,0,0,0,0,0
361151,0,1,1997,0,0,0,0,0,0,0,0,15,0
361151,1,1,1997,0,11,0,6,0,0,0,0,0,0
361152,1,1,1997,26,0,0,0,0,0,19,0,0,0
361153,1,1,1997,0,0,0,0,0,0,0,0,0,0
361154,1,1,1997,0,0,0,0,0,0,0,0,0,0
361155,1,1,1997,0,0,0,0,0,0,0,0,0,0
361155,2,1,1997,0,0,0,0,0,0,0,0,0,0
361156,0,1,1997,0,0,0,0,0,0,0,0,0,0
361156,1,1,1997,0,0,0,0,0,0,0,0,0,0
361157,0,1,1997,0,0,0,0,0,0,0,0,0,0
361157,1,1,1997,0,0,0,0,0,0,0,0,0,0
361158,1,1,1997,29,11,4,15,12,10,13,10,31,10
361159,1,1,1997,0,0,0,0,0,0,0,0,0,0
361159,2,1,1997,0,0,0,0,0,0,0,0,0,0
361160,1,1,1997,8,8,8,8,8,8,8,8,8,8
361161,1,1,1997,0,0,0,0,0,0,0,0,0,0
361161,2,1,1997,0,0,0,0,0,0,0,0,0,0
361162,1,1,1997,0,0,0,0,0,0,0,0,0,0
361163,1,1,1997,0,0,0,0,0,0,0,0,0,0
361163,2,1,1997,0,0,0,0,0,0,0,0,0,0
361164,1,1,1997,0,0,0,0,0,0,0,0,0,0
361164,2,1,1997,0,0,0,0,0,0,0,0,0,0
361165,0,1,1997,0,0,0,0,0,0,0,0,0,0
361165,1,1,1997,0,0,0,0,0,0,0,0,0,0
361166,1,1,1997,0,0,0,0,0,0,0,0,0,0
361166,2,1,1997,0,0,0,0,0,0,0,14,0,0
361167,1,1,1997,0,0,0,0,0,0,0,0,0,0
361167,2,1,1997,0,0,0,0,0,0,0,0,0,0
361168,1,1,1997,0,0,0,0,0,0,0,0,0,0
361168,2,1,1997,0,0,0,0,0,0,0,0,0,0
361169,1,1,1997,12,14,8,12,14,5,0,20,0,24
361170,1,1,1997,8,10,36,13,5,29,39,9,8,0
361171,1,1,1997,8,0,0,0,0,0,0,0,0,0
361172,0,1,1997,0,0,10,0,0,0,0,0,0,0
361172,1,1,1997,0,0,0,0,0,0,0,0,0,0
361173,0,1,1997,0,0,0,0,0,0,0,0,0,0
361173,1,1,1997,0,0,0,0,0,10,0,0,0,0
361174,1,1,1997,14,0,0,0,0,0,0,0,0,0
361174,2,1,1997,0,0,0,0,24,5,0,0,26,30
361175,1,1,1997,0,0,0,0,0,0,0,0,0,0
361175,2,1,1997,0,0,0,0,0,0,0,0,0,0
361176,1,1,1997,0,0,0,0,0,0,0,0,0,0
361176,2,1,1997,0,0,0,0,0,0,0,0,0,0
361177,1,1,1997,0,0,0,0,0,0,0,0,0,0
361177,2,1,1997,0,0,0,0,0,0,0,0,0,0
361178,1,1,1997,0,0,0,14,18,0,0,0,0,0
361178,2,1,1997,0,7,0,0,0,0,0,0,0,0
361179,1,1,1997,16,0,0,0,0,0,0,0,0,0
361180,1,1,1997,13,13,13,13,13,13,13,13,13,13
361181,1,1,1997,0,0,0,0,6,0,15,0,0,0
361181,2,1,1997,0,0,0,0,0,0,0,0,0,0
361182,1,1,1997,0,0,0,0,0,0,0,0,0,0
361183,0,1,1997,0,0,0,0,0,0,0,0,0,0
361183,1,1,1997,0,0,0,0,0,0,0,0,0,0
361184,1,1,1997,0,0,0,0,0,0,0,0,9,0
361185,1,1,1997,0,0,0,0,0,34,0,0,0,22
361186,1,1,1997,0,0,0,0,0,0,0,0,0,0
361187,1,1,1997,0,0,0,0,0,0,0,0,0,0
361188,1,1,1997,1,1,1,1,1,1,1,1,1,1
361189,1,1,1997,16,19,13,15,17,12,6,3,22,11
361189,2,1,1997,0,0,0,0,0,0,0,0,0,0
361190,1,1,1997,17,2,6,11,11,16,11,12,5,24
361190,2,1,1997,0,0,0,0,0,0,0,0,0,0
361191,1,1,1997,0,0,21,0,0,0,0,0,21,0
361192,1,1,1997,15,15,15,15,15,15,15,15,15,15
361193,0,1,1997,0,0,0,0,0,0,0,0,0,0
361193,1,1,1997,0,0,0,0,0,0,0,0,0,0
361194,1,1,1997,0,0,0,0,0,0,0,0,0,0
361194,2,1,1997,0,0,0,0,0,0,0,0,0,0
361195,1,1,1997,22,22,22,22,22,22,22,22,22,22
361196,0,1,1997,21,21,21,21,21,21,21,21,21,21
361197,1,1,1997,13,26,8,12,24,19,15,22,15,12
361197,2,1,1997,0,0,0,0,0,0,0,0,0,0
361197,3,1,1997,0,0,0,0,0,0,0,11,0,0
361198,1,1,1997,0,0,0,10,0,0,0,0,0,0
361198,2,1,1997,0,0,0,0,0,0,0,0,0,0
361199,1,1,1997,0,0,0,0,0,0,0,0,0,0
361199,2,1,1997,0,15,0,0,0,0,0,0,0,0
361200,1,1,1997,0,0,0,0,0,0,0,0,0,0
361200,2,1,1997,0,0,0,0,0,0,0,0,0,0
361201,1,1,1997,0,0,0,0,0,0,0,17,0,0
361202,1,1,1997,0,0,0,0,0,0,0,0,0,0
361202,2,1,1997,0,0,0,0,0,0,0,0,0,0
361203,0,1,1997,0,0,0,0,0,0,0,0,0,0
361203,1,1,1997,0,0,0,0,0,0,0,0,0,0
361204,0,1,1997,1,1,1,1,1,1,1,1,1,1
361204,1,1,1997,0,0,0,8,0,0,0,0,0,0
361205,1,1,1997,0,0,0,0,0,0,0,0,0,0
361205,2,1,1997,10,0,0,0,0,0,0,0,0,0
361206,1,1,1997,0,0,0,0,0,0,0,0,0,0
361206,2,1,1997,0,0,0,0,0,0,0,0,0,0
361207,1,1,1997,20,3,22,22,5,20,6,15,11,18
361208,1,1,1997,0,0,0,0,0,0,0,0,0,0
361208,2,1,1997,0,0,0,0,0,0,0,0,0,0
361209,1,1,1997,0,0,0,0,0,0,0,0,0,0
361210,0,1,1997,0,0,0,0,0,0,0,0,0,0
361210,1,1,1997,0,0,0,0,0,12,0,0,0,0
361211,1,1,1997,8,0,0,0,0,0,0,6,0,0
361211,2,1,1997,5,5,5,5,5,5,5,5,5,5
361212,1,1,1997,6,10,16,12,17,13,0,20,28,27
361212,2,1,1997,0,0,0,0,0,0,0,0,0,0
361213,0,1,1997,0,0,0,0,0,0,0,0,0,0
361213,1,1,1997,0,0,0,0,0,0,0,0,6,0
361214,1,1,1997,0,0,0,0,0,0,0,0,0,0
361214,2,1,1997,0,0,0,26,0,0,0,0,0,7
361215,1,1,1997,0,0,0,0,0,0,0,0,0,0
361215,2,1,1997,0,0,0,0,0,0,0,0,0,0
361216,0,1,1997,0,0,0,0,0,0,21,0,0,13
361216,1,1,1997,0,0,0,0,0,0,14,0,0,0
361217,1,1,1997,21,21,21,21,21,21,21,21,21,21
361218,1,1,1997,0,0,0,0,0,0,0,0,0,0
361218,2,1,1997,0,0,0,0,0,0,0,0,0,0
361219,1,1,1997,0,0,0,0,0,0,0,0,0,0
361219,2,1,1997,0,0,0,0,0,0,0,0,0,0
361220,1,1,1997,44,6,20,27,13,11,30,15,25,0
361221,1,1,1997,0,0,0,0,0,0,0,0,0,0
361221,2,1,1997,0,0,0,0,0,0,0,0,0,0
361222,1,1,1997,2,3,4,20,4,26,16,16,20,11
361222,2,1,1997,0,7,0,0,0,0,0,12,0,0
361223,1,1,1997,0,0,0,0,0,0,0,0,0,0
361223,2,1,1997,0,0,0,0,0,0,0,0,0,0
361224,1,1,1997,0,0,0,0,0,0,0,0,0,0
361224,2,1,1997,25,25,25,25,25,25,25,25,25,25
361225,1,1,1997,0,0,0,0,0,0,0,0,0,0
361225,2,1,1997,0,0,0,0,0,0,0,0,0,0
361226,1,1,1997,0,0,0,0,0,0,0,0,0,0
361226,2,1,1997,0,0,18,0,0,0,0,0,0,0
361227,0,1,1997,0,0,0,0,0,0,0,0,0,0
361227,0,2,1997,0,0,0,0,0,0,0,0,0,0
361227,1,1,1997,0,0,0,0,16,0,0,0,0,0
361228,1,1,1997,0,0,0,0,0,0,0,0,0,0
361228,2,1,1997,0,0,0,0,0,0,19,0,0,0
361229,0,1,1997,0,0,0,0,0,0,0,0,0,0
361229,1,1,1997,0,0,0,0,0,0,0,0,10,0
361230,0,1,1997,0,0,0,0,0,0,0,0,0,0
361230,1,1,1997,0,0,0,0,0,0,0,0,0,0
361231,1,1,1997,10,21,0,4,0,0,0,14,3,11
361231,2,1,1997,0,0,0,0,0,0,0,0,0,0
361232,1,1,1997,0,0,0,0,0,0,0,0,0,0
361232,2,1,1997,0,0,0,0,0,0,0,0,0,0
361233,0,1,1997,17,0,0,0,42,0,25,0,0,0
361233,1,1,1997,0,0,0,0,0,0,27,0,0,15
361234,1,1,1997,0,6,0,13,0,0,0,0,0,0
361235,0,1,1997,0,0,0,0,0,0,0,0,0,0
361235,1,1,1997,0,0,0,0,0,0,0,0,0,0
361236,1,1,1997,0,0,19,0,0,0,0,0,0,0
361236,2,1,1997,0,8,0,0,0,0,0,0,0,0
361237,0,1,1997,0,0,0,0,0,0,0,0,0,0
361237,1,1,1997,0,0,0,0,0,0,0,0,0,0
361238,0,1,1997,0,0,0,0,0,0,0,0,0,0
361238,1,1,1997,0,0,0,0,0,0,0,0,0,0
361239,0,1,1997,0,0,0,21,0,0,0,0,0,27
361239,1,1,1997,0,0,0,0,0,0,0,0,0,0
361240,0,1,1997,0,0,0,0,0,0,0,0,0,0
361240,1,1,1997,0,0,0,0,0,0,0,0,0,0
361241,1,1,1997,0,0,0,0,0,0,0,0,0,0
361241,2,1,1997,0,9,5,13,13,7,9,19,12,2
361242,1,1,1997,0,0,0,0,0,0,0,0,0,0
361242,2,1,1997,0,0,0,0,0,0,0,0,0,0
361243,0,1,1997,0,0,0,0,0,0,0,0,0,17
361243,0,2,1997,0,0,0,26,0,0,0,0,0,0
361243,1,1,1997,0,0,0,0,0,0,0,0,0,0
361243,2,1,1997,0,0,0,0,0,0,0,0,0,0
361244,1,1,1997,0,0,0,0,0,0,0,0,0,0
361244,2,1,1997,0,0,0,0,0,0,0,0,0,8
361245,1,1,1997,0,0,0,0,0,0,0,0,0,0
361246,0,1,1997,0,0,0,0,0,0,0,0,0,0
361246,1,1,1997,0,0,0,0,0,0,0,0,0,0
361247,1,1,1997,17,17,19,7,19,17,17,12,11,15
361247,2,1,1997,0,30,0,24,0,0,0,0,25,0
361248,1,1,1997,0,0,4,0,0,0,0,0,0,0
361248,2,1,1997,0,0,0,0,0,0,0,0,0,0
361249,1,1,1997,21,30,27,16,4,2,20,35,15,18
361250,1,1,1997,19,0,33,0,32,0,32,28,11,0
361251,1,1,1997,0,0,0,0,0,0,0,0,0,0
361251,2,1,1997,0,0,0,0,0,0,0,0,0,0
361252,0,1,1997,0,0,0,0,0,0,0,0,0,0
361252,1,1,1997,0,9,0,0,0,0,0,0,0,0
361253,1,1,1997,0,0,0,0,0,0,0,0,0,0
361254,1,1,1997,0,0,0,0,0,0,0,0,0,0
361255,1,1,1997,0,0,0,0,0,0,0,0,0,0
361256,1,1,1997,1,1,1,1,1,1,1,1,1,1
361257,1,1,1997,0,0,0,0,0,0,0,0,0,0
361258,1,1,1997,0,0,0,0,0,0,0,0,0,0
361259,1,1,1997,0,0,0,0,19,0,0,0,3,0
361260,1,1,1997,16,10,6,18,26,19,17,18,0,8
361261,1,1,1997,4,2,4,0,13,0,10,20,10,11
361262,1,1,1997,0,0,7,0,0,0,0,0,0,0
361262,2,1,1997,0,0,0,6,0,0,0,0,0,0
361263,1,1,1997,0,0,0,0,0,0,0,0,0,0
361263,2,1,1997,0,0,0,0,0,0,0,0,0,0
361263,3,1,1997,0,0,0,0,0,0,0,0,0,0
361264,1,1,1997,0,0,0,0,0,0,0,0,0,0
361264,2,1,1997,0,0,0,0,0,0,0,0,0,0
361265,1,1,1997,0,0,0,0,0,0,0,0,0,0
361266,1,1,1997,0,0,0,0,0,0,0,0,0,0
361266,2,1,1997,0,0,0,0,0,0,0,0,0,0
361267,1,1,1997,0,0,0,0,0,0,0,18,0,0
361267,2,1,1997,0,0,0,0,0,0,0,0,0,0
361268,1,1,1997,5,5,5,5,5,5,5,5,5,5
361269,1,1,1997,14,14,14,14,14,14,14,14,14,14
361270,1,1,1997,17,17,17,17,17,17,17,17,17,17
361270,2,1,1997,0,0,0,0,0,0,0,0,0,0
361271,1,1,1997,0,0,0,0,0,0,0,0,0,0
361271,2,1,1997,0,0,0,0,0,0,0,0,0,18
361272,1,1,1997,0,0,0,0,0,0,12,0,20,0
361273,1,1,1997,0,0,0,0,0,0,0,0,0,0
361274,1,1,1997,0,0,0,0,0,0,0,0,0,0
361274,2,1,1997,0,0,0,0,0,0,0,0,0,0
361275,1,1,1997,0,0,14,0,0,0,0,0,6,0
361276,0,1,1997,0,0,0,0,0,0,0,0,0,0
361276,1,1,1997,0,0,0,0,0,0,0,0,0,0
361277,1,1,1997,0,0,0,0,0,0,0,0,0,0
361277,2,1,1997,0,0,0,0,0,0,0,0,0,0
361278,0,1,1997,0,0,0,0,0,0,0,0,0,0
361278,1,1,1997,0,0,0,0,0,0,0,0,0,0
361279,1,1,1997,0,0,0,5,0,0,0,0,0,0
361280,0,1,1997,0,0,0,0,0,0,0,0,0,0
361280,1,1,1997,0,0,0,0,0,0,0,0,0,0
361281,0,1,1997,0,0,0,0,35,0,0,0,0,0
361281,1,1,1997,0,0,0,0,0,0,0,0,0,9
361282,1,1,1997,0,0,0,0,0,0,0,0,0,0
361283,1,1,1997,0,0,0,0,0,0,0,0,0,0
361283,2,1,1997,0,0,0,0,0,0,0,0,0,0
361284,1,1,1997,25,13,6,19,23,10,31,8,45,11
361285,1,1,1997,0,0,16,0,0,0,0,0,0,0
361285,2,1,1997,0,0,0,0,0,0,0,0,0,0
361286,0,1,1997,0,0,0,0,0,0,0,0,0,0
361286,1,1,1997,0,0,0,0,0,0,0,0,0,0
361287,1,1,1997,0,0,0,17,10,0,0,0,0,27
361288,0,1,1997,0,0,0,0,0,0,0,0,0,0
361288,1,1,1997,0,0,0,17,0,0,0,0,0,0
361289,0,1,1997,0,0,0,0,0,0,0,0,0,0
361289,1,1,1997,0,0,0,0,0,0,0,0,0,0
361290,1,1,1997,0,0,0,0,0,0,0,0,0,0
361290,2,1,1997,0,11,0,0,0,0,0,9,0,0
361290,3,1,1997,0,0,0,0,0,0,0,0,0,0
361291,1,1,1997,0,0,0,28,0,0,0,0,0,0
361292,1,1,1997,0,0,0,0,0,0,0,0,0,0
361292,2,1,1997,0,0,0,0,17,0,0,0,0,0
361293,0,1,1997,0,0,17,0,0,0,0,0,0,0
361293,1,1,1997,0,0,0,0,0,0,0,0,0,0
361294,1,1,1997,0,0,0,0,0,0,0,0,0,0
361294,2,1,1997,0,0,0,0,0,0,0,0,0,0
361295,0,1,1997,38,0,0,0,0,0,0,0,0,0
361295,1,1,1997,0,0,0,0,0,0,0,0,0,0
361296,0,1,1997,0,0,0,0,0,0,0,0,0,0
361296,1,1,1997,0,0,0,0,0,0,0,0,0,0
361297,0,1,1997,0,0,0,0,0,0,0,0,0,0
361297,1,1,1997,0,0,0,0,5,0,0,0,0,0
361298,0,1,1997,0,0,0,0,0,0,0,0,0,0
361298,1,1,1997,0,0,0,0,0,0,0,0,0,0
361298,2,1,1997,0,0,0,0,0,0,0,0,0,0
361299,0,1,1997,0,0,0,0,0,0,0,0,0,0
361299,0,2,1997,0,0,0,0,0,0,0,0,0,0
361299,0,3,1997,0,0,0,0,0,0,0,0,0,0
361299,1,1,1997,4,0,0,0,0,0,0,0,0,0
361300,1,1,1997,0,0,0,0,0,0,0,0,0,0
361300,2,1,1997,0,0,0,0,0,0,0,0,0,0
361301,0,1,1997,0,0,0,0,0,0,12,0,0,7
361301,1,1,1997,0,0,0,0,0,10,0,0,0,0
361302,1,1,1997,0,0,0,0,0,0,18,0,25,0
361303,0,1,1997,22,0,0,0,0,0,0,0,0,0
361303,1,1,1997,0,0,0,0,0,0,0,0,0,0
361304,0,1,1997,0,0,0,0,0,0,0,0,0,0
361304,1,1,1997,0,0,0,0,0,0,0,0,0,0
361305,1,1,1997,0,0,0,0,0,0,0,0,0,0
361305,2,1,1997,0,0,0,0,0,0,19,8,0,0
361305,3,1,1997,0,0,0,0,0,0,0,0,0,0
361306,0,1,1997,0,0,0,0,0,0,0,0,0,0
361306,1,1,1997,0,0,0,0,0,0,0,0,0,0
361307,1,1,1997,10,33,28,24,12,9,20,25,0,48
361308,0,1,1997,0,0,0,0,0,0,0,0,0,0
361308,1,1,1997,0,0,0,0,0,0,0,0,0,0
361309,1,1,1997,0,0,0,0,0,0,0,7,0,0
361309,2,1,1997,5,17,0,0,0,0,0,7,0,2
361310,1,1,1997,0,0,0,0,0,0,0,0,0,0
361310,2,1,1997,0,0,0,0,0,0,0,0,0,0
361311,1,1,1997,0,0,0,0,19,0,0,0,0,0
361312,0,1,1997,26,14,27,42,30,24,19,31,6,10
361312,1,1,1997,0,0,0,0,0,0,0,0,0,0
361313,0,1,1997,0,26,0,0,0,0,0,0,0,0
361313,0,2,1997,0,0,0,0,0,0,0,0,0,0
361313,1,1,1997,0,0,0,0,24,0,0,0,0,0
361314,1,1,1997,0,0,0,0,0,0,0,0,0,0
361314,2,1,1997,0,0,0,0,0,0,0,0,0,0
361315,0,1,1997,0,0,0,0,0,0,0,0,0,0
361315,1,1,1997,0,0,0,0,0,0,0,0,0,0