ST_CASE,VEH_NO,PER_NO,YEAR,P1,P2,P3,P4,P5,P6,P7,P8,P9,P10
361316,0,1,1997,0,0,0,0,0,0,0,0,0,0
361316,1,1,1997,0,0,0,0,0,0,0,0,0,0
361317,1,1,1997,0,0,0,0,0,0,0,0,0,0
361317,2,1,1997,19,19,19,19,19,19,19,19,19,19
361318,1,1,1997,0,0,0,0,0,0,0,4,0,0
361318,2,1,1997,1,1,1,1,1,1,1,1,1,1
361319,1,1,1997,0,0,0,0,0,0,0,0,0,13
361319,2,1,1997,0,0,0,0,0,0,0,0,0,0
361320,0,1,1997,0,0,0,0,0,0,0,0,0,0
361320,1,1,1997,0,0,0,0,0,0,0,0,0,0
361321,0,1,1997,0,0,0,0,0,0,0,0,0,0
361321,1,1,1997,0,0,0,0,0,0,0,0,0,0
361322,1,1,1997,9,0,0,0,0,0,0,0,0,16
361322,2,1,1997,0,0,0,0,0,0,0,0,0,0
361323,1,1,1997,0,0,5,0,0,0,0,0,0,0
361323,2,1,1997,0,0,0,0,0,0,0,0,0,0
361324,0,1,1997,0,0,0,0,0,0,0,0,0,0
361324,1,1,1997,0,0,0,0,0,0,0,0,0,0
361325,0,1,1997,0,0,0,0,0,0,5,0,0,0
361325,1,1,1997,0,0,0,0,0,0,0,0,0,0
361326,1,1,1997,0,0,0,0,0,0,0,0,0,0
361326,2,1,1997,0,0,0,0,0,0,8,0,0,0
361326,3,1,1997,0,25,0,0,0,0,0,0,0,0
361327,1,1,1997,0,0,0,0,0,0,0,0,0,0
361327,2,1,1997,0,0,0,0,0,0,0,0,15,0
361328,0,1,1997,0,0,0,0,0,0,0,0,0,0
361328,1,1,1997,0,0,17,0,0,0,0,0,0,0
361329,1,1,1997,0,0,0,0,0,0,0,0,0,0
361329,2,1,1997,0,0,0,0,0,0,0,0,0,0
361330,1,1,1997,0,0,0,0,0,0,0,0,0,4
361330,2,1,1997,0,0,0,0,0,0,0,0,0,0
361331,1,1,1997,2,2,2,2,2,2,2,2,2,2
361331,2,1,1997,0,0,0,0,0,0,0,0,0,0
361331,3,1,1997,0,0,0,0,0,0,0,0,0,0
361332,1,1,1997,0,0,0,19,0,0,0,0,0,0
361332,2,1,1997,0,0,0,0,0,0,0,0,0,0
361333,0,1,1997,0,0,0,0,0,0,0,0,0,0
361333,1,1,1997,0,0,0,10,0,0,0,0,0,0
361334,1,1,1997,0,0,0,0,0,0,0,0,0,0
361335,0,1,1997,0,0,27,0,0,0,0,0,0,27
361335,1,1,1997,0,0,0,0,0,0,0,0,0,0
361336,0,1,1997,0,0,0,0,0,0,0,0,0,0
361336,1,1,1997,0,0,0,0,0,0,0,0,0,0
361337,0,1,1997,0,0,0,0,0,0,0,0,0,0
361337,1,1,1997,0,0,0,0,0,0,0,0,0,0
361338,0,1,1997,0,0,0,0,0,0,0,0,0,0
361338,0,2,1997,0,0,0,0,0,0,14,0,0,20
361338,1,1,1997,0,0,0,0,0,0,0,0,0,0
361339,0,1,1997,0,0,0,13,0,28,0,0,0,0
361339,1,1,1997,0,0,0,0,0,0,0,0,0,0
361340,1,1,1997,0,0,0,0,0,0,0,0,0,0
361340,2,1,1997,0,0,0,0,0,0,0,0,0,0
361340,3,1,1997,0,0,0,0,0,0,0,0,0,0
361341,0,1,1997,0,0,0,28,9,0,21,0,0,0
361341,1,1,1997,0,0,0,0,0,0,9,0,0,0
361342,1,1,1997,24,23,4,0,12,14,19,7,21,15
361344,1,1,1997,0,0,0,16,0,0,0,0,3,0
361345,1,1,1997,0,0,0,0,0,0,0,0,0,0
361345,2,1,1997,0,0,0,23,0,0,0,0,0,0
361346,0,1,1997,9,0,0,0,0,0,0,0,0,0
361346,1,1,1997,0,0,0,0,0,0,0,0,0,0
361347,1,1,1997,0,0,0,0,0,0,0,0,0,0
361347,2,1,1997,0,0,0,0,0,0,0,0,0,0
361348,1,1,1997,0,0,0,0,0,0,0,0,0,0
361349,1,1,1997,21,21,21,21,21,21,21,21,21,21
361350,1,1,1997,2,2,2,2,2,2,2,2,2,2
361351,1,1,1997,0,0,12,0,0,0,0,0,0,0
361352,1,1,1997,0,0,0,0,0,0,0,0,0,32
361353,0,1,1997,0,31,0,0,4,14,16,0,0,27
361353,1,1,1997,11,11,11,11,11,11,11,11,11,11
361354,1,1,1997,0,0,0,0,0,0,0,0,0,0
361354,2,1,1997,0,0,0,0,0,0,0,0,0,0
361357,1,1,1997,0,0,0,0,0,0,0,0,0,0
361357,2,1,1997,0,0,0,0,0,0,0,0,0,0
361358,1,1,1997,0,0,0,0,0,0,0,0,0,0
361358,2,1,1997,0,0,0,0,0,0,0,0,0,0
361359,1,1,1997,0,0,0,0,0,15,0,19,22,41
361360,0,1,1997,0,0,0,0,0,0,0,0,0,0
361360,1,1,1997,0,0,0,0,0,0,0,0,0,0
361360,2,1,1997,0,0,0,0,0,0,0,0,0,0
361360,3,1,1997,0,0,0,0,0,0,0,0,0,0
361360,4,1,1997,0,0,0,0,0,0,0,0,0,0
361361,1,1,1997,0,0,0,0,21,0,0,0,0,0
361362,1,1,1997,0,0,0,0,0,0,0,0,0,0
361362,2,1,1997,0,0,0,0,0,0,0,6,0,0
361363,0,1,1997,0,0,0,0,0,0,0,0,0,0
361363,1,1,1997,0,0,0,0,0,0,0,0,0,0
361364,1,1,1997,0,0,0,0,0,0,0,0,0,0
361364,2,1,1997,0,0,0,0,0,0,0,0,0,0
361365,1,1,1997,0,8,0,0,0,0,15,36,0,0
361366,1,1,1997,21,12,14,19,9,0,13,6,8,18
361367,1,1,1997,0,0,0,0,0,0,0,0,0,0
361368,1,1,1997,0,0,0,0,0,0,0,0,0,0
361368,2,1,1997,0,0,0,0,0,0,0,0,0,0
361368,3,1,1997,0,0,0,0,0,0,0,0,0,0
361368,4,1,1997,0,0,0,0,0,0,15,0,0,0
361368,5,1,1997,0,0,0,0,0,0,0,0,0,0
361369,0,1,1997,0,0,0,0,0,0,0,0,0,0
361369,1,1,1997,0,0,0,0,0,0,0,0,0,0
361370,1,1,1997,0,0,0,0,0,0,0,0,0,0
361371,1,1,1997,0,0,15,0,0,0,0,0,0,0
361371,2,1,1997,0,0,0,0,0,0,0,0,0,0
361372,0,1,1997,36,36,36,36,36,36,36,36,36,36
361372,1,1,1997,0,0,0,0,0,0,0,0,0,0
361373,1,1,1997,0,0,0,0,0,0,0,0,0,0
361373,2,1,1997,0,0,0,0,0,0,0,0,0,0
361373,3,1,1997,0,0,0,0,0,0,0,0,0,0
361374,1,1,1997,0,0,0,0,38,0,0,0,0,0
361375,0,1,1997,17,17,17,17,17,17,17,17,17,17
361375,0,2,1997,0,0,0,0,0,0,0,19,0,0
361375,0,3,1997,0,21,0,0,0,7,0,0,25,0
361375,0,4,1997,0,33,8,12,16,17,0,27,17,19
361375,0,5,1997,8,19,7,0,27,9,33,25,8,0
361375,0,6,1997,0,0,12,24,30,14,11,21,6,4
361375,0,7,1997,22,0,0,0,14,0,0,0,0,0
361375,1,1,1997,0,13,14,10,10,16,0,21,37,22
361376,1,1,1997,0,0,0,4,0,0,0,0,0,0
361377,1,1,1997,0,0,0,0,0,0,0,0,0,0
361378,0,1,1997,0,38,23,0,0,19,0,0,0,0
361378,1,1,1997,12,22,4,3,24,0,0,12,21,6
361379,0,1,1997,0,0,0,0,0,0,0,0,0,0
361379,1,1,1997,14,0,0,0,11,0,8,0,0,0
361381,1,1,1997,0,0,0,0,0,0,0,0,0,0
361381,2,1,1997,0,0,0,0,0,0,0,0,0,0
361382,1,1,1997,0,0,0,0,0,0,0,0,0,0
361382,2,1,1997,0,0,0,0,0,0,0,0,0,0
361383,1,1,1997,0,0,0,0,0,4,0,0,0,0
361383,2,1,1997,0,0,0,0,0,0,0,0,0,0
361384,1,1,1997,16,20,21,13,11,7,0,0,14,3
361385,1,1,1997,0,0,0,0,0,0,0,0,0,0
361385,2,1,1997,0,0,10,0,20,0,0,0,0,0
361386,0,1,1997,0,0,0,0,0,0,0,0,0,0
361386,1,1,1997,0,0,0,0,0,0,0,0,0,0
361387,0,1,1997,0,0,0,0,0,0,0,0,0,0
361387,1,1,1997,0,0,0,0,0,0,0,0,0,0
361388,0,1,1997,0,0,0,0,0,0,0,0,0,0
361388,1,1,1997,0,0,0,0,0,0,0,4,8,0
361389,0,1,1997,0,0,0,0,0,0,0,0,0,0
361389,1,1,1997,0,0,0,0,0,0,0,0,0,0
361390,1,1,1997,0,0,0,0,0,0,0,0,0,0
361391,0,1,1997,0,0,0,0,33,0,0,0,0,0
361391,1,1,1997,0,0,14,0,0,0,0,0,0,0
361392,1,1,1997,17,3,0,0,17,6,9,13,21,0
361392,2,1,1997,0,0,0,0,0,0,0,0,0,0
361393,1,1,1997,0,8,0,0,0,0,0,0,0,16
361393,2,1,1997,0,0,0,0,0,0,0,5,0,4
361393,3,1,1997,0,0,0,0,0,0,0,0,0,0
361394,1,1,1997,0,8,0,15,25,12,0,0,0,0
361395,1,1,1997,0,0,0,0,0,0,0,0,0,18
361396,0,1,1997,0,0,0,0,0,0,0,0,0,0
361396,1,1,1997,0,0,0,0,0,0,0,0,0,0
361397,0,1,1997,0,0,0,0,0,0,0,0,0,0
361397,1,1,1997,0,0,0,0,0,0,0,0,0,0
361398,0,1,1997,0,0,0,32,0,0,0,0,0,0
361398,1,1,1997,0,0,0,0,0,0,0,0,0,0
361399,1,1,1997,0,0,0,0,0,0,0,25,0,10
361400,0,1,1997,0,0,0,0,0,0,0,0,0,0
361400,1,1,1997,12,27,28,10,33,17,6,24,9,10
361401,1,1,1997,0,0,0,0,0,0,0,0,0,0
361401,2,1,1997,0,0,0,0,0,0,0,0,0,0
361402,1,1,1997,0,0,0,0,0,0,0,0,0,0
361403,0,1,1997,0,0,0,0,0,0,20,0,0,0
361403,1,1,1997,0,0,0,0,0,0,12,0,0,0
361404,1,1,1997,0,8,0,0,0,0,0,0,0,27
361405,1,1,1997,0,0,0,0,0,0,0,0,0,0
361406,0,1,1997,0,0,21,19,0,0,0,0,0,0
361406,1,1,1997,0,0,0,0,0,0,0,0,0,0
361407,1,1,1997,0,0,0,0,0,0,0,0,0,0
361408,0,1,1997,0,0,0,0,0,25,0,10,18,0
361408,1,1,1997,10,28,9,33,12,18,4,5,19,8
361409,0,1,1997,0,0,0,0,0,0,0,0,0,0
361409,1,1,1997,0,0,0,0,0,0,0,0,0,0
361410,0,1,1997,0,0,22,37,0,17,0,0,0,0
361410,1,1,1997,0,0,0,0,0,0,0,0,0,0
361411,0,1,1997,0,0,0,0,0,0,22,0,6,20
361411,1,1,1997,0,0,0,0,0,0,0,0,0,0
361412,0,1,1997,0,23,0,0,0,17,14,0,0,0
361412,1,1,1997,0,0,0,0,0,0,0,0,0,0
361413,1,1,1997,0,0,10,0,0,0,0,0,0,0
361414,0,1,1997,0,0,0,0,0,0,0,0,0,0
361414,1,1,1997,0,0,0,0,0,0,0,0,0,7
361415,1,1,1997,0,0,0,0,12,0,0,0,38,0
361416,0,1,1997,0,0,0,0,0,0,0,0,0,0
361416,1,1,1997,0,0,0,0,0,0,0,0,0,0
361417,0,1,1997,0,0,0,0,0,0,0,0,0,0
361417,1,1,1997,0,0,0,0,0,0,0,0,0,0
361418,0,1,1997,0,0,17,3,18,0,0,0,0,0
361418,1,1,1997,0,0,0,0,0,0,0,0,0,0
361419,1,1,1997,0,0,0,0,0,0,0,0,0,0
361419,2,1,1997,0,0,0,0,0,0,0,0,0,0
361420,1,1,1997,0,0,0,0,0,0,0,8,0,0
361421,0,1,1997,0,16,0,0,20,0,9,0,21,24
361421,1,1,1997,0,0,0,0,0,0,0,0,0,0
361422,1,1,1997,30,0,15,0,16,14,20,13,0,12
361423,0,1,1997,0,0,0,0,0,0,0,0,0,0
361423,1,1,1997,0,0,0,0,0,0,0,0,0,0
361424,1,1,1997,0,0,0,0,0,0,0,0,0,0
361425,1,1,1997,11,0,17,0,0,0,0,0,0,0
361425,2,1,1997,0,0,0,0,7,0,0,0,0,0
361426,1,1,1997,0,0,0,0,25,0,0,0,0,0
361427,1,1,1997,0,0,0,0,0,0,0,0,0,0
361427,2,1,1997,0,0,0,0,0,0,0,0,0,0
361427,3,1,1997,0,0,0,0,0,0,0,0,0,0
361427,4,1,1997,0,0,0,0,0,0,0,0,0,0
361428,0,1,1997,0,0,0,16,0,0,0,0,0,0
361428,1,1,1997,0,0,0,0,0,0,0,0,0,0
361428,2,1,1997,0,0,0,0,0,7,0,5,8,0
361429,0,1,1997,0,0,0,7,0,0,0,0,0,21
361429,1,1,1997,0,0,0,0,0,0,0,0,0,0
361430,0,1,1997,0,0,0,0,0,0,0,0,0,0
361430,0,2,1997,0,0,0,37,16,20,23,0,0,23
361430,0,3,1997,0,0,0,0,0,0,0,0,0,0
361430,0,4,1997,18,28,28,48,21,0,17,29,17,0
361430,1,1,1997,0,0,0,0,0,0,0,0,0,0
361431,1,1,1997,0,0,0,0,0,0,0,0,0,0
361431,2,1,1997,0,0,0,0,0,0,0,0,0,0
361431,3,1,1997,0,0,0,0,0,0,0,0,0,0
361432,1,1,1997,0,0,0,0,0,0,0,0,0,0
361432,2,1,1997,0,0,0,0,0,0,0,0,0,0
361433,1,1,1997,0,0,0,0,0,3,0,0,0,0
361434,1,1,1997,0,0,0,0,0,0,18,0,0,0
361435,0,1,1997,0,30,0,0,10,0,0,0,0,0
361435,1,1,1997,0,0,0,0,0,0,0,0,0,0
361436,1,1,1997,0,0,0,0,0,0,0,0,0,0
361436,2,1,1997,0,0,0,0,0,0,0,0,0,0
361437,1,1,1997,0,0,0,0,0,0,0,4,0,0
361438,1,1,1997,28,0,0,0,0,25,0,13,0,0
361439,0,1,1997,0,0,0,0,0,0,0,0,0,0
361439,1,1,1997,0,0,0,0,0,0,0,0,0,0
361440,0,1,1997,0,0,0,0,0,0,0,0,0,0
361440,1,1,1997,0,0,0,0,0,0,0,0,0,0
361441,1,1,1997,0,0,0,0,0,0,0,0,0,0
361441,2,1,1997,30,0,0,0,0,0,0,0,0,0
361442,0,1,1997,0,0,0,0,0,0,0,0,19,0
361442,1,1,1997,0,0,0,0,0,0,0,0,0,0
361443,1,1,1997,0,0,0,0,0,0,0,0,0,0
361443,2,1,1997,0,5,16,0,5,0,13,24,14,19
361444,1,1,1997,0,0,12,0,0,0,0,0,0,0
361445,1,1,1997,0,0,0,0,0,0,0,0,0,0
361446,0,1,1997,0,0,0,0,0,0,0,0,0,0
361446,1,1,1997,0,0,0,0,0,0,0,0,0,0
361447,1,1,1997,0,0,0,7,0,0,0,0,0,0
361448,1,1,1997,0,11,0,13,11,23,6,4,20,22
361449,0,1,1997,0,0,0,0,0,0,0,0,0,0
361449,1,1,1997,0,0,0,0,0,0,0,0,0,0
361450,0,1,1997,0,0,10,0,0,0,0,0,0,0
361450,1,1,1997,0,0,0,0,0,0,0,0,0,0
361451,0,1,1997,0,0,0,0,0,0,26,0,0,0
361451,0,2,1997,0,7,0,0,0,0,0,0,0,0
361451,0,3,1997,0,0,0,0,0,0,0,0,0,0
361451,0,4,1997,0,0,0,0,0,0,0,0,0,0
361451,1,1,1997,0,0,0,0,0,0,0,0,0,0
361451,2,1,1997,0,0,0,0,0,0,0,0,0,0
361451,3,1,1997,0,0,0,0,0,0,0,0,0,0
361452,1,1,1997,0,0,0,0,0,0,0,0,0,0
361452,2,1,1997,0,0,0,0,0,0,0,0,0,0
361453,1,1,1997,0,0,0,0,0,0,0,0,0,0
361453,2,1,1997,10,6,8,18,20,28,0,22,4,14
361454,1,1,1997,26,16,13,10,0,16,17,0,18,25
361455,0,1,1997,0,0,0,0,0,7,20,0,0,6
361455,1,1,1997,0,0,0,0,0,0,0,0,0,0
361456,1,1,1997,0,0,0,0,0,0,0,0,0,0
361457,1,1,1997,0,0,0,0,0,0,0,0,0,0
361457,2,1,1997,0,0,0,0,4,0,0,7,0,0
361458,1,1,1997,0,0,0,0,0,0,0,0,0,0
361458,2,1,1997,0,0,0,0,0,0,0,0,6,0
361459,0,1,1997,0,0,0,0,0,0,0,0,0,0
361459,1,1,1997,0,0,0,0,0,0,0,0,0,0
361460,0,1,1997,0,0,0,0,0,0,0,0,0,0
361460,0,2,1997,0,0,0,0,0,0,0,0,0,0
361460,1,1,1997,0,0,0,0,0,0,0,0,0,0
361461,1,1,1997,19,11,0,0,0,3,0,0,0,0
361462,1,1,1997,0,0,0,0,0,0,0,0,0,0
361462,2,1,1997,0,0,0,0,0,0,0,0,0,0
361463,1,1,1997,1,1,1,1,1,1,1,1,1,1
361463,2,1,1997,0,0,0,0,0,0,0,0,0,0
361464,1,1,1997,0,0,0,0,0,0,0,0,0,0
361464,2,1,1997,0,0,0,0,0,0,0,0,0,0
361465,1,1,1997,16,0,0,0,0,0,0,24,0,0
361466,1,1,1997,0,0,0,0,0,0,0,0,0,0
361466,2,1,1997,0,0,0,0,0,0,0,0,0,8
361466,3,1,1997,0,0,0,0,0,0,0,0,0,0
361467,1,1,1997,0,0,0,0,0,0,0,0,0,0
361468,1,1,1997,0,0,0,0,0,0,0,0,0,0
361468,2,1,1997,24,0,0,0,0,0,0,0,0,0
361469,0,1,1997,0,0,0,0,0,0,0,0,0,0
361469,1,1,1997,0,0,0,0,0,0,11,0,0,0
361470,1,1,1997,0,0,0,0,0,0,0,0,0,0
361470,2,1,1997,0,0,0,0,0,0,0,0,0,0
361471,1,1,1997,0,0,0,0,0,0,0,0,0,0
361472,0,1,1997,0,0,0,11,0,0,0,0,0,0
361472,1,1,1997,26,0,7,0,18,37,4,0,0,24
361473,1,1,1997,0,0,0,0,0,0,0,0,0,0
361474,1,1,1997,0,0,0,0,0,0,0,0,0,0
361475,1,1,1997,0,0,0,0,0,0,0,0,0,0
361475,2,1,1997,0,0,0,0,0,0,0,25,0,18
361476,0,1,1997,0,18,20,0,0,0,0,0,0,0
361476,1,1,1997,0,0,0,0,0,0,0,0,0,0
361477,1,1,1997,0,0,0,0,0,0,0,0,0,0
361478,0,1,1997,0,0,0,0,0,0,0,0,0,0
361478,1,1,1997,0,0,0,0,0,0,0,0,0,0
361479,0,1,1997,0,0,0,0,0,0,0,0,0,0
361479,1,1,1997,0,0,0,0,0,0,0,0,0,0
361480,0,1,1997,0,19,9,0,37,41,36,0,40,0
361480,1,1,1997,17,13,9,14,14,21,0,8,3,13
361481,1,1,1997,0,0,0,0,0,0,0,0,0,0
361481,2,1,1997,0,0,0,0,0,0,0,0,0,0
361482,1,1,1997,0,0,10,0,0,0,0,0,0,0
361483,0,1,1997,0,0,0,0,0,0,0,0,0,0
361483,0,2,1997,0,0,0,0,0,0,0,0,0,0
361483,1,1,1997,0,0,0,0,0,25,0,0,0,0
361484,1,1,1997,0,0,0,0,0,0,0,0,0,0
361484,2,1,1997,0,0,0,0,0,0,0,0,0,0
361485,0,1,1997,0,0,0,0,0,0,0,0,0,0
361485,1,1,1997,0,0,0,0,0,0,0,0,0,0
361486,0,1,1997,0,0,0,0,0,0,0,0,0,0
361486,1,1,1997,0,9,0,0,0,0,0,0,0,0
361487,1,1,1997,13,13,10,11,7,10,0,0,5,13
361488,0,1,1997,0,0,0,0,0,0,0,0,0,0
361488,1,1,1997,0,0,0,0,0,0,0,0,0,0
361489,0,1,1997,0,0,0,0,0,0,0,0,0,0
361489,1,1,1997,20,22,19,20,10,22,13,5,15,18
361490,1,1,1997,0,0,0,0,0,0,0,0,0,0
361491,0,1,1997,0,0,0,0,0,0,0,0,0,0
361491,1,1,1997,0,0,0,0,0,0,0,0,0,0
361492,1,1,1997,0,0,0,0,0,0,0,0,0,0
361492,2,1,1997,0,0,0,0,0,0,0,0,0,0
361493,1,1,1997,0,0,0,0,0,19,0,0,0,0
361493,2,1,1997,0,0,0,0,0,0,0,0,0,0
361494,0,1,1997,0,0,0,0,0,0,0,0,0,0
361494,1,1,1997,0,0,0,0,0,0,0,0,0,0
361495,0,1,1997,0,0,0,0,17,0,0,0,0,0
361495,1,1,1997,0,0,0,0,0,0,0,0,0,0
361496,0,1,1997,0,0,0,0,0,0,0,0,0,0
361496,1,1,1997,0,0,0,0,0,0,0,0,0,0
361497,1,1,1997,0,0,0,17,0,0,15,0,0,0
361498,1,1,1997,19,34,0,0,0,0,0,0,18,0
361499,0,1,1997,0,0,7,0,0,0,0,0,0,0
361499,1,1,1997,0,0,0,0,0,0,0,0,0,0
361500,1,1,1997,0,0,0,0,0,0,0,0,0,0
361500,2,1,1997,0,0,0,0,0,0,0,0,0,0
361501,0,1,1997,0,0,0,0,0,0,0,0,17,0
361501,0,2,1997,0,0,0,0,0,0,0,0,0,0
361501,1,1,1997,0,0,0,0,0,0,0,0,0,0
361502,0,1,1997,0,0,0,0,0,0,0,0,0,0
361502,1,1,1997,0,0,0,0,0,0,0,0,0,0
361503,1,1,1997,0,0,0,0,0,0,0,15,22,14
361504,0,1,1997,0,0,0,0,0,13,0,0,0,0
361504,1,1,1997,0,0,0,0,0,0,0,0,0,0
361505,1,1,1997,0,0,0,0,0,0,0,0,0,0
361506,1,1,1997,0,0,0,0,0,0,0,0,0,0
361507,1,1,1997,0,0,0,0,0,0,0,0,0,0
361508,1,1,1997,0,0,0,0,0,0,0,0,0,0
361508,2,1,1997,0,0,0,0,0,0,0,0,0,0
361509,0,1,1997,0,0,0,0,0,0,0,0,0,0
361509,1,1,1997,0,0,0,0,0,0,0,0,0,0
361510,1,1,1997,0,0,8,0,0,0,0,16,0,0
361511,1,1,1997,0,0,0,0,18,13,17,11,0,0
361512,1,1,1997,0,0,0,0,0,0,0,18,0,0
361512,2,1,1997,0,0,2,0,0,0,0,0,0,0
361512,3,1,1997,0,0,13,0,0,0,0,0,0,0
361512,4,1,1997,0,0,0,18,0,0,0,0,0,0
361512,5,1,1997,16,0,0,0,0,0,0,0,0,0
361513,1,1,1997,6,9,8,27,7,19,4,0,12,26
361514,1,1,1997,0,0,0,0,0,0,0,0,0,0
361515,0,1,1997,0,0,0,26,0,0,37,0,0,0
361515,1,1,1997,0,0,0,0,0,0,0,0,0,0
361515,2,1,1997,0,0,0,0,0,0,0,0,0,0
361516,0,1,1997,0,0,0,0,0,0,20,0,8,0
361516,1,1,1997,0,0,0,10,0,0,0,0,0,0
361516,2,1,1997,0,0,0,0,0,0,0,0,0,0
361517,0,1,1997,0,0,0,0,0,0,0,0,0,0
361517,1,1,1997,0,0,0,0,0,0,0,0,0,0
361518,0,1,1997,0,0,0,0,0,0,0,0,0,0
361518,1,1,1997,0,0,0,0,0,0,0,0,0,0
361519,0,1,1997,0,0,18,0,0,0,0,0,0,0
361519,1,1,1997,0,0,0,0,0,0,0,0,0,0
361520,1,1,1997,0,0,0,0,0,0,0,0,20,0
361521,0,1,1997,0,0,0,0,0,0,0,0,0,0
361521,1,1,1997,0,0,0,0,0,0,0,0,0,0
361522,0,1,1997,0,0,0,0,0,0,0,0,0,0
361522,1,1,1997,0,0,0,0,0,0,0,0,0,0
361523,1,1,1997,0,0,0,0,0,0,0,0,0,0
361524,1,1,1997,0,0,0,0,0,0,0,0,0,0
370001,1,1,1997,0,0,0,0,0,0,0,0,0,0
370001,2,1,1997,0,0,0,0,0,0,0,0,0,0
370002,0,1,1997,20,20,20,20,20,20,20,20,20,20
370002,1,1,1997,0,0,0,0,0,0,0,0,0,0
370003,1,1,1997,0,0,0,0,0,0,0,0,0,0
370003,2,1,1997,0,0,0,0,0,0,0,0,0,0
370004,1,1,1997,23,23,23,23,23,23,23,23,23,23
370005,1,1,1997,21,21,21,21,21,21,21,21,21,21
370006,0,1,1997,0,0,0,0,0,0,0,0,0,0
370006,1,1,1997,21,15,11,3,23,28,19,18,0,19
370007,1,1,1997,14,10,32,16,17,4,16,13,23,5
370008,1,1,1997,0,0,0,0,0,0,0,0,0,0
370009,1,1,1997,0,0,0,0,0,0,0,0,0,0
370010,1,1,1997,0,0,0,0,0,0,0,0,0,0
370010,2,1,1997,0,0,0,0,0,0,0,0,0,0
370011,0,1,1997,0,0,0,0,0,0,0,0,0,0
370011,1,1,1997,0,0,0,0,0,0,0,0,0,0
370012,1,1,1997,13,13,13,13,13,13,13,13,13,13
370013,1,1,1997,8,8,8,8,8,8,8,8,8,8
370014,1,1,1997,27,27,27,27,27,27,27,27,27,27
370015,1,1,1997,0,0,0,0,17,0,0,0,0,0
370017,1,1,1997,13,13,13,13,13,13,13,13,13,13
370018,1,1,1997,36,36,36,36,36,36,36,36,36,36
370018,2,1,1997,0,0,0,0,0,0,0,0,0,0
370019,1,1,1997,0,0,0,0,0,0,0,0,0,0
370020,1,1,1997,10,10,10,10,10,10,10,10,10,10
370021,1,1,1997,0,0,0,0,0,0,0,0,0,0
370021,2,1,1997,17,17,17,17,17,17,17,17,17,17
370022,0,1,1997,0,0,0,0,0,0,0,0,0,0
370022,1,1,1997,0,0,0,0,0,0,0,0,0,0
370023,1,1,1997,0,0,0,0,0,0,0,0,0,0
370023,2,1,1997,0,0,0,0,0,0,0,0,0,0
370024,1,1,1997,16,16,16,16,16,16,16,16,16,16
370025,0,1,1997,22,22,22,22,22,22,22,22,22,22
370025,0,2,1997,22,16,11,0,26,0,26,31,0,0
370025,0,3,1997,33,0,9,0,0,20,0,29,0,0
370025,1,1,1997,0,0,0,0,0,0,0,0,0,0
370025,2,1,1997,0,0,0,20,0,0,0,0,0,0
370026,0,1,1997,0,0,0,0,0,0,0,0,0,0
370026,1,1,1997,0,0,0,0,0,0,0,0,0,0
370027,1,1,1997,0,0,0,0,0,0,0,0,0,0
370027,2,1,1997,11,14,19,22,14,11,22,9,4,12
370028,1,1,1997,0,0,0,0,0,0,0,0,0,0
370028,2,1,1997,0,0,0,0,0,0,0,0,0,0
370029,0,1,1997,19,19,19,19,19,19,19,19,19,19
370029,1,1,1997,0,0,0,0,0,0,0,0,0,0
370030,0,1,1997,0,0,0,0,0,0,0,0,0,0
370030,1,1,1997,0,0,0,0,0,0,0,0,0,0
370031,1,1,1997,0,0,0,0,0,0,0,0,0,0
370031,2,1,1997,0,0,0,0,0,0,0,0,0,0
370032,0,1,1997,0,0,0,0,0,0,0,0,0,0
370032,0,2,1997,0,0,0,0,0,0,0,0,0,0
370032,1,1,1997,0,0,16,0,0,13,0,0,0,0
370033,0,1,1997,0,0,0,0,0,0,0,0,0,0
370033,1,1,1997,0,0,0,0,0,0,0,0,0,5
370033,2,1,1997,0,0,0,0,0,0,0,0,0,0
370034,1,1,1997,0,0,0,0,0,0,0,0,0,0
370035,1,1,1997,0,0,0,0,0,0,0,0,0,0
370035,2,1,1997,0,0,0,0,0,0,0,0,0,0
370036,1,1,1997,0,0,0,0,0,0,0,0,0,0
370036,2,1,1997,4,14,9,17,10,7,4,18,9,11
370037,0,1,1997,0,0,0,0,0,0,0,0,0,0
370037,1,1,1997,0,0,0,0,0,0,0,0,0,0
370038,0,1,1997,0,0,0,0,0,0,0,0,0,0
370038,1,1,1997,0,0,0,0,0,0,0,0,0,0
370039,0,1,1997,0,0,0,0,0,0,26,0,0,0
370039,1,1,1997,0,0,0,0,0,0,0,0,0,0
370040,0,1,1997,0,0,0,0,0,0,0,0,0,0
370040,1,1,1997,0,0,0,0,0,0,0,0,0,0
370041,1,1,1997,11,11,11,11,11,11,11,11,11,11
370042,1,1,1997,0,0,0,0,0,0,0,0,0,0
370042,2,1,1997,5,11,11,0,18,0,4,17,3,17
370043,1,1,1997,0,0,0,0,0,0,0,0,0,0
370043,2,1,1997,0,0,0,0,0,0,0,0,0,0
370043,3,1,1997,0,0,0,0,0,0,0,0,0,0
370043,4,1,1997,0,0,0,0,0,0,0,0,0,0
370044,1,1,1997,0,0,0,0,0,0,0,0,0,0
370044,2,1,1997,0,0,0,0,0,0,0,0,0,0
370045,1,1,1997,0,0,0,0,0,0,0,0,0,0
370045,2,1,1997,0,0,0,0,0,0,0,0,0,0
370046,0,1,1997,0,0,0,0,0,0,0,0,0,0
370046,1,1,1997,0,0,0,0,0,0,0,4,0,0
370047,1,1,1997,0,0,0,0,0,0,0,0,0,0
370047,2,1,1997,0,0,0,0,0,0,0,0,0,0