ST_CASE,VEH_NO,PER_NO,YEAR,P1,P2,P3,P4,P5,P6,P7,P8,P9,P10
370048,1,1,1997,0,0,0,0,0,34,0,0,0,0
370048,2,1,1997,0,0,0,0,0,0,0,0,0,0
370049,1,1,1997,0,0,0,6,0,0,0,0,0,0
370049,2,1,1997,0,0,0,0,0,0,0,0,0,0
370049,3,1,1997,0,0,0,0,0,0,0,0,0,0
370050,1,1,1997,0,0,0,0,0,0,0,20,0,0
370050,2,1,1997,0,0,0,0,0,0,0,0,0,0
370051,1,1,1997,28,28,28,28,28,28,28,28,28,28
370052,1,1,1997,0,0,20,0,21,0,0,0,0,0
370053,1,1,1997,18,18,18,18,18,18,18,18,18,18
370053,2,1,1997,0,0,0,0,0,0,0,0,0,0
370054,1,1,1997,0,0,0,0,0,0,0,0,0,0
370055,1,1,1997,2,2,2,2,2,2,2,2,2,2
370055,2,1,1997,0,0,0,0,0,0,0,0,0,0
370056,1,1,1997,0,0,0,0,0,0,0,0,0,0
370056,2,1,1997,0,0,0,0,0,0,0,0,0,0
370057,1,1,1997,0,0,0,0,0,0,0,0,0,0
370057,2,1,1997,0,0,0,12,0,0,0,0,14,0
370058,1,1,1997,0,0,0,0,0,0,0,0,0,0
370059,1,1,1997,0,0,0,0,0,0,0,0,0,0
370060,1,1,1997,23,23,23,23,23,23,23,23,23,23
370061,1,1,1997,14,0,11,13,7,10,8,8,16,6
370062,1,1,1997,0,0,10,0,0,0,17,0,0,0
370062,2,1,1997,6,6,6,6,6,6,6,6,6,6
370063,0,1,1997,0,0,0,0,0,0,0,0,0,0
370063,1,1,1997,0,0,0,0,0,0,0,0,0,0
370064,1,1,1997,0,0,0,0,5,0,0,0,0,0
370064,2,1,1997,0,0,0,0,0,0,0,0,0,0
370064,3,1,1997,0,0,0,0,0,0,0,0,0,0
370065,1,1,1997,0,0,0,0,0,0,0,0,0,0
370065,2,1,1997,0,0,0,0,0,0,0,0,0,0
370066,1,1,1997,0,0,0,0,0,0,0,0,0,0
370066,2,1,1997,0,0,0,0,0,0,0,0,0,0
370067,1,1,1997,0,0,0,0,0,0,0,0,0,0
370068,1,1,1997,0,0,0,0,0,0,0,0,0,0
370068,2,1,1997,0,0,0,0,0,0,0,0,0,0
370069,1,1,1997,0,0,0,0,0,0,0,0,0,0
370070,1,1,1997,10,10,10,10,10,10,10,10,10,10
370070,2,1,1997,0,0,0,0,0,0,0,0,0,0
370071,1,1,1997,0,0,0,0,0,0,0,0,0,0
370072,1,1,1997,0,0,7,0,7,0,0,4,0,0
370073,1,1,1997,0,0,0,0,0,0,0,0,0,0
370074,1,1,1997,0,0,0,0,0,0,0,0,0,0
370074,2,1,1997,0,0,0,0,0,0,0,0,0,0
370075,1,1,1997,24,0,0,0,0,0,0,0,0,0
370075,2,1,1997,0,0,0,0,0,0,0,0,0,0
370076,0,1,1997,29,29,29,29,29,29,29,29,29,29
370076,1,1,1997,0,0,0,0,0,0,0,0,0,0
370077,1,1,1997,0,0,0,0,0,0,0,0,0,0
370077,2,1,1997,0,0,0,21,0,0,0,0,0,0
370078,0,1,1997,30,30,30,30,30,30,30,30,30,30
370078,1,1,1997,0,0,0,0,0,0,0,0,0,0
370079,1,1,1997,5,22,24,13,25,15,0,20,33,25
370080,1,1,1997,18,18,18,18,18,18,18,18,18,18
370081,1,1,1997,0,0,0,0,0,0,0,0,0,0
370081,2,1,1997,0,0,0,0,0,0,0,0,0,0
370082,1,1,1997,0,0,0,0,0,0,0,0,0,0
370083,1,1,1997,10,10,10,10,10,10,10,10,10,10
370083,2,1,1997,0,0,0,0,0,0,0,0,0,0
370084,1,1,1997,0,0,0,0,0,0,0,0,0,0
370084,2,1,1997,20,20,20,20,20,20,20,20,20,20
370085,0,1,1997,18,18,18,18,18,18,18,18,18,18
370085,1,1,1997,0,0,0,0,0,0,0,0,0,0
370086,1,1,1997,0,0,0,0,0,0,0,0,0,0
370087,0,1,1997,0,0,0,0,0,0,0,0,0,0
370087,1,1,1997,0,0,0,0,0,0,0,0,0,27
370088,0,1,1997,21,21,21,21,21,21,21,21,21,21
370088,1,1,1997,0,0,0,0,0,0,0,0,0,0
370089,1,1,1997,0,0,0,0,0,0,0,0,0,0
370090,1,1,1997,13,13,13,13,13,13,13,13,13,13
370091,1,1,1997,0,0,0,0,0,0,0,0,0,0
370092,1,1,1997,0,0,0,0,0,0,0,0,0,0
370092,2,1,1997,0,0,0,0,0,0,0,0,0,0
370093,1,1,1997,0,0,0,0,0,0,0,0,0,0
370093,2,1,1997,0,0,0,0,0,0,0,0,0,0
370094,1,1,1997,0,0,0,0,0,0,0,0,0,0
370094,2,1,1997,0,0,0,0,0,0,0,0,0,0
370095,1,1,1997,16,18,19,16,15,15,9,19,6,8
370096,0,1,1997,0,0,0,0,0,0,0,0,0,0
370096,1,1,1997,0,0,0,0,0,0,0,0,0,0
370097,1,1,1997,0,0,0,0,0,0,0,0,0,16
370097,2,1,1997,0,0,0,0,0,0,0,0,0,0
370098,1,1,1997,19,19,19,19,19,19,19,19,19,19
370099,1,1,1997,0,0,0,0,0,0,0,0,0,0
370099,2,1,1997,0,34,0,0,0,0,0,0,0,0
370099,3,1,1997,0,0,0,0,0,0,0,0,0,0
370100,0,1,1997,27,27,27,27,27,27,27,27,27,27
370100,1,1,1997,5,0,0,13,0,0,17,0,0,0
370101,1,1,1997,0,0,0,0,0,0,0,0,0,0
370101,2,1,1997,0,0,0,0,0,0,0,0,0,0
370102,1,1,1997,0,0,0,0,0,0,0,0,0,0
370103,1,1,1997,0,0,0,0,0,0,0,0,0,0
370104,0,1,1997,4,4,4,4,4,4,4,4,4,4
370104,1,1,1997,0,0,0,0,0,0,0,0,0,0
370105,1,1,1997,0,0,0,0,0,0,0,0,0,0
370105,2,1,1997,0,0,0,0,0,0,0,0,0,0
370105,3,1,1997,0,0,0,0,0,0,0,0,0,0
370105,4,1,1997,0,0,0,0,0,0,0,0,0,0
370106,1,1,1997,0,0,0,0,0,0,0,0,0,0
370107,1,1,1997,0,0,0,34,16,10,0,0,0,10
370108,1,1,1997,26,26,26,26,26,26,26,26,26,26
370109,0,1,1997,3,3,3,3,3,3,3,3,3,3
370109,1,1,1997,0,0,0,0,0,0,0,0,0,0
370110,1,1,1997,0,0,0,0,0,0,0,0,0,0
370110,2,1,1997,0,0,0,0,0,13,0,0,0,0
370111,1,1,1997,0,0,0,0,0,0,0,0,0,0
370111,2,1,1997,0,0,0,0,0,0,0,0,0,0
370112,1,1,1997,0,0,0,0,0,0,0,0,0,0
370112,2,1,1997,0,0,0,0,0,0,0,0,0,0
370113,0,1,1997,26,26,26,26,26,26,26,26,26,26
370113,1,1,1997,0,0,0,0,0,0,0,11,0,17
370114,1,1,1997,0,0,14,0,0,5,12,24,10,0
370115,1,1,1997,29,29,29,29,29,29,29,29,29,29
370116,1,1,1997,0,0,0,0,0,0,0,0,0,0
370116,2,1,1997,25,25,25,25,25,25,25,25,25,25
370116,3,1,1997,0,0,0,0,0,8,0,0,0,0
370117,1,1,1997,0,0,0,0,0,0,0,0,0,0
370117,2,1,1997,0,0,0,0,0,0,0,0,0,0
370118,1,1,1997,0,0,0,0,0,0,0,0,0,0
370118,2,1,1997,11,8,21,17,12,11,0,11,9,7
370119,1,1,1997,0,0,0,0,0,0,0,0,0,0
370119,2,1,1997,0,0,0,0,0,0,0,0,0,0
370120,1,1,1997,0,0,0,0,0,0,0,0,0,0
370121,1,1,1997,0,0,0,0,0,0,0,0,0,0
370121,2,1,1997,0,0,0,0,0,0,0,0,0,0
370122,1,1,1997,0,0,0,0,0,0,0,0,0,0
370122,2,1,1997,0,0,0,0,0,0,0,0,0,0
370123,1,1,1997,0,0,0,0,0,0,0,0,0,0
370124,1,1,1997,16,0,0,9,10,0,0,0,0,17
370125,1,1,1997,0,0,0,0,0,0,0,0,0,0
370125,2,1,1997,0,0,0,0,0,0,0,0,0,0
370126,1,1,1997,0,0,0,0,0,0,0,0,0,0
370127,0,1,1997,0,0,0,0,0,0,0,0,0,0
370127,1,1,1997,0,0,0,0,0,0,0,0,0,0
370128,1,1,1997,0,0,0,0,0,0,0,0,0,0
370128,2,1,1997,0,0,0,0,0,0,0,0,0,0
370129,1,1,1997,0,0,0,0,0,0,0,0,0,0
370129,2,1,1997,0,0,0,0,0,0,0,0,0,0
370130,0,1,1997,0,0,0,0,0,0,0,0,0,0
370130,1,1,1997,0,0,0,0,0,0,0,0,0,0
370131,1,1,1997,0,0,0,0,0,0,0,0,0,0
370132,1,1,1997,0,0,0,0,0,0,0,0,0,0
370132,2,1,1997,0,0,0,0,0,0,0,0,0,0
370133,0,1,1997,0,0,0,0,0,0,0,0,0,0
370133,1,1,1997,14,16,16,16,0,9,13,10,6,15
370134,1,1,1997,0,0,0,0,0,0,0,0,0,0
370135,0,1,1997,4,4,4,4,4,4,4,4,4,4
370135,1,1,1997,0,0,0,0,0,16,0,0,0,0
370136,0,1,1997,0,0,0,0,0,0,0,0,0,0
370136,1,1,1997,0,0,0,0,0,0,0,0,0,0
370136,2,1,1997,0,0,0,0,0,0,0,0,0,0
370137,1,1,1997,0,0,0,0,0,0,0,0,0,0
370137,2,1,1997,0,0,0,0,0,0,0,0,0,0
370138,1,1,1997,21,21,21,21,21,21,21,21,21,21
370138,2,1,1997,0,0,0,0,0,0,0,0,0,0
370139,1,1,1997,8,8,8,8,8,8,8,8,8,8
370140,1,1,1997,15,15,15,15,15,15,15,15,15,15
370141,1,1,1997,0,0,0,0,0,0,0,0,0,0
370141,2,1,1997,0,0,0,0,0,0,0,0,0,0
370142,1,1,1997,18,32,14,13,13,18,15,8,23,8
370143,1,1,1997,0,0,19,21,18,5,14,10,23,6
370143,2,1,1997,0,0,0,0,0,0,0,0,0,0
370144,0,1,1997,0,0,0,0,0,0,0,0,0,0
370144,1,1,1997,0,0,0,5,0,0,0,0,0,0
370145,1,1,1997,0,0,0,0,0,0,32,0,9,21
370146,1,1,1997,0,0,0,0,0,0,0,0,0,0
370147,1,1,1997,3,3,3,3,3,3,3,3,3,3
370147,2,1,1997,0,0,0,0,0,0,0,0,0,0
370147,3,1,1997,0,0,0,0,0,0,0,0,0,0
370148,1,1,1997,0,0,0,0,0,0,0,0,0,0
370148,2,1,1997,0,0,0,0,0,0,0,0,0,0
370149,1,1,1997,0,0,0,0,0,0,0,0,0,0
370150,1,1,1997,0,0,0,0,8,0,0,0,0,0
370151,0,1,1997,0,0,0,0,0,0,0,17,0,11
370151,0,2,1997,0,0,0,0,0,0,0,0,0,0
370151,0,3,1997,0,0,0,0,0,0,0,0,0,0
370151,0,4,1997,0,0,0,0,0,0,0,0,0,0
370151,1,1,1997,0,0,0,0,0,0,0,0,0,0
370151,2,1,1997,16,16,16,16,16,16,16,16,16,16
370152,0,1,1997,40,40,40,40,40,40,40,40,40,40
370152,1,1,1997,0,0,0,13,0,9,0,0,0,0
370153,1,1,1997,16,5,0,21,7,17,30,25,16,0
370153,2,1,1997,0,0,0,0,0,0,0,0,0,0
370153,3,1,1997,0,0,0,0,0,0,0,0,0,0
370154,1,1,1997,0,0,12,0,3,0,0,0,0,0
370154,2,1,1997,0,0,0,0,0,0,0,0,0,0
370155,1,1,1997,26,26,26,26,26,26,26,26,26,26
370156,1,1,1997,0,12,11,0,0,0,0,0,0,0
370157,1,1,1997,0,0,0,9,0,0,0,0,0,0
370157,2,1,1997,0,0,0,0,0,0,0,0,0,0
370158,0,1,1997,14,13,14,11,15,33,0,0,18,18
370158,1,1,1997,0,0,0,0,0,0,0,0,0,0
370159,1,1,1997,14,19,0,0,0,0,0,0,41,4
370160,1,1,1997,0,0,0,0,0,0,0,0,0,0
370160,2,1,1997,0,7,0,0,0,0,0,0,0,0
370161,0,1,1997,4,4,4,4,4,4,4,4,4,4
370161,1,1,1997,5,0,0,0,0,0,0,0,17,0
370162,1,1,1997,22,22,22,22,22,22,22,22,22,22
370163,1,1,1997,12,14,21,15,6,28,16,24,14,14
370163,2,1,1997,0,0,0,0,0,0,0,0,0,0
370164,0,1,1997,0,0,0,0,0,0,0,0,0,0
370164,1,1,1997,0,0,0,0,0,0,0,0,0,0
370165,1,1,1997,0,0,14,0,0,21,13,44,10,17
370165,2,1,1997,0,0,0,0,0,0,0,0,0,0
370166,1,1,1997,0,0,0,0,0,0,0,0,0,0
370167,1,1,1997,0,0,0,0,0,0,0,0,0,0
370167,2,1,1997,0,0,0,0,0,0,0,0,0,0
370168,1,1,1997,0,0,0,0,0,0,0,0,0,0
370169,1,1,1997,0,0,0,0,0,0,0,0,0,0
370169,2,1,1997,0,0,0,0,0,0,0,0,0,0
370169,3,1,1997,0,0,0,0,0,0,0,0,0,0
370170,0,1,1997,0,0,0,0,0,0,0,0,0,0
370170,1,1,1997,0,0,0,0,0,0,0,0,0,0
370171,1,1,1997,0,0,0,0,0,0,0,0,0,0
370171,2,1,1997,0,0,0,0,0,0,0,0,0,0
370172,1,1,1997,0,0,0,0,0,0,0,0,0,0
370172,2,1,1997,0,0,0,0,0,0,0,0,0,0
370173,1,1,1997,0,0,0,0,0,0,0,0,0,0
370173,2,1,1997,0,0,0,0,0,0,0,0,0,0
370174,1,1,1997,0,0,0,0,0,0,0,0,0,0
370175,0,1,1997,28,28,28,28,28,28,28,28,28,28
370175,1,1,1997,0,0,0,0,0,0,0,0,0,0
370176,1,1,1997,0,0,0,0,0,0,0,0,0,0
370176,2,1,1997,0,0,0,0,0,0,0,0,0,0
370177,1,1,1997,19,19,19,19,19,19,19,19,19,19
370178,1,1,1997,0,0,0,0,0,0,0,0,0,0
370178,2,1,1997,0,0,0,0,0,0,0,0,0,0
370179,0,1,1997,0,0,0,0,0,0,0,0,0,0
370179,1,1,1997,0,0,0,0,0,0,0,0,0,0
370180,1,1,1997,26,0,19,7,9,10,14,0,9,22
370180,2,1,1997,0,0,0,0,0,0,0,20,0,0
370181,1,1,1997,19,19,19,19,19,19,19,19,19,19
370182,1,1,1997,0,0,9,0,0,0,0,0,0,0
370182,2,1,1997,0,0,0,0,0,0,0,0,0,0
370183,0,1,1997,0,23,0,14,23,10,0,0,23,0
370183,1,1,1997,0,0,0,0,0,12,0,0,0,0
370184,0,1,1997,29,26,19,23,0,22,16,0,33,0
370184,1,1,1997,0,0,0,0,0,0,0,0,0,0
370185,0,1,1997,14,3,31,0,0,0,0,15,0,19
370185,1,1,1997,0,0,3,0,0,0,0,0,0,0
370186,1,1,1997,0,0,0,0,0,0,0,0,0,0
370187,0,1,1997,34,0,8,19,22,21,0,21,0,11
370187,1,1,1997,0,0,0,0,0,0,0,0,0,0
370188,1,1,1997,5,5,0,21,27,15,24,24,10,17
370188,2,1,1997,0,0,0,0,0,0,0,0,0,0
370189,1,1,1997,21,18,15,13,16,14,27,28,32,20
370190,1,1,1997,0,0,0,0,0,16,0,0,0,0
370190,2,1,1997,0,0,0,0,0,0,0,0,21,0
370191,1,1,1997,0,0,0,0,0,0,0,0,0,0
370191,2,1,1997,0,0,0,0,0,0,0,0,0,0
370191,3,1,1997,0,0,0,0,4,0,0,0,0,0
370192,1,1,1997,0,0,0,0,0,0,0,0,0,0
370193,1,1,1997,13,16,23,18,23,24,15,16,8,0
370193,2,1,1997,0,0,0,0,0,0,0,0,0,0
370194,1,1,1997,0,0,0,0,0,23,0,0,0,12
370195,1,1,1997,8,0,0,0,0,0,0,6,0,0
370195,2,1,1997,0,0,0,0,0,0,0,0,0,0
370196,1,1,1997,0,0,0,0,0,0,0,0,0,0
370196,2,1,1997,0,0,0,0,0,0,0,0,0,0
370197,1,1,1997,0,0,0,0,0,0,0,0,0,0
370197,2,1,1997,0,0,0,0,0,0,0,0,0,0
370197,3,1,1997,0,0,0,0,0,0,0,0,0,0
370198,1,1,1997,0,0,0,0,0,0,0,0,0,0
370198,2,1,1997,0,0,7,8,5,31,7,8,15,0
370199,0,1,1997,23,23,23,23,23,23,23,23,23,23
370199,1,1,1997,0,0,0,0,0,0,0,0,0,0
370200,1,1,1997,0,0,0,0,0,0,0,0,0,0
370200,2,1,1997,0,0,0,0,0,0,0,0,0,0
370201,1,1,1997,20,20,20,20,20,20,20,20,20,20
370201,2,1,1997,0,0,0,0,0,0,0,0,0,0
370201,3,1,1997,9,0,0,0,0,0,0,0,0,0
370202,1,1,1997,7,9,15,22,22,0,7,21,15,17
370202,2,1,1997,0,0,0,0,0,0,0,0,0,0
370203,1,1,1997,0,0,0,9,0,0,0,0,0,0
370203,2,1,1997,0,0,0,0,0,0,0,0,0,0
370204,1,1,1997,5,5,5,5,5,5,5,5,5,5
370205,0,1,1997,0,0,0,0,0,0,0,0,0,0
370205,1,1,1997,0,0,0,0,0,0,0,0,0,23
370206,1,1,1997,28,33,11,6,33,4,8,12,14,24
370207,0,1,1997,0,0,0,0,0,0,0,0,0,0
370207,1,1,1997,0,0,0,0,0,0,0,0,0,0
370208,1,1,1997,0,0,0,0,0,0,0,0,0,0
370209,1,1,1997,0,0,0,0,0,0,0,0,0,0
370209,2,1,1997,0,0,0,0,0,0,0,0,0,0
370210,1,1,1997,0,16,8,0,0,14,14,8,11,21
370211,1,1,1997,18,18,18,18,18,18,18,18,18,18
370212,0,1,1997,0,0,0,0,0,0,0,0,0,0
370212,1,1,1997,0,5,0,8,0,0,0,0,0,11
370213,0,1,1997,33,33,33,33,33,33,33,33,33,33
370213,1,1,1997,14,0,0,0,0,0,0,0,0,0
370214,1,1,1997,0,0,0,0,0,0,0,0,0,0
370214,2,1,1997,0,0,0,0,0,0,0,0,0,0
370214,3,1,1997,0,0,0,0,0,0,0,0,0,0
370215,0,1,1997,0,0,0,0,0,0,0,0,0,0
370215,1,1,1997,0,0,0,0,0,0,0,0,0,0
370216,1,1,1997,0,0,0,0,0,0,0,0,0,0
370217,1,1,1997,0,0,0,0,0,0,0,0,0,0
370217,2,1,1997,0,0,0,0,0,0,0,0,0,0
370218,1,1,1997,0,0,0,0,0,0,0,0,0,0
370219,1,1,1997,0,0,0,0,0,0,0,0,0,0
370219,2,1,1997,0,0,0,0,0,0,0,0,0,0
370220,1,1,1997,0,17,0,0,0,0,0,0,0,0
370220,2,1,1997,0,0,0,0,0,0,0,0,0,0
370221,1,1,1997,6,6,6,6,6,6,6,6,6,6
370221,2,1,1997,0,0,0,0,0,0,0,0,0,0
370222,1,1,1997,0,0,0,0,0,0,0,0,0,0
370222,2,1,1997,0,0,0,0,0,0,0,0,0,0
370223,0,1,1997,6,6,6,6,6,6,6,6,6,6
370223,1,1,1997,0,0,0,7,0,0,0,0,0,0
370224,1,1,1997,0,0,0,0,0,0,0,0,0,0
370224,2,1,1997,0,0,0,0,0,0,0,0,0,0
370225,0,1,1997,0,0,0,0,0,0,0,0,0,0
370225,1,1,1997,0,0,0,0,0,0,0,0,0,0
370226,0,1,1997,0,0,0,0,0,0,0,0,0,0
370226,1,1,1997,0,0,0,0,0,0,0,0,0,0
370227,1,1,1997,0,0,0,0,0,0,0,0,0,0
370227,2,1,1997,0,0,0,0,0,0,0,0,0,0
370228,1,1,1997,12,12,12,12,12,12,12,12,12,12
370229,1,1,1997,0,0,0,0,0,0,0,0,0,0
370229,2,1,1997,0,0,0,0,0,0,0,0,0,0
370230,1,1,1997,0,0,0,0,0,0,0,0,8,0
370231,1,1,1997,0,0,0,0,0,0,0,0,0,0
370231,2,1,1997,0,0,0,0,0,0,0,0,0,0
370231,3,1,1997,0,0,0,0,21,0,0,0,0,0
370232,1,1,1997,32,0,20,14,13,0,11,10,14,26
370233,1,1,1997,0,0,0,0,0,0,0,0,0,0
370233,2,1,1997,0,0,0,0,0,0,0,0,0,0
370234,1,1,1997,0,0,0,0,0,0,0,0,0,0
370234,2,1,1997,0,0,0,0,0,0,0,0,0,0
370235,0,1,1997,0,30,0,0,0,0,0,0,0,17
370235,1,1,1997,0,0,0,0,0,0,0,0,0,0
370236,1,1,1997,0,0,0,0,0,0,0,0,0,0
370236,2,1,1997,0,0,0,0,0,0,0,0,0,0
370237,1,1,1997,18,18,18,18,18,18,18,18,18,18
370238,1,1,1997,0,0,0,0,0,0,0,0,0,0
370238,2,1,1997,0,0,0,0,0,0,0,0,0,0
370239,1,1,1997,0,0,0,0,0,0,0,0,0,0
370239,2,1,1997,0,0,0,0,0,0,0,0,0,0
370240,1,1,1997,0,0,0,0,0,0,0,0,0,0
370241,0,1,1997,0,0,0,0,0,0,0,0,0,0
370241,1,1,1997,0,0,0,0,0,0,0,0,0,0
370242,1,1,1997,0,0,0,0,0,0,0,0,0,0
370242,2,1,1997,0,0,0,0,0,0,0,0,0,0
370243,1,1,1997,0,0,0,0,0,0,0,0,0,0
370243,2,1,1997,0,0,0,0,0,0,0,0,0,0
370244,1,1,1997,15,15,15,15,15,15,15,15,15,15
370245,1,1,1997,0,0,0,0,0,0,0,0,0,0
370246,1,1,1997,0,0,0,0,0,0,0,0,0,0
370246,2,1,1997,14,14,14,14,14,14,14,14,14,14
370247,1,1,1997,0,0,0,0,0,0,0,0,0,0
370248,1,1,1997,0,0,0,0,0,0,0,0,0,0
370249,1,1,1997,0,0,0,0,0,0,0,0,0,0
370250,1,1,1997,26,26,26,26,26,26,26,26,26,26
370251,0,1,1997,0,0,0,0,0,0,0,0,0,0
370251,1,1,1997,0,0,0,0,0,0,0,0,0,0
370252,1,1,1997,14,8,13,32,6,32,14,15,6,27
370253,1,1,1997,20,20,20,20,20,20,20,20,20,20
370254,1,1,1997,0,0,0,0,0,0,0,0,0,0
370255,1,1,1997,0,0,0,0,0,0,0,0,0,0
370255,2,1,1997,0,0,0,0,0,0,0,0,0,0
370256,1,1,1997,0,0,0,0,0,0,0,0,0,0
370257,1,1,1997,0,0,0,0,0,0,0,0,0,0
370257,2,1,1997,0,0,0,0,0,0,0,0,0,0
370258,1,1,1997,35,24,16,18,27,8,16,16,21,7
370258,2,1,1997,18,18,18,18,18,18,18,18,18,18
370259,0,1,1997,19,19,19,19,19,19,19,19,19,19
370259,1,1,1997,0,0,0,0,0,0,0,0,8,0
370260,1,1,1997,6,0,0,0,0,0,0,0,0,0
370260,2,1,1997,0,0,0,0,0,0,0,0,0,0
370261,1,1,1997,13,13,13,13,13,13,13,13,13,13
370262,0,1,1997,0,0,0,0,0,0,0,0,0,0
370262,1,1,1997,0,0,0,0,0,0,0,0,0,0
370263,1,1,1997,5,5,5,5,5,5,5,5,5,5
370264,1,1,1997,22,22,22,22,22,22,22,22,22,22
370265,1,1,1997,0,0,0,0,0,0,0,0,0,0
370266,1,1,1997,23,23,23,23,23,23,23,23,23,23
370267,1,1,1997,16,16,16,16,16,16,16,16,16,16
370268,1,1,1997,0,0,0,0,0,7,0,0,0,0
370268,2,1,1997,0,0,0,0,0,0,0,0,0,0
370268,3,1,1997,0,0,0,0,0,0,0,0,0,0
370268,4,1,1997,0,0,0,0,0,0,0,0,0,0
370268,5,1,1997,0,0,0,0,0,0,0,0,0,0
370269,1,1,1997,0,0,0,0,0,0,0,0,0,0
370270,0,1,1997,0,0,0,0,0,0,0,0,0,0
370270,1,1,1997,0,0,0,0,0,0,0,0,0,0
370271,1,1,1997,0,0,0,0,0,0,0,0,0,0
370271,2,1,1997,0,0,0,0,0,0,0,0,0,0
370272,1,1,1997,0,0,0,0,0,0,0,0,0,0
370272,2,1,1997,0,0,0,0,0,0,0,0,0,0
370273,1,1,1997,0,0,0,0,0,0,0,0,0,0
370273,2,1,1997,0,0,0,0,0,0,0,0,0,0
370274,1,1,1997,0,0,0,0,0,0,0,0,0,0
370274,2,1,1997,0,0,0,0,0,0,0,0,0,0
370275,1,1,1997,22,22,22,22,22,22,22,22,22,22
370276,1,1,1997,0,0,0,0,0,0,0,0,0,0
370276,2,1,1997,4,18,0,0,0,0,0,0,0,0
370277,1,1,1997,0,0,0,0,0,0,0,0,0,0
370278,1,1,1997,0,0,0,0,0,0,0,0,0,0
370278,2,1,1997,0,0,0,0,0,0,0,0,0,0
370279,1,1,1997,13,2,12,13,11,14,18,0,0,9
370279,2,1,1997,0,0,0,0,0,0,0,0,0,0
370279,3,1,1997,0,0,0,0,0,0,0,0,0,0
370280,1,1,1997,0,0,0,0,0,0,0,0,0,0
370281,1,1,1997,31,31,31,31,31,31,31,31,31,31
370281,2,1,1997,0,0,0,0,0,0,0,0,0,0
370282,1,1,1997,0,0,0,0,0,0,0,0,0,0
370282,2,1,1997,0,0,0,0,0,0,0,0,0,0
370283,1,1,1997,0,0,0,0,0,0,0,0,0,0
370284,1,1,1997,0,0,0,0,0,0,0,0,0,0
370284,2,1,1997,0,0,0,0,0,0,0,0,0,0
370286,1,1,1997,0,0,0,0,0,0,0,0,0,0
370286,2,1,1997,0,0,0,0,0,0,0,0,0,0
370286,3,1,1997,0,0,0,0,0,19,0,0,0,0
370287,1,1,1997,24,10,7,3,15,40,14,16,13,13
370288,1,1,1997,19,19,19,19,19,19,19,19,19,19
370289,1,1,1997,0,0,0,0,0,0,0,0,0,0
370289,2,1,1997,0,0,0,0,0,0,0,0,0,0
370290,1,1,1997,4,4,4,4,4,4,4,4,4,4
370290,2,1,1997,0,0,0,0,0,0,0,0,0,0
370291,1,1,1997,17,17,17,17,17,17,17,17,17,17
370291,2,1,1997,0,0,0,0,0,0,0,0,0,0
370292,1,1,1997,0,0,0,0,0,0,0,0,0,0
370292,2,1,1997,0,0,0,0,0,0,0,0,0,0
370293,1,1,1997,0,0,0,0,0,0,0,0,0,0
370293,2,1,1997,0,0,0,0,0,0,0,0,0,0
370294,1,1,1997,14,14,14,14,14,14,14,14,14,14
370295,1,1,1997,0,0,0,0,0,0,0,0,0,0
370295,2,1,1997,0,0,0,0,0,0,0,0,0,0
370295,3,1,1997,0,0,0,0,0,0,0,0,0,0
370296,1,1,1997,0,0,0,0,0,0,0,0,0,0
370296,2,1,1997,0,0,0,0,0,0,0,0,0,0
370297,1,1,1997,20,20,20,20,20,20,20,20,20,20
370298,1,1,1997,0,0,0,0,0,0,0,8,0,0
370298,2,1,1997,0,0,0,0,0,0,0,0,0,0
370299,1,1,1997,12,16,6,16,12,19,12,21,19,20
370300,1,1,1997,18,8,19,11,8,0,5,7,6,12
370300,2,1,1997,23,23,23,23,23,23,23,23,23,23
370301,1,1,1997,0,0,0,0,0,0,0,0,0,0
370301,2,1,1997,6,6,6,6,6,6,6,6,6,6
370302,1,1,1997,0,0,0,0,0,0,0,0,0,0
370302,2,1,1997,0,0,0,0,0,0,0,0,0,0
370303,1,1,1997,0,0,0,0,0,0,0,0,0,0
370303,2,1,1997,0,0,0,0,0,0,0,0,0,0
370304,1,1,1997,9,15,12,37,14,15,21,14,0,0
370304,2,1,1997,0,0,0,0,0,0,0,0,0,0
370305,1,1,1997,24,24,24,24,24,24,24,24,24,24
370306,1,1,1997,15,15,15,15,15,15,15,15,15,15
370307,1,1,1997,19,26,0,0,0,0,16,0,0,0
370307,2,1,1997,21,21,21,21,21,21,21,21,21,21
370308,1,1,1997,42,42,42,42,42,42,42,42,42,42
370309,1,1,1997,0,0,0,0,0,15,0,5,0,0
370309,2,1,1997,0,0,0,0,0,0,0,0,0,0
370310,1,1,1997,0,0,0,0,0,0,0,0,0,0
370310,2,1,1997,0,0,0,0,0,0,0,0,0,0
370311,1,1,1997,16,35,0,4,0,0,0,0,0,0
370312,1,1,1997,0,0,0,0,0,0,0,0,0,0
370312,2,1,1997,0,0,0,0,0,0,0,0,0,0
370313,1,1,1997,19,19,19,19,19,19,19,19,19,19
370314,1,1,1997,8,8,8,8,8,8,8,8,8,8
370315,1,1,1997,17,28,24,12,21,10,17,20,14,0