ST_CASE,VEH_NO,PER_NO,YEAR,P1,P2,P3,P4,P5,P6,P7,P8,P9,P10
371125,1,1,1997,20,20,20,20,20,20,20,20,20,20
371126,1,1,1997,0,0,0,0,0,0,0,0,0,0
371126,2,1,1997,0,0,0,0,0,0,0,0,0,0
371127,1,1,1997,0,0,0,0,0,0,0,0,0,0
371127,2,1,1997,0,0,0,0,0,0,0,0,0,0
371128,1,1,1997,0,0,0,0,0,0,4,0,0,0
371128,2,1,1997,0,0,0,0,0,0,0,0,0,0
371128,3,1,1997,0,0,0,0,0,0,0,0,0,0
371129,1,1,1997,6,28,20,12,0,22,16,13,12,5
371129,2,1,1997,0,0,0,0,0,0,0,0,0,0
371130,1,1,1997,0,0,0,0,0,0,0,0,0,0
371130,2,1,1997,0,0,0,0,0,0,0,0,0,0
371131,1,1,1997,0,0,0,0,0,0,0,0,0,0
371131,2,1,1997,0,0,0,0,0,0,0,0,0,0
371132,1,1,1997,0,0,0,0,0,0,0,0,0,0
371132,2,1,1997,6,15,0,6,10,10,8,19,9,16
371133,1,1,1997,0,0,0,0,0,0,0,0,0,0
371134,1,1,1997,0,0,0,0,0,0,0,0,0,0
371135,1,1,1997,0,0,0,0,0,0,0,0,0,0
371135,2,1,1997,0,0,0,0,0,0,0,0,0,0
371135,3,1,1997,0,0,0,0,0,0,0,0,5,0
371135,4,1,1997,0,0,0,0,0,0,0,0,0,0
371136,1,1,1997,0,0,0,0,0,0,0,0,0,0
371136,2,1,1997,0,0,0,0,0,0,0,0,0,0
371137,1,1,1997,6,14,15,19,4,8,11,0,2,22
371138,1,1,1997,13,13,13,13,13,13,13,13,13,13
371138,2,1,1997,0,0,0,7,0,0,0,0,0,0
371139,1,1,1997,0,0,0,0,0,0,0,0,0,0
371140,1,1,1997,0,0,0,0,0,0,0,0,0,0
371141,1,1,1997,0,0,0,0,0,0,0,0,0,0
371142,1,1,1997,18,18,18,18,18,18,18,18,18,18
371143,1,1,1997,0,0,0,0,0,0,0,0,0,0
371143,2,1,1997,0,0,0,0,0,0,0,0,0,0
371143,3,1,1997,0,0,0,0,0,0,0,0,0,0
371143,4,1,1997,0,0,0,0,0,0,0,0,0,0
371144,1,1,1997,11,11,11,11,11,11,11,11,11,11
371145,1,1,1997,0,0,0,0,0,0,0,0,0,0
371145,2,1,1997,12,6,43,0,11,7,10,8,15,0
371146,1,1,1997,0,0,0,0,0,0,0,0,0,0
371146,2,1,1997,0,0,0,0,0,0,0,0,0,0
371147,1,1,1997,32,32,32,32,32,32,32,32,32,32
371147,2,1,1997,0,0,0,0,0,0,0,0,0,0
371147,3,1,1997,0,0,0,0,0,0,0,0,0,0
371148,1,1,1997,0,0,0,0,0,0,0,0,0,0
371148,2,1,1997,0,0,0,0,0,0,0,0,0,0
371149,1,1,1997,0,0,0,0,0,0,0,0,0,0
371150,1,1,1997,0,0,0,0,0,0,0,0,0,0
371150,2,1,1997,0,0,0,0,0,0,0,0,0,0
371151,1,1,1997,0,0,0,0,0,0,0,0,6,0
371151,2,1,1997,12,12,12,12,12,12,12,12,12,12
371152,1,1,1997,0,0,0,0,0,0,0,0,0,0
371152,2,1,1997,0,0,0,0,0,0,0,0,0,0
371152,3,1,1997,0,0,0,0,0,0,0,0,0,0
371153,0,1,1997,0,0,0,0,0,0,0,0,0,0
371153,1,1,1997,0,0,0,0,0,0,0,0,0,0
371154,1,1,1997,0,0,0,0,0,0,0,0,0,0
371154,2,1,1997,0,0,0,0,0,0,0,0,0,0
371155,1,1,1997,0,0,0,0,0,0,0,0,0,0
371156,1,1,1997,0,0,0,0,0,0,0,0,0,0
371157,0,1,1997,0,0,0,0,0,0,0,0,0,0
371157,0,2,1997,0,0,0,24,0,0,0,0,0,0
371157,1,1,1997,0,0,0,0,0,0,0,0,0,0
371158,1,1,1997,22,22,22,22,22,22,22,22,22,22
371159,1,1,1997,0,0,0,0,0,0,0,0,0,0
371160,1,1,1997,0,0,0,0,0,0,0,0,0,0
371161,1,1,1997,12,4,0,3,15,2,4,20,8,0
371161,2,1,1997,19,19,19,19,19,19,19,19,19,19
371162,1,1,1997,0,0,0,0,0,0,0,0,0,0
371163,1,1,1997,2,15,0,12,9,11,8,3,0,14
371164,0,1,1997,16,16,16,16,16,16,16,16,16,16
371164,1,1,1997,10,9,1,4,0,16,12,0,0,6
371165,1,1,1997,0,0,0,0,0,0,0,0,0,0
371165,2,1,1997,21,0,0,0,0,0,0,0,0,0
371166,1,1,1997,0,0,0,0,0,0,0,0,0,0
371166,2,1,1997,0,0,0,0,0,0,0,0,0,0
371167,1,1,1997,0,0,0,0,0,0,0,0,0,0
371168,1,1,1997,0,0,0,0,0,0,0,0,0,0
371169,1,1,1997,0,0,0,0,0,0,0,0,0,0
371169,2,1,1997,28,28,28,28,28,28,28,28,28,28
371170,1,1,1997,0,0,0,0,0,0,0,0,0,0
371171,1,1,1997,0,0,0,0,0,0,0,0,0,0
371171,2,1,1997,0,0,0,0,0,0,0,10,0,0
371171,3,1,1997,0,0,0,0,0,0,0,0,0,0
371172,1,1,1997,0,0,0,0,0,0,0,0,0,0
371172,2,1,1997,0,0,8,0,7,0,0,0,0,0
371173,1,1,1997,0,0,0,0,0,0,0,0,0,0
371174,1,1,1997,0,0,0,0,0,0,0,0,0,0
371174,2,1,1997,0,0,0,0,0,0,0,0,0,0
371175,1,1,1997,0,0,0,0,0,0,0,0,0,0
371175,2,1,1997,0,0,0,0,0,0,0,0,0,0
371176,0,1,1997,0,0,0,0,0,0,0,0,0,0
371176,1,1,1997,0,0,0,0,0,0,0,0,0,0
371177,1,1,1997,0,0,0,0,0,0,0,11,0,0
371177,2,1,1997,0,0,0,0,0,0,0,12,0,0
371178,0,1,1997,0,0,0,0,0,0,0,0,0,15
371178,0,2,1997,0,0,0,0,0,0,0,0,0,0
371178,1,1,1997,0,0,0,0,0,0,0,0,0,0
371179,1,1,1997,18,18,18,18,18,18,18,18,18,18
371180,1,1,1997,0,0,0,0,0,0,0,0,0,0
371180,2,1,1997,0,0,0,0,0,0,0,0,0,0
371181,1,1,1997,33,33,33,33,33,33,33,33,33,33
371182,1,1,1997,0,0,0,0,0,0,0,0,0,0
371182,2,1,1997,0,0,0,0,0,0,0,0,0,0
371183,1,1,1997,20,20,20,20,20,20,20,20,20,20
371183,2,1,1997,0,0,0,0,0,0,0,0,0,0
371184,1,1,1997,0,0,0,0,0,0,0,0,0,0
371184,2,1,1997,0,0,0,0,0,0,0,0,0,0
371185,1,1,1997,0,0,0,0,0,0,0,0,0,0
371185,2,1,1997,0,0,0,0,0,0,0,0,0,0
371185,3,1,1997,0,0,0,0,0,0,0,0,0,0
371186,1,1,1997,0,0,0,0,0,0,0,0,0,0
371186,2,1,1997,0,0,0,0,0,5,0,0,0,0
371186,3,1,1997,0,0,0,0,0,0,0,0,0,0
371187,1,1,1997,0,0,0,0,0,0,0,0,0,0
371188,1,1,1997,13,13,13,13,13,13,13,13,13,13
371189,1,1,1997,23,0,10,0,6,9,5,13,11,13
371190,1,1,1997,0,0,0,0,0,0,0,0,0,0
371190,2,1,1997,0,0,0,0,0,0,0,0,0,0
371191,1,1,1997,0,0,0,0,0,0,0,0,0,0
371191,2,1,1997,0,0,0,0,0,0,0,0,0,0
371192,1,1,1997,17,17,13,12,0,17,0,13,0,18
371193,1,1,1997,0,0,0,0,0,0,0,0,0,0
371193,2,1,1997,0,0,0,0,0,0,0,0,0,0
371194,1,1,1997,0,11,9,0,17,0,0,0,0,0
371195,1,1,1997,23,18,27,14,0,21,23,15,18,0
371196,1,1,1997,0,0,0,0,0,0,0,0,0,0
371197,1,1,1997,13,13,13,13,13,13,13,13,13,13
371197,2,1,1997,27,0,0,0,14,0,0,26,0,0
371198,0,1,1997,17,18,23,16,17,23,14,35,17,25
371198,1,1,1997,0,0,0,0,8,0,0,0,0,0
371199,1,1,1997,0,0,0,0,0,0,0,0,0,0
371199,2,1,1997,0,26,0,0,0,16,21,0,0,0
371200,1,1,1997,0,0,0,0,0,0,0,0,0,0
371201,1,1,1997,0,0,0,0,0,0,0,0,0,0
371201,2,1,1997,0,0,0,0,0,0,0,0,0,0
371201,3,1,1997,0,0,0,0,0,0,0,0,0,0
371201,4,1,1997,0,0,0,0,0,0,0,0,0,0
371202,1,1,1997,21,21,21,21,21,21,21,21,21,21
371203,1,1,1997,0,0,0,0,0,0,0,0,0,0
371204,0,1,1997,0,0,0,0,0,0,0,0,0,0
371204,1,1,1997,0,0,0,0,0,0,0,0,0,0
371205,1,1,1997,0,0,0,0,0,0,0,0,0,0
371206,1,1,1997,0,0,0,0,0,0,0,0,0,0
371206,2,1,1997,0,0,0,0,0,0,0,0,0,0
371207,1,1,1997,0,0,0,0,0,0,0,0,0,0
371207,2,1,1997,0,0,0,0,0,0,0,0,0,0
371208,1,1,1997,0,0,0,0,0,0,0,0,0,0
371208,2,1,1997,0,0,0,0,0,0,0,0,0,0
371209,0,1,1997,0,0,0,0,0,0,0,0,0,0
371209,1,1,1997,0,0,0,0,0,0,0,0,0,0
371210,1,1,1997,0,0,0,0,0,0,0,0,0,0
371210,2,1,1997,0,0,0,0,0,0,0,0,0,0
371211,0,1,1997,32,32,32,32,32,32,32,32,32,32
371211,1,1,1997,0,10,3,15,4,14,4,11,13,9
371212,0,1,1997,0,0,0,0,0,0,0,0,0,0
371212,1,1,1997,0,0,0,0,0,0,0,0,0,0
371213,1,1,1997,22,22,22,22,22,22,22,22,22,22
371213,2,1,1997,0,0,0,0,0,0,0,0,0,0
371214,1,1,1997,0,0,0,0,0,0,0,0,0,0
371215,1,1,1997,0,0,0,0,0,0,0,0,0,0
371215,2,1,1997,0,0,0,0,0,0,0,0,0,0
371216,1,1,1997,0,0,0,0,0,0,0,0,0,0
371216,2,1,1997,14,14,14,14,14,14,14,14,14,14
371217,1,1,1997,29,20,6,17,15,19,26,20,20,16
371217,2,1,1997,0,0,0,0,0,0,0,0,0,0
371218,1,1,1997,0,0,0,0,0,0,0,0,0,0
371219,1,1,1997,0,0,0,0,0,0,0,9,4,0
371219,2,1,1997,0,0,0,0,0,0,0,0,0,0
371220,1,1,1997,15,15,15,15,15,15,15,15,15,15
371221,1,1,1997,6,5,5,22,8,29,27,17,8,12
371222,1,1,1997,19,19,19,19,19,19,19,19,19,19
371223,1,1,1997,21,21,21,21,21,21,21,21,21,21
371224,1,1,1997,0,0,0,0,0,0,0,0,0,0
371225,1,1,1997,0,0,0,0,0,0,0,0,0,0
371225,2,1,1997,0,0,0,0,0,0,0,9,0,0
371226,1,1,1997,0,0,0,0,0,0,0,0,0,0
371226,2,1,1997,0,0,0,0,0,0,0,0,0,0
371227,0,1,1997,0,0,0,0,0,0,0,0,0,0
371227,1,1,1997,0,0,0,0,0,0,0,0,0,0
371228,1,1,1997,0,0,0,0,0,0,0,0,0,0
371228,2,1,1997,0,0,0,0,0,0,0,0,0,0
371228,3,1,1997,0,0,0,0,0,0,0,0,0,0
371229,1,1,1997,0,23,14,11,27,24,21,16,14,26
371230,1,1,1997,0,0,0,0,0,0,0,0,0,0
371230,2,1,1997,0,0,0,0,0,0,0,0,0,0
371231,1,1,1997,0,0,0,0,0,0,0,0,0,0
371231,2,1,1997,0,0,0,0,0,0,0,0,0,0
371231,3,1,1997,0,0,0,0,0,0,0,0,0,0
371232,1,1,1997,0,0,0,0,0,0,0,0,0,0
371233,1,1,1997,0,0,0,0,0,0,0,0,0,0
371233,2,1,1997,0,0,0,0,0,0,0,0,0,0
371234,1,1,1997,0,0,0,0,0,0,0,0,0,0
371234,2,1,1997,0,0,0,0,0,0,0,0,0,0
371235,1,1,1997,0,0,0,0,0,0,0,0,25,0
371235,2,1,1997,0,0,0,0,0,0,0,0,0,0
371236,1,1,1997,0,0,0,0,0,0,0,0,0,0
371236,2,1,1997,0,0,0,0,0,0,0,0,0,0
371237,1,1,1997,22,22,22,22,22,22,22,22,22,22
371238,0,1,1997,0,0,0,0,0,0,0,0,0,0
371238,1,1,1997,0,0,0,0,0,0,0,0,0,0
371239,1,1,1997,0,0,0,0,0,0,0,0,0,0
371239,2,1,1997,0,0,0,0,0,0,0,0,0,0
371240,0,1,1997,0,0,0,0,0,0,0,0,0,0
371240,1,1,1997,0,0,17,0,0,0,0,0,0,0
371241,1,1,1997,0,0,0,0,0,0,0,0,0,0
371241,2,1,1997,0,0,0,0,0,0,0,0,0,8
371242,1,1,1997,0,0,0,0,0,0,0,0,0,0
371242,2,1,1997,0,0,0,0,0,0,0,0,0,0
371243,1,1,1997,0,0,0,0,0,0,0,0,0,0
371243,2,1,1997,0,0,0,0,0,0,0,0,0,0
371244,0,1,1997,27,27,27,27,27,27,27,27,27,27
371244,1,1,1997,0,0,0,0,0,0,0,0,0,0
371245,1,1,1997,29,29,29,29,29,29,29,29,29,29
371246,1,1,1997,0,0,0,0,0,0,0,0,0,0
371246,2,1,1997,11,9,0,0,0,0,0,0,0,0
371247,1,1,1997,0,16,0,0,0,18,0,0,0,17
371248,1,1,1997,0,0,0,0,0,0,0,0,0,0
371248,2,1,1997,0,0,0,0,0,0,0,0,0,0
371248,3,1,1997,0,0,0,0,0,0,0,0,0,0
371249,1,1,1997,0,21,0,0,0,11,11,0,0,0
371249,2,1,1997,0,0,0,0,0,0,0,0,0,0
371249,3,1,1997,0,8,22,0,7,8,32,15,22,20
371249,4,1,1997,0,0,0,0,0,0,0,0,0,0
371249,5,1,1997,0,0,0,0,0,0,0,0,0,0
371249,6,1,1997,0,0,0,0,0,0,0,0,0,0
371250,1,1,1997,0,0,0,0,0,0,0,0,0,0
371252,1,1,1997,0,0,0,0,0,0,0,0,0,0
371253,1,1,1997,0,0,0,0,0,0,0,0,0,0
371253,2,1,1997,0,0,0,0,0,0,0,0,0,0
371254,1,1,1997,0,0,0,0,0,0,0,0,0,0
371255,1,1,1997,0,0,0,0,0,0,0,0,0,0
371256,1,1,1997,0,0,0,0,0,0,0,0,0,0
371257,1,1,1997,0,0,0,0,0,0,0,0,0,0
371257,2,1,1997,0,0,0,0,0,0,0,0,0,0
371258,1,1,1997,0,0,0,0,0,0,0,0,0,0
371258,2,1,1997,0,0,0,0,0,0,0,0,0,0
371259,0,1,1997,0,0,0,0,0,0,0,0,0,0
371259,1,1,1997,16,17,6,11,14,26,11,26,34,21
371260,0,1,1997,13,13,13,13,13,13,13,13,13,13
371260,1,1,1997,0,0,0,0,0,0,0,0,0,0
371261,1,1,1997,16,15,0,32,21,16,16,28,12,40
371261,2,1,1997,0,0,0,0,0,0,0,0,0,0
371262,0,1,1997,26,26,26,26,26,26,26,26,26,26
371262,1,1,1997,0,0,0,0,0,0,0,0,0,0
371263,1,1,1997,0,0,0,0,0,0,0,0,0,0
371264,1,1,1997,14,14,14,14,14,14,14,14,14,14
371265,0,1,1997,0,0,0,0,0,0,0,0,0,0
371265,1,1,1997,6,0,0,0,0,0,0,0,0,0
371266,1,1,1997,22,22,22,22,22,22,22,22,22,22
371267,1,1,1997,0,0,0,0,0,0,0,0,0,0
371267,2,1,1997,0,0,0,0,0,0,0,0,0,0
371268,0,1,1997,0,0,0,0,0,0,0,0,0,0
371268,1,1,1997,0,0,0,0,0,17,0,0,0,0
371269,1,1,1997,0,0,0,0,0,0,0,0,0,0
371270,1,1,1997,0,0,0,0,0,0,0,0,0,0
371270,2,1,1997,0,0,0,0,0,0,0,0,0,0
371271,0,1,1997,7,52,0,0,28,24,0,0,0,0
371271,1,1,1997,0,0,0,0,0,0,0,0,0,0
371273,1,1,1997,0,0,0,0,0,0,0,0,0,0
371273,2,1,1997,0,0,0,0,0,0,0,0,0,0
371274,1,1,1997,21,0,24,7,0,3,0,7,0,13
371274,2,1,1997,25,25,25,25,25,25,25,25,25,25
371275,1,1,1997,0,0,0,0,0,0,0,0,0,0
371276,1,1,1997,20,20,20,20,20,20,20,20,20,20
371276,2,1,1997,0,0,0,0,0,0,0,0,0,0
371277,1,1,1997,0,0,0,0,0,0,0,0,0,0
371277,2,1,1997,0,0,0,0,0,0,0,0,0,0
371278,1,1,1997,0,0,0,0,0,0,0,0,0,0
371278,2,1,1997,0,0,0,0,0,0,0,0,0,0
371279,1,1,1997,25,25,25,25,25,25,25,25,25,25
371280,1,1,1997,0,0,0,0,5,0,0,18,0,0
371280,2,1,1997,0,0,0,0,0,0,0,0,0,0
371281,1,1,1997,0,0,0,0,0,0,0,0,0,0
371281,2,1,1997,0,0,0,0,0,0,0,0,0,0
371281,3,1,1997,0,0,0,0,0,0,0,0,0,0
371282,1,1,1997,0,0,0,0,0,0,0,0,0,0
371282,2,1,1997,0,0,0,0,0,0,0,0,0,0
371283,0,1,1997,22,22,22,22,22,22,22,22,22,22
371283,1,1,1997,0,0,0,0,0,0,0,0,0,0
371284,1,1,1997,0,0,0,0,0,0,0,0,0,0
371285,1,1,1997,6,10,20,8,0,0,16,30,18,0
371286,1,1,1997,0,0,0,0,0,0,0,0,0,0
371287,1,1,1997,18,20,22,18,17,17,14,18,11,27
371288,1,1,1997,0,0,0,0,0,0,0,0,14,0
371288,2,1,1997,0,0,0,0,0,0,0,0,0,0
371289,0,1,1997,0,0,0,0,0,0,0,0,0,0
371289,1,1,1997,0,0,0,0,0,0,0,0,0,0
371290,1,1,1997,19,25,8,0,13,27,9,11,20,24
371291,1,1,1997,0,0,0,0,0,0,0,0,28,0
371291,2,1,1997,0,0,0,0,0,0,0,0,0,0
371292,0,1,1997,19,24,27,24,11,32,20,12,6,11
371292,1,1,1997,0,6,0,0,0,0,0,0,0,0
371293,1,1,1997,0,0,0,0,0,0,0,0,0,0
371293,2,1,1997,0,0,0,0,0,0,0,0,0,0
371294,1,1,1997,0,0,0,22,10,26,0,0,22,0
371294,2,1,1997,12,18,21,18,16,15,15,27,27,10
371295,1,1,1997,0,0,0,0,0,0,0,0,0,0
371295,2,1,1997,0,0,0,0,0,0,0,0,0,0
371296,1,1,1997,0,0,0,0,0,0,0,0,0,0
371296,2,1,1997,0,0,0,0,0,0,0,0,0,0
371297,1,1,1997,42,19,26,0,10,22,11,18,17,0
371298,0,1,1997,14,0,15,0,0,0,0,0,0,0
371298,1,1,1997,0,0,0,0,0,0,0,0,0,13
371299,1,1,1997,26,14,6,17,21,15,15,27,21,22
371300,1,1,1997,0,0,0,0,0,0,0,0,0,0
371300,2,1,1997,0,0,0,0,0,0,0,0,0,0
380001,1,1,1997,0,0,0,0,0,0,0,0,0,0
380001,2,1,1997,19,19,19,19,19,19,19,19,19,19
380002,1,1,1997,0,0,0,0,0,0,0,0,0,0
380003,1,1,1997,28,28,28,28,28,28,28,28,28,28
380003,2,1,1997,0,0,0,0,0,0,0,0,0,0
380004,1,1,1997,0,0,0,0,0,0,11,0,0,0
380005,1,1,1997,0,0,0,0,0,0,0,0,0,0
380005,2,1,1997,0,0,0,0,0,0,0,0,0,0
380006,1,1,1997,0,0,0,0,0,0,0,0,0,0
380006,2,1,1997,0,0,0,0,0,0,0,0,0,0
380006,3,1,1997,0,0,0,0,0,0,0,0,0,0
380007,0,1,1997,0,0,31,6,0,34,0,17,25,0
380007,1,1,1997,13,6,26,11,10,18,26,13,19,14
380008,1,1,1997,0,0,0,0,0,0,0,0,0,0
380008,2,1,1997,0,0,0,0,0,0,0,0,0,0
380009,1,1,1997,0,0,0,0,0,14,0,0,0,0
380009,2,1,1997,0,0,0,0,0,0,0,0,0,0
380010,1,1,1997,7,5,6,0,19,4,0,0,6,0
380010,2,1,1997,22,0,0,0,0,0,0,0,0,0
380011,1,1,1997,0,0,0,0,0,0,0,0,0,0
380011,2,1,1997,0,0,0,0,0,0,0,0,0,0
380012,1,1,1997,33,0,14,0,22,0,0,0,0,0
380013,1,1,1997,30,30,30,30,30,30,30,30,30,30
380014,1,1,1997,14,14,14,14,14,14,14,14,14,14
380015,1,1,1997,15,15,15,15,15,15,15,15,15,15
380016,1,1,1997,18,18,18,18,18,18,18,18,18,18
380017,1,1,1997,12,12,12,12,12,12,12,12,12,12
380018,1,1,1997,20,20,20,20,20,20,20,20,20,20
380019,1,1,1997,0,0,0,0,0,0,0,0,0,0
380019,2,1,1997,0,0,0,0,0,0,0,0,0,0
380020,1,1,1997,0,8,0,0,0,0,0,0,0,0
380020,2,1,1997,0,0,0,0,0,0,0,0,0,0
380021,1,1,1997,22,22,22,22,22,22,22,22,22,22
380022,1,1,1997,0,0,0,0,0,0,0,0,0,0
380022,2,1,1997,0,0,0,0,0,0,0,21,0,0
380023,1,1,1997,14,14,14,14,14,14,14,14,14,14
380024,1,1,1997,0,0,0,0,0,0,12,0,0,0
380024,2,1,1997,0,0,14,0,0,0,0,0,0,0
380025,1,1,1997,30,30,30,30,30,30,30,30,30,30
380025,2,1,1997,0,0,0,0,0,0,0,0,0,15
380026,1,1,1997,0,0,0,0,0,0,0,0,9,0
380026,2,1,1997,0,0,0,0,0,0,0,0,0,0
380027,1,1,1997,8,2,0,6,2,12,10,0,11,13
380027,2,1,1997,12,12,12,12,12,12,12,12,12,12
380028,1,1,1997,0,0,0,0,0,0,0,0,0,0
380029,1,1,1997,0,0,0,0,0,0,0,0,10,0
380030,1,1,1997,0,0,0,0,0,0,0,0,0,0
380030,2,1,1997,0,0,0,0,0,0,0,0,0,0
380031,0,1,1997,0,0,0,0,0,0,0,0,0,0
380031,1,1,1997,0,0,0,0,0,0,0,0,0,0
380032,1,1,1997,0,0,9,0,0,0,0,0,0,0
380033,1,1,1997,0,0,0,0,27,0,0,0,0,0
380034,1,1,1997,22,22,22,22,22,22,22,22,22,22
380035,1,1,1997,0,0,0,0,0,0,0,0,0,0
380035,2,1,1997,0,0,0,0,0,4,0,0,0,0
380036,1,1,1997,16,16,16,16,16,16,16,16,16,16
380037,1,1,1997,22,22,22,22,22,22,22,22,22,22
380038,1,1,1997,8,8,8,8,8,8,8,8,8,8
380039,1,1,1997,21,21,21,21,21,21,21,21,21,21
380040,0,1,1997,0,0,0,0,0,0,0,0,0,0
380040,1,1,1997,0,0,0,0,0,0,0,0,0,0
380041,0,1,1997,0,0,0,0,0,0,0,0,0,0
380041,1,1,1997,0,0,0,0,0,0,0,0,0,0
380042,1,1,1997,16,11,6,0,18,30,11,15,17,15
380042,2,1,1997,0,0,0,0,22,0,0,0,0,0
380042,3,1,1997,10,0,0,0,0,0,0,0,0,0
380043,1,1,1997,0,0,0,0,0,0,0,0,0,0
380043,2,1,1997,0,0,0,0,0,0,0,14,0,0
380044,1,1,1997,3,3,3,3,3,3,3,3,3,3
380044,2,1,1997,0,0,0,0,0,0,0,0,0,0
380045,1,1,1997,0,0,0,0,9,0,0,33,0,20
380046,1,1,1997,0,0,0,0,0,0,24,0,0,12
380046,2,1,1997,0,0,0,0,0,0,0,0,0,22
380047,1,1,1997,23,23,23,23,23,23,23,23,23,23
380048,1,1,1997,14,0,20,0,0,0,0,0,0,0
380049,1,1,1997,13,0,0,0,0,0,0,0,0,0
380049,2,1,1997,0,0,0,0,0,0,0,0,0,0
380050,1,1,1997,13,13,13,13,13,13,13,13,13,13
380051,1,1,1997,0,0,0,0,0,0,0,0,0,0
380051,2,1,1997,0,0,0,0,0,0,0,0,0,0
380052,1,1,1997,0,0,0,0,0,0,0,0,0,0
380053,1,1,1997,0,0,0,0,0,0,0,0,0,0
380053,2,1,1997,0,0,0,0,0,0,0,0,22,0
380054,1,1,1997,0,0,0,0,0,0,0,0,0,0
380054,2,1,1997,0,0,0,0,0,0,0,0,0,0
380055,1,1,1997,21,21,21,21,21,21,21,21,21,21
380056,1,1,1997,15,0,0,0,0,0,0,0,0,0
380057,1,1,1997,0,0,0,0,0,0,0,0,0,0
380058,1,1,1997,19,19,19,19,19,19,19,19,19,19
380059,1,1,1997,13,13,13,13,13,13,13,13,13,13
380059,2,1,1997,0,0,0,0,0,0,0,0,0,0
380060,1,1,1997,0,0,0,0,0,0,0,0,0,0
380060,2,1,1997,0,0,0,0,0,0,0,0,0,0
380061,1,1,1997,11,11,11,11,11,11,11,11,11,11
380062,1,1,1997,0,0,0,0,0,0,0,0,0,0
380063,1,1,1997,0,0,0,0,0,0,0,0,0,0
380064,1,1,1997,16,16,16,16,16,16,16,16,16,16
380065,1,1,1997,0,0,0,0,0,0,0,0,0,0
380065,2,1,1997,0,0,0,0,0,0,0,0,0,0
380066,1,1,1997,12,12,12,12,12,12,12,12,12,12
380067,1,1,1997,13,13,13,13,13,13,13,13,13,13
380068,1,1,1997,17,17,17,17,17,17,17,17,17,17
380069,1,1,1997,24,24,24,24,24,24,24,24,24,24
380070,1,1,1997,22,22,22,22,22,22,22,22,22,22
380071,1,1,1997,0,0,0,0,0,0,0,0,0,0
380071,2,1,1997,0,0,15,0,13,0,0,0,0,0
380072,1,1,1997,0,0,0,0,0,0,0,0,0,0
380073,0,1,1997,21,21,21,21,21,21,21,21,21,21
380073,1,1,1997,0,19,16,22,13,17,11,11,16,36
380074,1,1,1997,0,0,0,0,0,0,0,0,0,0
380075,1,1,1997,0,0,0,0,0,0,0,0,0,0
380075,2,1,1997,19,19,19,19,19,19,19,19,19,19
380076,1,1,1997,17,17,17,17,17,17,17,17,17,17
380076,2,1,1997,0,0,0,0,0,0,0,0,0,0
380077,1,1,1997,0,0,0,0,0,0,0,29,0,0
380078,1,1,1997,7,7,7,7,7,7,7,7,7,7
380079,1,1,1997,0,0,0,0,0,0,0,0,0,0
380079,2,1,1997,0,0,0,0,0,0,0,0,0,0
380079,3,1,1997,0,0,0,0,0,0,0,0,0,0
380080,1,1,1997,0,0,0,0,0,0,0,0,0,0
380080,2,1,1997,0,0,0,0,0,0,0,0,0,0
380081,0,1,1997,13,13,13,13,13,13,13,13,13,13
380081,1,1,1997,0,0,0,0,0,19,0,0,0,0
380082,1,1,1997,0,0,0,0,0,0,0,0,0,0
380082,2,1,1997,0,0,0,0,0,0,0,0,0,0
380083,1,1,1997,11,11,11,11,11,11,11,11,11,11
380083,2,1,1997,0,0,0,0,0,0,0,23,0,0
380084,1,1,1997,21,21,21,21,21,21,21,21,21,21
380084,2,1,1997,0,0,0,0,0,0,0,0,0,0
380084,3,1,1997,0,0,0,0,0,0,0,0,0,0
380085,1,1,1997,20,0,0,0,0,0,0,0,0,0
380086,1,1,1997,0,0,0,0,0,0,0,0,0,0
380086,2,1,1997,0,0,0,0,0,0,0,0,0,0
380087,1,1,1997,0,0,0,0,0,16,0,0,0,0
380087,2,1,1997,0,0,0,0,0,0,0,0,0,0
380088,1,1,1997,0,0,0,0,0,0,0,0,14,0
380089,1,1,1997,15,15,15,15,15,15,15,15,15,15
390001,1,1,1997,0,0,0,0,0,0,0,0,0,0
390001,2,1,1997,0,0,0,0,0,0,0,0,0,0
390001,3,1,1997,0,0,0,0,0,0,0,0,0,0
390002,0,1,1997,55,27,0,15,0,20,14,0,12,0
390002,1,1,1997,0,0,5,0,0,0,0,0,0,0
390003,0,1,1997,0,0,0,0,0,0,0,0,0,0
390003,1,1,1997,0,0,0,0,0,0,0,0,0,0
390004,1,1,1997,0,0,0,0,0,0,0,0,0,0
390004,2,1,1997,0,0,0,0,0,0,0,0,0,0
390005,1,1,1997,26,26,26,26,26,26,26,26,26,26
390006,1,1,1997,0,0,0,0,0,0,0,0,0,0
390006,2,1,1997,0,0,0,0,0,0,0,0,0,0