ST_CASE,VEH_NO,PER_NO,YEAR,P1,P2,P3,P4,P5,P6,P7,P8,P9,P10
390007,1,1,1997,8,23,14,17,19,0,24,19,19,0
390008,1,1,1997,0,0,0,0,0,0,0,0,0,0
390008,2,1,1997,0,0,0,0,0,0,0,0,0,0
390009,1,1,1997,13,13,13,13,13,13,13,13,13,13
390009,2,1,1997,0,0,0,0,0,0,0,0,0,0
390010,1,1,1997,0,0,0,0,0,0,0,0,0,0
390010,2,1,1997,0,0,0,0,0,0,0,0,0,0
390010,3,1,1997,0,0,0,0,0,0,0,0,0,0
390011,1,1,1997,0,4,0,0,0,0,0,0,0,0
390012,1,1,1997,0,0,0,0,0,0,0,0,0,0
390013,0,1,1997,0,0,0,0,0,0,0,0,0,0
390013,1,1,1997,0,0,0,0,0,0,0,0,0,0
390014,1,1,1997,0,0,0,0,0,0,0,0,0,0
390015,1,1,1997,0,0,0,0,0,0,0,0,0,0
390015,2,1,1997,0,0,0,0,0,0,0,0,0,0
390015,3,1,1997,0,0,0,0,0,0,0,0,0,0
390016,1,1,1997,0,0,0,0,0,0,0,0,0,0
390016,2,1,1997,0,0,0,0,15,0,0,0,0,0
390017,1,1,1997,0,0,0,0,0,0,0,0,0,0
390017,2,1,1997,0,0,0,0,0,0,0,0,0,0
390018,1,1,1997,14,14,14,14,14,14,14,14,14,14
390019,1,1,1997,0,18,0,0,0,0,0,0,0,0
390020,1,1,1997,10,10,10,10,10,10,10,10,10,10
390021,1,1,1997,24,24,24,24,24,24,24,24,24,24
390021,2,1,1997,0,5,0,0,0,0,0,0,0,0
390022,1,1,1997,0,0,0,0,0,0,0,0,0,0
390022,2,1,1997,0,0,0,0,0,0,0,0,0,0
390023,1,1,1997,0,0,0,0,0,0,0,0,0,0
390023,2,1,1997,0,0,0,0,0,6,0,0,0,0
390023,3,1,1997,11,16,19,0,25,15,20,17,6,24
390024,1,1,1997,30,30,30,30,30,30,30,30,30,30
390024,2,1,1997,0,0,0,0,0,0,0,0,0,0
390025,1,1,1997,0,0,0,0,0,0,0,0,0,0
390025,2,1,1997,0,0,0,0,0,0,0,0,0,0
390026,1,1,1997,13,14,28,16,0,0,12,17,0,0
390026,2,1,1997,9,12,11,11,0,16,16,7,0,11
390027,1,1,1997,0,23,0,0,0,20,0,0,0,0
390027,2,1,1997,0,0,0,0,0,0,0,0,0,0
390028,1,1,1997,32,32,32,32,32,32,32,32,32,32
390029,1,1,1997,15,15,15,15,15,15,15,15,15,15
390030,1,1,1997,0,0,0,0,0,0,0,0,0,0
390031,1,1,1997,0,0,0,0,0,0,0,0,0,0
390031,2,1,1997,15,0,0,0,0,0,0,0,0,0
390032,1,1,1997,0,0,0,0,0,0,0,0,0,0
390032,2,1,1997,0,0,0,0,0,0,0,0,0,0
390033,1,1,1997,0,23,0,0,0,0,0,0,0,0
390033,2,1,1997,0,0,0,0,0,0,0,0,0,0
390034,1,1,1997,0,0,0,0,0,0,0,0,0,0
390035,1,1,1997,3,3,3,3,3,3,3,3,3,3
390036,1,1,1997,0,0,0,0,0,0,0,0,0,0
390036,2,1,1997,0,0,0,0,0,0,0,0,0,0
390037,1,1,1997,0,0,0,0,0,0,0,0,0,0
390037,2,1,1997,0,0,0,0,0,0,0,0,0,0
390038,1,1,1997,17,17,17,17,17,17,17,17,17,17
390038,2,1,1997,0,0,0,0,0,24,0,0,0,0
390039,1,1,1997,0,0,0,0,0,0,0,0,0,0
390040,1,1,1997,16,16,16,16,16,16,16,16,16,16
390040,2,1,1997,0,0,0,0,0,0,0,0,0,0
390041,1,1,1997,0,0,0,0,0,0,0,0,0,0
390041,2,1,1997,0,0,0,0,0,0,0,0,0,0
390042,1,1,1997,19,19,19,19,19,19,19,19,19,19
390043,1,1,1997,0,0,0,0,0,0,0,0,18,0
390043,2,1,1997,0,0,0,0,0,0,0,0,0,0
390044,1,1,1997,0,0,0,0,0,0,0,0,20,0
390045,1,1,1997,0,0,0,0,0,0,0,0,0,0
390046,1,1,1997,0,0,0,0,0,0,0,0,0,0
390047,1,1,1997,0,0,0,0,0,0,0,0,0,0
390047,2,1,1997,0,0,0,0,0,0,0,0,0,0
390048,0,1,1997,0,0,0,0,0,0,0,0,0,0
390048,1,1,1997,0,0,0,0,0,0,0,0,17,4
390049,1,1,1997,16,16,16,16,16,16,16,16,16,16
390050,1,1,1997,0,0,0,0,0,0,0,0,0,0
390050,2,1,1997,0,0,0,0,0,0,0,0,0,0
390051,1,1,1997,23,23,23,23,23,23,23,23,23,23
390052,1,1,1997,0,26,0,0,0,0,0,18,0,0
390053,1,1,1997,0,0,0,0,0,0,0,0,0,0
390053,2,1,1997,0,0,0,10,0,0,17,0,0,0
390054,1,1,1997,0,0,0,0,26,0,0,0,0,0
390055,0,1,1997,21,21,21,21,21,21,21,21,21,21
390055,1,1,1997,0,0,0,0,0,0,0,0,0,0
390056,1,1,1997,12,12,12,12,12,12,12,12,12,12
390057,1,1,1997,6,6,6,6,6,6,6,6,6,6
390058,1,1,1997,11,11,11,11,11,11,11,11,11,11
390059,0,1,1997,0,0,0,0,0,0,0,0,0,0
390059,1,1,1997,0,0,0,0,0,0,0,0,0,15
390060,1,1,1997,0,0,0,0,0,0,0,0,0,0
390061,1,1,1997,0,0,0,0,4,0,0,0,0,0
390061,2,1,1997,0,0,0,0,0,0,0,0,0,0
390062,1,1,1997,0,0,0,0,0,0,13,0,0,18
390062,2,1,1997,0,0,0,0,0,0,0,0,0,0
390063,0,1,1997,23,28,14,0,23,13,0,29,33,13
390063,1,1,1997,0,0,0,0,0,0,0,0,0,0
390063,2,1,1997,0,0,0,0,0,0,0,0,0,0
390064,1,1,1997,0,0,0,0,0,0,0,0,0,0
390065,0,1,1997,0,0,0,0,0,0,0,0,0,0
390065,1,1,1997,0,0,0,0,0,0,0,0,0,5
390066,1,1,1997,0,0,0,0,0,0,0,0,0,0
390066,2,1,1997,0,0,0,0,0,0,0,0,0,0
390067,1,1,1997,0,0,0,0,0,0,0,0,0,0
390067,2,1,1997,0,0,0,0,0,0,0,0,0,0
390068,1,1,1997,0,0,0,0,0,0,0,0,0,0
390068,2,1,1997,24,24,24,24,24,24,24,24,24,24
390069,1,1,1997,0,0,0,0,0,0,0,0,0,0
390069,2,1,1997,0,0,0,0,0,0,0,0,0,0
390070,1,1,1997,0,0,0,0,0,0,0,0,17,0
390070,2,1,1997,0,0,0,0,0,0,0,0,0,0
390070,3,1,1997,0,0,0,0,0,0,0,0,0,14
390071,1,1,1997,14,14,14,14,14,14,14,14,14,14
390072,1,1,1997,0,0,0,0,0,0,0,0,0,0
390072,2,1,1997,0,0,0,0,0,0,0,0,0,0
390073,1,1,1997,0,0,0,0,0,0,0,0,0,0
390074,1,1,1997,16,16,16,16,16,16,16,16,16,16
390075,1,1,1997,20,20,20,20,20,20,20,20,20,20
390076,1,1,1997,0,0,0,0,0,0,0,0,0,0
390077,1,1,1997,6,6,6,6,6,6,6,6,6,6
390078,0,1,1997,0,19,0,19,0,26,0,5,0,0
390078,1,1,1997,0,0,0,0,0,0,0,0,0,0
390079,1,1,1997,0,9,0,6,0,0,0,0,0,16
390080,1,1,1997,23,23,23,23,23,23,23,23,23,23
390081,1,1,1997,15,15,15,15,15,15,15,15,15,15
390082,1,1,1997,15,15,15,15,15,15,15,15,15,15
390083,1,1,1997,0,0,0,0,0,11,10,0,14,7
390083,2,1,1997,21,21,21,21,21,21,21,21,21,21
390083,3,1,1997,0,0,0,0,0,0,0,0,0,0
390083,4,1,1997,0,0,0,0,13,0,22,0,0,0
390084,1,1,1997,17,17,17,17,17,17,17,17,17,17
390085,1,1,1997,0,0,0,0,0,0,0,0,0,0
390085,2,1,1997,0,0,0,0,0,13,0,0,0,0
390086,1,1,1997,0,0,0,0,0,9,0,0,0,0
390086,2,1,1997,0,0,0,0,0,0,0,0,0,0
390086,3,1,1997,0,0,0,0,0,0,0,0,0,0
390087,1,1,1997,0,0,0,0,0,0,0,0,0,0
390087,2,1,1997,0,0,0,0,0,0,0,0,0,0
390088,1,1,1997,31,31,31,31,31,31,31,31,31,31
390089,1,1,1997,0,0,0,0,0,0,0,0,0,0
390090,1,1,1997,0,0,0,0,0,0,0,0,17,0
390091,1,1,1997,0,0,0,0,0,0,0,0,0,0
390091,2,1,1997,0,0,0,0,0,0,0,0,0,0
390092,1,1,1997,0,0,0,0,0,0,0,0,0,0
390092,2,1,1997,0,0,0,0,0,0,0,0,0,0
390093,1,1,1997,0,0,0,0,0,0,0,0,0,0
390093,2,1,1997,0,0,0,0,0,0,0,0,0,0
390094,1,1,1997,0,0,0,17,0,0,0,0,0,0
390094,2,1,1997,0,0,0,0,0,0,0,0,0,0
390095,1,1,1997,0,0,0,0,0,0,0,0,0,0
390096,1,1,1997,0,0,0,0,0,0,0,0,0,0
390097,1,1,1997,0,0,0,0,0,0,0,0,0,0
390098,1,1,1997,18,19,30,18,23,22,33,25,15,19
390099,1,1,1997,24,7,0,0,0,0,0,10,0,0
390100,1,1,1997,10,10,10,10,10,10,10,10,10,10
390101,0,1,1997,10,5,8,30,17,36,0,25,21,7
390101,1,1,1997,13,13,13,13,13,13,13,13,13,13
390102,1,1,1997,0,0,0,0,0,0,0,0,0,0
390102,2,1,1997,0,0,0,0,0,0,0,0,0,0
390103,1,1,1997,0,0,0,0,0,0,0,0,0,0
390103,2,1,1997,0,0,0,0,0,0,0,0,0,0
390104,1,1,1997,0,0,0,0,0,0,0,0,0,0
390105,1,1,1997,0,0,0,0,0,0,0,0,0,0
390105,2,1,1997,0,0,0,0,0,0,0,0,0,0
390105,3,1,1997,0,0,11,0,0,0,0,0,0,0
390106,1,1,1997,0,0,0,19,0,13,0,0,0,0
390107,1,1,1997,18,0,12,15,0,0,0,12,0,0
390107,2,1,1997,0,0,4,0,0,0,0,0,0,0
390108,1,1,1997,17,17,17,17,17,17,17,17,17,17
390109,1,1,1997,0,0,0,0,0,0,0,27,0,0
390109,2,1,1997,0,0,0,0,0,12,0,0,0,0
390110,1,1,1997,0,0,0,0,4,0,0,0,0,0
390110,2,1,1997,0,0,0,0,0,0,0,0,0,0
390111,1,1,1997,0,0,0,0,0,0,0,0,0,0
390111,2,1,1997,0,0,0,0,0,0,0,0,0,0
390111,3,1,1997,0,0,0,0,0,0,0,0,0,0
390111,4,1,1997,0,0,0,0,0,0,0,0,0,0
390111,5,1,1997,0,0,0,0,0,0,0,0,0,0
390111,6,1,1997,0,0,0,0,0,0,0,0,0,0
390112,0,1,1997,0,0,0,0,0,0,0,0,0,0
390112,1,1,1997,0,0,0,0,11,0,0,0,0,0
390113,1,1,1997,0,0,0,0,0,0,0,0,0,0
390113,2,1,1997,22,22,22,22,22,22,22,22,22,22
390114,1,1,1997,0,0,0,0,0,0,0,0,0,0
390114,2,1,1997,0,0,0,0,0,0,0,0,0,0
390115,1,1,1997,0,0,0,0,0,0,0,0,0,0
390115,2,1,1997,0,0,0,0,0,0,0,0,0,0
390116,0,1,1997,0,5,49,0,0,7,0,0,0,0
390116,1,1,1997,0,0,0,0,0,0,0,0,0,0
390117,1,1,1997,0,0,0,0,0,0,0,0,0,0
390118,1,1,1997,4,4,4,4,4,4,4,4,4,4
390118,2,1,1997,4,4,4,4,4,4,4,4,4,4
390119,1,1,1997,0,0,0,0,0,0,0,0,0,0
390120,1,1,1997,11,11,11,11,11,11,11,11,11,11
390121,1,1,1997,0,0,0,0,0,0,0,0,0,0
390121,2,1,1997,0,0,0,0,0,0,0,0,0,0
390121,3,1,1997,0,0,0,0,0,0,0,0,0,0
390122,1,1,1997,0,0,0,0,0,0,0,0,0,0
390123,1,1,1997,0,0,0,0,0,0,0,0,0,0
390123,2,1,1997,0,0,0,0,0,0,0,0,0,0
390124,1,1,1997,22,19,21,37,10,16,16,31,5,20
390124,2,1,1997,0,0,0,21,0,0,0,0,0,0
390125,1,1,1997,7,7,7,7,7,7,7,7,7,7
390125,2,1,1997,0,15,0,0,0,0,0,0,17,0
390126,1,1,1997,30,30,30,30,30,30,30,30,30,30
390127,1,1,1997,18,18,18,18,18,18,18,18,18,18
390128,1,1,1997,12,13,18,11,12,23,28,19,20,18
390129,0,1,1997,0,0,0,0,0,0,0,0,0,0
390129,1,1,1997,0,0,0,0,0,3,0,0,0,0
390129,2,1,1997,0,0,0,0,0,0,0,0,0,0
390130,1,1,1997,0,0,0,0,0,0,0,0,0,0
390130,2,1,1997,0,0,0,0,0,0,0,0,0,0
390131,1,1,1997,0,0,0,0,0,0,0,0,14,0
390131,2,1,1997,0,0,0,0,11,0,23,0,0,0
390132,0,1,1997,30,30,30,30,30,30,30,30,30,30
390132,1,1,1997,0,0,0,0,0,0,0,0,0,0
390133,1,1,1997,0,0,0,0,0,0,0,0,0,0
390134,0,1,1997,0,0,0,0,0,0,0,0,0,0
390134,1,1,1997,0,0,0,0,0,0,0,0,0,0
390135,1,1,1997,15,15,15,15,15,15,15,15,15,15
390135,2,1,1997,0,0,0,0,0,0,0,0,0,0
390136,1,1,1997,0,0,0,0,0,0,0,0,0,0
390137,1,1,1997,12,12,12,12,12,12,12,12,12,12
390138,1,1,1997,29,29,29,29,29,29,29,29,29,29
390139,1,1,1997,0,0,0,0,0,0,0,0,0,0
390139,2,1,1997,0,0,0,0,0,0,0,0,0,0
390139,3,1,1997,0,0,0,0,0,0,0,0,0,0
390140,1,1,1997,0,0,0,0,0,0,0,0,0,0
390140,2,1,1997,0,0,0,0,0,0,0,0,0,0
390141,1,1,1997,15,15,15,15,15,15,15,15,15,15
390141,2,1,1997,8,21,15,19,17,13,10,11,21,4
390141,3,1,1997,0,0,0,0,9,0,0,0,0,0
390142,0,1,1997,0,0,0,0,0,0,0,0,0,0
390142,1,1,1997,0,0,0,0,0,0,0,0,0,0
390143,1,1,1997,0,0,0,0,0,0,0,0,0,0
390144,1,1,1997,0,0,0,28,0,0,0,0,0,0
390144,2,1,1997,0,0,0,0,0,0,0,0,0,0
390145,1,1,1997,0,0,0,0,0,0,0,0,0,0
390146,1,1,1997,0,0,0,0,0,0,0,0,0,0
390146,2,1,1997,0,0,0,0,0,0,0,0,0,0
390147,1,1,1997,0,0,0,0,0,0,0,19,0,0
390148,1,1,1997,0,0,0,0,0,0,0,0,0,0
390148,2,1,1997,0,0,0,0,0,29,0,0,0,0
390149,0,1,1997,0,0,0,0,0,0,0,0,0,0
390149,1,1,1997,0,0,8,0,0,0,0,0,0,0
390150,1,1,1997,2,2,2,2,2,2,2,2,2,2
390150,2,1,1997,0,0,0,0,0,0,0,0,0,0
390151,1,1,1997,0,0,0,0,0,0,0,0,0,0
390151,2,1,1997,0,0,0,0,0,0,0,0,0,0
390152,1,1,1997,19,19,19,19,19,19,19,19,19,19
390152,2,1,1997,0,0,0,5,0,0,0,0,0,0
390153,1,1,1997,11,11,11,11,11,11,11,11,11,11
390154,0,1,1997,0,0,0,0,0,0,0,0,0,0
390154,1,1,1997,0,0,0,0,0,0,0,0,9,0
390155,0,1,1997,0,0,0,0,0,0,0,0,0,0
390155,1,1,1997,0,0,0,0,0,0,0,0,0,0
390156,1,1,1997,21,21,21,21,21,21,21,21,21,21
390157,1,1,1997,0,0,0,0,0,0,0,0,0,0
390157,2,1,1997,0,0,0,0,0,0,0,0,0,0
390158,1,1,1997,0,0,0,0,0,0,0,0,0,0
390158,2,1,1997,0,0,0,0,0,0,0,0,0,0
390159,1,1,1997,0,0,0,0,0,0,0,18,0,0
390160,0,1,1997,18,18,18,18,18,18,18,18,18,18
390160,1,1,1997,12,12,12,12,12,12,12,12,12,12
390161,1,1,1997,21,21,21,21,21,21,21,21,21,21
390161,2,1,1997,0,0,0,0,0,0,0,0,0,0
390162,1,1,1997,0,0,0,0,0,0,17,0,10,0
390163,1,1,1997,0,0,0,0,0,6,0,0,0,0
390163,2,1,1997,0,0,0,0,0,0,0,0,0,0
390164,1,1,1997,20,20,20,20,20,20,20,20,20,20
390164,2,1,1997,0,0,0,0,0,0,0,0,0,0
390165,1,1,1997,8,8,8,8,8,8,8,8,8,8
390165,2,1,1997,15,16,3,0,0,10,0,20,0,24
390166,0,1,1997,12,12,12,12,12,12,12,12,12,12
390166,1,1,1997,0,0,0,0,0,0,0,0,0,0
390167,1,1,1997,0,0,0,0,0,9,0,0,15,0
390167,2,1,1997,0,0,0,0,0,0,0,0,0,0
390168,1,1,1997,0,0,0,0,0,14,0,0,27,15
390168,2,1,1997,0,0,0,0,0,0,0,0,0,0
390169,1,1,1997,0,0,0,0,0,0,0,0,0,0
390169,2,1,1997,0,0,0,0,0,0,13,0,0,0
390170,1,1,1997,0,0,0,0,0,0,0,0,0,0
390171,1,1,1997,0,0,0,0,0,0,0,0,0,0
390171,2,1,1997,0,0,0,0,0,0,0,0,0,0
390172,0,1,1997,0,0,0,0,0,0,0,0,0,0
390172,1,1,1997,0,0,0,0,0,0,0,0,0,0
390172,2,1,1997,0,0,0,0,0,0,0,0,0,0
390172,3,1,1997,0,0,0,0,0,0,0,0,0,0
390173,0,1,1997,38,38,38,38,38,38,38,38,38,38
390173,1,1,1997,0,0,0,0,0,0,0,0,0,0
390174,1,1,1997,19,19,19,19,19,19,19,19,19,19
390175,1,1,1997,12,12,12,12,12,12,12,12,12,12
390176,1,1,1997,0,0,0,0,0,0,0,0,0,0
390176,2,1,1997,0,0,0,0,0,0,0,0,0,0
390177,1,1,1997,0,0,0,0,20,0,0,0,0,0
390177,2,1,1997,0,0,0,0,0,0,0,0,0,0
390178,1,1,1997,0,0,0,0,0,0,0,0,0,0
390178,2,1,1997,0,0,0,0,0,0,0,0,0,0
390179,1,1,1997,0,0,0,0,0,0,0,0,0,0
390179,2,1,1997,0,0,0,0,0,0,0,0,0,0
390179,3,1,1997,0,0,0,0,0,0,0,0,0,0
390179,4,1,1997,0,0,0,0,0,0,0,0,0,0
390180,1,1,1997,0,0,0,0,0,0,0,0,0,0
390180,2,1,1997,0,0,0,0,11,0,0,0,0,0
390181,1,1,1997,0,4,0,0,0,0,0,0,0,0
390181,2,1,1997,0,0,0,0,0,0,0,0,0,0
390182,0,1,1997,0,0,0,0,0,0,0,0,0,0
390182,1,1,1997,0,0,0,0,0,0,0,0,0,0
390183,1,1,1997,0,0,0,0,0,0,0,0,0,0
390183,2,1,1997,0,0,0,0,0,0,0,0,0,0
390184,1,1,1997,12,10,15,46,5,13,33,23,33,25
390185,1,1,1997,16,16,16,16,16,16,16,16,16,16
390186,1,1,1997,12,20,12,6,34,30,23,14,12,13
390187,1,1,1997,0,0,0,0,0,0,0,0,0,0
390187,2,1,1997,0,0,0,0,0,0,0,0,0,0
390188,1,1,1997,0,0,0,0,0,11,0,0,0,0
390188,2,1,1997,0,20,0,0,0,0,0,0,0,0
390189,1,1,1997,0,0,0,0,0,0,0,0,11,0
390189,2,1,1997,13,13,13,13,13,13,13,13,13,13
390190,1,1,1997,21,21,21,21,21,21,21,21,21,21
390190,2,1,1997,0,0,0,0,0,0,0,0,0,0
390191,1,1,1997,0,0,0,0,0,0,0,0,0,0
390192,1,1,1997,14,14,14,14,14,14,14,14,14,14
390193,1,1,1997,0,0,0,0,0,0,0,0,0,0
390193,2,1,1997,24,24,24,24,24,24,24,24,24,24
390194,1,1,1997,0,0,0,0,0,0,0,0,0,0
390194,2,1,1997,0,0,0,0,0,0,0,0,0,0
390195,1,1,1997,0,0,0,0,0,0,0,0,0,0
390196,1,1,1997,14,14,14,14,14,14,14,14,14,14
390197,1,1,1997,0,0,0,0,0,0,0,0,0,0
390198,0,1,1997,0,0,0,0,0,0,0,0,0,0
390198,1,1,1997,0,0,0,0,0,0,0,0,0,0
390199,1,1,1997,0,0,0,0,0,0,0,0,0,0
390199,2,1,1997,0,0,0,0,0,0,0,0,0,0
390200,1,1,1997,0,0,0,0,0,0,0,0,0,0
390200,2,1,1997,0,0,0,0,0,0,0,0,0,0
390201,1,1,1997,0,0,0,0,0,0,0,0,0,0
390201,2,1,1997,0,0,0,0,0,0,0,0,0,0
390202,1,1,1997,0,0,0,0,0,0,0,0,0,0
390202,2,1,1997,0,0,0,0,0,0,0,0,0,0
390203,1,1,1997,0,0,0,0,0,0,0,0,0,0
390204,1,1,1997,0,0,0,0,0,0,0,0,0,29
390205,1,1,1997,20,0,0,0,0,0,0,0,0,0
390206,0,1,1997,0,0,0,0,0,19,24,0,29,0
390206,1,1,1997,0,0,0,0,0,0,0,0,0,0
390207,0,1,1997,0,0,0,0,0,0,0,0,0,0
390207,1,1,1997,0,0,0,0,0,0,0,0,0,0
390208,0,1,1997,34,0,14,23,18,29,12,17,8,5
390208,1,1,1997,0,0,0,0,0,0,5,17,0,9
390209,1,1,1997,0,0,0,0,0,0,0,0,0,0
390210,1,1,1997,34,34,34,34,34,34,34,34,34,34
390211,1,1,1997,0,0,0,0,0,0,0,0,0,0
390211,2,1,1997,0,0,0,0,0,0,0,0,0,0
390212,1,1,1997,0,0,0,0,0,0,0,0,0,0
390212,2,1,1997,0,0,0,0,0,0,0,0,0,0
390212,3,1,1997,0,0,0,0,0,0,0,0,0,0
390213,0,1,1997,25,3,30,0,23,21,6,0,0,14
390213,1,1,1997,14,27,7,30,25,13,11,10,4,26
390214,1,1,1997,0,0,0,0,0,0,0,0,0,0
390214,2,1,1997,1,1,1,1,1,1,1,1,1,1
390215,1,1,1997,0,0,0,0,0,0,0,0,0,0
390215,2,1,1997,0,0,0,0,0,0,0,0,0,0
390216,1,1,1997,0,0,0,0,0,0,0,0,0,0
390217,0,1,1997,45,45,45,45,45,45,45,45,45,45
390217,1,1,1997,0,0,0,0,0,0,0,0,0,0
390218,1,1,1997,0,0,0,0,0,0,0,0,14,0
390218,2,1,1997,0,0,0,0,0,0,0,0,0,0
390219,1,1,1997,0,0,0,0,0,0,0,0,0,0
390219,2,1,1997,0,0,0,0,0,0,6,0,0,0
390220,1,1,1997,0,0,0,0,0,0,0,0,0,0
390221,1,1,1997,8,0,0,0,0,0,0,0,0,0
390221,2,1,1997,0,0,0,0,0,0,0,0,0,0
390222,1,1,1997,0,0,0,0,0,0,0,0,0,0
390222,2,1,1997,0,0,0,0,0,0,0,0,0,0
390223,1,1,1997,0,0,0,0,0,0,0,0,0,0
390224,0,1,1997,0,0,0,0,0,0,0,0,0,0
390224,1,1,1997,0,0,0,0,0,0,0,0,0,0
390225,1,1,1997,21,0,0,0,0,18,21,0,0,0
390226,1,1,1997,0,0,0,0,0,0,0,0,0,0
390226,2,1,1997,0,0,0,0,0,0,0,0,0,0
390227,1,1,1997,0,0,0,0,0,0,0,0,0,0
390227,2,1,1997,0,0,0,0,0,0,0,0,0,0
390227,3,1,1997,0,0,0,0,0,0,0,0,0,0
390228,1,1,1997,19,19,19,19,19,19,19,19,19,19
390229,1,1,1997,10,19,27,33,14,14,18,6,4,14
390230,1,1,1997,17,19,22,6,8,11,0,26,10,8
390230,2,1,1997,8,10,7,0,20,7,11,22,18,0
390231,1,1,1997,0,0,0,0,0,0,0,0,0,0
390231,2,1,1997,18,14,0,13,9,19,27,35,11,17
390232,1,1,1997,0,0,0,0,0,0,0,0,0,0
390232,2,1,1997,0,0,0,0,0,0,0,0,0,0
390232,3,1,1997,0,0,0,0,0,0,0,0,0,0
390233,1,1,1997,12,0,0,12,0,16,0,22,0,0
390234,1,1,1997,21,21,21,21,21,21,21,21,21,21
390234,2,1,1997,14,34,15,0,19,12,19,9,20,9
390235,1,1,1997,18,18,18,18,18,18,18,18,18,18
390236,1,1,1997,0,0,0,0,0,0,0,0,0,0
390236,2,1,1997,16,11,0,15,15,0,0,30,0,0
390237,1,1,1997,20,0,0,0,0,0,0,0,0,0
390237,2,1,1997,9,9,9,9,9,9,9,9,9,9
390238,1,1,1997,0,0,0,0,0,0,0,0,0,0
390239,1,1,1997,22,22,22,22,22,22,22,22,22,22
390240,1,1,1997,0,0,0,0,0,0,0,0,0,0
390241,1,1,1997,0,0,0,0,9,0,0,0,0,0
390242,1,1,1997,0,0,0,10,0,0,0,0,0,13
390242,2,1,1997,0,0,0,0,0,0,0,0,0,0
390243,1,1,1997,0,0,0,0,0,0,0,0,0,0
390244,1,1,1997,33,33,33,33,33,33,33,33,33,33
390245,1,1,1997,0,0,0,0,0,0,0,0,0,0
390245,2,1,1997,16,4,23,18,19,0,11,18,18,19
390246,1,1,1997,0,0,0,0,0,0,0,0,0,0
390246,2,1,1997,0,0,0,0,0,0,0,0,0,0
390247,1,1,1997,0,0,0,0,0,0,0,0,0,0
390247,2,1,1997,0,0,0,0,0,0,0,0,0,0
390248,1,1,1997,0,0,0,0,0,0,0,0,0,0
390248,2,1,1997,0,0,0,0,0,0,0,0,0,0
390249,1,1,1997,16,16,16,16,16,16,16,16,16,16
390249,2,1,1997,0,0,0,0,0,0,0,0,0,0
390250,1,1,1997,0,0,0,0,0,0,0,0,0,0
390250,2,1,1997,0,0,0,0,0,0,0,0,0,0
390251,1,1,1997,0,0,0,0,0,0,0,0,0,0
390251,2,1,1997,0,0,0,0,0,0,0,0,0,0
390252,0,1,1997,0,0,37,26,13,0,0,21,0,0
390252,1,1,1997,0,0,0,0,0,0,0,0,0,0
390253,1,1,1997,0,0,0,0,0,0,0,0,0,0
390253,2,1,1997,0,0,0,0,0,0,0,0,0,0
390254,1,1,1997,0,0,0,0,0,0,0,0,0,0
390255,1,1,1997,0,0,0,0,0,0,0,0,0,0
390255,2,1,1997,0,0,0,0,0,0,0,0,0,0
390256,1,1,1997,0,0,0,0,0,0,0,0,0,0
390257,1,1,1997,0,0,0,0,0,0,0,0,0,0
390257,2,1,1997,0,0,0,0,0,0,0,0,0,0
390258,1,1,1997,0,0,0,0,0,0,0,0,0,0
390259,1,1,1997,0,0,0,0,0,0,0,9,0,0
390260,1,1,1997,0,0,0,0,0,0,0,0,0,0
390261,1,1,1997,25,25,25,25,25,25,25,25,25,25
390262,0,1,1997,0,0,0,0,0,0,0,5,0,0
390262,1,1,1997,0,0,0,0,0,0,0,0,0,0
390263,1,1,1997,30,30,30,30,30,30,30,30,30,30
390264,1,1,1997,0,0,0,0,0,0,0,0,0,0
390264,2,1,1997,0,0,0,0,0,0,0,0,0,0
390265,1,1,1997,0,0,0,0,0,0,0,0,0,0
390265,2,1,1997,0,0,0,0,0,0,0,0,0,0
390266,1,1,1997,22,22,22,22,22,22,22,22,22,22
390267,1,1,1997,0,0,0,14,0,19,0,0,0,0
390268,1,1,1997,0,0,0,0,0,0,0,0,0,0
390268,2,1,1997,34,34,34,34,34,34,34,34,34,34
390269,1,1,1997,0,0,0,0,0,0,11,0,0,0
390269,2,1,1997,26,26,26,26,26,26,26,26,26,26
390270,1,1,1997,22,22,22,22,22,22,22,22,22,22
390271,1,1,1997,0,0,0,0,0,0,0,0,0,0
390272,1,1,1997,0,0,0,0,0,0,0,0,0,0
390272,2,1,1997,0,18,2,10,0,0,0,29,0,8
390273,1,1,1997,21,0,0,0,21,8,26,0,0,0
390274,1,1,1997,4,4,4,4,4,4,4,4,4,4
390275,1,1,1997,0,0,0,0,0,0,0,0,0,0
390275,2,1,1997,0,0,0,0,0,0,0,0,0,0
390275,3,1,1997,17,8,12,10,17,5,10,7,0,22
390276,1,1,1997,0,0,15,14,0,15,13,0,0,4
390277,1,1,1997,0,0,0,0,0,0,0,0,0,0
390277,2,1,1997,16,16,16,16,16,16,16,16,16,16