ST_CASE,VEH_NO,PER_NO,YEAR,P1,P2,P3,P4,P5,P6,P7,P8,P9,P10
390278,1,1,1997,0,0,0,0,0,0,0,0,0,0
390278,2,1,1997,0,0,0,0,0,0,0,0,0,0
390279,1,1,1997,0,0,0,0,0,0,0,0,0,0
390279,2,1,1997,0,0,0,0,0,0,0,0,0,0
390280,0,2,1997,9,0,0,0,0,0,0,0,0,0
390280,1,1,1997,0,0,0,0,0,0,0,0,0,0
390281,1,1,1997,0,0,0,0,0,0,0,0,0,0
390281,2,1,1997,0,0,0,0,0,0,0,0,0,0
390282,1,1,1997,0,0,0,8,0,0,0,0,0,0
390283,1,1,1997,0,0,0,0,0,0,0,0,0,0
390283,2,1,1997,0,0,0,0,0,0,0,0,0,0
390284,1,1,1997,0,0,0,0,0,0,0,0,0,0
390284,2,1,1997,0,0,0,0,0,0,0,0,0,0
390284,3,1,1997,0,0,0,0,0,0,0,0,0,0
390284,4,1,1997,0,0,0,0,0,0,0,0,0,0
390285,1,1,1997,0,0,0,0,0,0,0,0,0,0
390286,0,1,1997,31,0,14,21,34,30,21,10,13,36
390286,1,1,1997,0,0,0,0,0,0,0,0,0,0
390287,1,1,1997,4,0,0,13,5,14,13,21,8,0
390288,1,1,1997,27,27,27,27,27,27,27,27,27,27
390289,1,1,1997,0,0,0,0,0,10,0,0,0,0
390289,2,1,1997,0,0,0,0,0,0,0,44,0,0
390290,1,1,1997,0,0,0,0,0,0,0,0,0,0
390290,2,1,1997,0,0,0,0,0,0,0,0,0,0
390291,1,1,1997,4,4,4,4,4,4,4,4,4,4
390291,2,1,1997,22,22,22,22,22,22,22,22,22,22
390292,1,1,1997,24,0,0,0,0,0,0,0,9,0
390292,2,1,1997,0,0,0,0,0,0,9,0,0,9
390292,3,1,1997,0,0,0,0,0,0,0,0,0,0
390292,4,1,1997,0,0,0,0,0,0,0,0,0,0
390293,1,1,1997,0,0,0,0,0,0,0,0,0,0
390294,1,1,1997,0,0,0,0,0,0,0,0,0,0
390294,2,1,1997,0,0,0,15,9,0,0,0,0,0
390294,3,1,1997,0,0,0,8,0,0,0,0,0,0
390295,1,1,1997,0,0,0,0,0,0,0,0,0,0
390295,2,1,1997,0,0,0,0,0,0,0,0,0,0
390296,0,1,1997,27,51,8,11,25,18,27,18,5,23
390296,1,1,1997,15,21,1,5,33,11,25,12,5,17
390297,1,1,1997,23,27,13,11,23,17,13,0,13,27
390298,1,1,1997,0,0,0,0,0,0,0,0,0,0
390298,2,1,1997,0,0,0,0,0,0,0,0,0,0
390299,1,1,1997,0,0,0,0,0,0,0,0,0,0
390299,2,1,1997,0,0,0,0,0,0,0,0,0,0
390300,1,1,1997,24,0,0,0,0,0,0,0,0,0
390300,2,1,1997,0,0,0,0,0,0,0,0,0,0
390300,3,1,1997,0,0,0,0,0,0,0,0,0,0
390301,1,1,1997,0,0,0,0,0,0,0,0,0,0
390302,1,1,1997,0,0,0,0,0,0,0,0,0,0
390303,2,1,1997,11,11,11,11,11,11,11,11,11,11
390304,1,1,1997,0,0,0,0,0,0,0,0,0,0
390305,1,1,1997,0,0,0,0,0,0,0,0,0,0
390305,2,1,1997,0,0,0,0,0,0,0,0,0,0
390306,1,1,1997,14,0,36,0,0,0,10,0,0,0
390307,1,1,1997,0,0,0,0,0,0,0,0,0,0
390307,2,1,1997,0,0,0,0,0,0,0,0,0,0
390309,1,1,1997,17,17,17,17,17,17,17,17,17,17
390310,1,1,1997,0,0,0,0,0,0,0,0,0,0
390310,2,1,1997,0,0,0,0,0,0,0,0,0,0
390311,1,1,1997,0,0,29,0,0,0,0,0,0,0
390312,1,1,1997,0,0,0,0,0,0,0,0,0,0
390313,1,1,1997,0,0,0,0,0,0,0,0,0,0
390313,2,1,1997,0,0,0,14,0,0,0,0,0,0
390314,1,1,1997,9,9,9,9,9,9,9,9,9,9
390314,2,1,1997,0,0,0,0,0,0,0,0,0,0
390315,1,1,1997,21,21,21,21,21,21,21,21,21,21
390316,1,1,1997,18,18,18,18,18,18,18,18,18,18
390317,1,1,1997,19,19,19,19,19,19,19,19,19,19
390318,1,1,1997,0,0,0,0,0,0,0,0,0,0
390319,1,1,1997,12,0,0,0,0,0,0,13,0,0
390319,2,1,1997,0,0,0,0,0,0,0,0,0,0
390320,1,1,1997,5,24,22,10,13,28,20,22,8,15
390321,1,1,1997,0,0,0,0,0,0,0,0,0,0
390322,1,1,1997,20,0,16,0,0,20,0,0,0,0
390323,1,1,1997,16,16,16,16,16,16,16,16,16,16
390324,1,1,1997,0,0,0,0,0,0,0,0,0,0
390324,2,1,1997,0,0,0,0,0,0,0,0,9,0
390324,3,1,1997,0,0,0,0,0,0,0,0,0,0
390325,1,1,1997,21,21,21,21,21,21,21,21,21,21
390326,1,1,1997,0,9,23,10,12,20,4,0,25,0
390326,2,1,1997,0,0,0,25,18,0,9,0,0,0
390327,1,1,1997,19,19,19,19,19,19,19,19,19,19
390328,1,1,1997,0,0,0,0,0,0,0,0,15,0
390329,1,1,1997,0,0,0,0,0,0,0,0,0,0
390329,2,1,1997,0,0,0,0,14,15,0,0,0,0
390330,1,1,1997,15,0,0,0,0,0,21,0,11,15
390330,2,1,1997,0,0,0,0,0,16,0,0,0,0
390331,1,1,1997,0,0,0,0,0,0,9,0,0,0
390331,2,1,1997,0,0,0,0,0,0,0,0,0,0
390332,1,1,1997,0,0,0,0,0,0,0,0,0,0
390332,2,1,1997,19,19,19,19,19,19,19,19,19,19
390333,1,1,1997,0,0,0,0,0,0,0,0,0,0
390333,2,1,1997,0,0,0,0,0,0,0,0,31,0
390334,0,1,1997,0,0,0,0,0,0,0,0,0,0
390334,1,1,1997,0,0,0,0,0,0,0,0,0,0
390335,1,1,1997,0,0,0,0,0,0,0,0,0,0
390335,2,1,1997,0,0,0,0,0,0,0,0,0,0
390336,1,1,1997,0,0,0,0,0,0,0,0,0,0
390336,2,1,1997,0,0,0,0,0,0,0,0,0,0
390337,1,1,1997,0,0,0,0,0,0,0,0,0,0
390338,1,1,1997,18,18,18,18,18,18,18,18,18,18
390340,1,1,1997,0,0,0,0,0,0,0,0,0,0
390340,2,1,1997,0,0,0,0,0,0,0,0,0,0
390341,1,1,1997,30,30,30,30,30,30,30,30,30,30
390342,1,1,1997,0,0,0,0,0,0,0,0,0,0
390343,1,1,1997,0,0,0,0,0,0,0,0,0,0
390343,2,1,1997,0,0,0,0,0,0,0,0,0,0
390344,1,1,1997,0,0,0,0,9,0,0,6,0,0
390344,2,1,1997,21,21,21,21,21,21,21,21,21,21
390344,3,1,1997,0,0,0,0,0,0,0,0,0,0
390345,1,1,1997,29,0,0,0,0,0,27,16,5,24
390346,1,1,1997,0,0,12,0,0,0,0,0,0,0
390346,2,1,1997,0,0,0,0,0,0,0,0,0,0
390347,1,1,1997,0,12,0,0,0,0,0,0,0,0
390347,2,1,1997,0,0,0,0,0,0,0,0,0,0
390348,1,1,1997,0,0,0,0,0,0,0,0,0,0
390348,2,1,1997,0,0,0,13,0,0,0,0,0,0
390349,1,1,1997,0,0,0,0,0,0,0,0,0,0
390349,2,1,1997,0,0,0,0,0,0,0,0,0,0
390350,1,1,1997,0,0,0,0,0,0,0,0,0,0
390350,2,1,1997,26,26,26,26,26,26,26,26,26,26
390351,1,1,1997,0,0,0,0,0,0,0,8,0,0
390352,1,1,1997,0,11,21,33,0,0,0,14,15,21
390353,1,1,1997,0,0,0,0,0,0,0,0,0,0
390355,1,1,1997,0,0,0,0,0,0,0,0,0,0
390355,2,1,1997,18,18,18,18,18,18,18,18,18,18
390356,1,1,1997,28,28,28,28,28,28,28,28,28,28
390356,2,1,1997,0,0,0,0,16,0,0,0,0,0
390357,1,1,1997,0,0,34,0,19,0,0,0,0,0
390357,2,1,1997,0,0,0,0,0,0,0,0,0,0
390358,1,1,1997,3,3,3,3,3,3,3,3,3,3
390359,1,1,1997,0,11,0,0,0,0,0,0,0,0
390360,1,1,1997,0,0,0,0,0,0,0,0,0,0
390360,2,1,1997,0,0,0,5,0,0,0,0,0,0
390361,1,1,1997,17,17,17,17,17,17,17,17,17,17
390362,0,1,1997,0,0,0,0,0,0,0,0,0,0
390362,0,2,1997,21,0,0,0,0,0,0,0,0,0
390362,0,3,1997,0,0,0,0,0,0,0,0,0,0
390362,1,1,1997,0,0,0,0,0,0,0,0,0,0
390363,1,1,1997,0,0,0,0,0,0,0,0,0,0
390364,1,1,1997,0,0,0,0,0,0,0,0,0,0
390365,1,1,1997,0,0,0,0,0,0,0,0,0,0
390366,1,1,1997,0,0,0,0,0,0,0,0,0,0
390366,2,1,1997,0,0,0,0,0,0,0,0,0,0
390367,1,1,1997,0,0,0,0,0,0,0,0,0,0
390368,0,1,1997,0,0,0,0,0,0,0,0,0,0
390368,1,1,1997,0,0,0,0,0,0,0,0,0,0
390369,1,1,1997,32,32,32,32,32,32,32,32,32,32
390370,1,1,1997,4,4,4,4,4,4,4,4,4,4
390371,1,1,1997,0,0,0,0,0,0,0,0,0,0
390371,2,1,1997,0,0,0,0,0,0,0,0,0,0
390372,0,1,1997,23,23,23,23,23,23,23,23,23,23
390372,1,1,1997,0,0,22,0,0,0,0,0,0,0
390373,1,1,1997,0,0,0,0,0,0,0,0,0,0
390374,1,1,1997,15,15,15,15,15,15,15,15,15,15
390374,2,1,1997,0,0,0,0,0,0,0,0,0,0
390375,0,1,1997,0,0,0,0,0,0,0,0,0,0
390375,1,1,1997,0,0,0,0,0,0,0,0,0,0
390376,0,1,1997,0,0,0,0,0,0,0,0,0,0
390376,1,1,1997,0,0,0,0,0,0,0,0,0,0
390377,1,1,1997,0,0,0,0,0,0,0,0,0,0
390377,2,1,1997,0,0,0,0,0,0,0,0,0,0
390378,1,1,1997,15,15,15,15,15,15,15,15,15,15
390379,1,1,1997,0,0,0,0,0,0,0,0,0,0
390379,2,1,1997,0,0,0,0,0,0,0,0,0,0
390380,1,1,1997,17,12,18,0,32,0,13,14,17,9
390381,1,1,1997,0,0,0,0,0,0,0,0,0,0
390382,1,1,1997,0,0,0,0,0,0,0,0,0,0
390382,2,1,1997,0,0,0,0,0,0,0,0,0,0
390383,1,1,1997,0,0,0,0,0,0,0,0,0,0
390383,2,1,1997,0,0,0,0,0,0,0,0,0,0
390383,3,1,1997,0,0,0,0,0,0,0,0,0,0
390384,1,1,1997,0,0,0,0,0,0,0,0,0,0
390385,1,1,1997,20,20,20,20,20,20,20,20,20,20
390385,2,1,1997,0,0,0,0,0,0,0,0,0,0
390385,3,1,1997,0,0,0,0,0,0,0,0,0,0
390385,4,1,1997,0,0,0,0,0,0,0,0,0,0
390385,5,1,1997,0,0,0,0,0,0,0,0,0,0
390385,6,1,1997,0,0,0,0,0,0,0,0,0,0
390386,0,1,1997,0,0,0,0,0,0,0,0,0,0
390386,1,1,1997,0,0,0,0,0,0,0,0,0,0
390387,1,1,1997,27,27,27,27,27,27,27,27,27,27
390388,1,1,1997,0,0,0,0,0,0,0,0,0,0
390388,2,1,1997,0,0,0,27,0,0,0,8,0,0
390389,1,1,1997,0,0,0,0,20,21,12,31,0,0
390390,0,1,1997,12,0,0,0,0,0,0,0,0,19
390390,0,2,1997,0,0,0,32,32,0,0,0,0,34
390390,1,1,1997,0,0,20,0,0,0,0,0,0,0
390391,1,1,1997,0,0,0,0,0,0,0,0,0,0
390391,2,1,1997,0,0,0,0,0,0,0,0,0,0
390392,1,1,1997,0,0,0,0,0,24,0,0,0,0
390392,2,1,1997,0,0,2,0,0,0,0,0,0,0
390393,1,1,1997,0,0,0,0,0,0,0,0,0,0
390393,2,1,1997,0,0,0,0,0,0,0,0,0,0
390393,3,1,1997,0,0,0,0,0,0,0,0,0,0
390394,1,1,1997,0,0,0,0,0,0,0,0,0,23
390394,2,1,1997,0,0,0,0,0,0,0,0,0,0
390395,1,1,1997,0,0,14,0,0,0,28,0,0,0
390396,1,1,1997,9,9,9,9,9,9,9,9,9,9
390396,2,1,1997,0,0,0,0,0,0,0,0,0,0
390397,1,1,1997,0,0,0,0,0,0,0,0,0,0
390397,2,1,1997,0,0,0,0,0,0,0,0,0,27
390398,0,1,1997,0,0,0,0,0,0,0,0,0,0
390398,1,1,1997,15,0,0,0,0,0,0,0,0,0
390399,0,1,1997,0,0,0,0,0,0,0,0,0,5
390399,1,1,1997,0,0,0,0,0,0,0,0,0,0
390400,1,1,1997,0,0,0,7,0,0,16,0,0,0
390400,2,1,1997,0,0,0,0,0,0,0,0,0,0
390401,1,1,1997,15,10,18,29,13,24,22,20,17,11
390401,2,1,1997,16,0,0,0,0,9,0,0,0,0
390402,1,1,1997,0,0,0,0,0,0,0,0,0,0
390402,2,1,1997,0,0,0,0,0,0,0,0,0,0
390403,1,1,1997,23,23,23,23,23,23,23,23,23,23
390403,2,1,1997,0,0,10,0,0,0,0,0,0,25
390404,0,1,1997,12,12,12,12,12,12,12,12,12,12
390404,1,1,1997,0,0,0,0,0,0,0,0,0,0
390405,1,1,1997,0,0,0,0,0,0,0,0,0,0
390406,0,1,1997,0,0,0,0,0,0,0,0,0,0
390406,1,1,1997,0,0,0,0,0,0,0,0,0,0
390407,1,1,1997,0,0,0,0,0,0,0,0,0,0
390407,2,1,1997,0,0,13,0,0,0,0,0,0,0
390408,1,1,1997,19,19,19,19,19,19,19,19,19,19
390408,2,1,1997,0,0,0,0,0,0,0,0,0,0
390408,3,1,1997,0,0,0,0,0,0,0,0,0,0
390409,1,1,1997,25,25,25,25,25,25,25,25,25,25
390409,2,1,1997,0,0,0,0,0,0,0,0,0,16
390410,1,1,1997,34,34,34,34,34,34,34,34,34,34
390410,2,1,1997,0,0,0,0,0,0,0,0,0,0
390411,1,1,1997,0,0,0,0,0,0,0,0,0,0
390412,1,1,1997,21,21,21,21,21,21,21,21,21,21
390413,1,1,1997,0,0,0,0,0,0,0,0,0,0
390413,2,1,1997,0,0,0,0,0,0,0,0,0,0
390414,1,1,1997,0,0,0,0,0,0,0,0,0,0
390414,2,1,1997,0,0,0,0,0,0,0,0,0,0
390414,3,1,1997,0,0,0,0,0,0,0,0,0,0
390415,1,1,1997,0,20,0,0,0,0,0,0,0,0
390415,2,1,1997,1,1,1,1,1,1,1,1,1,1
390416,1,1,1997,21,21,21,21,21,21,21,21,21,21
390417,1,1,1997,0,0,0,0,0,0,0,0,0,0
390418,0,1,1997,0,0,0,0,0,0,0,0,0,0
390418,1,1,1997,2,2,2,2,2,2,2,2,2,2
390419,1,1,1997,0,0,10,0,0,0,0,0,0,0
390419,2,1,1997,0,0,0,0,0,0,0,0,0,0
390420,1,1,1997,0,0,0,0,0,0,0,0,0,0
390420,2,1,1997,0,0,0,0,0,0,0,0,0,0
390421,1,1,1997,0,0,0,0,0,0,0,0,0,0
390421,2,1,1997,0,0,0,0,0,0,0,0,0,0
390422,1,1,1997,0,0,0,0,0,0,0,0,0,0
390422,2,1,1997,0,0,0,0,0,0,0,0,0,0
390423,1,1,1997,17,17,17,17,17,17,17,17,17,17
390424,1,1,1997,6,6,0,0,4,0,11,0,11,4
390425,1,1,1997,0,0,0,0,0,0,0,0,0,0
390426,1,1,1997,0,0,0,0,0,0,0,0,0,0
390427,0,1,1997,0,0,0,0,0,0,0,0,0,0
390427,1,1,1997,7,7,7,7,7,7,7,7,7,7
390428,1,1,1997,23,23,23,23,23,23,23,23,23,23
390429,1,1,1997,0,0,0,0,0,0,0,0,0,0
390429,2,1,1997,0,0,0,0,0,0,0,0,0,0
390430,1,1,1997,0,0,29,0,0,0,0,0,19,0
390431,1,1,1997,0,0,0,0,0,0,0,0,0,0
390431,2,1,1997,0,0,0,0,0,0,0,0,0,0
390432,1,1,1997,0,0,0,0,0,0,0,0,0,0
390432,2,1,1997,9,9,9,9,9,9,9,9,9,9
390432,3,1,1997,0,0,0,0,0,0,0,0,0,0
390433,1,1,1997,20,9,19,0,19,24,9,22,0,36
390433,2,1,1997,0,0,0,0,0,0,0,0,0,0
390434,1,1,1997,2,2,2,2,2,2,2,2,2,2
390434,2,1,1997,1,1,1,1,1,1,1,1,1,1
390435,1,1,1997,0,0,0,0,0,0,0,0,0,37
390436,1,1,1997,0,0,0,0,0,0,0,0,0,0
390436,2,1,1997,0,0,0,0,0,0,0,0,0,0
390436,3,1,1997,0,0,0,0,0,0,0,0,0,0
390437,1,1,1997,25,25,25,25,25,25,25,25,25,25
390438,1,1,1997,28,28,28,28,28,28,28,28,28,28
390439,1,1,1997,0,0,0,0,0,0,0,0,0,0
390439,2,1,1997,0,0,0,0,0,0,0,0,0,0
390440,1,1,1997,0,0,19,0,0,0,0,18,0,0
390441,1,1,1997,0,0,0,0,0,0,0,0,0,0
390442,1,1,1997,12,20,34,23,26,18,0,34,39,14
390443,1,1,1997,0,0,0,0,0,15,0,0,0,0
390444,1,1,1997,0,0,0,0,0,0,0,0,0,0
390444,2,1,1997,19,19,19,19,19,19,19,19,19,19
390445,1,1,1997,0,0,0,0,0,0,0,0,0,0
390446,1,1,1997,0,9,0,0,0,0,0,0,0,0
390447,1,1,1997,24,24,24,24,24,24,24,24,24,24
390448,1,1,1997,0,0,0,0,0,0,0,0,0,0
390448,2,1,1997,0,0,0,0,0,0,0,0,0,0
390449,1,1,1997,0,0,0,0,0,0,0,0,0,0
390449,2,1,1997,0,0,0,0,0,0,0,0,0,0
390450,1,1,1997,0,0,0,22,0,0,0,0,0,0
390451,1,1,1997,25,25,25,25,25,25,25,25,25,25
390452,1,1,1997,32,32,32,32,32,32,32,32,32,32
390453,1,1,1997,0,0,0,0,0,0,0,0,0,0
390453,2,1,1997,0,0,0,0,0,0,11,0,0,0
390454,1,1,1997,0,0,6,0,0,0,0,0,0,0
390454,2,1,1997,0,0,0,0,0,0,0,0,0,0
390455,1,1,1997,22,0,0,0,0,0,0,0,0,0
390456,1,1,1997,0,0,0,0,0,14,0,0,0,0
390456,2,1,1997,0,0,0,0,0,0,0,0,0,0
390457,1,1,1997,0,0,0,0,0,0,0,0,0,0
390457,2,1,1997,0,0,0,0,0,0,0,0,0,12
390458,1,1,1997,0,0,0,0,0,0,0,0,0,0
390458,2,1,1997,17,17,17,17,17,17,17,17,17,17
390459,1,1,1997,0,0,0,0,0,0,0,0,0,0
390459,2,1,1997,0,0,0,0,0,0,0,0,0,0
390460,1,1,1997,12,12,12,12,12,12,12,12,12,12
390461,0,1,1997,0,0,0,0,0,0,0,0,0,0
390461,1,1,1997,0,0,0,0,0,0,0,0,0,0
390462,1,1,1997,0,0,0,0,0,0,0,0,0,0
390462,2,1,1997,0,0,0,0,0,0,0,0,0,0
390463,1,1,1997,34,34,34,34,34,34,34,34,34,34
390464,1,1,1997,0,0,0,0,0,0,0,0,9,0
390464,2,1,1997,29,29,29,29,29,29,29,29,29,29
390465,1,1,1997,0,0,0,0,0,0,0,0,0,0
390466,1,1,1997,8,8,8,8,8,8,8,8,8,8
390466,2,1,1997,0,0,0,0,0,0,0,0,0,0
390466,3,1,1997,0,0,0,0,0,0,0,0,0,0
390467,1,1,1997,16,12,29,8,12,15,3,14,13,17
390467,2,1,1997,0,0,0,0,0,0,0,0,0,0
390468,1,1,1997,0,0,0,0,0,0,0,0,0,0
390468,2,1,1997,0,0,0,0,0,0,0,0,0,0
390469,1,1,1997,34,34,34,34,34,34,34,34,34,34
390470,1,1,1997,0,0,0,0,0,0,0,0,0,0
390470,2,1,1997,0,0,0,0,0,0,0,0,0,0
390471,1,1,1997,0,10,0,0,0,0,0,0,7,0
390471,2,1,1997,0,0,0,14,0,0,0,0,0,0
390472,1,1,1997,0,0,0,0,0,0,0,0,0,0
390472,2,1,1997,0,0,0,0,0,0,0,15,0,4
390473,1,1,1997,0,0,0,0,0,0,0,0,0,0
390473,2,1,1997,0,0,0,0,0,0,0,0,0,0
390474,1,1,1997,0,0,0,0,0,0,0,0,0,0
390474,2,1,1997,14,3,9,0,0,0,10,0,0,0
390475,1,1,1997,9,9,9,9,9,9,9,9,9,9
390476,1,1,1997,0,0,0,0,0,0,0,0,0,0
390476,2,1,1997,0,0,0,0,0,0,0,0,0,0
390477,1,1,1997,0,0,0,0,0,0,0,0,0,0
390477,2,1,1997,0,0,0,0,0,0,0,0,0,0
390478,1,1,1997,4,4,4,4,4,4,4,4,4,4
390479,1,1,1997,0,0,0,0,0,0,0,0,0,0
390479,2,1,1997,0,0,0,0,0,0,0,0,0,0
390480,1,1,1997,0,0,0,0,0,0,0,0,0,0
390481,0,1,1997,0,0,0,0,0,0,0,0,0,0
390481,1,1,1997,0,0,0,0,0,0,0,0,0,0
390482,1,1,1997,0,0,0,0,0,0,0,0,0,0
390482,2,1,1997,0,0,0,0,0,0,0,0,0,0
390483,1,1,1997,0,0,0,0,0,0,0,0,0,0
390483,2,1,1997,0,0,0,0,0,0,0,0,0,0
390484,1,1,1997,0,0,0,0,0,0,0,0,18,0
390485,1,1,1997,0,0,0,0,0,0,0,0,0,0
390485,2,1,1997,0,0,0,0,0,0,0,0,0,0
390486,1,1,1997,0,0,0,0,0,0,0,0,0,0
390486,2,1,1997,0,0,0,0,0,0,0,0,0,0
390486,3,1,1997,0,0,0,0,0,0,0,0,0,0
390486,4,1,1997,0,0,0,0,0,0,0,0,0,0
390487,1,1,1997,11,0,20,0,0,0,0,0,0,0
390488,1,1,1997,0,0,0,0,0,0,0,0,32,0
390488,2,1,1997,0,0,0,0,0,0,0,0,0,0
390489,0,1,1997,0,0,0,0,0,0,0,0,0,0
390489,1,1,1997,0,0,0,0,0,0,0,0,0,0
390490,1,1,1997,13,13,13,13,13,13,13,13,13,13
390490,2,1,1997,0,0,0,0,0,0,0,0,0,0
390491,1,1,1997,0,0,0,0,0,0,0,0,0,0
390491,2,1,1997,0,0,0,0,0,0,0,0,0,0
390492,1,1,1997,0,0,0,0,0,0,0,0,0,0
390492,2,1,1997,0,0,0,0,0,0,0,0,0,0
390493,0,1,1997,0,0,0,22,0,0,0,0,0,0
390493,1,1,1997,0,0,0,0,0,0,0,0,0,0
390494,1,1,1997,0,0,0,0,0,0,0,0,0,0
390494,2,1,1997,0,0,0,0,0,0,0,0,0,0
390495,1,1,1997,0,0,0,0,0,0,0,0,0,0
390495,2,1,1997,0,0,0,0,0,0,0,0,0,0
390495,3,1,1997,0,0,0,28,0,0,0,0,24,0
390496,1,1,1997,0,21,0,0,26,10,0,0,11,0
390497,1,1,1997,0,0,0,0,0,0,0,0,0,0
390497,2,1,1997,0,0,0,0,0,0,0,0,0,0
390498,1,1,1997,19,19,19,19,19,19,19,19,19,19
390499,1,1,1997,21,21,21,21,21,21,21,21,21,21
390500,1,1,1997,46,46,46,46,46,46,46,46,46,46
390501,0,1,1997,0,0,0,0,0,0,0,0,0,0
390501,1,1,1997,0,0,0,0,0,0,0,0,0,0
390502,1,1,1997,15,15,15,15,15,15,15,15,15,15
390503,1,1,1997,0,0,0,0,0,0,0,0,0,0
390503,2,1,1997,0,0,0,0,0,0,0,0,0,0
390504,1,1,1997,16,16,6,26,7,7,11,20,11,21
390505,1,1,1997,0,0,0,0,0,0,0,0,0,0
390505,2,1,1997,0,0,0,0,0,0,0,0,0,0
390506,1,1,1997,20,20,20,20,20,20,20,20,20,20
390507,1,1,1997,0,0,0,0,0,0,0,0,11,0
390507,2,1,1997,30,0,0,0,0,0,0,19,0,17
390508,1,1,1997,0,0,0,0,0,0,0,0,0,0
390509,1,1,1997,12,0,0,0,0,0,0,0,0,0
390509,2,1,1997,0,0,0,0,0,0,0,0,0,0
390510,1,1,1997,20,17,24,8,12,24,25,30,0,47
390511,1,1,1997,0,0,11,0,0,0,0,0,12,0
390512,1,1,1997,21,21,21,21,21,21,21,21,21,21
390513,0,1,1997,0,0,0,0,0,0,0,0,0,0
390513,1,1,1997,6,6,6,6,6,6,6,6,6,6
390514,1,1,1997,0,0,0,0,0,0,0,0,0,0
390514,2,1,1997,0,0,0,0,0,0,0,0,0,0
390515,1,1,1997,15,0,0,19,0,0,0,0,10,0
390516,0,1,1997,22,22,22,22,22,22,22,22,22,22
390516,1,1,1997,0,0,10,0,0,0,0,0,0,0
390517,1,1,1997,0,0,0,30,0,0,0,0,0,0
390518,0,1,1997,0,0,0,0,13,0,0,0,0,0
390518,1,1,1997,0,0,0,0,0,0,0,0,0,0
390519,1,1,1997,0,0,0,0,0,0,0,0,0,0
390519,2,1,1997,0,0,0,0,0,0,0,0,0,0
390520,1,1,1997,0,0,0,0,0,0,0,0,0,0
390520,2,1,1997,0,0,0,0,0,0,0,0,0,0
390521,1,1,1997,0,0,0,0,0,0,0,0,0,0
390522,0,1,1997,0,0,0,0,0,0,0,0,0,0
390522,1,1,1997,0,0,0,0,0,0,0,0,0,0
390523,1,1,1997,48,48,48,48,48,48,48,48,48,48
390523,2,1,1997,0,0,0,0,0,0,0,0,0,0
390524,1,1,1997,0,10,0,0,7,10,10,11,0,10
390524,2,1,1997,0,6,0,0,0,0,0,0,0,0
390524,3,1,1997,0,0,0,0,0,0,0,0,0,0
390525,1,1,1997,1,1,1,1,1,1,1,1,1,1
390525,2,1,1997,0,0,0,0,0,0,0,0,0,0
390526,1,1,1997,20,9,22,0,18,12,22,18,19,11
390527,1,1,1997,0,0,0,0,0,0,0,0,0,0
390527,2,1,1997,0,0,0,0,0,0,0,0,0,0
390528,1,1,1997,22,22,22,22,22,22,22,22,22,22
390528,2,1,1997,0,0,0,0,0,0,0,0,0,0
390529,1,1,1997,0,0,0,0,0,0,0,0,0,0
390529,2,1,1997,15,15,15,15,15,15,15,15,15,15
390530,1,1,1997,27,27,27,27,27,27,27,27,27,27
390531,1,1,1997,4,4,4,4,4,4,4,4,4,4
390532,1,1,1997,0,0,0,0,0,0,0,0,0,0
390532,2,1,1997,0,0,0,0,0,0,0,0,0,0
390532,3,1,1997,0,0,12,15,17,15,0,0,0,0
390533,1,1,1997,11,11,11,11,11,11,11,11,11,11
390533,2,1,1997,3,3,3,3,3,3,3,3,3,3
390534,1,1,1997,0,0,0,0,0,0,0,0,0,0
390535,1,1,1997,0,0,0,0,0,0,0,0,0,0
390535,2,1,1997,0,0,26,0,0,23,15,0,7,0
390536,1,1,1997,19,19,19,19,19,19,19,19,19,19
390537,0,1,1997,0,0,0,0,0,0,0,0,0,0
390537,1,1,1997,0,0,0,0,0,0,0,0,0,0
390538,1,1,1997,0,0,0,0,0,0,0,0,0,0
390538,2,1,1997,0,0,0,0,0,0,0,0,0,0
390539,1,1,1997,0,0,0,9,0,0,0,0,0,0
390540,1,1,1997,0,0,0,0,4,4,0,0,0,0
390541,1,1,1997,0,0,0,0,0,0,0,0,0,0
390541,2,1,1997,0,0,0,0,0,0,0,0,0,0
390542,1,1,1997,0,0,0,0,0,0,0,2,0,0
390542,2,1,1997,0,0,0,0,0,0,0,0,0,0
390543,1,1,1997,0,0,0,0,0,0,0,0,0,7
390544,1,1,1997,16,9,32,12,17,15,21,11,13,10
390545,1,1,1997,0,0,0,0,0,0,0,0,0,0
390546,1,1,1997,0,0,0,0,0,0,0,0,0,0
390546,2,1,1997,0,0,0,0,0,0,0,0,0,0
390547,1,1,1997,0,5,0,0,0,5,0,0,0,0
390547,2,1,1997,0,0,0,0,0,0,0,0,0,0
390548,1,1,1997,0,0,0,0,0,0,0,0,0,0
390548,2,1,1997,0,0,0,0,0,0,0,0,0,0
390549,1,1,1997,28,28,28,28,28,28,28,28,28,28
390550,1,1,1997,0,0,0,0,0,0,0,0,0,0
390550,2,1,1997,20,0,0,0,0,0,0,0,0,0
390550,3,1,1997,0,0,0,0,0,0,0,0,0,0