ST_CASE,VEH_NO,PER_NO,YEAR,P1,P2,P3,P4,P5,P6,P7,P8,P9,P10
390551,1,1,1997,0,0,0,0,0,0,0,0,0,0
390552,1,1,1997,0,0,0,0,6,0,0,0,0,0
390553,1,1,1997,0,0,0,0,0,0,0,0,0,0
390553,2,1,1997,0,0,0,0,0,0,0,0,0,0
390553,3,1,1997,13,0,0,0,0,0,0,0,0,0
390554,1,1,1997,0,0,0,0,0,0,0,0,0,0
390554,2,1,1997,0,0,0,0,0,0,0,0,0,0
390555,1,1,1997,0,0,0,0,0,0,0,0,0,0
390556,1,1,1997,0,0,0,0,0,0,0,0,0,0
390556,2,1,1997,0,0,0,0,0,0,0,0,0,8
390558,1,1,1997,22,22,22,22,22,22,22,22,22,22
390560,1,1,1997,0,0,0,0,26,0,0,14,0,0
390560,2,1,1997,16,7,18,10,9,13,11,0,18,14
390561,1,1,1997,0,0,0,0,0,0,0,0,13,0
390562,0,1,1997,0,0,0,0,0,0,0,0,21,0
390562,1,1,1997,0,0,0,0,0,0,0,0,0,0
390563,1,1,1997,0,0,0,0,0,0,0,0,0,0
390563,2,1,1997,0,0,0,0,0,0,30,0,0,0
390564,1,1,1997,0,0,0,0,0,0,0,0,8,0
390564,2,1,1997,0,0,0,0,0,0,0,0,0,0
390565,1,1,1997,0,0,0,0,0,0,0,0,0,0
390566,1,1,1997,12,12,12,12,12,12,12,12,12,12
390567,1,1,1997,0,0,0,0,0,0,0,0,0,0
390567,2,1,1997,0,0,0,0,0,0,0,0,0,0
390568,1,1,1997,0,0,0,0,0,0,0,0,0,0
390569,1,1,1997,0,0,0,0,0,0,0,0,0,0
390569,2,1,1997,0,0,0,0,0,0,0,0,0,0
390570,1,1,1997,0,0,0,0,0,0,0,0,0,0
390570,2,1,1997,17,17,17,17,17,17,17,17,17,17
390571,1,1,1997,0,0,0,0,0,0,0,0,0,0
390571,2,1,1997,39,39,39,39,39,39,39,39,39,39
390572,1,1,1997,0,0,0,0,0,0,0,0,0,0
390572,2,1,1997,0,0,0,0,0,0,0,0,0,0
390573,1,1,1997,0,19,0,0,0,0,0,20,0,0
390573,2,1,1997,0,0,0,0,0,0,0,0,0,0
390574,1,1,1997,0,0,0,0,0,0,0,0,0,0
390574,2,1,1997,0,0,0,0,0,0,0,0,0,0
390575,1,1,1997,0,0,0,0,0,0,0,0,0,0
390576,1,1,1997,0,0,0,0,0,0,0,0,0,0
390577,1,1,1997,17,17,17,17,17,17,17,17,17,17
390578,1,1,1997,17,17,17,17,17,17,17,17,17,17
390579,1,1,1997,0,0,0,0,0,0,0,0,0,0
390579,2,1,1997,0,0,0,0,0,0,0,0,0,0
390580,1,1,1997,0,0,0,0,0,0,0,0,0,0
390581,1,1,1997,0,0,0,0,0,0,0,0,0,0
390581,2,1,1997,0,0,0,0,0,0,0,0,0,0
390582,1,1,1997,0,0,0,0,0,0,0,0,0,0
390582,2,1,1997,0,0,0,0,0,0,0,0,0,0
390582,3,1,1997,0,5,0,0,0,0,0,0,0,0
390583,1,1,1997,0,0,8,0,0,0,0,28,0,0
390584,1,1,1997,15,15,15,15,15,15,15,15,15,15
390585,1,1,1997,0,0,0,0,0,0,0,0,0,0
390586,1,1,1997,0,0,7,0,27,0,18,15,0,0
390587,1,1,1997,0,0,0,0,0,0,0,0,0,0
390587,2,1,1997,8,20,0,17,0,0,0,10,0,0
390588,1,1,1997,0,0,0,0,0,0,0,0,0,0
390588,2,1,1997,0,0,0,0,0,0,0,0,0,0
390589,1,1,1997,0,0,0,0,0,0,0,6,0,0
390589,2,1,1997,0,0,0,0,0,0,0,0,0,0
390589,3,1,1997,0,29,0,0,0,0,0,0,0,0
390590,1,1,1997,0,0,0,0,0,0,0,0,0,0
390590,2,1,1997,0,0,0,0,0,0,0,0,0,0
390591,1,1,1997,0,0,0,0,0,0,0,0,0,0
390592,1,1,1997,0,0,0,0,0,0,0,0,0,0
390592,2,1,1997,0,0,0,0,0,0,0,0,0,0
390593,0,1,1997,0,0,0,0,0,0,0,0,0,0
390593,1,1,1997,0,0,0,0,0,0,0,0,0,0
390594,1,1,1997,20,20,20,20,20,20,20,20,20,20
390595,0,1,1997,0,0,0,0,0,0,0,0,0,0
390595,0,2,1997,0,0,0,24,26,0,10,0,0,0
390595,1,1,1997,0,0,0,0,0,0,0,0,0,0
390596,1,1,1997,19,19,19,19,19,19,19,19,19,19
390597,1,1,1997,0,0,0,0,0,0,0,0,0,0
390597,2,1,1997,0,0,0,0,0,0,0,15,0,0
390597,3,1,1997,0,0,0,0,0,0,0,0,0,0
390597,4,1,1997,0,0,0,0,0,0,0,0,0,3
390598,1,1,1997,0,0,0,0,0,0,14,15,8,0
390598,2,1,1997,7,7,7,7,7,7,7,7,7,7
390599,0,1,1997,0,0,0,0,0,14,20,0,0,7
390599,0,2,1997,0,0,0,0,0,0,18,34,0,27
390599,1,1,1997,0,0,0,0,0,0,0,0,0,0
390600,1,1,1997,0,0,0,0,0,0,0,0,0,0
390601,1,1,1997,0,0,0,0,0,0,0,0,0,0
390601,2,1,1997,0,0,0,0,0,0,0,0,15,0
390603,1,1,1997,0,0,0,0,0,9,0,0,0,0
390604,1,1,1997,27,27,27,27,27,27,27,27,27,27
390605,1,1,1997,0,0,0,0,0,0,0,0,0,0
390606,1,1,1997,0,0,0,0,0,0,0,0,0,0
390606,2,1,1997,0,0,0,0,0,0,0,0,0,0
390607,1,1,1997,0,0,0,0,0,0,0,0,0,0
390607,2,1,1997,23,29,17,23,19,12,0,8,24,26
390608,1,1,1997,15,15,15,15,15,15,15,15,15,15
390609,1,1,1997,18,18,18,18,18,18,18,18,18,18
390610,1,1,1997,0,0,0,0,0,0,0,0,0,0
390611,1,1,1997,0,0,0,0,0,0,0,0,0,0
390612,1,1,1997,18,0,0,7,0,0,0,0,0,22
390612,2,1,1997,0,16,0,0,0,0,0,0,0,0
390612,3,1,1997,17,0,0,0,0,0,14,0,0,0
390613,1,1,1997,12,12,12,12,12,12,12,12,12,12
390613,2,1,1997,0,0,0,0,0,0,0,0,0,0
390613,3,1,1997,0,6,0,0,15,10,0,0,0,0
390614,1,1,1997,36,36,36,36,36,36,36,36,36,36
390615,1,1,1997,0,0,0,0,0,0,0,0,0,0
390616,1,1,1997,0,0,0,0,0,0,0,0,0,0
390616,2,1,1997,0,0,0,0,0,0,0,0,0,0
390617,1,1,1997,0,0,0,0,0,0,0,0,0,0
390618,1,1,1997,0,0,31,0,0,0,0,0,0,0
390619,1,1,1997,0,0,0,0,0,12,0,0,17,0
390619,2,1,1997,13,0,0,0,0,0,0,0,0,0
390619,3,1,1997,0,0,0,0,0,0,0,0,0,0
390620,1,1,1997,0,0,0,0,0,0,0,0,0,0
390620,2,1,1997,0,0,0,0,0,0,0,0,0,0
390621,1,1,1997,0,0,0,0,0,0,0,0,0,0
390621,2,1,1997,0,0,0,0,0,0,0,0,0,0
390622,0,1,1997,0,0,0,0,0,0,0,0,0,0
390622,0,2,1997,0,0,0,0,0,0,0,0,0,0
390622,1,1,1997,0,0,0,0,0,10,0,0,0,0
390623,1,1,1997,0,0,0,12,20,0,0,0,0,0
390624,1,1,1997,13,13,13,13,13,13,13,13,13,13
390624,2,1,1997,0,0,0,0,0,0,0,0,0,0
390624,3,1,1997,0,0,0,0,0,0,6,12,0,7
390624,4,1,1997,0,0,0,0,0,0,0,0,0,0
390625,1,1,1997,25,25,25,25,25,25,25,25,25,25
390625,2,1,1997,0,0,0,0,0,0,0,0,0,0
390626,1,1,1997,0,0,31,0,22,24,0,17,0,0
390626,2,1,1997,0,0,0,0,0,0,0,0,0,0
390627,1,1,1997,14,14,14,14,14,14,14,14,14,14
390627,2,1,1997,0,0,0,0,0,0,0,0,0,0
390627,3,1,1997,0,0,0,0,0,0,0,0,0,0
390628,0,1,1997,0,0,0,0,0,0,0,0,0,0
390628,1,1,1997,0,0,0,0,0,0,0,0,0,0
390629,1,1,1997,0,0,0,0,0,0,0,0,0,0
390629,2,1,1997,11,16,0,0,0,0,32,0,0,0
390630,1,1,1997,2,2,2,2,2,2,2,2,2,2
390630,2,1,1997,0,0,0,0,0,0,0,0,0,0
390631,1,1,1997,0,0,0,0,0,0,0,0,0,0
390631,2,1,1997,0,2,0,0,12,0,0,0,17,0
390632,1,1,1997,22,17,0,8,0,21,11,12,16,36
390633,1,1,1997,6,6,6,6,6,6,6,6,6,6
390634,1,1,1997,19,19,19,19,19,19,19,19,19,19
390634,2,1,1997,0,0,0,0,0,0,0,0,0,0
390635,1,1,1997,0,0,0,0,0,0,0,0,0,0
390635,2,1,1997,0,0,0,0,0,0,0,0,0,0
390636,1,1,1997,0,0,0,0,0,0,0,0,0,0
390636,2,1,1997,0,0,0,0,0,0,0,0,0,0
390636,3,1,1997,0,0,0,0,0,0,0,0,0,0
390637,1,1,1997,0,0,0,0,0,0,16,0,0,0
390637,2,1,1997,0,0,0,0,0,0,0,0,0,0
390638,1,1,1997,0,0,0,0,0,0,0,0,0,0
390638,2,1,1997,0,0,0,0,0,0,0,0,0,0
390639,1,1,1997,0,0,22,0,0,0,0,0,0,0
390639,2,1,1997,0,0,0,0,0,0,0,12,0,0
390639,3,1,1997,0,0,18,0,0,0,15,0,0,0
390640,0,1,1997,0,0,18,0,19,0,22,0,0,0
390640,1,1,1997,17,17,17,17,17,17,17,17,17,17
390641,1,1,1997,0,0,0,0,0,0,0,0,0,0
390641,2,1,1997,0,0,0,0,0,0,0,2,0,0
390641,3,1,1997,0,0,0,0,0,0,0,0,0,0
390642,1,1,1997,0,0,0,0,0,0,0,0,0,0
390642,2,1,1997,0,0,0,0,0,0,0,0,22,0
390643,1,1,1997,0,0,0,0,0,25,0,0,0,0
390644,1,1,1997,0,0,0,0,0,0,0,0,0,0
390644,2,1,1997,3,3,3,3,3,3,3,3,3,3
390645,1,1,1997,0,0,0,0,0,0,0,0,0,0
390645,2,1,1997,0,0,0,0,0,0,0,0,0,0
390646,1,1,1997,0,0,0,0,0,19,0,0,0,0
390647,1,1,1997,0,0,0,0,0,0,0,0,0,0
390647,2,1,1997,18,18,18,18,18,18,18,18,18,18
390648,1,1,1997,12,12,12,12,12,12,12,12,12,12
390649,1,1,1997,0,0,0,0,0,0,0,0,0,0
390649,2,1,1997,0,0,0,0,0,0,0,0,0,15
390650,1,1,1997,25,22,0,18,22,17,19,20,24,15
390651,1,1,1997,0,0,0,0,0,0,0,0,0,0
390652,1,1,1997,0,0,0,0,0,0,0,0,0,0
390653,1,1,1997,3,3,3,3,3,3,3,3,3,3
390654,1,1,1997,18,18,18,18,18,18,18,18,18,18
390655,1,1,1997,0,0,0,0,0,0,0,0,0,0
390655,2,1,1997,0,0,0,0,0,0,0,0,0,0
390656,1,1,1997,33,33,33,33,33,33,33,33,33,33
390657,0,1,1997,0,0,0,0,0,0,0,0,0,0
390657,1,1,1997,0,0,0,0,0,0,0,0,0,0
390658,1,1,1997,20,20,20,20,20,20,20,20,20,20
390659,0,1,1997,0,0,0,0,0,0,0,0,0,0
390659,1,1,1997,0,0,0,0,0,0,0,0,0,0
390660,1,1,1997,0,0,0,0,0,0,0,0,0,0
390661,1,1,1997,8,8,8,8,8,8,8,8,8,8
390661,2,1,1997,32,4,13,7,15,22,26,20,17,8
390662,1,1,1997,0,0,0,0,0,0,0,0,0,0
390663,1,1,1997,0,0,0,0,0,0,0,0,0,0
390664,1,1,1997,0,0,0,0,0,0,20,0,0,0
390664,2,1,1997,0,0,0,0,0,0,0,0,0,0
390665,1,1,1997,15,15,15,15,15,15,15,15,15,15
390666,1,1,1997,0,0,0,0,0,0,0,0,0,0
390667,1,1,1997,15,15,15,15,15,15,15,15,15,15
390668,0,1,1997,0,0,0,0,0,0,0,0,0,0
390668,1,1,1997,0,0,0,0,0,0,0,0,0,0
390669,1,1,1997,0,0,0,0,0,0,0,0,0,0
390670,1,1,1997,21,21,21,21,21,21,21,21,21,21
390671,1,1,1997,0,0,0,0,0,0,0,0,0,0
390671,2,1,1997,0,0,0,0,0,0,0,0,0,0
390671,3,1,1997,0,0,0,0,0,0,0,0,0,0
390672,1,1,1997,0,0,0,0,0,0,0,0,0,0
390672,2,1,1997,0,0,0,0,0,0,0,0,0,0
390672,3,1,1997,0,0,0,0,0,0,0,0,0,0
390673,0,1,1997,0,0,0,0,0,0,0,0,0,0
390673,1,1,1997,0,0,0,0,0,0,0,0,0,0
390674,1,1,1997,11,11,11,11,11,11,11,11,11,11
390675,1,1,1997,0,0,0,0,0,0,0,0,0,0
390676,1,1,1997,0,19,0,0,16,0,0,0,0,0
390676,2,1,1997,0,0,0,0,0,0,0,0,0,0
390677,1,1,1997,0,0,0,0,0,0,0,0,0,0
390677,2,1,1997,0,0,0,0,0,0,0,0,0,8
390678,1,1,1997,13,13,13,13,13,13,13,13,13,13
390679,1,1,1997,16,0,0,0,0,0,0,0,0,0
390680,1,1,1997,20,20,20,20,20,20,20,20,20,20
390681,1,1,1997,0,0,0,0,0,0,0,0,0,0
390681,2,1,1997,0,0,0,0,0,0,0,0,0,0
390682,1,1,1997,26,16,15,18,22,21,12,21,26,18
390683,1,1,1997,0,0,0,0,0,0,0,0,0,0
390683,2,1,1997,0,0,0,0,0,0,0,0,0,0
390683,3,1,1997,0,7,0,0,0,0,0,0,0,0
390685,1,1,1997,0,16,8,0,14,0,13,0,11,23
390686,1,1,1997,0,0,0,0,0,0,21,0,0,0
390687,1,1,1997,12,0,0,2,0,0,0,0,0,0
390688,1,1,1997,27,27,27,27,27,27,27,27,27,27
390689,1,1,1997,0,0,0,0,0,0,0,0,0,0
390690,1,1,1997,0,0,0,0,0,0,0,0,0,0
390690,2,1,1997,0,0,0,0,0,0,0,0,0,0
390691,0,1,1997,3,3,3,3,3,3,3,3,3,3
390691,1,1,1997,0,0,0,0,0,0,0,0,19,0
390692,0,1,1997,0,0,0,0,0,0,0,0,0,0
390692,1,1,1997,21,0,0,0,0,0,0,0,0,0
390693,1,1,1997,0,0,0,0,0,0,0,0,0,0
390694,1,1,1997,0,0,0,0,0,0,0,0,0,0
390695,0,1,1997,33,33,33,33,33,33,33,33,33,33
390695,1,1,1997,0,0,0,0,0,0,0,0,0,0
390696,1,1,1997,0,0,23,0,0,19,0,0,0,0
390696,2,1,1997,0,0,0,0,0,0,0,0,0,0
390697,1,1,1997,0,0,0,0,0,0,0,0,0,0
390697,2,1,1997,0,0,0,17,0,0,26,0,0,0
390698,1,1,1997,0,0,0,0,0,0,0,0,0,0
390698,2,1,1997,0,0,0,0,0,0,0,0,0,0
390699,1,1,1997,0,0,0,0,0,0,8,0,0,0
390699,2,1,1997,0,0,16,12,0,0,0,0,0,0
390699,3,1,1997,0,0,0,0,0,0,0,0,0,0
390700,1,1,1997,0,0,0,0,0,0,0,12,0,0
390700,2,1,1997,0,0,0,0,0,0,0,0,0,0
390701,1,1,1997,11,11,11,11,11,11,11,11,11,11
390702,1,1,1997,0,0,0,0,0,0,0,0,0,0
390702,2,1,1997,0,0,0,0,0,0,0,0,0,0
390703,1,1,1997,0,0,0,0,0,0,0,0,0,0
390703,2,1,1997,0,0,0,0,0,0,0,0,0,0
390704,0,1,1997,0,0,0,0,0,0,0,0,0,0
390704,1,1,1997,0,0,0,0,0,0,0,0,0,0
390704,2,1,1997,0,0,0,0,0,0,0,0,0,0
390705,1,1,1997,0,0,0,0,0,0,0,0,0,0
390706,1,1,1997,15,15,15,15,15,15,15,15,15,15
390707,1,1,1997,14,0,0,0,0,0,4,12,19,6
390708,0,1,1997,22,21,21,10,22,0,33,25,8,0
390708,1,1,1997,0,0,0,0,0,0,0,0,0,0
390709,1,1,1997,27,15,15,6,0,25,8,2,17,0
390710,1,1,1997,8,8,8,8,8,8,8,8,8,8
390711,1,1,1997,0,4,0,0,0,0,0,0,0,0
390711,2,1,1997,0,0,0,0,0,0,0,0,0,0
390712,1,1,1997,0,0,0,0,0,0,0,0,0,0
390712,2,1,1997,0,0,0,0,0,0,0,0,0,0
390713,1,1,1997,0,0,0,0,0,0,0,0,0,0
390714,1,1,1997,0,0,0,0,32,17,0,0,0,0
390714,2,1,1997,0,0,0,0,0,0,0,0,0,0
390715,1,1,1997,24,24,24,24,24,24,24,24,24,24
390716,1,1,1997,0,0,0,0,0,0,0,0,0,0
390717,1,1,1997,0,0,0,0,0,0,0,0,0,0
390718,1,1,1997,0,0,0,0,0,0,0,0,0,0
390719,1,1,1997,0,0,0,0,0,0,0,0,0,0
390719,2,1,1997,15,0,0,0,0,0,0,0,0,0
390720,1,1,1997,18,18,18,18,18,18,18,18,18,18
390721,1,1,1997,0,0,0,0,18,0,21,0,0,0
390722,1,1,1997,0,0,0,0,0,0,0,0,0,0
390722,2,1,1997,0,0,0,0,0,0,0,0,0,0
390723,1,1,1997,0,0,0,0,0,0,0,0,0,0
390724,1,1,1997,0,0,0,0,0,0,0,0,0,0
390724,2,1,1997,0,0,0,0,0,0,0,0,0,0
390724,3,1,1997,0,0,0,0,0,0,0,0,0,0
390725,1,1,1997,0,0,0,0,0,0,0,0,0,18
390726,0,1,1997,2,2,2,2,2,2,2,2,2,2
390726,1,1,1997,2,2,2,2,2,2,2,2,2,2
390727,1,1,1997,0,0,0,0,0,0,0,0,0,0
390727,2,1,1997,0,0,0,0,0,0,0,0,0,0
390728,1,1,1997,0,0,0,0,0,0,0,0,0,0
390728,2,1,1997,0,0,0,0,0,0,0,0,0,0
390729,1,1,1997,0,0,0,0,0,0,0,0,0,0
390729,2,1,1997,0,0,0,0,0,0,0,0,0,0
390730,1,1,1997,0,0,10,0,0,0,0,0,0,0
390730,2,1,1997,0,0,0,0,0,0,0,0,0,0
390731,1,1,1997,0,0,0,0,0,0,0,0,0,0
390731,2,1,1997,0,0,0,0,0,0,0,0,0,0
390732,1,1,1997,2,2,2,2,2,2,2,2,2,2
390732,2,1,1997,0,0,0,0,0,0,0,0,0,0
390733,1,1,1997,0,0,0,0,0,0,0,0,0,0
390733,2,1,1997,0,0,0,0,0,25,0,0,0,0
390734,1,1,1997,18,18,18,18,18,18,18,18,18,18
390734,2,1,1997,18,18,18,18,18,18,18,18,18,18
390735,0,1,1997,0,0,0,0,0,0,0,0,0,0
390735,1,1,1997,0,0,0,0,0,0,0,0,0,0
390736,1,1,1997,0,0,0,0,0,0,0,0,0,0
390736,2,1,1997,0,0,0,0,0,0,0,0,0,0
390737,1,1,1997,0,0,0,0,0,0,0,0,0,0
390737,2,1,1997,0,0,0,0,0,0,0,0,0,0
390738,0,1,1997,0,7,41,30,0,0,0,0,0,0
390738,1,1,1997,0,0,0,0,0,0,0,0,0,0
390739,1,1,1997,27,27,27,27,27,27,27,27,27,27
390740,1,1,1997,35,14,18,8,20,30,16,14,20,25
390741,1,1,1997,0,0,0,0,0,0,0,0,0,0
390741,2,1,1997,0,0,0,0,0,0,0,0,0,0
390742,1,1,1997,0,0,0,0,0,0,0,0,0,0
390742,2,1,1997,0,0,0,0,0,0,0,0,0,0
390743,1,1,1997,0,0,0,0,0,0,0,0,0,0
390743,2,1,1997,0,0,0,0,0,0,0,0,0,0
390744,0,1,1997,0,0,0,0,0,0,0,0,0,0
390744,1,1,1997,0,0,0,0,0,0,0,0,0,0
390745,1,1,1997,23,23,23,23,23,23,23,23,23,23
390746,1,1,1997,25,16,34,19,24,15,21,17,0,26
390746,2,1,1997,0,22,23,14,10,7,0,0,16,27
390747,1,1,1997,0,0,0,0,0,0,0,0,0,0
390747,2,1,1997,0,0,0,0,0,0,0,0,0,0
390748,1,1,1997,0,0,0,0,0,0,0,0,0,0
390748,2,1,1997,0,0,0,9,0,0,0,0,0,0
390749,1,1,1997,18,18,18,18,18,18,18,18,18,18
390750,1,1,1997,0,0,0,0,0,0,0,0,0,0
390750,2,1,1997,0,0,0,0,0,0,0,0,0,0
390751,1,1,1997,0,0,0,0,0,0,0,0,0,0
390751,2,1,1997,0,0,0,0,0,0,0,0,0,0
390752,1,1,1997,0,0,0,0,0,0,0,0,0,0
390752,2,1,1997,0,0,0,0,0,0,0,0,0,0
390752,3,1,1997,0,0,0,0,0,0,0,0,0,0
390753,1,1,1997,0,0,0,0,0,0,0,0,0,0
390754,1,1,1997,0,0,0,0,0,0,0,0,0,0
390755,1,1,1997,0,8,0,0,0,10,0,0,0,0
390755,2,1,1997,0,0,0,0,0,0,0,0,0,0
390756,1,1,1997,0,0,0,0,0,0,0,0,0,0
390756,2,1,1997,0,0,0,0,0,0,0,0,0,0
390757,1,1,1997,0,0,0,0,0,0,0,0,0,0
390757,2,1,1997,0,0,0,0,0,0,0,0,0,0
390758,1,1,1997,11,11,11,11,11,11,11,11,11,11
390759,1,1,1997,0,0,0,0,0,0,0,0,0,0
390760,1,1,1997,0,0,0,0,0,22,0,0,0,0
390761,0,1,1997,0,0,0,0,0,0,0,0,0,0
390761,1,1,1997,0,0,0,0,0,0,0,0,0,0
390762,1,1,1997,0,0,0,0,0,0,0,0,0,0
390762,2,1,1997,0,0,0,0,0,0,0,0,0,0
390762,3,1,1997,0,0,0,22,0,0,0,0,0,0
390763,1,1,1997,0,0,0,0,0,0,0,0,0,0
390763,2,1,1997,0,0,0,0,0,18,0,0,0,0
390764,1,1,1997,0,0,0,0,0,0,0,0,0,0
390764,2,1,1997,0,0,0,0,0,0,0,0,0,0
390765,0,1,1997,0,0,0,0,0,9,0,0,0,23
390765,1,1,1997,0,0,0,0,0,0,0,0,0,0
390766,1,1,1997,0,0,0,0,0,0,0,0,0,0
390766,2,1,1997,11,11,11,11,11,11,11,11,11,11
390767,1,1,1997,15,15,15,15,15,15,15,15,15,15
390768,1,1,1997,0,0,0,0,0,0,0,0,0,0
390768,2,1,1997,7,7,7,7,7,7,7,7,7,7
390769,1,1,1997,0,0,0,0,0,0,0,0,0,0
390769,2,1,1997,9,9,9,9,9,9,9,9,9,9
390770,1,1,1997,0,0,0,0,16,0,0,0,0,0
390770,2,1,1997,0,0,0,0,0,0,0,0,0,0
390771,1,1,1997,10,0,0,0,0,11,0,0,13,19
390771,2,1,1997,0,0,0,0,0,0,0,0,0,0
390772,1,1,1997,12,21,19,20,23,18,10,7,12,25
390772,2,1,1997,0,0,0,0,16,11,0,0,0,0
390773,1,1,1997,18,18,18,18,18,18,18,18,18,18
390774,1,1,1997,0,0,0,0,0,0,0,0,0,0
390774,2,1,1997,0,0,0,0,0,0,0,0,0,0
390775,1,1,1997,0,0,0,0,0,0,0,0,0,0
390775,2,1,1997,0,0,0,0,0,0,0,0,0,0
390776,1,1,1997,0,0,0,0,0,0,0,0,0,0
390776,2,1,1997,0,0,0,0,0,0,0,0,0,0
390777,1,1,1997,0,0,0,0,15,0,0,24,0,0
390778,1,1,1997,0,0,0,0,13,0,0,9,9,0
390778,2,1,1997,0,0,0,0,0,0,0,0,0,0
390779,1,1,1997,28,28,28,28,28,28,28,28,28,28
390780,1,1,1997,8,8,8,8,8,8,8,8,8,8
390781,1,1,1997,5,5,5,5,5,5,5,5,5,5
390781,2,1,1997,15,18,0,19,0,0,0,22,0,0
390782,1,1,1997,0,0,0,0,0,0,0,0,0,0
390782,2,1,1997,0,0,0,0,0,0,0,0,0,0
390783,0,1,1997,0,0,0,0,0,0,0,12,0,0
390783,1,1,1997,0,0,0,0,0,0,0,0,0,0
390784,1,1,1997,0,0,0,0,0,0,0,0,0,0
390784,2,1,1997,11,0,0,0,0,0,0,0,0,0
390785,0,1,1997,0,0,0,0,0,0,0,0,0,0
390785,1,1,1997,0,0,0,0,0,0,0,0,0,0
390786,1,1,1997,0,0,0,0,0,0,0,0,0,0
390786,2,1,1997,11,0,0,0,0,0,0,0,0,0
390787,1,1,1997,0,0,0,0,0,0,0,0,0,0
390787,2,1,1997,0,0,0,0,0,0,0,0,0,0
390788,0,1,1997,0,3,0,0,0,21,0,0,0,0
390788,1,1,1997,0,0,0,0,0,18,0,0,0,0
390789,0,1,1997,8,13,22,0,21,14,16,24,15,18
390789,1,1,1997,0,0,0,0,0,0,0,0,0,0
390790,1,1,1997,0,0,0,0,0,0,0,0,0,0
390791,1,1,1997,0,0,0,0,0,0,0,0,0,0
390791,2,1,1997,12,21,12,14,26,14,17,16,9,15
390792,1,1,1997,0,0,0,0,0,0,0,0,0,0
390793,0,1,1997,0,0,0,0,0,0,0,5,0,0
390793,1,1,1997,0,0,0,0,0,0,0,0,0,0
390794,1,1,1997,17,11,11,13,22,0,15,0,7,5
390795,1,1,1997,0,0,0,0,0,0,0,0,0,0
390795,2,1,1997,0,0,0,0,0,0,0,0,0,21
390796,1,1,1997,0,0,0,0,0,0,0,0,0,0
390796,2,1,1997,0,0,0,0,0,0,0,0,0,0
390797,1,1,1997,17,17,17,17,17,17,17,17,17,17
390798,1,1,1997,13,13,13,13,13,13,13,13,13,13
390799,1,1,1997,19,16,14,3,17,16,16,4,8,15
390800,1,1,1997,0,0,0,0,0,0,0,0,0,0
390801,1,1,1997,13,13,13,13,13,13,13,13,13,13
390802,1,1,1997,16,16,16,16,16,16,16,16,16,16
390803,1,1,1997,15,15,15,15,15,15,15,15,15,15
390804,1,1,1997,0,0,0,0,0,0,0,0,0,0
390804,2,1,1997,0,0,0,0,0,0,0,0,0,0
390805,1,1,1997,13,13,13,13,13,13,13,13,13,13
390806,1,1,1997,11,11,11,11,11,11,11,11,11,11
390807,1,1,1997,0,0,0,0,0,0,0,0,0,0
390807,2,1,1997,0,0,0,0,0,0,0,27,0,0
390808,1,1,1997,0,0,0,0,0,0,0,0,0,0
390808,2,1,1997,0,0,0,0,0,0,0,0,0,0
390809,1,1,1997,0,0,0,0,0,0,0,0,0,0
390810,1,1,1997,16,16,16,16,16,16,16,16,16,16
390811,1,1,1997,0,0,0,0,0,0,0,0,0,0
390812,1,1,1997,18,28,26,7,10,16,0,25,16,16
390812,2,1,1997,0,0,0,0,0,10,0,0,0,0
390812,3,1,1997,26,9,5,3,26,29,20,24,33,25
390813,1,1,1997,5,5,5,5,5,5,5,5,5,5
390814,1,1,1997,28,28,28,28,28,28,28,28,28,28
390815,1,1,1997,0,0,0,0,0,0,0,0,0,0
390815,2,1,1997,20,32,0,0,0,15,0,24,0,0
390816,1,1,1997,9,9,9,9,9,9,9,9,9,9
390817,1,1,1997,0,0,15,0,0,0,0,0,0,0
390817,2,1,1997,26,33,10,12,13,14,7,21,13,19
390818,1,1,1997,25,28,36,16,19,20,14,12,17,6
390819,1,1,1997,13,13,13,13,13,13,13,13,13,13
390819,2,1,1997,0,0,0,0,0,0,0,0,0,0
390820,1,1,1997,22,22,22,22,22,22,22,22,22,22
390821,1,1,1997,0,0,0,0,0,0,0,0,0,0
390822,1,1,1997,0,0,0,0,0,0,0,0,0,0
390822,2,1,1997,0,0,0,0,0,0,0,0,0,0
390822,3,1,1997,0,0,0,0,0,0,0,0,0,0
390823,1,1,1997,1,1,1,1,1,1,1,1,1,1
390823,2,1,1997,0,0,0,0,0,0,0,0,0,0
390824,1,1,1997,0,0,0,0,0,0,0,15,14,0
390825,1,1,1997,0,11,0,15,12,0,25,0,0,0
390826,1,1,1997,16,0,0,0,13,0,0,0,0,0
390827,1,1,1997,9,9,9,9,9,9,9,9,9,9
390828,1,1,1997,11,22,31,20,10,0,6,14,0,11
390829,1,1,1997,0,0,0,0,0,0,0,0,0,0
390829,2,1,1997,0,0,0,0,0,0,0,0,0,0
390829,3,1,1997,0,0,0,0,0,0,0,0,0,0
390829,4,1,1997,0,0,0,0,0,0,0,0,0,0