ST_CASE,VEH_NO,PER_NO,YEAR,P1,P2,P3,P4,P5,P6,P7,P8,P9,P10
390830,1,1,1997,28,28,28,28,28,28,28,28,28,28
390830,2,1,1997,0,0,0,0,14,0,0,0,0,0
390831,1,1,1997,5,5,5,5,5,5,5,5,5,5
390832,1,1,1997,13,16,0,21,27,20,0,3,5,0
390833,1,1,1997,0,17,0,0,0,0,0,0,0,0
390834,1,1,1997,7,0,9,13,0,0,0,0,16,0
390835,1,1,1997,14,18,11,17,20,19,33,0,0,33
390836,1,1,1997,25,25,25,25,25,25,25,25,25,25
390837,1,1,1997,21,33,19,16,14,12,22,32,33,16
390838,1,1,1997,0,0,0,0,0,0,0,0,0,0
390838,2,1,1997,0,0,0,0,0,0,0,0,0,0
390839,1,1,1997,0,0,0,0,0,0,0,0,0,0
390839,2,1,1997,0,0,0,0,17,0,0,0,0,0
390840,1,1,1997,0,0,0,0,0,0,0,0,0,0
390840,2,1,1997,0,0,8,0,0,0,0,2,12,0
390841,1,1,1997,0,4,0,22,0,3,0,0,0,0
390841,2,1,1997,0,0,0,0,0,0,0,0,0,0
390842,1,1,1997,0,0,0,0,0,0,0,0,0,0
390843,1,1,1997,0,0,0,0,0,0,0,0,0,0
390843,2,1,1997,0,0,0,0,0,0,0,0,0,0
390843,3,1,1997,0,15,0,0,0,0,0,0,0,14
390844,1,1,1997,0,0,0,0,0,0,0,0,0,0
390844,2,1,1997,0,0,0,0,0,0,0,0,0,0
390844,3,1,1997,0,0,0,0,0,0,0,0,0,0
390845,1,1,1997,0,0,0,0,0,11,0,0,0,0
390846,1,1,1997,0,0,0,15,21,0,0,0,0,0
390847,1,1,1997,0,0,0,0,0,0,0,0,0,0
390847,2,1,1997,0,0,0,0,0,0,0,0,0,0
390848,1,1,1997,0,0,0,21,0,0,0,0,0,0
390848,2,1,1997,0,0,0,0,0,0,0,0,0,0
390849,0,1,1997,0,0,0,0,0,0,0,0,0,0
390849,1,1,1997,0,0,0,0,0,0,0,0,0,0
390850,1,1,1997,0,26,11,9,25,8,6,34,20,35
390851,1,1,1997,19,19,19,19,19,19,19,19,19,19
390851,2,1,1997,11,11,11,11,11,11,11,11,11,11
390852,1,1,1997,0,0,0,9,0,0,4,0,0,0
390853,1,1,1997,0,33,0,0,0,0,0,0,0,0
390854,1,1,1997,12,20,17,18,18,22,22,11,25,23
390855,1,1,1997,0,0,0,0,0,0,0,0,0,0
390855,2,1,1997,0,0,0,0,0,0,0,0,0,0
390856,1,1,1997,0,0,0,0,0,0,0,0,0,0
390857,1,1,1997,14,12,5,16,12,5,16,25,13,8
390858,0,1,1997,0,0,0,0,0,0,0,0,0,0
390858,0,2,1997,0,0,0,22,0,0,0,0,0,0
390858,1,1,1997,0,0,15,0,0,0,0,0,0,0
390859,1,1,1997,0,0,0,0,0,0,0,0,0,0
390860,1,1,1997,31,21,0,0,0,35,0,15,0,0
390861,0,1,1997,0,0,0,0,0,0,0,0,0,0
390861,1,1,1997,0,0,0,0,0,0,0,0,0,0
390862,1,1,1997,0,0,0,0,0,0,0,0,0,0
390863,0,1,1997,0,0,0,0,0,0,0,0,8,0
390863,1,1,1997,0,0,0,0,0,0,0,0,0,0
390864,1,1,1997,14,14,14,14,14,14,14,14,14,14
390865,1,1,1997,0,0,0,0,0,0,0,0,0,0
390865,2,1,1997,0,0,0,0,0,0,0,0,0,0
390866,1,1,1997,0,0,0,0,0,0,0,0,0,0
390866,2,1,1997,16,0,24,9,0,10,15,5,20,7
390867,1,1,1997,0,0,0,0,0,5,0,0,0,0
390867,2,1,1997,0,0,0,0,0,0,0,0,0,0
390868,1,1,1997,0,0,0,0,6,0,0,0,0,0
390869,1,1,1997,30,37,32,13,27,11,25,11,15,22
390870,1,1,1997,29,29,29,29,29,29,29,29,29,29
390871,1,1,1997,10,10,10,10,10,10,10,10,10,10
390872,1,1,1997,0,0,0,0,0,0,0,0,0,0
390872,2,1,1997,0,0,0,0,0,0,0,0,0,0
390873,1,1,1997,6,6,6,6,6,6,6,6,6,6
390873,2,1,1997,0,0,0,0,0,0,0,0,0,0
390873,3,1,1997,0,0,0,0,0,0,0,0,0,0
390874,1,1,1997,0,0,0,0,0,0,0,0,0,0
390874,2,1,1997,0,0,0,0,0,19,0,0,0,0
390874,3,1,1997,0,0,6,0,0,0,0,0,0,0
390875,1,1,1997,11,11,11,11,11,11,11,11,11,11
390876,1,1,1997,0,0,0,0,0,0,0,0,0,0
390876,2,1,1997,0,11,7,0,0,0,0,6,10,0
390877,1,1,1997,0,0,0,0,0,0,0,0,0,0
390878,1,1,1997,0,0,0,0,0,0,0,0,0,0
390879,1,1,1997,0,0,0,0,0,0,0,0,0,0
390880,1,1,1997,0,23,0,0,0,0,0,0,0,0
390880,2,1,1997,0,0,0,0,0,0,0,0,0,0
390880,3,1,1997,0,0,0,0,0,0,0,0,0,0
390881,0,1,1997,0,0,0,0,0,0,0,0,0,0
390881,1,1,1997,0,0,0,0,0,0,0,0,0,0
390882,1,1,1997,0,0,0,0,0,0,0,0,0,0
390882,2,1,1997,0,0,0,0,0,5,0,0,0,0
390883,1,1,1997,0,0,0,0,0,0,0,0,0,0
390884,1,1,1997,0,0,0,0,0,0,0,0,0,0
390884,2,1,1997,0,0,0,0,0,0,0,0,0,0
390885,1,1,1997,0,0,0,0,0,0,0,0,0,0
390885,2,1,1997,0,0,0,0,0,0,0,0,0,0
390886,1,1,1997,11,11,11,11,11,11,11,11,11,11
390887,1,1,1997,0,0,0,0,0,0,0,0,0,0
390887,2,1,1997,0,0,0,0,0,0,0,0,0,0
390888,1,1,1997,0,0,0,0,0,0,0,0,0,0
390888,2,1,1997,0,0,0,0,0,0,0,0,0,0
390889,0,1,1997,0,0,0,0,0,0,0,0,0,0
390889,1,1,1997,0,0,0,0,0,0,0,0,0,0
390890,1,1,1997,0,0,0,0,0,0,0,0,0,0
390890,2,1,1997,0,0,0,0,0,0,0,0,0,0
390891,1,1,1997,0,0,0,0,0,0,0,0,0,0
390891,2,1,1997,0,0,0,0,0,0,0,0,0,24
390892,0,1,1997,0,0,0,15,16,0,5,0,9,0
390892,1,1,1997,0,0,0,0,0,0,0,0,0,0
390893,0,1,1997,0,0,0,0,0,0,0,0,0,0
390893,1,1,1997,0,0,0,0,0,0,0,0,0,0
390894,0,1,1997,0,0,0,0,0,0,21,13,0,0
390894,1,1,1997,0,0,0,0,0,0,0,0,0,0
390895,1,1,1997,0,0,0,0,0,0,0,0,0,0
390895,2,1,1997,0,0,0,0,0,0,0,0,0,0
390896,1,1,1997,0,0,0,0,0,0,0,0,0,0
390896,2,1,1997,0,0,0,0,0,0,0,0,0,0
390897,1,1,1997,29,29,29,29,29,29,29,29,29,29
390898,0,1,1997,0,0,0,0,0,0,0,0,0,0
390898,1,1,1997,7,7,7,7,7,7,7,7,7,7
390899,1,1,1997,0,0,0,0,0,0,0,0,0,0
390899,2,1,1997,0,0,0,0,0,15,0,0,0,0
390900,1,1,1997,0,0,0,0,0,0,0,0,0,0
390901,0,1,1997,0,0,0,0,0,0,0,0,0,0
390901,1,1,1997,0,27,0,0,0,0,0,0,0,0
390902,1,1,1997,0,0,0,0,0,0,0,0,27,0
390903,1,1,1997,0,0,0,0,0,0,0,0,0,0
390903,2,1,1997,0,0,0,0,0,0,0,0,0,0
390904,1,1,1997,0,0,0,0,0,0,0,0,0,0
390904,2,1,1997,0,0,8,0,0,0,0,0,0,0
390905,0,1,1997,0,0,0,0,0,0,0,0,0,0
390905,1,1,1997,0,0,0,0,0,0,0,0,0,0
390906,1,1,1997,26,26,26,26,26,26,26,26,26,26
390906,2,1,1997,0,0,0,0,0,0,0,0,0,0
390907,1,1,1997,16,16,16,16,16,16,16,16,16,16
390908,1,1,1997,0,0,7,0,0,0,0,16,12,0
390909,1,1,1997,0,0,0,0,0,0,0,0,0,0
390909,2,1,1997,0,0,0,0,0,0,0,0,0,6
390910,1,1,1997,0,0,0,0,0,0,0,0,0,0
390911,1,1,1997,0,0,0,0,0,0,0,0,0,0
390911,2,1,1997,0,0,0,0,0,0,0,0,0,0
390912,1,1,1997,0,0,0,0,0,0,0,0,0,0
390912,2,1,1997,0,0,0,0,11,0,17,0,0,0
390913,1,1,1997,0,0,0,0,0,0,0,0,0,0
390913,2,1,1997,0,0,0,0,0,0,0,0,0,0
390913,3,1,1997,0,0,0,0,0,0,0,0,0,0
390914,1,1,1997,0,0,0,0,0,7,0,0,0,0
390914,2,1,1997,0,0,0,0,0,0,0,0,0,0
390915,1,1,1997,0,0,0,0,0,0,0,0,0,0
390915,2,1,1997,0,0,0,0,0,0,0,0,0,0
390916,1,1,1997,0,0,0,0,0,0,0,0,0,0
390917,1,1,1997,28,28,28,28,28,28,28,28,28,28
390918,1,1,1997,0,0,0,0,0,0,0,0,0,0
390918,2,1,1997,0,0,0,0,0,0,0,0,0,0
390919,1,1,1997,0,0,4,0,17,0,0,0,9,0
390920,1,1,1997,0,0,0,0,0,0,0,0,0,0
390921,1,1,1997,0,0,0,28,0,0,8,0,0,0
390921,2,1,1997,0,0,0,0,0,0,0,0,0,0
390922,1,1,1997,0,0,0,0,0,0,0,0,0,0
390922,2,1,1997,12,12,12,12,12,12,12,12,12,12
390923,1,1,1997,17,17,17,17,17,17,17,17,17,17
390924,1,1,1997,0,0,0,0,0,0,0,0,0,0
390924,2,1,1997,0,0,0,0,0,0,0,0,0,0
390925,1,1,1997,0,0,0,18,0,0,0,0,0,0
390926,1,1,1997,0,0,0,0,0,0,0,0,0,0
390926,2,1,1997,0,0,0,0,0,0,0,0,0,0
390927,1,1,1997,13,13,13,13,13,13,13,13,13,13
390927,2,1,1997,0,0,0,0,0,0,0,0,0,0
390927,3,1,1997,0,0,0,0,0,0,0,0,0,0
390928,1,1,1997,0,0,0,0,0,0,0,0,0,0
390928,2,1,1997,0,0,0,0,0,0,0,0,0,0
390930,0,1,1997,0,0,0,0,0,0,0,0,0,0
390930,1,1,1997,0,0,0,0,0,16,0,0,0,0
390931,1,1,1997,0,0,0,0,0,0,0,0,0,0
390931,2,1,1997,0,0,0,0,0,0,0,0,0,0
390932,1,1,1997,0,0,0,0,0,0,0,0,17,0
390932,2,1,1997,0,0,0,0,0,0,0,0,0,0
390933,1,1,1997,0,0,0,0,0,0,0,0,0,0
390933,2,1,1997,0,0,0,0,0,0,0,0,0,0
390934,1,1,1997,0,0,0,0,0,0,0,0,0,0
390934,2,1,1997,0,0,0,0,0,0,0,0,0,0
390935,0,1,1997,12,21,42,19,12,16,27,0,16,0
390935,1,1,1997,17,24,0,21,0,7,0,0,0,16
390936,1,1,1997,6,6,6,6,6,6,6,6,6,6
390936,2,1,1997,1,1,1,1,1,1,1,1,1,1
390937,1,1,1997,4,45,24,16,24,32,16,22,10,19
390938,1,1,1997,2,7,18,40,16,12,28,5,23,12
390939,0,1,1997,0,0,0,0,0,0,0,0,0,0
390939,1,1,1997,0,0,0,0,0,0,0,0,0,0
390940,1,1,1997,11,11,11,11,11,11,11,11,11,11
390940,2,1,1997,0,0,0,0,0,0,0,0,0,0
390941,1,1,1997,0,25,13,22,0,0,0,15,10,10
390942,0,1,1997,0,0,0,0,0,0,0,0,0,0
390942,1,1,1997,0,0,0,0,0,0,0,0,0,0
390943,0,1,1997,0,0,0,0,22,17,0,8,0,0
390943,1,1,1997,0,0,0,0,0,0,0,0,0,0
390944,1,1,1997,0,0,0,0,0,0,0,0,0,0
390944,2,1,1997,0,0,0,0,0,0,0,0,0,0
390945,1,1,1997,22,22,22,22,22,22,22,22,22,22
390945,2,1,1997,0,0,0,0,0,0,0,0,0,0
390946,1,1,1997,20,20,20,20,20,20,20,20,20,20
390947,1,1,1997,16,0,0,0,0,0,0,0,0,0
390948,1,1,1997,0,14,0,0,12,29,0,0,0,15
390949,1,1,1997,22,0,14,27,29,0,15,18,0,23
390950,1,1,1997,7,7,7,7,7,7,7,7,7,7
390951,1,1,1997,20,20,20,20,20,20,20,20,20,20
390952,1,1,1997,13,23,32,28,13,20,40,25,32,29
390953,1,1,1997,14,14,14,14,14,14,14,14,14,14
390953,2,1,1997,0,0,0,0,0,0,0,0,0,0
390954,1,1,1997,0,0,0,0,0,0,0,0,0,0
390955,1,1,1997,0,0,0,0,0,0,0,0,0,0
390956,0,1,1997,0,0,0,0,0,0,0,0,15,0
390956,0,2,1997,0,24,0,28,24,6,37,28,0,12
390956,2,1,1997,0,0,0,0,0,0,0,7,0,0
390956,3,1,1997,0,0,0,0,0,0,0,0,0,0
390956,4,1,1997,0,0,0,0,0,0,0,0,0,0
390957,1,1,1997,0,0,0,0,0,0,16,0,0,0
390957,2,1,1997,0,0,0,0,0,0,0,0,0,0
390958,1,1,1997,0,0,0,0,0,0,0,0,0,0
390958,2,1,1997,0,0,0,0,25,10,0,0,13,9
390959,1,1,1997,35,35,35,35,35,35,35,35,35,35
390959,2,1,1997,0,0,0,0,0,6,0,0,0,0
390960,1,1,1997,0,0,0,0,0,0,0,0,0,0
390961,1,1,1997,0,0,0,0,0,0,0,0,0,0
390961,2,1,1997,13,0,0,0,0,0,0,0,0,0
390962,1,1,1997,0,0,0,2,8,0,0,0,0,0
390963,1,1,1997,0,0,0,0,0,0,0,0,0,0
390963,2,1,1997,0,0,0,0,0,0,0,0,0,0
390964,1,1,1997,13,13,13,13,13,13,13,13,13,13
390965,1,1,1997,0,26,0,0,0,0,0,0,0,0
390966,0,1,1997,0,0,0,0,0,0,0,0,0,0
390966,1,1,1997,0,0,0,0,0,0,0,0,0,0
390966,2,1,1997,0,0,0,0,0,0,0,0,0,0
390967,1,1,1997,0,0,0,0,0,0,0,0,0,0
390967,2,1,1997,0,0,0,9,0,0,0,0,0,0
390968,1,1,1997,0,0,0,0,0,0,0,0,0,0
390968,2,1,1997,0,0,0,0,0,0,0,0,0,0
390969,1,1,1997,0,0,0,0,0,0,0,0,0,0
390970,1,1,1997,0,20,0,0,0,0,0,0,0,0
390970,2,1,1997,0,0,5,0,0,0,0,0,0,0
390971,1,1,1997,8,8,8,8,8,8,8,8,8,8
390972,1,1,1997,0,0,0,0,0,0,0,0,0,0
390973,1,1,1997,0,0,0,0,0,0,0,0,0,0
390973,2,1,1997,0,0,0,0,0,0,0,0,0,26
390974,1,1,1997,0,0,0,0,0,0,0,8,0,0
390974,2,1,1997,0,0,0,0,0,0,0,0,0,0
390974,3,1,1997,0,0,0,0,0,0,0,0,5,0
390975,1,1,1997,0,0,0,0,0,0,0,0,0,0
390975,2,1,1997,0,0,0,0,0,0,0,17,0,0
390976,0,1,1997,20,0,0,0,0,0,0,0,0,0
390976,1,1,1997,0,0,0,0,0,0,0,0,0,0
390977,1,1,1997,0,0,0,0,0,0,0,0,0,0
390977,2,1,1997,0,0,0,0,0,0,0,0,0,0
390978,0,1,1997,0,0,0,0,0,0,0,0,0,0
390978,1,1,1997,0,0,0,0,0,0,0,0,0,0
390979,1,1,1997,0,0,0,0,27,0,25,0,0,0
390980,1,1,1997,22,22,22,22,22,22,22,22,22,22
390981,1,1,1997,11,7,31,14,30,17,27,7,19,20
390982,0,1,1997,0,0,0,0,0,0,0,0,0,0
390982,1,1,1997,0,0,0,0,0,0,0,0,0,0
390983,1,1,1997,0,0,0,0,0,0,0,0,0,0
390984,1,1,1997,12,12,12,12,12,12,12,12,12,12
390984,2,1,1997,0,0,0,0,0,0,0,0,0,0
390985,1,1,1997,0,0,0,0,0,0,0,0,0,0
390985,2,1,1997,0,0,0,0,0,0,0,0,0,0
390986,1,1,1997,15,35,22,9,17,16,54,31,31,17
390987,1,1,1997,23,23,23,23,23,23,23,23,23,23
390987,2,1,1997,0,0,0,0,0,0,11,0,0,0
390988,1,1,1997,0,0,0,0,0,0,0,0,0,0
390988,2,1,1997,0,0,0,0,0,0,0,0,0,0
390989,1,1,1997,0,0,0,0,0,0,0,0,0,0
390989,2,1,1997,0,0,0,0,0,0,0,0,0,0
390990,1,1,1997,0,0,0,0,0,0,0,0,0,0
390991,1,1,1997,0,0,0,0,0,0,0,0,0,0
390991,2,1,1997,0,0,0,0,0,0,0,0,0,0
390992,1,1,1997,0,0,0,0,0,0,0,0,5,0
390992,2,1,1997,0,0,0,0,0,0,0,0,0,0
390993,1,1,1997,0,0,0,0,0,0,0,0,0,0
390993,2,1,1997,0,0,0,0,0,0,0,0,0,0
390994,1,1,1997,0,0,0,15,0,0,0,0,0,0
390994,2,1,1997,0,0,0,0,0,0,0,0,0,0
390995,1,1,1997,0,31,19,8,15,0,25,16,0,0
390996,1,1,1997,0,19,28,27,16,17,17,7,23,14
390997,1,1,1997,0,0,0,0,0,0,0,0,0,0
390997,2,1,1997,24,0,24,0,0,0,0,0,0,0
390997,3,1,1997,0,0,0,0,0,0,0,0,0,0
390998,1,1,1997,0,0,0,0,0,0,0,0,0,0
390998,2,1,1997,0,0,0,0,0,0,0,0,0,0
390999,1,1,1997,0,0,0,0,0,0,0,0,0,0
390999,2,1,1997,0,0,0,0,0,0,0,0,0,0
391000,0,1,1997,0,0,0,0,0,0,0,0,0,0
391000,1,1,1997,0,0,0,0,0,0,0,0,0,0
391001,1,1,1997,8,15,16,14,8,11,5,3,6,0
391001,2,1,1997,0,5,0,19,0,0,17,0,5,0
391002,1,1,1997,0,0,0,0,0,0,0,0,0,0
391002,2,1,1997,0,0,0,0,0,0,0,0,0,0
391003,1,1,1997,0,0,0,0,0,0,0,0,0,0
391004,0,1,1997,0,0,0,0,0,0,0,0,0,0
391004,1,1,1997,0,0,0,0,0,0,0,0,0,0
391005,0,1,1997,0,0,0,0,0,0,0,0,0,0
391005,1,1,1997,0,0,0,0,0,0,0,0,0,0
391006,1,1,1997,18,18,18,18,18,18,18,18,18,18
391007,1,1,1997,0,0,0,0,0,0,0,0,0,0
391008,1,1,1997,0,0,0,17,7,0,0,20,5,9
391009,1,1,1997,0,0,0,0,0,0,0,0,0,0
391009,2,1,1997,11,0,21,14,0,6,20,14,12,8
391010,1,1,1997,0,0,0,0,0,0,0,0,0,0
391011,1,1,1997,8,8,8,8,8,8,8,8,8,8
391011,2,1,1997,19,19,19,19,19,19,19,19,19,19
391012,1,1,1997,0,0,0,0,0,0,0,0,0,0
391013,1,1,1997,0,0,0,0,0,0,0,0,0,0
391014,1,1,1997,0,0,0,0,0,0,0,11,11,0
391015,1,1,1997,3,3,3,3,3,3,3,3,3,3
391016,0,1,1997,0,0,0,0,0,0,0,0,0,0
391016,1,1,1997,0,0,0,0,0,0,0,0,0,0
391017,1,1,1997,24,24,24,24,24,24,24,24,24,24
391018,1,1,1997,0,0,0,0,0,0,0,0,0,0
391018,2,1,1997,0,0,0,0,0,0,0,0,0,0
391019,1,1,1997,21,0,8,17,23,16,17,17,10,15
391020,0,1,1997,28,15,28,24,15,27,9,15,0,22
391020,1,1,1997,0,0,0,0,0,0,0,0,0,0
391021,0,1,1997,0,0,0,0,0,0,0,0,0,0
391021,1,1,1997,0,0,0,0,0,0,0,0,0,0
391022,1,1,1997,0,0,18,0,0,0,0,0,0,0
391022,2,1,1997,0,0,0,0,0,0,0,26,0,0
391022,3,1,1997,0,0,0,0,0,0,0,29,0,0
391022,4,1,1997,0,0,17,0,0,0,0,16,0,0
391023,1,1,1997,0,0,0,0,0,0,0,0,0,0
391023,2,1,1997,0,0,0,0,0,8,0,0,0,0
391023,3,1,1997,0,0,0,0,0,0,0,0,0,0
391024,1,1,1997,4,12,26,13,15,5,0,15,0,15
391024,2,1,1997,0,0,0,0,0,0,0,0,0,0
391025,0,1,1997,13,20,26,0,15,0,8,29,0,0
391025,1,1,1997,0,0,0,0,0,0,0,0,0,0
391026,0,1,1997,15,23,0,16,0,0,5,20,0,19
391026,1,1,1997,26,26,26,26,26,26,26,26,26,26
391027,1,1,1997,25,25,25,25,25,25,25,25,25,25
391027,2,1,1997,1,1,1,1,1,1,1,1,1,1
391028,1,1,1997,0,0,0,0,0,0,0,0,0,0
391028,2,1,1997,0,0,0,0,0,0,0,0,0,0
391029,1,1,1997,13,12,31,16,38,24,22,17,25,53
391030,1,1,1997,0,0,0,0,0,0,0,0,0,0
391030,2,1,1997,0,0,0,0,0,0,0,0,0,0
391031,1,1,1997,0,0,0,0,0,0,0,0,0,0
391032,1,1,1997,0,0,15,7,0,0,0,0,0,0
391033,1,1,1997,0,0,0,0,0,0,0,0,0,0
391033,2,1,1997,0,0,0,0,0,0,0,0,0,0
391034,1,1,1997,0,0,0,0,0,0,0,0,0,0
391034,2,1,1997,0,0,0,0,0,37,0,0,0,0
391035,1,1,1997,0,0,0,0,0,0,0,2,0,0
391035,2,1,1997,0,0,0,0,0,0,0,0,0,0
391036,1,1,1997,0,0,0,0,0,0,0,0,0,0
391036,2,1,1997,0,0,0,0,0,0,0,0,0,0
391037,1,1,1997,13,13,13,13,13,13,13,13,13,13
391038,1,1,1997,0,9,0,0,0,22,0,0,0,0
391039,1,1,1997,0,0,0,0,0,0,0,0,0,0
391039,2,1,1997,0,0,0,0,0,0,0,0,0,0
391040,1,1,1997,0,0,0,0,0,0,0,0,0,0
391040,2,1,1997,0,0,0,0,0,0,0,0,0,0
391041,1,1,1997,0,0,0,0,0,0,0,0,0,0
391042,1,1,1997,0,0,0,0,0,0,0,0,0,0
391043,1,1,1997,0,0,11,0,0,0,21,0,0,0
391043,2,1,1997,0,0,0,0,0,0,0,0,0,0
391044,1,1,1997,0,0,0,0,0,0,0,0,0,0
391044,2,1,1997,0,0,0,0,0,0,0,0,0,0
391045,1,1,1997,0,0,0,0,0,0,0,0,0,0
391045,2,1,1997,0,0,0,0,0,0,0,0,0,0
391046,1,1,1997,0,0,0,0,0,11,0,0,0,0
391046,2,1,1997,0,0,0,0,0,0,0,0,0,0
391047,1,1,1997,0,0,0,0,0,0,0,0,0,0
391048,1,1,1997,0,0,0,0,0,0,0,0,0,0
391048,2,1,1997,0,0,0,0,0,0,0,0,0,0
391049,1,1,1997,25,25,25,25,25,25,25,25,25,25
391050,1,1,1997,15,29,0,0,18,0,0,21,3,9
391051,0,1,1997,0,0,9,0,0,0,31,0,0,0
391051,1,1,1997,0,0,0,0,0,0,0,0,0,14
391051,2,1,1997,0,13,9,0,0,0,0,0,0,0
391052,1,1,1997,0,0,0,0,0,0,0,0,0,0
391052,2,1,1997,22,22,22,22,22,22,22,22,22,22
391052,3,1,1997,0,0,0,0,0,0,0,0,0,0
391053,1,1,1997,20,20,20,20,20,20,20,20,20,20
391054,1,1,1997,0,0,0,0,0,0,0,0,0,8
391054,2,1,1997,0,0,0,0,0,0,0,0,0,0
391055,1,1,1997,0,0,0,0,0,0,0,0,0,0
391055,2,1,1997,0,0,0,0,19,0,0,0,0,0
391056,1,1,1997,18,18,18,18,18,18,18,18,18,18
391057,1,1,1997,21,21,21,21,21,21,21,21,21,21
391057,2,1,1997,1,1,1,1,1,1,1,1,1,1
391057,3,1,1997,0,0,0,0,0,0,0,0,0,0
391058,1,1,1997,0,0,0,0,0,0,0,0,0,0
391058,2,1,1997,0,0,0,0,0,0,0,0,0,0
391059,1,1,1997,0,0,0,0,0,0,0,0,0,0
391059,2,1,1997,0,0,0,0,0,0,0,0,0,0
391060,1,1,1997,0,7,0,0,0,0,0,0,0,0
391060,2,1,1997,8,8,8,8,8,8,8,8,8,8
391061,1,1,1997,0,0,0,0,0,0,0,0,0,0
391061,2,1,1997,0,0,0,0,0,34,10,18,9,0
391061,3,1,1997,13,30,10,8,9,12,13,7,19,4
391062,1,1,1997,0,0,0,0,0,0,0,0,0,0
391062,2,1,1997,0,0,0,10,0,0,0,0,0,0
391063,1,1,1997,0,0,0,0,0,0,0,0,0,0
391063,2,1,1997,0,0,0,0,0,0,0,0,0,0
391064,1,1,1997,0,18,0,0,17,0,0,0,14,0
391064,2,1,1997,0,0,0,0,0,0,0,0,0,0
391065,1,1,1997,26,26,26,26,26,26,26,26,26,26
391066,1,1,1997,0,0,0,0,0,0,0,0,0,0
391066,2,1,1997,0,0,0,0,0,0,0,0,0,0
391067,1,1,1997,9,23,23,13,0,17,39,0,0,0
391068,0,1,1997,27,27,27,27,27,27,27,27,27,27
391068,1,1,1997,0,0,0,0,0,0,6,0,0,0
391069,1,1,1997,0,0,0,0,0,0,0,0,0,0
391069,2,1,1997,0,0,0,0,0,0,0,0,0,0
391070,1,1,1997,7,0,18,0,0,0,14,22,15,13
391070,2,1,1997,0,0,0,0,0,0,7,0,0,0
391071,0,1,1997,0,7,23,0,0,30,16,31,0,19
391071,1,1,1997,0,0,0,0,0,0,0,0,0,0
391072,1,1,1997,0,0,0,0,0,0,0,0,0,0
391073,1,1,1997,0,0,0,0,0,0,0,0,0,0
391074,1,1,1997,0,0,0,0,0,0,0,0,0,0
391074,2,1,1997,6,0,0,0,0,0,0,0,0,0
391075,1,1,1997,0,0,13,23,0,0,33,0,0,0
391076,1,1,1997,0,0,0,0,0,0,0,0,0,0
391076,2,1,1997,0,0,0,0,0,0,0,0,0,0
391077,1,1,1997,0,0,0,0,0,0,0,0,0,0
391077,2,1,1997,37,16,14,11,36,15,10,10,17,12
391078,1,1,1997,0,0,0,0,8,0,0,0,0,0
391078,2,1,1997,0,0,0,0,0,0,0,0,0,0
391079,1,1,1997,0,0,0,0,0,0,0,0,0,0
391079,2,1,1997,0,0,0,0,0,0,0,0,0,0
391079,3,1,1997,0,0,0,0,0,0,0,0,0,0
391080,0,1,1997,6,6,6,6,6,6,6,6,6,6
391080,1,1,1997,0,0,0,0,0,0,0,0,11,0
391081,1,1,1997,0,0,0,0,0,0,0,0,0,0
391082,1,1,1997,0,0,0,0,0,0,0,0,0,0
391082,2,1,1997,0,0,0,0,0,0,0,0,0,0
391083,1,1,1997,0,0,0,0,0,10,0,0,0,0
391083,2,1,1997,0,0,0,0,0,0,0,0,0,0
391084,1,1,1997,0,0,0,0,0,0,0,0,0,0
391085,1,1,1997,0,0,0,0,0,0,0,0,0,0
391085,2,1,1997,0,0,0,0,0,0,0,0,0,0
391086,1,1,1997,0,0,0,0,0,0,0,0,0,0
391086,2,1,1997,0,0,0,0,0,0,0,0,0,0
391087,1,1,1997,0,0,0,0,21,0,0,0,0,0
391087,2,1,1997,0,0,0,0,0,0,0,7,0,0
391088,1,1,1997,0,0,0,0,0,0,0,0,0,0
391089,1,1,1997,0,0,0,0,0,0,0,0,0,0
391089,2,1,1997,0,0,0,0,8,0,0,0,0,0
391090,1,1,1997,0,0,0,0,0,0,0,0,0,0
391090,2,1,1997,0,0,0,0,0,0,0,0,0,0
391091,1,1,1997,0,0,0,0,0,0,0,0,0,0
391091,2,1,1997,0,0,0,0,0,0,0,0,8,0
391092,1,1,1997,0,0,0,0,0,0,0,0,0,12
391093,0,1,1997,0,0,0,0,0,0,0,0,0,0
391093,1,1,1997,0,0,0,0,0,0,0,14,0,0
391094,1,1,1997,0,0,0,0,0,0,0,0,0,0
391094,2,1,1997,0,0,0,0,0,0,0,0,0,0
391095,1,1,1997,29,29,29,29,29,29,29,29,29,29
391096,1,1,1997,0,0,0,0,0,0,0,10,0,0
391097,0,1,1997,0,23,23,6,0,0,0,0,9,0
391097,0,2,1997,0,0,0,0,0,0,0,15,27,13
391097,0,3,1997,0,0,30,16,0,3,16,11,0,12
391097,3,1,1997,0,0,0,0,0,0,0,0,0,0
391098,0,1,1997,0,0,0,0,0,0,0,0,0,0
391098,0,2,1997,0,0,0,0,0,0,0,0,0,0
391098,1,1,1997,0,0,0,0,0,0,0,0,0,0
391099,1,1,1997,0,0,0,0,0,0,0,0,0,0
391099,2,1,1997,0,0,0,0,0,0,0,0,0,0
391099,3,1,1997,0,0,0,0,0,0,0,0,0,0