ST_CASE,VEH_NO,PER_NO,YEAR,P1,P2,P3,P4,P5,P6,P7,P8,P9,P10
400091,1,1,1997,0,0,0,0,0,0,0,0,0,0
400092,1,1,1997,0,0,0,0,0,0,0,0,0,0
400092,2,1,1997,0,0,0,0,0,0,15,8,14,0
400092,3,1,1997,0,0,0,0,0,0,0,0,0,0
400093,1,1,1997,0,0,0,0,0,0,0,0,0,0
400094,1,1,1997,30,30,30,30,30,30,30,30,30,30
400095,0,1,1997,0,0,0,0,0,0,0,0,0,0
400095,1,1,1997,0,0,0,0,0,0,0,0,0,0
400096,1,1,1997,0,0,0,0,0,0,0,0,0,0
400097,1,1,1997,0,0,0,0,0,0,0,0,20,0
400097,2,1,1997,0,0,0,0,0,0,0,0,0,0
400099,1,1,1997,0,0,0,0,0,0,0,0,0,0
400100,2,1,1997,12,12,12,12,12,12,12,12,12,12
400101,0,1,1997,0,0,0,0,0,0,0,0,0,0
400101,1,1,1997,1,1,1,1,1,1,1,1,1,1
400102,1,1,1997,0,0,0,0,0,0,0,0,0,0
400102,2,1,1997,0,0,0,0,0,0,0,0,0,0
400103,1,1,1997,0,0,0,24,0,10,0,0,0,0
400104,1,1,1997,0,22,17,0,13,0,0,0,0,0
400105,1,1,1997,17,11,16,33,12,22,20,18,5,0
400105,2,1,1997,0,0,0,0,0,0,0,0,0,0
400106,1,1,1997,16,17,23,8,12,9,0,27,9,19
400107,1,1,1997,27,27,27,27,27,27,27,27,27,27
400108,1,1,1997,12,16,16,20,13,15,14,18,21,32
400109,1,1,1997,0,0,0,0,0,0,0,5,0,0
400110,0,1,1997,0,0,0,0,0,0,0,0,0,0
400110,1,1,1997,0,0,0,0,0,0,0,0,0,0
400111,1,1,1997,31,31,31,31,31,31,31,31,31,31
400112,1,1,1997,0,0,0,14,0,0,13,0,0,0
400113,1,1,1997,0,0,0,0,0,0,0,0,0,0
400114,1,1,1997,0,0,0,0,0,0,0,0,0,0
400114,2,1,1997,0,0,0,0,0,0,0,0,0,0
400115,1,1,1997,23,29,12,13,15,14,13,18,34,10
400116,1,1,1997,0,0,0,0,0,0,0,0,0,0
400117,1,1,1997,0,0,0,0,0,0,0,0,0,0
400118,0,1,1997,0,13,0,19,14,0,0,24,22,32
400118,1,1,1997,11,0,0,13,0,0,0,2,0,0
400119,1,1,1997,23,23,23,23,23,23,23,23,23,23
400120,1,1,1997,7,19,18,8,30,7,8,7,3,20
400121,0,1,1997,0,0,0,0,0,0,0,0,0,0
400121,1,1,1997,0,0,0,0,0,0,0,0,0,0
400122,1,1,1997,0,0,0,0,0,0,0,0,25,25
400122,2,1,1997,0,0,0,16,0,0,0,0,0,0
400123,1,1,1997,0,0,0,0,0,0,0,0,0,0
400124,1,1,1997,7,18,2,14,14,0,14,11,0,5
400124,2,1,1997,0,0,0,0,0,0,0,0,0,0
400125,1,1,1997,0,0,0,14,0,0,0,0,0,0
400126,1,1,1997,0,0,0,0,0,0,0,0,0,0
400127,1,1,1997,14,33,27,22,11,0,23,12,17,0
400128,1,1,1997,18,0,0,0,0,0,0,0,7,0
400129,1,1,1997,0,0,0,0,0,0,0,0,0,0
400129,2,1,1997,0,0,0,0,0,0,0,0,0,0
400129,3,1,1997,0,0,0,0,0,21,0,0,0,0
400129,4,1,1997,0,0,0,0,0,0,0,0,0,0
400130,1,1,1997,0,0,0,0,0,0,0,0,0,0
400130,2,1,1997,0,0,0,0,0,0,0,0,0,0
400131,1,1,1997,4,4,4,4,4,4,4,4,4,4
400132,1,1,1997,0,0,0,0,0,21,0,0,0,0
400133,1,1,1997,0,0,0,0,0,0,0,0,0,0
400134,1,1,1997,0,0,0,0,0,0,0,0,0,0
400135,1,1,1997,0,0,0,0,6,0,0,0,0,0
400135,2,1,1997,0,0,0,0,0,0,0,0,0,0
400136,0,1,1997,25,25,25,25,25,25,25,25,25,25
400136,1,1,1997,0,0,0,0,0,0,0,0,0,0
400137,1,1,1997,0,0,0,0,0,0,0,0,0,0
400138,1,1,1997,0,0,0,0,0,0,0,0,0,0
400138,2,1,1997,11,0,0,0,0,0,0,0,0,0
400139,1,1,1997,0,0,0,17,23,9,0,0,20,0
400139,2,1,1997,0,0,0,0,0,0,0,0,0,0
400140,1,1,1997,0,0,0,0,0,0,0,0,0,0
400140,2,1,1997,0,0,0,0,0,0,0,0,0,0
400141,1,1,1997,0,0,0,0,0,0,0,0,0,0
400142,1,1,1997,9,9,9,9,9,9,9,9,9,9
400142,2,1,1997,0,0,0,0,0,0,0,0,0,0
400142,3,1,1997,0,0,0,0,0,0,0,0,0,0
400143,1,1,1997,0,16,20,0,15,0,0,0,0,0
400144,1,2,1997,28,27,11,0,13,0,35,0,0,34
400145,1,1,1997,0,0,0,0,0,0,0,0,0,0
400146,1,1,1997,23,32,15,5,12,21,22,13,7,22
400147,1,1,1997,0,0,0,0,0,0,0,0,0,0
400147,2,1,1997,0,0,0,0,0,0,0,0,0,0
400148,1,1,1997,0,0,0,0,0,0,0,0,0,0
400148,2,1,1997,19,0,0,0,9,0,0,0,0,0
400149,1,1,1997,29,16,21,0,37,11,4,19,20,16
400150,1,1,1997,0,0,0,0,0,0,0,0,0,28
400150,2,1,1997,0,0,0,0,0,0,0,0,0,0
400151,1,1,1997,0,0,0,0,0,0,0,0,0,0
400151,2,1,1997,0,0,0,0,0,0,0,0,0,0
400151,3,1,1997,0,0,0,0,0,0,0,0,0,0
400151,4,1,1997,0,0,0,0,0,0,0,0,0,0
400152,1,1,1997,0,0,0,0,0,0,0,0,0,0
400153,0,1,1997,0,0,0,0,0,0,0,0,0,0
400153,1,1,1997,0,0,4,0,0,0,0,0,6,0
400154,1,1,1997,0,0,0,0,0,0,0,0,0,0
400155,1,1,1997,15,15,15,15,15,15,15,15,15,15
400155,2,1,1997,0,0,0,0,0,0,0,0,0,0
400156,1,1,1997,28,28,28,28,28,28,28,28,28,28
400157,1,1,1997,0,0,0,0,0,0,0,0,0,0
400157,2,1,1997,0,0,0,0,0,0,0,0,0,0
400158,1,1,1997,33,33,33,33,33,33,33,33,33,33
400159,1,1,1997,0,0,12,0,0,0,0,0,0,0
400160,1,1,1997,0,0,0,0,0,0,0,0,0,0
400160,2,1,1997,0,0,0,0,0,0,0,0,0,0
400161,1,1,1997,0,0,0,0,0,0,0,0,0,0
400161,2,1,1997,0,0,0,0,0,0,0,0,0,0
400162,1,1,1997,6,22,14,29,9,16,13,20,15,12
400162,2,1,1997,0,0,0,0,0,0,0,0,0,0
400162,3,1,1997,0,0,0,0,0,0,0,0,0,0
400162,4,1,1997,0,0,0,0,0,0,0,0,0,0
400162,5,1,1997,0,0,0,0,0,0,0,0,0,0
400162,6,1,1997,9,0,0,0,0,0,0,0,0,0
400162,7,1,1997,0,0,0,0,0,0,0,0,0,0
400163,1,1,1997,94,94,94,94,94,94,94,94,94,94
400164,1,1,1997,0,0,0,0,0,0,0,0,0,0
400164,2,1,1997,0,0,0,0,0,0,0,0,0,0
400165,1,1,1997,0,0,0,0,0,0,0,0,0,0
400165,2,1,1997,0,0,0,0,0,0,0,0,0,0
400166,0,1,1997,0,0,0,0,0,0,0,0,0,0
400166,1,1,1997,0,0,0,0,0,0,0,0,0,0
400167,0,1,1997,0,0,0,0,0,0,0,0,0,0
400167,1,1,1997,0,0,0,0,0,0,0,0,0,0
400168,1,1,1997,0,0,0,0,0,0,0,0,0,0
400168,2,1,1997,0,0,0,0,0,0,0,0,0,0
400169,0,1,1997,0,0,0,0,0,0,0,0,0,0
400169,1,1,1997,0,0,0,0,0,0,0,0,0,0
400170,1,1,1997,14,13,0,0,0,15,0,0,0,0
400170,2,1,1997,14,15,13,7,0,18,20,10,11,0
400171,1,1,1997,13,24,18,11,18,6,11,10,3,32
400171,2,1,1997,0,13,0,0,0,14,10,0,0,0
400172,0,1,1997,0,0,0,0,0,0,0,0,0,0
400172,1,1,1997,0,0,0,0,0,0,0,0,0,0
400173,1,1,1997,18,18,18,18,18,18,18,18,18,18
400173,2,1,1997,0,0,0,0,0,0,0,0,0,0
400173,3,1,1997,0,0,0,0,0,13,0,0,0,0
400173,4,1,1997,0,0,0,0,0,0,0,0,0,0
400174,1,1,1997,0,0,0,0,0,0,0,0,0,0
400174,2,1,1997,0,0,0,0,0,0,0,0,0,0
400175,1,1,1997,19,24,9,16,32,17,10,24,21,20
400176,1,1,1997,37,0,12,0,30,0,0,0,0,21
400177,1,1,1997,0,0,0,0,0,0,0,0,0,0
400178,1,1,1997,0,0,0,0,0,0,0,0,0,0
400179,1,1,1997,0,0,0,0,0,0,0,0,0,0
400180,1,1,1997,0,0,0,0,0,0,0,0,0,0
400180,2,1,1997,0,0,0,0,0,0,0,0,0,0
400182,1,1,1997,0,0,0,0,0,0,0,0,0,0
400183,1,1,1997,0,0,0,0,0,0,0,0,0,0
400183,2,1,1997,0,0,0,0,0,0,0,0,0,0
400184,1,1,1997,0,0,0,0,0,0,0,0,0,0
400185,1,1,1997,7,17,0,0,4,6,0,0,0,20
400186,0,1,1997,23,39,0,0,13,22,21,0,0,0
400186,1,1,1997,0,0,0,0,0,0,0,0,0,0
400187,1,1,1997,0,0,0,0,0,0,0,0,0,0
400187,2,1,1997,0,0,0,0,0,0,0,0,0,0
400188,1,1,1997,0,0,0,0,0,0,0,0,0,0
400188,2,1,1997,0,0,0,0,0,0,0,0,0,0
400189,1,1,1997,0,0,0,0,0,0,0,0,0,0
400190,1,1,1997,0,0,0,0,0,0,0,0,0,0
400191,1,1,1997,0,0,0,0,0,0,0,0,0,0
400191,2,1,1997,0,0,0,0,0,0,0,10,0,0
400192,1,1,1997,0,0,0,0,0,0,0,0,0,0
400192,2,1,1997,0,2,0,0,0,0,0,0,0,0
400193,1,1,1997,14,14,14,14,14,14,14,14,14,14
400193,2,1,1997,0,0,0,0,0,0,0,0,0,0
400194,1,1,1997,0,0,0,0,0,0,2,0,0,0
400194,2,1,1997,0,0,0,0,0,0,0,0,0,0
400195,1,1,1997,24,7,7,22,19,36,23,20,17,34
400196,1,1,1997,0,0,0,0,0,0,0,0,0,0
400196,2,1,1997,0,0,0,0,0,0,0,0,0,12
400197,1,1,1997,0,0,0,0,0,0,0,14,0,0
400197,2,1,1997,0,0,0,0,0,0,0,0,0,0
400198,1,1,1997,10,0,0,0,0,0,0,0,0,0
400199,1,1,1997,11,16,25,28,24,25,9,27,31,47
400200,1,1,1997,0,0,0,0,6,0,13,0,0,0
400200,2,1,1997,4,0,9,0,0,0,0,10,0,0
400201,1,1,1997,22,28,20,15,13,0,0,18,18,18
400202,1,1,1997,16,11,17,19,15,28,11,11,14,17
400202,2,1,1997,0,0,0,0,0,0,0,0,0,0
400202,3,1,1997,0,0,0,0,0,0,0,0,0,0
400203,1,1,1997,0,0,0,0,0,0,0,0,0,0
400204,1,1,1997,0,0,0,0,0,0,0,0,0,0
400204,2,1,1997,0,22,21,0,5,0,0,23,17,0
400205,1,1,1997,24,45,28,4,29,26,16,13,28,10
400206,1,1,1997,0,0,0,0,0,0,0,0,0,0
400207,1,1,1997,0,0,0,0,0,0,0,0,0,0
400208,0,1,1997,0,35,0,12,0,10,38,14,14,0
400208,1,1,1997,0,0,0,0,10,5,19,0,12,0
400208,2,1,1997,0,0,0,0,0,0,0,0,0,0
400209,1,1,1997,21,12,5,17,23,17,7,5,0,20
400209,2,1,1997,0,0,0,0,0,0,0,0,0,0
400210,1,1,1997,12,0,0,0,0,0,0,0,0,0
400210,2,1,1997,0,0,0,0,0,0,0,0,0,0
400211,1,1,1997,0,0,0,0,0,29,0,0,0,0
400212,1,1,1997,0,0,0,0,0,0,0,0,0,0
400213,1,1,1997,0,0,0,0,0,0,0,0,0,0
400214,1,1,1997,28,28,9,32,13,0,9,28,31,14
400215,1,1,1997,10,10,10,10,10,10,10,10,10,10
400216,1,1,1997,0,0,0,0,0,21,0,0,0,0
400216,2,1,1997,8,6,3,17,14,7,10,22,12,2
400217,1,1,1997,0,0,0,0,0,0,0,0,0,0
400217,2,1,1997,0,0,0,0,0,0,0,0,0,0
400218,1,1,1997,31,11,15,31,18,10,17,9,29,23
400219,1,1,1997,0,0,0,0,0,0,0,0,0,0
400220,1,1,1997,21,21,21,21,21,21,21,21,21,21
400221,1,1,1997,0,0,0,0,0,0,0,0,0,0
400221,2,1,1997,0,0,0,0,0,0,0,0,0,0
400222,1,1,1997,0,0,0,0,0,0,0,0,0,0
400222,2,1,1997,0,0,0,0,0,0,0,0,0,0
400223,1,1,1997,0,0,0,0,0,0,0,0,0,0
400223,2,1,1997,0,0,0,0,0,0,0,0,0,0
400224,1,1,1997,0,0,21,0,35,18,14,0,39,12
400225,1,1,1997,0,0,0,10,0,14,0,0,0,0
400226,1,1,1997,0,0,0,0,0,0,0,0,0,0
400226,2,1,1997,0,0,0,0,0,0,0,0,0,0
400227,1,1,1997,0,0,0,0,0,0,0,0,0,0
400227,2,1,1997,9,9,9,9,9,9,9,9,9,9
400228,1,1,1997,0,0,0,0,0,0,0,0,0,0
400228,2,1,1997,0,0,0,0,0,0,0,0,0,0
400229,1,1,1997,0,0,0,0,0,12,0,0,0,0
400230,1,1,1997,0,0,0,0,8,0,0,18,0,0
400231,1,1,1997,0,0,0,0,0,0,0,0,0,0
400231,2,1,1997,15,0,0,0,0,0,0,0,0,0
400232,1,1,1997,15,0,41,0,0,0,10,0,12,25
400233,1,1,1997,0,0,0,0,0,0,0,0,0,0
400233,2,1,1997,0,0,0,0,0,0,0,0,0,0
400234,1,1,1997,18,23,14,12,25,12,29,34,20,10
400234,2,1,1997,0,0,0,0,0,0,0,0,0,0
400235,1,1,1997,15,18,16,25,17,0,0,18,20,0
400236,1,1,1997,0,0,0,0,0,0,0,0,0,0
400236,2,1,1997,0,0,0,0,0,0,0,0,0,0
400237,1,1,1997,16,16,16,16,16,16,16,16,16,16
400237,2,1,1997,0,0,0,0,0,0,0,0,0,0
400238,1,1,1997,0,0,0,0,0,0,0,0,0,0
400238,2,1,1997,0,0,0,0,0,0,0,0,0,0
400239,1,1,1997,10,11,19,28,58,11,24,11,15,13
400239,2,1,1997,0,0,25,0,0,0,19,0,0,5
400240,1,1,1997,0,0,0,0,0,0,0,0,0,0
400240,2,1,1997,0,0,0,0,0,0,0,0,0,0
400241,1,1,1997,0,0,0,0,0,0,0,11,0,0
400241,2,1,1997,0,0,0,0,0,0,0,0,0,0
400242,1,1,1997,0,0,0,0,0,0,0,0,0,0
400242,2,1,1997,0,0,0,0,0,0,0,0,0,0
400243,1,1,1997,0,0,0,0,0,0,0,0,0,0
400243,2,1,1997,0,0,0,0,0,0,0,0,0,0
400244,1,1,1997,14,9,5,10,14,14,12,3,17,10
400245,1,1,1997,0,0,29,0,0,0,0,0,0,0
400246,1,1,1997,0,0,0,0,0,0,0,0,0,0
400247,1,1,1997,25,41,24,23,25,22,30,19,17,34
400248,1,1,1997,0,0,0,0,0,0,0,0,0,0
400249,1,1,1997,0,0,0,0,0,0,0,0,0,0
400249,2,1,1997,0,0,11,0,0,0,0,0,0,0
400250,1,1,1997,21,13,13,15,21,3,22,29,0,29
400251,1,1,1997,7,22,8,23,17,3,3,16,17,7
400252,1,1,1997,0,0,0,0,0,0,0,0,0,0
400253,1,1,1997,14,14,14,14,14,14,14,14,14,14
400254,1,1,1997,0,0,9,0,0,0,0,0,0,0
400254,2,1,1997,0,0,0,0,0,0,0,0,0,0
400254,3,1,1997,10,23,0,0,15,0,0,0,0,0
400255,1,1,1997,4,0,0,0,0,0,0,0,0,0
400255,2,1,1997,0,0,0,0,0,0,0,0,0,0
400256,1,1,1997,0,0,0,0,0,0,0,0,0,0
400256,2,1,1997,23,0,0,0,0,0,0,0,0,0
400256,3,1,1997,0,0,0,0,0,0,0,0,0,0
400257,1,1,1997,0,0,0,0,0,0,0,0,0,0
400257,2,1,1997,0,0,0,0,0,0,0,0,0,0
400258,1,1,1997,0,13,0,0,9,25,10,28,0,0
400259,1,1,1997,12,20,15,20,18,36,21,16,20,17
400260,1,1,1997,0,0,0,0,6,0,0,0,0,0
400261,0,1,1997,14,41,0,0,18,0,0,25,0,17
400261,0,2,1997,21,21,21,21,21,21,21,21,21,21
400261,2,1,1997,0,0,0,0,0,0,0,0,0,0
400262,1,1,1997,0,0,0,0,0,13,0,0,0,0
400263,1,1,1997,0,0,0,0,0,0,0,0,0,0
400263,2,1,1997,0,0,0,0,0,0,0,0,0,0
400264,1,1,1997,0,0,31,0,0,0,0,0,0,0
400265,1,1,1997,4,15,18,5,13,7,0,0,8,7
400265,2,1,1997,0,4,0,11,17,8,9,7,5,12
400266,1,1,1997,0,0,0,0,0,0,0,0,0,0
400266,2,1,1997,0,0,0,3,0,0,0,0,0,0
400267,0,1,1997,0,0,0,0,0,0,0,0,0,0
400267,1,1,1997,0,0,0,0,0,0,0,0,0,0
400268,1,1,1997,6,6,6,6,6,6,6,6,6,6
400269,1,1,1997,0,0,0,0,0,0,0,0,0,0
400270,1,1,1997,10,0,0,0,0,0,0,0,0,0
400270,2,1,1997,0,0,0,0,0,0,0,0,0,0
400271,1,1,1997,0,0,0,0,28,0,0,0,0,0
400271,2,1,1997,0,0,0,0,0,0,0,0,0,0
400272,1,1,1997,0,0,0,0,0,0,0,0,0,0
400272,2,1,1997,0,0,0,0,0,0,0,0,0,0
400273,1,1,1997,0,0,0,0,0,0,0,0,0,0
400273,2,1,1997,0,0,0,0,0,0,0,0,0,0
400274,1,1,1997,0,0,0,0,0,9,0,0,0,0
400275,1,1,1997,5,12,22,27,10,15,0,10,16,11
400275,2,1,1997,14,14,14,14,14,14,14,14,14,14
400276,1,1,1997,0,0,0,0,0,0,0,0,13,0
400276,2,1,1997,0,0,0,0,0,0,0,0,0,0
400277,1,1,1997,18,32,9,4,22,13,0,12,16,15
400278,1,1,1997,0,0,0,0,0,0,0,0,0,0
400278,2,1,1997,0,0,0,0,0,0,0,0,0,0
400279,1,1,1997,0,20,12,0,0,0,11,0,0,0
400279,2,1,1997,0,0,0,0,0,0,0,0,0,0
400280,1,1,1997,25,7,10,28,15,19,15,12,20,9
400281,1,1,1997,0,0,0,0,0,0,0,0,0,0
400281,2,1,1997,0,0,0,0,0,0,0,0,0,0
400282,1,1,1997,0,0,0,0,0,0,0,0,0,0
400282,2,1,1997,0,0,0,0,0,0,0,0,0,0
400283,1,1,1997,11,21,17,4,16,10,0,8,7,20
400284,1,1,1997,9,21,26,16,10,21,24,15,13,10
400285,1,1,1997,0,41,0,0,28,0,8,16,0,16
400286,1,1,1997,0,0,0,0,0,0,0,0,0,0
400286,2,1,1997,0,0,0,0,0,0,0,0,0,0
400287,0,1,1997,0,0,0,0,0,0,0,0,0,0
400287,0,2,1997,0,0,0,0,0,0,0,0,0,0
400287,1,1,1997,22,29,25,11,19,26,12,31,13,11
400288,1,1,1997,0,0,0,0,0,0,0,0,0,0
400288,2,1,1997,0,0,0,0,0,0,0,0,0,0
400288,3,1,1997,0,0,0,0,0,0,0,0,0,0
400289,1,1,1997,0,0,0,0,0,0,0,0,0,0
400290,1,1,1997,0,0,0,0,0,16,0,0,0,0
400291,1,1,1997,0,0,0,0,0,0,0,0,0,0
400292,0,1,1997,23,13,20,16,29,20,19,19,15,45
400292,1,1,1997,0,0,0,26,0,0,0,0,0,0
400293,1,1,1997,0,0,0,0,0,0,0,0,0,0
400293,2,1,1997,0,0,0,0,0,0,0,0,0,0
400293,3,1,1997,0,0,0,0,0,0,0,0,0,0
400294,1,1,1997,0,0,0,0,0,0,0,0,0,0
400294,2,1,1997,0,0,0,0,0,0,0,0,0,0
400295,1,1,1997,9,10,22,7,11,16,26,13,10,28
400296,1,1,1997,0,0,0,0,0,0,0,11,0,0
400296,2,1,1997,0,0,0,0,0,0,0,0,0,27
400296,3,1,1997,0,0,0,0,0,0,0,0,0,0
400297,1,1,1997,0,0,0,0,0,0,0,0,0,0
400297,2,1,1997,0,0,0,0,0,0,0,0,0,0
400298,1,1,1997,16,12,0,0,0,0,0,0,0,0
400299,1,1,1997,30,11,30,18,23,18,28,30,24,37
400300,0,1,1997,0,0,0,0,0,0,0,0,0,0
400300,1,1,1997,0,0,0,0,0,0,0,0,0,0
400301,1,1,1997,0,0,0,0,0,0,0,0,0,0
400301,2,1,1997,0,0,0,0,0,0,0,0,0,0
400302,1,1,1997,0,0,15,0,0,0,0,0,8,16
400303,1,1,1997,9,15,8,24,7,18,16,15,16,13
400303,2,1,1997,0,0,0,0,0,0,0,0,0,0
400304,1,1,1997,0,0,0,0,0,0,0,0,0,0
400304,2,1,1997,0,0,0,0,0,0,0,0,0,0
400305,1,1,1997,0,0,0,0,0,0,0,0,0,0
400305,2,1,1997,0,0,0,0,0,0,0,0,0,0
400306,1,1,1997,0,0,0,0,0,0,0,0,0,0
400306,2,1,1997,0,0,0,0,0,0,0,0,0,0
400307,1,1,1997,0,0,0,0,0,0,0,0,0,0
400307,2,1,1997,0,0,0,0,0,0,0,0,0,0
400307,3,1,1997,0,0,0,0,0,0,0,0,0,0
400308,1,1,1997,0,0,0,0,0,21,0,0,0,0
400308,2,1,1997,0,0,0,0,0,0,0,0,0,0
400308,3,1,1997,0,0,0,0,0,0,0,0,0,0
400309,1,1,1997,0,0,0,0,0,0,0,0,0,0
400310,1,1,1997,0,0,0,18,26,17,8,12,25,0
400311,1,1,1997,0,0,0,0,0,0,7,0,0,0
400312,1,1,1997,0,0,0,0,0,0,0,0,0,0
400312,2,1,1997,0,0,0,0,0,0,0,0,0,0
400313,1,1,1997,31,0,0,0,0,0,0,0,10,0
400313,2,1,1997,28,0,0,0,0,0,0,0,0,0
400314,1,1,1997,0,0,0,0,0,0,0,0,0,0
400314,2,1,1997,0,0,0,0,0,0,0,0,0,0
400315,0,1,1997,20,0,0,0,0,0,0,0,0,0
400315,0,2,1997,0,0,0,0,0,0,18,0,0,0
400315,1,1,1997,0,0,0,0,0,0,0,0,0,0
400316,1,1,1997,21,21,21,21,21,21,21,21,21,21
400317,1,1,1997,33,0,0,26,0,32,0,0,0,9
400318,1,1,1997,0,0,0,0,0,0,0,0,0,0
400318,2,1,1997,0,0,0,0,0,0,0,0,0,0
400319,1,1,1997,0,0,0,0,0,0,0,0,0,9
400320,1,1,1997,0,0,0,0,0,0,0,0,0,0
400320,2,1,1997,0,0,0,0,0,0,0,0,0,0
400321,1,1,1997,30,35,32,7,48,8,36,22,18,6
400322,1,1,1997,0,0,0,0,0,0,0,0,0,0
400322,2,1,1997,0,0,0,0,0,0,0,0,0,0
400323,1,1,1997,0,0,0,0,0,0,0,0,0,0
400324,1,1,1997,0,0,0,0,0,0,0,0,0,0
400325,1,1,1997,0,0,0,3,31,0,0,0,12,0
400326,1,1,1997,0,0,0,0,0,0,0,0,0,0
400326,2,1,1997,0,0,0,0,0,0,0,0,0,0
400327,1,1,1997,0,0,0,0,0,0,0,0,0,0
400327,2,1,1997,0,0,0,0,0,0,0,0,0,0
400328,0,1,1997,0,0,0,0,0,0,0,0,0,0
400328,1,1,1997,0,0,0,0,0,0,0,0,0,0
400329,1,1,1997,0,0,0,0,0,0,0,0,0,0
400330,1,1,1997,26,10,0,24,18,13,0,34,9,11
400330,2,1,1997,0,0,0,0,0,0,0,0,0,0
400331,1,1,1997,16,6,11,0,17,16,21,16,12,16
400331,2,1,1997,0,0,0,0,0,0,0,0,0,0
400332,1,1,1997,0,0,0,0,0,0,0,0,0,0
400333,1,1,1997,14,14,14,14,14,14,14,14,14,14
400334,1,1,1997,22,22,22,22,22,22,22,22,22,22
400335,0,1,1997,26,26,26,26,26,26,26,26,26,26
400335,1,1,1997,0,0,0,0,0,0,0,0,0,0
400336,1,1,1997,40,40,40,40,40,40,40,40,40,40
400337,1,1,1997,0,0,0,0,0,0,0,0,0,0
400337,2,1,1997,0,0,0,0,0,0,0,0,0,0
400338,0,1,1997,21,0,0,0,0,0,16,17,0,0
400338,1,1,1997,0,0,0,0,0,0,0,0,0,0
400339,1,1,1997,0,0,0,0,0,0,0,0,13,0
400340,1,1,1997,0,0,0,0,0,0,0,0,0,0
400340,2,1,1997,0,0,0,0,0,0,0,0,10,5
400341,1,1,1997,0,0,0,0,0,0,0,0,0,0
400342,1,1,1997,0,0,0,0,0,0,0,0,0,0
400342,2,1,1997,0,0,0,0,0,0,0,0,0,0
400343,1,1,1997,0,0,0,0,0,0,0,0,0,0
400344,1,1,1997,0,0,0,0,0,0,0,0,0,0
400344,2,1,1997,0,0,0,0,0,0,0,0,0,0
400344,3,1,1997,0,0,0,0,0,0,0,0,0,0
400344,4,1,1997,0,28,0,0,0,0,0,0,0,0
400344,5,1,1997,0,0,0,0,0,0,0,0,0,0
400345,1,1,1997,0,0,0,0,0,0,0,0,0,0
400345,2,1,1997,0,0,0,0,0,0,0,0,0,0
400346,1,1,1997,7,7,7,7,7,7,7,7,7,7
400347,1,1,1997,14,17,12,14,29,29,16,13,17,21
400348,1,1,1997,0,0,0,0,0,0,0,0,12,0
400348,2,1,1997,14,14,17,14,6,11,0,11,7,7
400348,3,1,1997,0,0,0,0,0,0,0,0,0,0
400349,1,1,1997,42,29,17,12,17,16,8,11,33,23
400350,1,1,1997,30,18,22,11,15,18,28,0,20,8
400350,2,1,1997,0,11,0,0,0,0,18,0,0,0
400351,1,1,1997,0,0,0,0,0,0,0,0,0,0
400351,2,1,1997,21,11,21,0,22,0,0,0,0,21
400352,1,1,1997,1,1,1,1,1,1,1,1,1,1
400352,2,1,1997,0,0,0,0,0,0,0,0,0,0
400353,1,1,1997,0,0,0,0,0,0,0,0,0,0
400354,1,1,1997,12,0,0,12,0,0,2,0,0,0
400355,1,1,1997,0,0,16,0,0,0,0,0,0,0
400356,1,1,1997,0,29,0,0,0,0,0,0,0,0
400357,1,1,1997,0,0,0,0,0,0,0,0,0,0
400358,1,1,1997,17,17,17,17,17,17,17,17,17,17
400359,1,1,1997,0,0,0,0,0,0,0,0,9,0
400360,1,1,1997,0,0,0,0,0,0,0,0,0,0
400360,2,1,1997,0,0,17,0,0,0,0,0,0,0
400361,1,1,1997,0,1,0,0,6,0,0,0,7,0
400362,1,1,1997,0,0,0,0,0,0,0,0,0,0
400362,2,1,1997,0,0,0,0,0,0,0,0,0,0
400362,3,1,1997,0,0,0,0,0,0,0,0,0,0
400363,1,1,1997,14,14,14,14,14,14,14,14,14,14
400364,1,1,1997,0,0,0,0,0,0,0,0,0,0
400364,2,1,1997,0,0,0,0,0,0,0,0,0,0
400364,3,1,1997,0,0,0,0,0,0,0,0,0,0
400365,1,1,1997,0,0,0,0,0,0,0,0,0,0
400365,2,1,1997,0,0,0,0,0,0,0,0,0,0
400366,1,1,1997,27,27,27,27,27,27,27,27,27,27
400367,1,1,1997,0,0,0,0,0,0,0,0,0,0
400368,1,1,1997,0,0,13,0,0,0,0,0,0,0
400368,2,1,1997,0,0,0,0,0,0,0,0,0,0
400369,1,1,1997,0,0,0,0,0,0,0,0,0,0
400369,2,1,1997,0,0,0,0,0,0,0,0,0,0
400370,1,1,1997,0,0,0,0,0,0,0,0,0,0
400370,2,1,1997,0,0,0,0,0,0,0,0,0,0
400370,3,1,1997,0,0,0,0,0,0,0,0,0,0
400371,1,1,1997,0,0,0,0,0,0,0,0,0,0
400371,2,1,1997,0,0,0,0,0,0,0,0,0,0
400372,1,1,1997,0,0,0,5,0,0,0,0,0,0
400373,1,1,1997,0,0,0,0,0,0,0,0,0,0
400374,1,1,1997,0,0,0,0,0,0,0,0,0,0
400374,2,1,1997,0,0,0,0,0,0,0,0,0,0
400375,1,1,1997,0,0,0,0,0,0,0,0,0,0