ST_CASE,VEH_NO,PER_NO,YEAR,P1,P2,P3,P4,P5,P6,P7,P8,P9,P10
400375,2,1,1997,0,0,0,0,0,0,0,0,0,0
400376,1,1,1997,23,23,23,23,23,23,23,23,23,23
400377,1,1,1997,0,0,0,0,0,0,0,0,0,0
400378,1,1,1997,0,0,0,0,0,0,0,0,0,0
400378,2,1,1997,0,0,0,0,0,0,0,0,0,0
400379,1,1,1997,20,21,21,12,26,15,0,14,22,19
400380,0,1,1997,10,15,39,21,29,0,0,0,13,0
400380,1,1,1997,6,0,0,19,0,0,0,17,16,0
400381,1,1,1997,0,0,0,0,0,0,0,0,0,0
400382,1,1,1997,14,14,14,14,14,14,14,14,14,14
400383,1,1,1997,0,13,31,15,0,0,21,24,0,0
400384,1,1,1997,0,0,0,0,0,0,0,0,0,0
400384,2,1,1997,6,6,9,7,9,0,0,4,18,0
400385,1,1,1997,0,0,0,0,0,0,0,0,0,0
400386,1,1,1997,0,0,0,0,0,0,0,0,0,0
400386,2,1,1997,0,0,0,0,0,0,0,0,0,0
400387,1,1,1997,35,35,35,35,35,35,35,35,35,35
400388,1,1,1997,21,20,24,22,2,20,20,17,9,0
400388,2,1,1997,0,0,0,0,0,0,0,0,0,0
400389,1,1,1997,0,0,0,0,0,0,0,0,0,0
400389,2,1,1997,0,0,0,0,0,0,0,0,0,0
400390,1,1,1997,0,0,0,0,16,0,0,0,0,0
400390,2,1,1997,0,0,21,0,24,0,0,0,30,0
400391,1,1,1997,5,11,0,20,10,9,0,17,0,8
400391,2,1,1997,0,0,0,0,0,0,0,0,0,0
400392,1,1,1997,14,14,14,14,14,14,14,14,14,14
400393,1,1,1997,0,0,0,0,0,0,0,0,0,0
400393,2,1,1997,0,0,0,0,0,0,0,0,0,0
400394,1,1,1997,0,23,14,0,0,0,16,15,0,31
400395,1,1,1997,0,0,0,0,0,0,0,0,0,0
400396,1,1,1997,0,0,0,0,0,0,0,0,0,0
400396,2,1,1997,0,0,0,0,0,0,0,0,0,0
400397,1,1,1997,0,0,0,0,0,0,0,0,0,0
400398,1,1,1997,26,26,26,26,26,26,26,26,26,26
400399,1,1,1997,32,33,10,24,23,2,18,19,15,13
400399,2,1,1997,0,0,0,0,0,0,0,0,0,0
400400,1,1,1997,21,21,21,21,21,21,21,21,21,21
400401,1,1,1997,0,0,0,0,0,0,0,0,0,0
400401,2,1,1997,18,0,0,0,0,0,0,0,0,0
400402,1,1,1997,0,0,0,0,0,0,0,0,0,0
400403,0,1,1997,0,0,0,0,0,0,0,0,0,0
400403,1,1,1997,0,0,0,0,0,0,0,0,0,0
400404,1,1,1997,9,20,8,3,16,14,19,18,10,14
400404,2,1,1997,0,0,0,0,0,0,0,0,0,0
400405,1,1,1997,0,0,0,0,0,0,0,0,0,0
400405,2,1,1997,0,0,0,0,0,0,0,0,0,0
400406,1,1,1997,0,0,0,0,0,0,0,0,0,0
400406,2,1,1997,0,0,0,0,0,0,0,0,0,0
400407,1,1,1997,0,0,0,0,0,0,0,0,0,0
400408,1,1,1997,0,0,0,0,0,0,0,0,0,0
400408,2,1,1997,0,0,0,0,0,0,0,0,0,0
400409,1,1,1997,9,19,26,17,9,11,18,9,12,24
400410,1,1,1997,0,0,0,0,0,4,0,0,0,0
400410,2,1,1997,0,0,0,0,0,0,0,0,0,0
400411,1,1,1997,0,0,0,0,0,0,0,0,0,0
400411,2,1,1997,0,0,0,0,0,0,0,0,0,0
400412,0,1,1997,0,0,0,22,0,0,0,0,0,0
400412,1,1,1997,0,0,0,0,0,0,0,0,0,0
400413,0,1,1997,0,14,35,0,0,0,22,14,16,0
400413,1,1,1997,0,0,0,0,0,11,0,0,0,0
400414,1,1,1997,15,17,0,16,0,10,0,18,20,28
400414,2,1,1997,0,0,0,0,0,0,0,0,0,0
400415,1,1,1997,2,2,2,2,2,2,2,2,2,2
400415,2,1,1997,0,0,0,0,0,0,0,0,0,0
400416,0,1,1997,0,0,0,0,0,0,0,0,0,0
400416,1,1,1997,0,0,0,0,0,0,0,0,0,0
400417,1,1,1997,30,30,30,30,30,30,30,30,30,30
400418,1,1,1997,10,20,30,26,4,26,16,21,2,31
400419,1,1,1997,13,14,0,0,0,0,13,9,0,26
400420,1,1,1997,0,0,0,0,0,0,0,0,0,0
400421,1,1,1997,13,10,14,7,10,15,19,14,14,0
400422,1,1,1997,23,20,9,10,16,25,25,12,21,24
400423,1,1,1997,0,0,0,0,0,0,0,0,0,0
400424,1,1,1997,0,0,0,0,0,0,0,0,0,0
400425,1,1,1997,0,0,0,0,0,0,0,0,0,0
400426,1,1,1997,10,8,16,11,6,3,5,23,29,14
400427,1,1,1997,14,12,26,8,6,9,27,13,16,4
400428,1,1,1997,0,0,0,0,0,0,0,0,0,0
400428,2,1,1997,0,0,0,0,0,0,0,0,0,0
400429,1,1,1997,0,0,0,0,0,0,0,0,0,0
400431,1,1,1997,7,8,15,11,16,19,25,18,0,12
400432,1,1,1997,0,0,12,0,16,0,0,15,0,0
400433,1,1,1997,0,0,0,0,0,9,0,0,0,0
400434,1,1,1997,20,9,35,25,15,11,20,18,16,0
400435,1,1,1997,15,11,12,0,18,20,18,7,0,21
400436,1,1,1997,19,0,0,12,0,13,0,11,0,0
400437,0,1,1997,14,19,15,20,37,27,37,10,26,9
400437,1,1,1997,16,16,16,16,16,16,16,16,16,16
400438,1,1,1997,0,0,0,0,0,0,0,0,0,0
400439,1,1,1997,0,13,41,0,40,0,0,0,0,16
400440,1,1,1997,18,14,23,14,23,16,23,15,22,22
400441,1,1,1997,0,0,0,0,0,0,0,0,9,0
400441,2,1,1997,0,0,0,0,0,0,0,3,0,0
400442,1,1,1997,13,3,27,22,22,0,26,0,18,25
400443,1,1,1997,11,18,13,13,17,20,13,11,25,20
400444,1,1,1997,40,16,18,37,0,19,30,23,0,18
400445,1,1,1997,0,0,0,0,0,0,0,0,0,0
400445,2,1,1997,0,0,0,0,9,0,0,0,0,0
400446,1,1,1997,16,18,9,4,13,22,19,2,29,45
400446,2,1,1997,0,0,0,0,0,0,0,0,0,0
400447,1,1,1997,0,0,0,0,0,0,0,0,0,0
400447,2,1,1997,0,0,0,0,0,0,0,0,0,0
400448,1,1,1997,9,0,0,0,0,0,0,0,0,0
400448,2,1,1997,0,0,0,0,0,0,0,0,0,0
400448,3,1,1997,0,0,0,0,0,0,0,0,0,0
400449,1,1,1997,0,0,0,0,0,0,18,9,0,0
400450,1,1,1997,0,0,0,0,0,0,0,0,0,0
400450,2,1,1997,0,0,0,0,0,0,0,0,0,0
400451,1,1,1997,25,10,32,18,23,37,17,23,18,21
400452,1,1,1997,19,0,39,15,12,28,18,19,8,9
400453,1,1,1997,0,0,10,0,30,19,0,0,21,37
400454,0,1,1997,17,0,0,0,0,0,0,18,23,32
400454,1,1,1997,0,0,0,0,0,0,0,0,0,0
400455,1,1,1997,28,11,13,10,26,0,16,11,21,12
400456,1,1,1997,0,0,0,0,0,0,0,0,0,0
400456,2,1,1997,0,0,17,0,0,0,0,0,0,0
400457,1,1,1997,0,0,0,0,0,20,0,0,0,0
400457,2,1,1997,0,0,0,0,0,0,0,0,5,0
400458,1,1,1997,0,0,0,0,0,0,0,0,0,0
400459,0,1,1997,14,14,14,14,14,14,14,14,14,14
400459,0,2,1997,0,0,0,0,0,0,0,0,0,0
400459,1,1,1997,7,7,7,7,7,7,7,7,7,7
400460,1,1,1997,15,11,11,12,23,17,14,9,13,13
400460,2,1,1997,0,0,0,0,0,0,0,0,0,0
400461,1,1,1997,0,0,0,0,0,0,0,0,0,0
400461,2,1,1997,0,14,32,30,0,0,0,0,17,19
400462,1,1,1997,6,13,18,5,20,17,12,4,13,0
400462,2,1,1997,24,22,17,23,23,21,17,14,0,24
400463,1,1,1997,0,0,0,0,0,0,0,0,0,0
400463,2,1,1997,18,0,13,21,0,11,0,0,0,0
400464,1,1,1997,0,0,0,9,0,0,0,0,12,0
400464,2,1,1997,0,0,0,0,0,0,21,0,0,0
400465,1,1,1997,27,24,2,3,3,7,21,14,6,18
400466,1,1,1997,0,0,0,0,0,0,0,0,0,0
400467,1,1,1997,23,23,23,23,23,23,23,23,23,23
400468,1,1,1997,0,0,0,0,0,0,0,0,0,0
400468,2,1,1997,0,0,0,0,0,0,0,0,0,0
400468,3,1,1997,0,0,0,0,0,0,0,0,0,0
400469,1,1,1997,0,0,0,0,15,0,0,0,0,0
400470,1,1,1997,0,0,0,0,0,0,0,0,0,0
400471,0,1,1997,0,0,0,0,0,0,0,0,0,0
400471,1,1,1997,0,0,0,0,0,0,0,0,0,0
400472,1,1,1997,18,0,0,3,0,0,5,0,4,8
400473,1,1,1997,0,0,0,0,0,0,0,38,0,0
400474,1,1,1997,0,0,0,0,0,0,0,0,0,0
400474,2,1,1997,0,0,0,0,0,0,0,0,0,0
400475,1,1,1997,0,0,0,13,18,0,30,0,0,0
400475,2,1,1997,0,0,0,0,0,0,0,0,0,0
400476,0,1,1997,0,0,0,0,0,20,0,0,36,0
400476,1,1,1997,0,0,0,0,0,0,0,0,0,0
400477,1,1,1997,8,8,8,8,8,8,8,8,8,8
400478,1,1,1997,9,9,9,9,9,9,9,9,9,9
400479,1,1,1997,0,0,0,0,0,0,0,0,25,0
400480,1,1,1997,18,12,11,17,11,16,16,22,23,21
400481,1,1,1997,0,0,0,0,7,0,15,0,0,0
400481,2,1,1997,0,0,0,0,0,0,0,0,0,12
400482,1,1,1997,0,0,0,0,0,0,0,0,0,0
400482,2,1,1997,0,0,0,0,0,0,0,0,0,0
400483,1,1,1997,0,0,0,0,0,0,0,0,0,0
400483,2,1,1997,0,0,0,0,0,0,0,0,0,0
400484,1,1,1997,0,0,0,0,0,0,0,0,0,0
400484,2,1,1997,8,0,0,0,0,0,0,0,0,0
400484,3,1,1997,0,0,0,0,0,0,0,0,0,0
400485,1,1,1997,0,0,0,4,11,0,0,19,0,0
400486,1,1,1997,0,0,0,0,0,0,0,0,0,0
400487,1,1,1997,0,0,0,33,12,0,0,0,0,26
400488,1,1,1997,0,0,9,0,0,0,0,0,0,0
400488,2,1,1997,0,0,0,0,0,0,0,0,0,0
400489,1,1,1997,4,0,0,0,0,0,0,0,0,0
400489,2,1,1997,0,0,0,0,0,0,0,0,0,0
400490,1,1,1997,0,0,0,0,0,0,0,0,0,0
400490,2,1,1997,0,0,0,0,0,0,0,0,0,0
400490,3,1,1997,0,0,0,0,0,0,0,0,0,0
400491,1,1,1997,0,0,0,0,0,0,0,0,0,0
400491,2,1,1997,0,0,0,0,0,0,0,0,0,0
400492,1,1,1997,0,15,33,0,0,0,12,0,0,34
400492,2,1,1997,0,0,0,0,0,0,0,0,0,0
400493,1,1,1997,28,19,25,16,17,46,20,26,24,23
400494,1,1,1997,20,20,20,20,20,20,20,20,20,20
400495,1,1,1997,12,14,0,23,16,28,0,14,24,0
400496,1,1,1997,0,0,0,0,0,0,0,0,0,0
400497,1,1,1997,0,0,0,0,0,0,0,0,0,0
400499,1,1,1997,35,11,12,8,10,22,16,0,16,7
400499,2,1,1997,0,0,0,0,0,0,31,14,0,0
400500,1,1,1997,3,9,13,0,14,4,2,2,6,18
400500,2,1,1997,0,0,0,0,0,0,0,0,0,0
400501,1,1,1997,17,17,17,17,17,17,17,17,17,17
400502,0,1,1997,16,11,16,44,15,30,14,12,30,0
400502,1,1,1997,15,0,0,0,0,0,0,0,0,0
400503,0,1,1997,0,0,0,0,0,0,0,0,0,0
400503,1,1,1997,0,0,0,0,0,0,0,0,0,0
400504,2,1,1997,0,0,13,0,10,0,0,0,0,0
400505,1,1,1997,0,0,0,0,0,0,0,0,0,0
400505,2,1,1997,0,0,0,0,0,0,0,0,0,0
400506,1,1,1997,0,0,0,0,0,0,0,0,0,0
400506,2,1,1997,0,0,0,0,0,0,0,0,0,0
400507,1,1,1997,0,0,0,0,0,0,0,0,0,0
400507,2,1,1997,0,0,0,0,0,0,0,0,0,0
400508,1,1,1997,16,17,32,23,7,7,7,25,12,13
400508,2,1,1997,0,0,0,0,0,11,0,0,0,0
400509,1,1,1997,29,29,29,29,29,29,29,29,29,29
400510,1,1,1997,0,0,0,0,0,0,0,0,0,0
400511,0,1,1997,0,0,0,0,0,0,0,0,0,0
400511,1,1,1997,0,0,0,0,0,0,0,0,0,0
400512,1,1,1997,16,21,18,18,7,9,0,15,8,15
400513,1,1,1997,0,0,8,0,27,9,10,13,10,6
400514,1,1,1997,0,0,0,0,0,0,0,0,0,0
400515,1,1,1997,0,0,0,0,0,0,0,0,0,0
400515,2,1,1997,0,0,0,0,0,0,0,0,0,0
400516,0,1,1997,10,10,9,0,0,0,0,0,0,0
400516,1,1,1997,0,0,0,0,0,0,0,0,0,0
400517,1,1,1997,16,11,22,0,6,9,10,0,8,10
400518,1,1,1997,21,21,21,21,21,21,21,21,21,21
400519,1,1,1997,22,22,22,22,22,22,22,22,22,22
400520,1,1,1997,0,0,0,0,0,0,0,0,0,0
400521,1,1,1997,18,27,13,23,8,10,20,13,11,13
400521,2,1,1997,0,0,0,9,0,0,0,0,0,0
400522,1,1,1997,9,0,6,0,0,0,0,7,0,0
400522,2,1,1997,0,0,0,7,0,0,0,0,0,9
400523,1,1,1997,5,5,5,5,5,5,5,5,5,5
400523,2,1,1997,0,0,0,0,0,0,0,0,0,0
400524,1,1,1997,0,0,0,0,0,0,0,0,0,0
400524,2,1,1997,0,0,0,0,0,0,0,0,0,0
400525,1,1,1997,0,0,0,0,0,0,0,0,0,0
400526,1,1,1997,0,0,0,0,0,0,0,0,0,0
400526,2,1,1997,0,0,0,0,0,0,0,0,0,0
400527,1,1,1997,0,0,0,0,0,0,0,0,0,0
400527,2,1,1997,0,0,0,0,0,0,0,0,0,0
400528,0,1,1997,0,0,0,0,0,0,0,0,0,0
400528,1,1,1997,0,0,0,0,0,0,0,0,0,0
400529,1,1,1997,0,0,0,0,0,0,0,0,0,0
400529,2,1,1997,0,0,0,0,0,0,0,0,0,0
400530,1,1,1997,0,0,0,0,0,0,0,0,0,0
400530,2,1,1997,0,0,0,0,0,0,0,0,0,0
400531,1,1,1997,0,0,0,0,0,0,0,0,0,0
400531,2,1,1997,0,0,0,0,0,0,0,0,0,0
400532,1,1,1997,0,0,0,0,0,0,0,0,0,0
400532,2,1,1997,0,0,0,0,0,0,0,0,0,0
400533,1,1,1997,0,0,0,0,0,0,0,0,0,0
400533,2,1,1997,9,13,12,20,16,11,20,32,8,11
400534,1,1,1997,0,0,0,0,0,0,0,0,0,0
400534,2,1,1997,0,0,0,0,0,0,0,14,0,0
400535,0,1,1997,0,0,0,0,28,0,27,0,14,0
400535,1,1,1997,0,0,0,0,0,0,0,0,0,0
400536,1,1,1997,0,0,0,0,0,0,0,0,0,0
400536,2,1,1997,9,0,0,0,0,0,0,0,0,0
400537,1,1,1997,0,0,0,0,0,0,0,0,0,0
400537,2,1,1997,0,0,0,0,0,0,0,0,0,0
400538,1,1,1997,0,0,0,0,0,0,0,0,0,0
400538,2,1,1997,0,0,0,0,0,0,0,0,0,0
400539,1,1,1997,0,0,0,0,0,0,0,0,0,0
400540,1,1,1997,18,18,18,18,18,18,18,18,18,18
400541,1,1,1997,0,10,0,0,0,0,0,0,0,0
400541,2,1,1997,0,0,0,0,0,0,0,0,31,0
400542,1,1,1997,0,0,0,0,0,0,0,0,0,0
400543,1,1,1997,0,0,0,0,13,8,0,0,0,0
400543,2,1,1997,0,0,0,0,0,0,0,0,0,0
400543,3,1,1997,0,0,0,0,0,0,0,0,0,0
400544,0,1,1997,18,18,18,18,18,18,18,18,18,18
400544,1,1,1997,0,0,0,0,0,0,0,0,0,0
400545,1,1,1997,5,25,26,20,17,17,13,17,6,9
400545,2,1,1997,0,0,0,0,0,0,0,0,0,0
400546,1,1,1997,0,0,0,0,0,0,0,0,0,0
400546,2,1,1997,0,0,0,0,0,0,0,0,0,0
400547,1,1,1997,0,0,0,0,0,0,0,0,0,0
400547,2,1,1997,0,0,0,0,0,0,0,0,0,0
400548,1,1,1997,0,0,0,0,0,0,0,0,0,0
400548,2,1,1997,0,0,0,0,0,0,0,0,0,0
400549,1,1,1997,0,0,0,0,0,0,0,0,0,0
400550,0,1,1997,0,0,0,0,0,0,0,0,0,0
400550,1,1,1997,0,0,0,0,0,0,0,0,0,0
400551,1,1,1997,0,0,0,0,0,0,0,0,0,0
400552,1,1,1997,0,0,0,8,0,0,22,0,0,0
400552,2,1,1997,0,0,0,0,0,0,0,0,0,0
400553,1,1,1997,0,10,0,25,16,0,0,12,0,25
400554,1,1,1997,7,0,36,18,19,0,15,0,0,18
400555,0,1,1997,0,0,0,0,0,0,0,0,0,0
400555,1,1,1997,0,0,0,0,0,0,0,0,0,0
400556,1,1,1997,7,0,18,22,14,26,32,0,29,17
400557,1,1,1997,0,0,0,0,0,0,0,0,0,0
400557,2,1,1997,0,0,0,0,0,0,0,0,0,0
400558,1,1,1997,0,0,0,0,10,0,0,17,0,0
400559,1,1,1997,0,0,0,0,0,0,0,0,0,0
400559,2,1,1997,0,0,0,0,3,0,0,0,0,0
400559,3,1,1997,0,0,0,0,0,0,0,0,0,0
400560,1,1,1997,0,0,0,0,0,0,0,0,0,0
400560,2,1,1997,0,0,0,0,0,0,0,0,0,0
400561,0,1,1997,0,0,0,0,0,0,0,0,0,0
400561,1,1,1997,0,0,0,0,0,0,0,0,0,0
400562,1,1,1997,0,0,0,0,0,0,0,0,0,0
400562,2,1,1997,0,0,0,0,0,0,0,0,0,0
400563,0,1,1997,0,0,0,0,0,0,0,0,0,0
400563,1,1,1997,0,0,0,0,0,0,0,0,0,0
400564,1,1,1997,7,7,7,7,7,7,7,7,7,7
400565,1,1,1997,0,0,0,0,0,0,0,0,0,0
400565,2,1,1997,0,0,0,0,0,0,0,0,0,0
400566,1,1,1997,0,0,0,0,0,0,0,0,0,0
400566,2,1,1997,0,0,0,0,0,0,0,0,0,0
400567,1,1,1997,0,0,0,0,0,18,0,8,0,0
400567,2,1,1997,0,0,0,0,0,0,0,0,0,0
400568,1,1,1997,18,14,11,18,7,11,24,21,16,32
400569,1,1,1997,0,0,0,0,0,0,0,0,0,0
400570,1,1,1997,2,2,2,2,2,2,2,2,2,2
400571,1,1,1997,23,23,23,23,23,23,23,23,23,23
400572,1,1,1997,20,20,20,20,20,20,20,20,20,20
400573,1,1,1997,0,0,0,0,0,0,0,0,0,0
400574,1,1,1997,25,25,25,25,25,25,25,25,25,25
400575,1,1,1997,0,0,0,29,16,0,0,0,29,15
400575,2,1,1997,0,0,0,0,0,0,0,0,0,0
400575,3,1,1997,0,0,0,0,0,0,0,0,0,0
400576,1,1,1997,22,22,22,22,22,22,22,22,22,22
400577,1,1,1997,0,0,0,0,0,0,0,0,0,0
400578,0,1,1997,0,22,0,0,0,0,28,23,17,0
400578,1,1,1997,0,0,0,0,0,0,0,0,0,0
400579,0,1,1997,6,0,0,10,0,0,3,22,27,31
400579,1,1,1997,0,0,0,0,0,0,0,0,0,0
400580,0,1,1997,0,0,18,0,0,0,0,0,0,0
400580,1,1,1997,0,0,0,0,0,0,0,0,0,0
400581,0,1,1997,13,0,25,0,0,0,0,19,0,0
400581,1,1,1997,0,0,0,0,0,0,0,0,0,0
400582,1,1,1997,0,0,0,0,0,0,0,0,0,0
400583,1,1,1997,16,15,24,9,20,27,14,20,17,19
400584,1,1,1997,0,13,0,0,0,0,0,0,0,0
400585,1,1,1997,0,0,0,0,0,0,0,0,0,0
400586,1,1,1997,17,8,0,0,9,0,0,0,0,0
400586,2,1,1997,0,0,0,0,0,0,0,0,0,0
400587,1,1,1997,0,32,10,28,24,16,18,32,0,16
400588,1,1,1997,19,32,12,18,17,11,3,5,14,0
400588,2,1,1997,0,0,0,0,0,0,0,0,0,0
400589,1,1,1997,0,0,0,0,0,6,0,0,0,0
400590,1,1,1997,16,0,20,8,22,19,0,20,0,0
400591,1,1,1997,15,9,0,0,0,7,11,28,9,12
400592,1,1,1997,0,0,0,0,0,0,0,0,0,9
400592,2,1,1997,0,0,0,0,0,0,0,0,0,0
400593,1,1,1997,0,13,0,20,9,9,27,18,0,0
400594,1,1,1997,0,0,5,0,0,6,5,0,0,0
400594,2,1,1997,0,0,0,0,0,0,0,0,0,0
400595,0,1,1997,14,29,4,12,10,29,26,19,41,9
400595,1,1,1997,0,0,0,8,0,0,8,0,0,0
400596,0,1,1997,0,0,0,0,0,0,0,0,0,0
400596,1,1,1997,0,0,0,0,0,0,0,0,0,0
400597,1,1,1997,16,23,36,9,23,0,0,0,28,31
400598,1,1,1997,0,8,6,19,26,31,16,7,8,0
400598,2,1,1997,0,0,0,0,0,0,0,0,0,0
400599,1,1,1997,6,2,19,9,11,20,12,13,32,10
400600,0,1,1997,0,0,0,0,0,0,0,0,0,0
400600,1,1,1997,0,0,0,0,0,0,0,0,0,0
400601,1,1,1997,22,12,24,0,29,0,23,0,12,15
400601,2,1,1997,0,0,0,0,0,0,0,0,0,0
400602,1,1,1997,0,31,0,0,3,15,0,0,0,0
400603,1,1,1997,0,0,0,0,0,0,0,17,0,0
400604,1,1,1997,23,23,23,23,23,23,23,23,23,23
400605,1,1,1997,0,0,0,0,0,0,0,0,0,0
400606,1,1,1997,20,13,26,34,28,11,17,44,23,19
400607,1,1,1997,0,0,0,0,0,0,0,0,0,0
400607,2,1,1997,0,0,0,0,0,7,0,0,0,0
400608,1,1,1997,0,0,0,0,0,0,0,0,0,0
400608,2,1,1997,0,0,0,0,0,0,0,0,0,0
400609,1,1,1997,0,0,0,0,0,0,0,0,0,0
400609,2,1,1997,0,0,0,0,0,0,0,0,0,0
400609,3,1,1997,0,0,0,0,0,0,0,0,0,0
400610,1,1,1997,0,0,0,0,0,0,0,0,0,0
400610,2,1,1997,0,0,0,0,0,0,0,0,0,0
400611,1,1,1997,0,0,0,0,0,0,0,0,0,0
400611,2,1,1997,0,0,0,0,0,0,0,0,0,0
400611,3,1,1997,0,0,0,0,0,14,0,0,0,0
400611,4,1,1997,0,0,0,0,0,0,0,0,0,0
400612,1,1,1997,11,11,11,11,11,11,11,11,11,11
400612,2,1,1997,0,0,0,0,0,0,0,0,0,0
400613,1,1,1997,0,0,0,0,0,0,0,0,0,0
400613,2,1,1997,0,0,0,0,0,0,0,0,0,11
400614,1,1,1997,0,0,0,0,0,0,0,0,0,0
400615,1,1,1997,10,10,10,10,10,10,10,10,10,10
400616,1,1,1997,0,0,0,0,0,0,0,0,0,0
400616,2,1,1997,0,0,0,0,0,0,0,0,0,0
400616,3,1,1997,0,0,0,0,0,0,0,0,0,0
400617,1,1,1997,0,0,0,0,0,0,0,0,0,0
400617,2,1,1997,0,0,0,0,0,0,0,0,0,0
400618,0,1,1997,0,0,0,0,0,0,0,0,0,0
400618,1,1,1997,0,0,0,0,0,28,0,0,14,21
400619,1,1,1997,20,17,21,27,23,12,0,23,10,30
400620,1,1,1997,21,8,21,15,21,14,20,11,17,9
400620,2,1,1997,0,0,0,0,0,0,0,0,0,0
400621,1,1,1997,0,0,0,0,0,0,0,0,0,0
400621,2,1,1997,0,0,0,0,0,0,0,0,0,0
400622,1,1,1997,0,0,0,0,0,0,0,0,0,0
400622,2,1,1997,4,0,0,0,0,0,0,0,0,0
400623,0,1,1997,16,16,16,16,16,16,16,16,16,16
400623,1,1,1997,0,0,0,0,0,0,0,0,0,0
400624,0,1,1997,0,0,0,27,0,22,0,0,0,0
400624,1,1,1997,0,0,0,0,4,0,0,0,0,0
400624,2,1,1997,0,0,0,0,0,0,0,0,0,0
400625,1,1,1997,10,0,22,10,27,6,0,12,11,7
400625,2,1,1997,0,0,0,0,0,0,0,0,0,0
400626,1,1,1997,0,0,0,0,0,0,0,0,0,0
400626,2,1,1997,0,0,0,0,0,0,0,0,0,0
400627,1,1,1997,0,0,0,0,0,0,0,0,0,0
400627,2,1,1997,0,0,0,15,0,0,0,15,0,0
400628,1,1,1997,19,19,19,19,19,19,19,19,19,19
400628,2,1,1997,0,0,0,0,0,0,0,0,0,0
400629,1,1,1997,30,30,30,30,30,30,30,30,30,30
400630,1,1,1997,0,0,0,0,0,0,0,0,0,0
400630,2,1,1997,0,0,0,0,0,0,0,0,0,0
400631,1,1,1997,0,0,0,0,0,0,0,0,0,0
400632,1,1,1997,0,0,0,0,0,0,0,0,0,0
400632,2,1,1997,0,0,0,0,0,0,0,0,0,0
400633,1,1,1997,0,0,0,0,0,0,0,0,0,0
400633,2,1,1997,0,0,0,0,0,0,0,13,0,0
400634,0,1,1997,0,0,0,0,0,0,0,0,0,0
400634,1,1,1997,0,0,0,0,0,0,0,0,0,0
400635,1,1,1997,0,0,0,0,0,0,0,0,0,0
400635,2,1,1997,9,9,0,23,10,15,13,0,13,12
400636,1,1,1997,0,0,0,0,0,0,0,0,0,0
400636,2,1,1997,0,0,0,0,0,0,0,0,0,0
400636,3,1,1997,0,0,0,0,0,0,0,0,0,0
400636,4,1,1997,0,0,0,0,0,0,0,0,0,0
400637,1,1,1997,0,0,0,0,0,0,0,0,0,0
400637,2,1,1997,20,20,20,20,20,20,20,20,20,20
400638,1,1,1997,0,0,0,0,0,0,0,0,0,0
400639,1,1,1997,0,0,0,0,0,0,0,0,0,0
400639,2,1,1997,0,0,0,0,0,0,0,0,0,0
400640,1,1,1997,0,23,23,5,17,29,0,0,0,0
400641,1,1,1997,22,14,20,41,16,5,20,25,9,13
400642,1,1,1997,22,22,22,22,22,22,22,22,22,22
400643,1,1,1997,0,0,0,20,0,0,0,0,0,0
400644,1,1,1997,0,0,0,0,0,0,0,0,0,0
400644,2,1,1997,19,25,0,0,17,18,21,6,24,21
400645,1,1,1997,20,29,7,20,30,15,0,24,14,22
400646,1,1,1997,0,0,0,0,0,0,0,0,0,0
400646,2,1,1997,0,0,0,0,0,0,0,0,0,0
400647,1,1,1997,0,0,0,0,0,0,0,0,0,0
400647,2,1,1997,0,0,0,0,0,0,0,0,0,0
400648,1,1,1997,0,0,0,0,0,0,0,0,0,0
400649,1,1,1997,5,0,0,0,0,0,0,0,0,0
400649,2,1,1997,0,0,0,0,0,0,0,0,0,0
400650,1,1,1997,0,0,0,0,0,0,0,0,0,0
400650,2,1,1997,0,0,0,0,0,0,0,0,0,0
400651,1,1,1997,0,0,0,0,0,0,0,0,0,0
400651,2,1,1997,0,0,0,0,0,0,15,0,0,0
400651,3,1,1997,0,16,0,0,0,0,0,0,0,0
400652,1,1,1997,0,0,0,0,25,0,0,0,0,0
400652,2,1,1997,0,0,0,0,0,0,0,0,0,0
400653,1,1,1997,0,0,0,0,0,0,0,0,0,0
400653,2,1,1997,0,0,0,0,0,0,0,0,0,0
400654,1,1,1997,21,21,21,21,21,21,21,21,21,21
400656,1,1,1997,0,0,0,0,0,0,0,0,0,0
400656,2,1,1997,0,0,0,0,0,0,0,0,0,5
400656,3,1,1997,0,0,0,0,0,0,0,0,0,0
400657,1,1,1997,41,41,41,41,41,41,41,41,41,41
400658,1,1,1997,0,0,0,0,0,0,0,0,0,0
400659,1,1,1997,0,0,0,0,0,0,0,0,0,0
400659,2,1,1997,0,0,0,0,0,0,0,0,0,0
400660,1,1,1997,0,0,0,0,0,0,0,0,0,0
400660,2,1,1997,0,0,0,0,0,0,0,0,0,0
400661,1,1,1997,0,0,0,0,0,0,0,0,0,0
400662,0,1,1997,8,27,23,32,17,20,17,12,10,23
400662,0,2,1997,0,0,0,0,0,0,0,27,0,36