ST_CASE,VEH_NO,PER_NO,YEAR,P1,P2,P3,P4,P5,P6,P7,P8,P9,P10
400662,1,1,1997,0,0,0,0,0,0,0,10,0,0
400663,1,1,1997,0,0,0,0,0,0,0,0,0,0
400663,2,1,1997,0,0,0,24,0,0,0,0,0,32
400664,1,1,1997,17,25,27,9,11,18,25,19,13,31
400664,2,1,1997,0,0,0,0,0,0,0,0,0,0
400665,0,1,1997,21,21,21,21,21,21,21,21,21,21
400665,1,1,1997,0,0,0,0,0,19,0,0,10,0
400666,1,1,1997,0,0,13,0,0,0,0,0,0,0
400666,2,1,1997,0,0,0,0,0,0,0,0,0,0
400666,3,1,1997,0,12,0,0,0,0,0,0,0,23
400667,1,1,1997,0,0,0,0,0,0,0,0,0,0
400668,1,1,1997,4,4,4,4,4,4,4,4,4,4
400669,1,1,1997,0,0,0,0,0,0,0,0,0,0
400670,1,1,1997,0,0,0,0,0,0,0,0,0,0
400670,2,1,1997,0,0,0,0,0,0,0,0,0,0
400671,0,1,1997,0,0,0,0,0,0,0,0,0,0
400671,1,1,1997,0,0,0,0,10,0,0,0,0,0
400671,2,1,1997,0,0,0,0,0,0,0,0,0,0
400672,1,1,1997,20,27,10,20,30,19,16,28,24,20
400673,1,1,1997,0,0,0,0,0,0,0,0,0,0
400673,2,1,1997,0,0,0,0,0,0,0,0,0,0
400674,1,1,1997,10,0,0,0,0,0,0,0,0,0
400674,2,1,1997,0,0,0,0,0,0,0,0,0,0
400675,1,1,1997,17,0,0,12,0,0,0,31,0,0
400676,0,1,1997,25,17,35,49,10,3,27,24,6,26
400676,1,1,1997,0,0,0,0,0,0,0,0,0,0
400677,1,1,1997,7,16,28,21,7,25,16,15,13,7
400678,1,1,1997,16,16,39,18,30,6,11,18,28,11
400679,1,1,1997,0,0,0,0,0,0,0,0,0,0
400679,2,1,1997,0,0,0,0,20,0,22,0,0,0
400680,1,1,1997,0,0,7,0,0,0,0,0,9,0
400680,2,1,1997,0,0,21,0,0,0,0,0,0,0
400681,0,1,1997,0,42,12,8,19,17,18,18,22,18
400681,1,1,1997,0,0,0,0,0,0,13,0,0,0
400682,1,1,1997,9,18,22,18,22,0,18,21,0,23
400683,1,1,1997,0,0,0,0,0,0,0,0,0,0
400683,2,1,1997,0,0,0,0,0,0,0,0,0,0
400684,1,1,1997,0,0,0,0,0,0,0,0,0,0
400685,1,1,1997,4,4,4,4,4,4,4,4,4,4
400686,1,1,1997,14,14,14,14,14,14,14,14,14,14
400686,2,1,1997,0,0,0,0,0,0,0,0,0,0
400687,1,1,1997,15,17,14,19,25,18,37,33,24,25
400688,1,1,1997,19,19,19,19,19,19,19,19,19,19
400688,2,1,1997,0,8,0,0,0,0,0,0,0,0
400689,1,1,1997,16,0,39,6,22,11,24,16,26,23
400690,1,1,1997,0,0,0,0,0,0,0,0,0,0
400691,1,1,1997,16,16,16,16,16,16,16,16,16,16
400691,2,1,1997,0,0,0,0,0,0,0,0,0,0
400691,3,1,1997,0,0,0,0,0,0,0,0,0,0
400692,1,1,1997,16,16,16,16,16,16,16,16,16,16
400692,2,1,1997,0,0,0,0,0,0,0,0,0,0
400693,1,1,1997,0,0,0,0,0,0,0,0,0,34
400694,0,1,1997,21,0,34,39,22,15,35,0,5,22
400694,1,1,1997,0,0,0,0,0,0,0,0,0,0
400695,1,1,1997,0,0,0,0,0,0,0,0,0,0
400695,2,1,1997,0,0,0,0,0,0,0,0,0,0
400696,1,1,1997,10,14,11,27,6,14,28,18,22,14
400696,2,1,1997,0,0,0,0,0,0,0,0,27,0
400697,1,1,1997,0,0,0,0,0,0,21,0,0,0
400698,0,1,1997,0,0,0,0,0,0,0,35,0,0
400698,1,1,1997,0,0,0,0,0,0,6,0,0,0
400699,1,1,1997,21,18,27,20,27,9,18,20,0,14
400700,1,1,1997,0,0,0,0,0,0,24,0,0,0
400700,2,1,1997,0,0,0,0,0,0,0,0,0,12
400701,1,1,1997,0,0,0,0,5,0,0,0,0,0
400701,2,1,1997,0,0,0,0,0,0,0,0,0,0
400702,1,1,1997,4,0,0,0,0,0,0,0,0,0
400702,2,1,1997,0,0,0,0,0,0,0,0,0,0
400703,1,1,1997,0,0,0,0,0,0,0,0,0,0
400703,2,1,1997,0,0,0,0,0,0,0,0,0,0
400704,1,1,1997,9,14,12,22,0,31,24,10,18,12
400705,1,1,1997,22,22,22,22,22,22,22,22,22,22
400706,0,1,1997,0,0,20,0,0,0,0,0,0,28
400706,1,1,1997,0,0,0,0,0,0,0,0,0,0
400707,1,1,1997,0,0,0,0,0,0,0,0,0,0
400707,2,1,1997,0,0,0,0,0,0,0,0,0,0
400707,3,1,1997,0,0,0,0,0,0,0,0,0,0
400708,1,1,1997,0,0,0,0,0,0,0,0,0,0
400708,2,1,1997,8,8,8,8,8,8,8,8,8,8
400709,1,1,1997,0,0,0,0,0,0,0,0,0,0
400709,2,1,1997,0,0,0,0,0,0,0,0,0,0
400710,1,1,1997,23,28,13,0,15,12,8,10,26,12
400711,1,1,1997,0,0,0,0,0,0,0,0,0,0
400711,2,1,1997,0,0,0,0,0,0,0,0,0,0
400712,1,1,1997,0,0,0,0,0,0,0,0,0,0
400712,2,1,1997,0,0,0,0,0,19,0,0,0,0
400713,0,1,1997,0,0,0,0,0,0,0,13,0,0
400713,1,1,1997,0,0,0,0,0,0,0,0,0,0
400714,1,1,1997,0,0,0,0,0,0,0,0,0,0
400714,2,1,1997,0,0,0,0,0,0,0,0,0,0
400715,1,1,1997,0,0,17,0,0,29,0,0,0,0
400715,2,1,1997,0,0,0,0,0,0,0,0,0,0
400716,0,1,1997,22,22,22,22,22,22,22,22,22,22
400716,2,1,1997,0,0,0,0,0,0,0,0,0,0
400717,1,1,1997,15,0,20,0,0,12,0,22,0,0
400718,1,1,1997,0,0,0,0,0,0,0,0,0,0
400718,2,1,1997,0,0,0,0,0,0,0,0,0,0
400718,3,1,1997,0,0,0,0,0,0,0,0,0,0
400719,1,1,1997,19,8,11,17,20,19,29,19,0,0
400720,1,1,1997,0,0,0,0,14,0,17,0,0,0
400720,2,1,1997,0,0,0,0,0,0,0,0,0,0
400721,1,1,1997,0,0,0,0,0,0,0,0,0,0
400722,1,1,1997,0,0,0,0,0,0,0,0,0,0
400723,1,1,1997,17,17,17,17,17,17,17,17,17,17
400724,1,1,1997,0,0,0,0,0,0,15,0,21,0
400724,2,1,1997,0,0,0,0,0,0,0,0,0,0
400725,1,1,1997,18,18,18,18,18,18,18,18,18,18
400726,1,1,1997,0,0,0,0,0,0,0,0,0,0
400726,2,1,1997,0,0,0,0,0,0,0,0,0,0
410001,1,1,1997,24,24,24,24,24,24,24,24,24,24
410002,0,1,1997,13,13,13,13,13,13,13,13,13,13
410002,1,1,1997,0,0,0,0,0,31,11,0,18,0
410003,1,1,1997,0,0,0,0,0,0,0,0,0,0
410003,2,1,1997,0,0,0,0,0,0,0,0,0,0
410004,0,1,1997,0,0,0,0,0,0,0,0,0,0
410004,1,1,1997,0,0,0,0,0,0,0,0,0,0
410005,1,1,1997,0,0,0,0,0,0,0,0,0,0
410005,2,1,1997,0,0,0,0,0,0,0,0,0,0
410006,1,1,1997,0,0,0,0,0,0,0,0,0,0
410006,2,1,1997,0,0,0,0,0,0,0,0,0,0
410007,0,1,1997,0,0,0,0,0,0,0,0,0,0
410007,1,1,1997,0,0,0,0,0,0,0,0,0,0
410008,1,1,1997,0,0,0,0,0,0,0,0,0,0
410010,1,1,1997,15,15,15,15,15,15,15,15,15,15
410011,1,1,1997,1,1,1,1,1,1,1,1,1,1
410012,1,1,1997,0,0,0,0,0,0,0,0,0,0
410012,2,1,1997,0,0,0,0,0,0,0,0,0,0
410013,1,1,1997,8,8,8,8,8,8,8,8,8,8
410013,2,1,1997,0,0,0,8,0,0,0,0,0,0
410014,1,1,1997,0,0,0,0,0,0,0,0,0,0
410014,2,1,1997,0,0,0,0,0,0,0,0,0,0
410015,1,1,1997,19,19,19,19,19,19,19,19,19,19
410016,1,1,1997,9,9,9,9,9,9,9,9,9,9
410017,1,1,1997,0,0,0,0,0,0,0,0,0,0
410017,2,1,1997,2,2,2,2,2,2,2,2,2,2
410018,1,1,1997,15,15,15,15,15,15,15,15,15,15
410019,1,1,1997,0,0,18,0,0,0,0,0,14,0
410020,0,1,1997,25,25,25,25,25,25,25,25,25,25
410020,1,1,1997,0,0,0,0,0,0,0,0,0,0
410021,1,1,1997,0,0,0,0,0,0,0,0,0,0
410021,2,1,1997,0,0,0,0,0,0,0,0,0,0
410022,0,1,1997,3,3,3,3,3,3,3,3,3,3
410022,1,1,1997,0,0,0,0,0,0,0,0,0,19
410023,0,1,1997,0,0,0,0,0,0,0,0,0,0
410023,1,1,1997,0,0,0,0,0,0,0,0,0,0
410024,1,1,1997,0,0,0,0,0,0,0,0,0,0
410024,2,1,1997,0,0,0,0,0,0,0,0,0,0
410024,3,1,1997,0,0,0,0,0,0,0,0,0,0
410025,1,1,1997,0,0,0,0,0,0,0,0,0,0
410026,1,1,1997,0,0,0,0,0,0,0,0,0,0
410027,1,1,1997,0,0,0,0,0,0,0,0,0,0
410027,2,1,1997,0,0,0,0,0,0,0,0,0,0
410027,3,1,1997,0,0,0,0,0,0,0,0,0,0
410028,1,1,1997,0,0,0,0,0,0,0,0,0,0
410028,2,1,1997,0,0,0,0,0,0,0,0,0,0
410029,1,1,1997,0,0,0,0,0,0,0,0,0,0
410029,2,1,1997,0,0,0,0,0,0,0,0,0,0
410030,0,1,1997,37,37,37,37,37,37,37,37,37,37
410030,1,1,1997,0,0,33,0,0,0,0,0,0,0
410031,1,1,1997,21,21,21,21,21,21,21,21,21,21
410032,1,1,1997,6,6,6,6,6,6,6,6,6,6
410032,2,1,1997,0,0,0,0,0,0,0,0,0,0
410033,1,1,1997,8,0,0,0,0,0,0,0,13,0
410033,2,1,1997,0,0,0,0,0,0,0,0,0,0
410034,1,1,1997,0,0,0,0,0,0,0,0,0,0
410035,1,1,1997,0,0,0,0,0,0,0,0,0,0
410036,1,1,1997,0,0,0,0,0,0,0,0,15,0
410036,2,1,1997,0,0,0,0,0,0,0,0,0,0
410037,1,1,1997,0,0,0,0,0,0,0,0,0,0
410037,2,1,1997,0,0,0,0,0,0,0,0,0,0
410038,1,1,1997,21,21,21,21,21,21,21,21,21,21
410039,1,1,1997,0,0,0,0,0,0,0,0,0,0
410040,1,1,1997,29,29,29,29,29,29,29,29,29,29
410041,1,1,1997,0,0,0,0,0,0,0,0,0,0
410042,1,1,1997,0,0,0,0,0,0,0,0,0,0
410042,2,1,1997,0,0,0,0,0,0,0,0,0,0
410043,1,1,1997,0,0,0,0,0,0,0,0,0,0
410043,2,1,1997,0,0,0,0,0,0,0,0,0,0
410044,0,1,1997,0,0,0,0,0,0,0,0,0,0
410044,1,1,1997,0,0,0,20,0,0,0,0,0,0
410045,1,1,1997,18,18,18,18,18,18,18,18,18,18
410045,2,1,1997,0,0,0,0,0,0,0,0,0,0
410046,1,1,1997,18,18,18,18,18,18,18,18,18,18
410047,1,1,1997,17,17,17,17,17,17,17,17,17,17
410047,2,1,1997,6,0,0,0,0,0,0,0,0,0
410048,1,1,1997,0,0,0,0,0,0,0,0,0,0
410048,2,1,1997,0,0,0,0,0,0,0,0,0,0
410048,3,1,1997,0,0,0,0,0,0,0,0,0,7
410049,1,1,1997,0,0,0,0,0,0,0,0,0,0
410049,2,1,1997,0,0,0,0,0,0,0,0,0,0
410050,0,1,1997,0,0,0,0,0,0,0,0,0,0
410050,1,1,1997,9,9,9,9,9,9,9,9,9,9
410051,1,1,1997,0,0,0,0,0,0,0,0,0,0
410051,2,1,1997,0,0,0,0,0,0,0,0,0,0
410052,1,1,1997,15,15,15,15,15,15,15,15,15,15
410053,1,1,1997,0,0,0,0,0,0,0,0,0,0
410054,1,1,1997,11,0,0,0,14,19,0,0,0,0
410054,2,1,1997,0,0,0,0,0,0,0,0,0,0
410055,1,1,1997,9,9,9,9,9,9,9,9,9,9
410056,1,1,1997,0,0,0,0,0,0,0,0,0,0
410056,2,1,1997,0,0,0,0,0,0,0,0,0,0
410056,3,1,1997,0,0,0,0,0,0,0,0,0,0
410057,1,1,1997,15,15,15,15,15,15,15,15,15,15
410058,1,1,1997,0,0,0,0,0,0,0,0,0,0
410058,2,1,1997,0,0,0,0,0,15,0,0,0,15
410059,0,1,1997,0,0,0,0,0,0,0,0,0,0
410059,1,1,1997,0,0,0,0,0,0,0,0,0,0
410060,1,1,1997,0,0,0,0,0,0,0,0,0,0
410061,1,1,1997,23,23,23,23,23,23,23,23,23,23
410062,1,1,1997,0,0,0,0,0,0,0,0,0,0
410062,2,1,1997,0,0,0,0,0,0,0,0,0,0
410063,1,1,1997,0,0,0,0,0,0,0,0,0,0
410063,2,1,1997,0,0,0,0,0,0,0,0,0,0
410064,1,1,1997,0,0,0,0,0,0,0,0,0,0
410064,2,1,1997,8,8,8,8,8,8,8,8,8,8
410065,1,1,1997,23,23,23,23,23,23,23,23,23,23
410066,1,1,1997,0,0,0,0,0,0,0,0,0,0
410067,1,1,1997,26,26,26,26,26,26,26,26,26,26
410068,1,1,1997,13,13,13,13,13,13,13,13,13,13
410069,0,1,1997,15,15,15,15,15,15,15,15,15,15
410069,1,1,1997,16,7,0,26,6,14,7,9,12,8
410070,1,1,1997,0,0,0,0,0,0,0,0,0,0
410071,0,1,1997,0,0,0,0,0,0,0,0,0,0
410071,1,1,1997,6,0,0,5,0,0,0,18,0,0
410072,1,1,1997,24,24,24,24,24,24,24,24,24,24
410072,2,1,1997,0,0,0,0,0,0,0,0,0,0
410073,1,1,1997,0,0,0,0,0,0,0,0,0,0
410073,2,1,1997,0,0,0,0,0,0,0,0,0,0
410074,0,1,1997,17,17,17,17,17,17,17,17,17,17
410074,1,1,1997,0,0,0,0,0,0,0,0,0,0
410075,0,1,1997,0,0,0,0,0,0,0,0,0,0
410075,1,1,1997,0,0,0,0,0,0,0,0,0,0
410076,1,1,1997,7,7,7,7,7,7,7,7,7,7
410077,1,1,1997,3,3,3,3,3,3,3,3,3,3
410077,2,1,1997,0,0,0,0,0,0,0,0,0,0
410078,1,1,1997,26,26,26,26,26,26,26,26,26,26
410078,2,1,1997,0,0,0,0,0,0,0,0,0,0
410079,1,1,1997,19,19,19,19,19,19,19,19,19,19
410080,1,1,1997,2,2,2,2,2,2,2,2,2,2
410080,2,1,1997,0,0,0,0,0,0,0,0,0,0
410081,0,1,1997,0,0,0,0,0,0,0,0,0,0
410081,1,1,1997,0,0,0,0,0,0,0,0,0,0
410081,2,1,1997,0,0,0,0,0,0,0,0,0,0
410082,1,1,1997,0,0,0,0,0,0,0,0,0,0
410082,2,1,1997,0,0,0,0,0,0,0,0,0,0
410083,0,1,1997,0,0,0,0,0,0,0,0,0,0
410083,1,1,1997,0,0,0,0,0,0,0,0,0,0
410084,1,1,1997,25,25,25,25,25,25,25,25,25,25
410085,1,1,1997,23,23,23,23,23,23,23,23,23,23
410086,1,1,1997,0,0,0,0,0,0,0,0,0,0
410086,2,1,1997,0,0,0,0,0,0,0,0,0,0
410086,3,1,1997,0,0,0,0,0,0,0,0,0,0
410087,1,1,1997,18,18,18,18,18,18,18,18,18,18
410088,1,1,1997,14,14,14,14,14,14,14,14,14,14
410089,1,1,1997,13,13,13,13,13,13,13,13,13,13
410090,1,1,1997,3,3,3,3,3,3,3,3,3,3
410091,1,1,1997,17,17,17,17,17,17,17,17,17,17
410092,1,1,1997,20,20,20,20,20,20,20,20,20,20
410092,2,1,1997,0,0,0,0,0,18,0,0,36,4
410093,1,1,1997,0,0,0,0,0,0,0,0,0,0
410093,2,1,1997,0,0,0,0,0,0,0,0,0,0
410094,0,1,1997,0,0,0,0,0,0,0,0,0,0
410094,1,1,1997,0,0,0,0,0,0,0,0,0,0
410095,1,1,1997,16,16,16,16,16,16,16,16,16,16
410096,1,1,1997,1,1,1,1,1,1,1,1,1,1
410096,2,1,1997,0,0,0,0,0,0,0,0,0,0
410097,0,1,1997,10,10,10,10,10,10,10,10,10,10
410097,1,1,1997,0,0,0,0,0,0,0,4,0,0
410098,1,1,1997,12,12,12,12,12,12,12,12,12,12
410099,1,1,1997,0,0,0,0,0,0,0,0,0,0
410099,2,1,1997,0,0,0,0,0,0,0,0,0,0
410100,1,1,1997,0,0,0,0,11,15,0,0,4,0
410101,1,1,1997,0,0,0,0,0,0,0,0,0,0
410102,1,1,1997,0,0,0,0,0,0,0,0,0,0
410103,1,1,1997,0,0,0,0,0,0,0,0,0,0
410104,1,1,1997,0,0,0,0,0,0,0,0,0,0
410105,1,1,1997,14,14,14,14,14,14,14,14,14,14
410106,1,1,1997,0,0,0,0,0,0,0,0,0,0
410107,0,1,1997,0,0,0,0,0,0,0,0,0,0
410107,1,1,1997,22,7,14,0,23,23,0,36,14,0
410108,1,1,1997,1,1,1,1,1,1,1,1,1,1
410109,1,1,1997,23,23,23,23,23,23,23,23,23,23
410110,1,1,1997,0,0,0,0,0,0,0,0,0,0
410110,2,1,1997,0,0,0,0,0,0,0,0,0,0
410111,1,1,1997,24,24,24,24,24,24,24,24,24,24
410111,2,1,1997,0,0,9,0,0,0,0,6,0,22
410112,1,1,1997,0,0,0,0,0,0,0,0,0,0
410112,2,1,1997,0,0,0,0,0,0,0,0,0,0
410113,1,1,1997,0,0,0,0,0,0,0,0,0,0
410113,2,1,1997,0,0,0,0,0,0,0,0,0,0
410114,1,1,1997,25,25,25,25,25,25,25,25,25,25
410114,2,1,1997,0,0,0,0,0,0,0,0,0,0
410114,3,1,1997,0,0,0,0,0,0,0,0,0,0
410115,1,1,1997,0,0,0,0,0,0,0,0,0,0
410115,2,1,1997,0,0,0,0,0,0,0,0,0,0
410115,3,1,1997,0,0,0,0,0,0,0,0,0,0
410116,0,1,1997,0,0,0,0,0,0,0,0,0,0
410116,1,1,1997,0,0,0,0,0,0,0,0,0,0
410117,1,1,1997,0,0,0,0,0,0,0,0,0,0
410117,2,1,1997,0,0,0,0,0,0,0,0,0,0
410118,1,1,1997,0,0,0,0,0,0,0,0,0,0
410118,2,1,1997,0,0,0,0,0,0,0,0,0,0
410119,1,1,1997,0,0,0,0,0,0,0,0,0,0
410120,1,1,1997,0,0,0,0,0,0,0,0,0,0
410121,1,1,1997,0,0,0,0,0,0,11,0,22,0
410121,2,1,1997,0,0,0,0,0,0,0,0,0,0
410122,1,1,1997,19,19,19,19,19,19,19,19,19,19
410123,1,1,1997,0,0,0,0,0,0,0,4,0,0
410123,2,1,1997,0,0,0,0,0,0,0,0,0,0
410124,1,1,1997,0,0,0,0,0,0,0,0,0,0
410124,2,1,1997,20,20,20,20,20,20,20,20,20,20
410125,1,1,1997,10,10,10,10,10,10,10,10,10,10
410126,1,1,1997,0,0,0,0,0,0,0,0,0,0
410126,2,1,1997,0,0,0,0,0,0,0,0,0,0
410127,1,1,1997,0,0,0,0,0,0,0,0,0,0
410127,2,1,1997,0,0,0,0,0,0,0,0,0,0
410128,1,1,1997,0,0,0,0,0,0,0,0,0,0
410128,2,1,1997,0,0,0,0,0,0,0,0,0,0
410129,1,1,1997,22,22,22,22,22,22,22,22,22,22
410129,2,1,1997,0,0,0,0,0,0,0,0,0,0
410130,1,1,1997,0,0,0,0,0,0,0,0,13,0
410130,2,1,1997,0,0,0,0,0,0,0,0,0,0
410131,1,1,1997,18,18,18,18,18,18,18,18,18,18
410132,1,1,1997,0,0,0,0,0,0,0,0,0,0
410133,1,1,1997,0,0,0,0,0,0,0,0,0,0
410134,1,1,1997,0,0,0,0,0,0,0,0,0,0
410134,2,1,1997,0,0,7,0,15,0,0,0,0,0
410135,1,1,1997,0,0,0,0,0,0,0,0,0,0
410135,2,1,1997,0,14,0,0,0,0,0,0,0,0
410136,0,1,1997,24,24,24,24,24,24,24,24,24,24
410136,1,1,1997,0,0,0,0,0,0,0,0,0,0
410137,1,1,1997,0,0,0,0,0,0,0,0,0,0
410137,2,1,1997,5,5,5,5,5,5,5,5,5,5
410137,3,1,1997,14,0,0,0,0,0,0,0,0,0
410138,1,1,1997,0,0,0,0,0,0,0,0,0,0
410138,2,1,1997,0,0,0,0,0,0,0,0,0,0
410139,0,1,1997,0,0,0,0,0,0,0,0,0,0
410139,1,1,1997,0,0,0,0,0,0,0,0,0,0
410140,1,1,1997,0,0,0,0,0,0,0,0,0,0
410140,2,1,1997,0,0,0,0,0,0,0,0,0,0
410141,1,1,1997,22,22,22,22,22,22,22,22,22,22
410142,1,1,1997,0,0,0,0,0,0,0,0,0,0
410143,1,1,1997,0,0,0,0,0,0,0,0,0,0
410144,1,1,1997,0,0,0,0,0,0,0,0,0,0
410145,1,1,1997,26,26,26,26,26,26,26,26,26,26
410146,1,1,1997,11,11,11,11,11,11,11,11,11,11
410147,1,1,1997,10,10,10,10,10,10,10,10,10,10
410147,2,1,1997,0,0,0,0,0,0,0,0,0,0
410148,0,1,1997,0,0,0,0,0,0,0,0,0,0
410148,1,1,1997,0,0,0,0,0,0,0,0,0,0
410149,1,1,1997,14,14,14,14,14,14,14,14,14,14
410150,1,1,1997,0,0,0,0,0,0,0,0,0,0
410150,2,1,1997,0,0,0,0,0,0,0,0,0,0
410151,1,1,1997,21,21,21,21,21,21,21,21,21,21
410152,1,1,1997,0,0,20,8,9,0,0,0,0,0
410152,2,1,1997,0,0,0,0,0,0,0,0,13,0
410153,1,1,1997,10,10,10,10,10,10,10,10,10,10
410154,1,1,1997,0,0,0,0,0,0,0,0,0,0
410154,2,1,1997,19,0,13,14,0,0,14,0,12,0
410155,0,1,1997,0,0,0,0,0,0,0,0,0,0
410155,1,1,1997,0,0,0,0,0,0,0,0,0,0
410156,1,1,1997,0,0,0,0,0,0,0,0,0,0
410156,2,1,1997,0,0,0,0,0,0,0,0,0,0
410157,1,1,1997,15,15,15,15,15,15,15,15,15,15
410158,1,1,1997,16,16,16,16,16,16,16,16,16,16
410159,1,1,1997,0,0,0,0,0,0,0,0,0,0
410159,2,1,1997,0,0,0,0,0,0,0,0,0,0
410159,3,1,1997,0,0,0,0,0,0,0,0,0,0
410160,0,1,1997,28,28,28,28,28,28,28,28,28,28
410160,1,1,1997,9,9,9,9,9,9,9,9,9,9
410161,1,1,1997,20,20,20,20,20,20,20,20,20,20
410162,1,1,1997,0,0,0,0,0,0,0,0,0,0
410162,2,1,1997,0,0,0,0,0,0,0,0,0,0
410163,1,1,1997,25,25,25,25,25,25,25,25,25,25
410164,1,1,1997,11,11,11,11,11,11,11,11,11,11
410165,1,1,1997,0,0,0,0,0,0,0,0,0,0
410166,0,1,1997,0,0,0,0,0,0,0,0,0,0
410166,1,1,1997,0,0,0,0,0,0,0,0,0,0
410167,1,1,1997,0,0,0,0,0,0,0,0,0,0
410168,1,1,1997,15,15,15,15,15,15,15,15,15,15
410169,1,1,1997,0,0,0,0,0,0,0,0,0,0
410170,1,1,1997,24,24,24,24,24,24,24,24,24,24
410171,1,1,1997,20,20,20,20,20,20,20,20,20,20
410172,1,1,1997,0,0,0,0,0,0,0,0,0,0
410173,1,1,1997,20,20,20,20,20,20,20,20,20,20
410174,0,1,1997,25,25,25,25,25,25,25,25,25,25
410174,1,1,1997,0,0,0,0,0,0,0,0,0,0
410175,1,1,1997,22,22,22,22,22,22,22,22,22,22
410176,1,1,1997,0,0,0,26,17,16,11,6,0,0
410177,0,1,1997,0,0,0,0,0,0,0,0,0,0
410177,1,1,1997,0,0,0,0,0,0,0,0,0,0
410179,1,1,1997,0,0,0,0,0,0,0,0,0,0
410180,1,1,1997,18,18,18,18,18,18,18,18,18,18
410181,1,1,1997,0,0,0,0,0,0,0,0,0,0
410182,1,1,1997,14,14,14,14,14,14,14,14,14,14
410183,1,1,1997,0,0,0,0,0,0,0,0,0,0
410184,1,1,1997,0,0,0,0,0,0,0,0,0,0
410185,1,1,1997,0,0,0,0,0,0,0,0,0,0
410186,1,1,1997,0,0,0,0,0,0,0,0,0,0
410186,2,1,1997,0,0,0,0,0,0,0,0,0,0
410187,0,1,1997,0,0,0,0,0,0,0,0,0,0
410187,0,2,1997,0,0,0,0,0,0,0,0,0,0
410187,1,1,1997,5,10,20,7,15,16,7,10,27,21
410188,1,1,1997,0,0,0,0,0,0,0,0,0,0
410188,2,1,1997,0,0,0,0,0,0,0,0,0,0
410189,0,1,1997,14,14,14,14,14,14,14,14,14,14
410189,1,1,1997,0,0,0,0,0,0,9,0,0,0
410190,1,1,1997,10,10,10,10,10,10,10,10,10,10
410192,1,1,1997,11,11,11,11,11,11,11,11,11,11
410193,1,1,1997,21,19,10,7,12,26,6,27,12,7
410194,1,1,1997,0,0,0,0,0,0,0,0,0,0
410194,2,1,1997,0,0,0,0,0,0,0,0,0,0
410195,1,1,1997,15,15,15,15,15,15,15,15,15,15
410196,1,1,1997,0,17,0,27,20,15,0,14,19,3
410196,2,1,1997,0,0,0,0,0,0,0,0,0,0
410197,1,1,1997,1,1,1,1,1,1,1,1,1,1
410197,2,1,1997,0,0,0,0,0,0,0,0,0,0
410198,1,1,1997,0,0,0,13,0,0,0,0,0,0
410198,2,1,1997,16,0,0,0,0,0,0,0,0,0
410199,1,1,1997,0,0,0,0,0,0,0,0,0,0
410199,2,1,1997,0,0,0,0,0,0,0,0,0,0
410199,3,1,1997,0,0,0,0,0,0,0,0,0,0
410199,4,1,1997,0,0,0,0,0,0,0,0,0,0
410200,1,1,1997,20,20,20,20,20,20,20,20,20,20
410201,1,1,1997,10,10,10,10,10,10,10,10,10,10
410202,1,1,1997,16,16,16,16,16,16,16,16,16,16
410203,1,1,1997,0,0,0,0,0,0,0,0,0,0
410204,1,1,1997,0,0,0,0,0,0,0,0,0,0
410205,1,1,1997,0,0,0,0,0,0,0,0,0,0
410206,1,1,1997,27,27,27,27,27,27,27,27,27,27
410207,1,1,1997,13,13,13,13,13,13,13,13,13,13
410208,1,1,1997,12,12,12,12,12,12,12,12,12,12
410209,1,1,1997,5,5,5,5,5,5,5,5,5,5
410210,1,1,1997,0,0,0,0,0,0,0,0,0,0
410210,2,1,1997,0,0,0,0,0,0,0,0,0,0
410211,1,1,1997,0,0,0,0,0,0,0,0,0,0
410212,0,1,1997,0,0,0,0,0,0,0,0,0,0
410212,0,2,1997,18,0,0,0,24,0,27,19,0,0
410212,1,1,1997,0,0,0,0,0,0,0,0,0,0
410213,1,1,1997,17,17,17,17,17,17,17,17,17,17
410213,2,1,1997,0,0,0,0,0,0,0,0,0,0
410214,1,1,1997,0,0,0,0,0,0,0,0,0,0
410215,1,1,1997,17,17,17,17,17,17,17,17,17,17
410216,1,1,1997,6,16,0,0,18,0,0,0,34,14
410217,1,1,1997,0,0,0,0,0,0,0,0,0,0
410217,2,1,1997,0,0,0,0,0,0,0,0,0,0
410218,1,1,1997,6,6,6,6,6,6,6,6,6,6
410219,1,1,1997,0,0,0,0,0,0,0,0,0,0
410219,2,1,1997,0,0,0,0,0,0,0,0,0,0
410220,0,1,1997,0,0,0,0,0,0,0,0,0,0
410220,1,1,1997,0,0,0,0,0,0,0,0,0,0