ST_CASE,VEH_NO,PER_NO,YEAR,P1,P2,P3,P4,P5,P6,P7,P8,P9,P10
420025,2,1,1997,1,1,1,1,1,1,1,1,1,1
420026,0,1,1997,0,0,0,0,0,0,0,0,0,0
420026,1,1,1997,0,0,0,0,0,0,0,0,0,0
420027,1,1,1997,0,0,0,0,0,0,0,9,0,0
420027,2,1,1997,0,0,0,0,0,0,0,0,0,0
420027,3,1,1997,0,0,0,0,0,0,0,0,0,0
420028,1,1,1997,0,0,0,0,0,0,0,0,0,0
420029,1,1,1997,0,0,0,0,0,0,0,0,0,0
420029,2,1,1997,0,0,0,0,0,0,0,0,0,0
420030,1,1,1997,14,14,14,14,14,14,14,14,14,14
420030,2,1,1997,0,0,0,0,0,0,0,0,0,0
420031,1,1,1997,15,15,15,15,15,15,15,15,15,15
420031,2,1,1997,0,0,0,0,0,0,0,0,0,0
420032,1,1,1997,23,23,23,23,23,23,23,23,23,23
420032,2,1,1997,3,3,3,3,3,3,3,3,3,3
420033,1,1,1997,15,15,15,15,15,15,15,15,15,15
420034,1,1,1997,0,0,0,0,0,0,0,0,0,0
420035,0,1,1997,0,0,0,0,0,0,0,0,0,0
420035,1,1,1997,0,0,0,0,0,0,0,0,0,0
420036,1,1,1997,0,0,0,0,0,0,0,0,0,0
420036,2,1,1997,0,0,0,0,0,0,0,0,0,0
420037,0,1,1997,29,0,0,0,0,0,0,0,0,0
420037,1,1,1997,0,0,0,0,0,0,0,0,0,0
420038,1,1,1997,16,16,16,16,16,16,16,16,16,16
420039,1,1,1997,9,0,0,0,6,0,0,0,0,0
420040,1,1,1997,25,25,25,25,25,25,25,25,25,25
420041,1,1,1997,20,9,17,20,19,9,16,12,18,33
420041,2,1,1997,0,0,11,0,13,0,21,4,0,0
420042,1,1,1997,0,0,0,0,0,0,0,0,0,0
420042,2,1,1997,21,21,21,21,21,21,21,21,21,21
420043,1,1,1997,8,8,8,8,8,8,8,8,8,8
420043,2,2,1997,0,0,0,0,0,0,0,0,0,0
420044,1,1,1997,0,0,0,0,5,0,0,0,0,0
420044,2,1,1997,0,0,0,0,0,0,0,0,0,0
420044,3,1,1997,0,0,0,0,0,0,0,0,0,0
420045,1,1,1997,0,0,0,0,0,0,0,0,0,0
420045,2,1,1997,0,0,0,0,0,0,0,0,0,0
420046,1,1,1997,0,0,0,0,0,0,0,0,0,0
420047,1,1,1997,0,0,0,0,0,0,0,0,0,0
420048,1,1,1997,0,0,0,0,0,0,0,0,0,0
420049,1,1,1997,32,11,16,40,11,15,20,23,7,6
420050,1,1,1997,0,0,0,0,0,0,0,0,0,0
420050,2,1,1997,0,0,0,0,0,0,0,0,0,0
420051,1,1,1997,17,17,17,17,17,17,17,17,17,17
420052,1,1,1997,0,24,40,0,10,0,0,0,0,0
420052,2,1,1997,0,0,0,0,0,0,0,0,0,0
420053,1,1,1997,0,0,0,0,0,0,0,0,0,0
420054,1,1,1997,0,0,0,0,0,0,0,0,0,0
420054,2,1,1997,0,0,0,0,0,0,0,0,0,0
420055,1,1,1997,0,0,0,0,0,0,0,0,0,0
420056,1,1,1997,0,0,0,0,0,0,0,0,0,0
420056,2,1,1997,23,23,23,23,23,23,23,23,23,23
420057,1,1,1997,1,1,1,1,1,1,1,1,1,1
420057,2,1,1997,0,0,0,0,0,0,0,0,0,0
420058,1,1,1997,0,0,0,0,0,0,0,0,0,0
420059,1,1,1997,0,0,0,0,0,0,0,0,0,0
420059,2,1,1997,0,0,0,0,0,0,0,0,0,0
420059,3,1,1997,0,0,0,0,0,0,0,0,0,0
420060,1,1,1997,0,0,0,0,0,0,0,0,0,0
420060,2,1,1997,0,0,0,0,0,0,0,0,0,0
420060,3,1,1997,0,0,0,0,0,0,0,0,0,0
420061,1,1,1997,0,0,0,0,0,0,0,0,0,0
420061,2,1,1997,0,0,0,0,0,0,0,0,0,0
420062,1,1,1997,0,23,0,0,0,0,0,0,0,0
420063,1,1,1997,0,0,0,0,0,0,0,0,0,0
420063,2,1,1997,0,0,0,0,0,0,0,0,0,0
420064,1,1,1997,0,0,0,0,0,0,0,0,0,0
420064,2,1,1997,0,0,0,0,0,0,0,21,0,0
420065,1,1,1997,0,0,0,0,0,0,0,0,0,0
420065,2,1,1997,0,0,0,0,0,0,12,0,0,0
420066,1,1,1997,0,0,0,0,0,0,0,0,0,0
420066,2,1,1997,0,0,0,0,0,0,0,0,0,0
420067,1,1,1997,0,0,0,0,0,0,0,0,0,0
420068,1,1,1997,0,0,0,0,0,0,0,0,0,0
420068,2,1,1997,0,0,0,0,0,0,0,0,0,0
420068,3,1,1997,0,0,0,0,0,0,0,0,0,0
420069,1,1,1997,0,0,0,0,0,0,0,0,0,0
420069,2,1,1997,0,0,12,8,0,17,0,0,0,0
420070,1,1,1997,21,21,21,21,21,21,21,21,21,21
420070,2,1,1997,0,0,0,0,0,0,22,0,0,0
420071,1,1,1997,0,0,0,0,0,0,0,0,0,0
420071,2,1,1997,0,0,0,0,0,0,0,0,0,0
420072,0,1,1997,8,8,8,8,8,8,8,8,8,8
420072,1,1,1997,8,8,8,8,8,8,8,8,8,8
420072,2,1,1997,0,0,0,0,0,0,0,0,0,0
420073,1,1,1997,0,0,0,0,0,0,0,0,0,0
420074,1,1,1997,0,0,0,0,0,0,0,0,0,0
420074,2,1,1997,0,0,0,0,0,0,0,0,0,0
420075,1,1,1997,0,0,0,0,0,0,0,0,0,0
420076,1,1,1997,0,0,0,0,0,0,0,0,0,0
420076,2,1,1997,0,0,0,0,0,0,0,0,0,0
420077,1,1,1997,22,22,22,22,22,22,22,22,22,22
420078,0,1,1997,0,0,0,0,0,0,0,0,0,0
420078,1,1,1997,14,7,6,21,5,15,0,12,3,11
420079,1,1,1997,0,11,0,0,0,0,0,0,0,0
420080,1,1,1997,20,0,49,13,28,13,16,18,14,0
420081,1,1,1997,20,21,18,23,13,9,21,16,20,6
420082,0,1,1997,18,0,0,0,19,0,17,34,0,14
420082,1,1,1997,0,0,0,0,0,0,0,0,0,7
420083,0,1,1997,0,0,0,0,0,0,0,0,0,0
420083,1,1,1997,0,0,0,0,0,0,0,0,0,0
420084,1,1,1997,0,0,0,0,12,0,0,0,0,0
420084,2,1,1997,0,0,0,0,27,0,0,0,0,0
420085,1,1,1997,0,0,0,0,0,0,0,0,0,0
420086,1,1,1997,0,0,0,18,0,0,0,0,0,0
420087,1,1,1997,0,16,0,17,20,17,11,0,0,0
420088,1,1,1997,31,31,31,31,31,31,31,31,31,31
420089,1,1,1997,0,0,0,0,0,0,0,0,0,0
420090,1,1,1997,0,0,0,0,0,0,0,0,0,0
420090,2,1,1997,0,0,0,0,0,0,0,0,0,0
420091,0,1,1997,0,0,0,0,0,0,0,0,0,8
420091,0,2,1997,0,0,0,0,11,0,0,28,42,0
420091,1,1,1997,6,6,6,6,6,6,6,6,6,6
420092,1,1,1997,0,0,0,0,0,0,0,0,0,0
420093,1,1,1997,0,0,0,0,0,0,0,0,0,0
420093,2,1,1997,0,0,0,0,0,0,0,0,0,0
420094,1,1,1997,0,0,0,0,0,0,0,0,0,0
420094,2,1,1997,0,0,0,0,0,0,0,0,0,0
420095,1,1,1997,0,0,0,0,0,0,0,0,0,0
420096,1,1,1997,22,22,22,22,22,22,22,22,22,22
420097,1,1,1997,0,0,0,0,0,0,0,0,0,0
420097,2,1,1997,0,0,0,0,0,0,0,0,0,0
420098,1,1,1997,0,0,0,0,0,0,0,0,0,0
420098,2,1,1997,0,0,0,0,0,0,0,0,0,0
420098,3,1,1997,0,0,0,0,0,0,0,0,0,0
420099,1,1,1997,16,16,16,16,16,16,16,16,16,16
420100,1,1,1997,14,14,14,14,14,14,14,14,14,14
420100,2,1,1997,0,0,0,0,0,0,0,0,0,0
420101,1,1,1997,0,0,0,0,0,0,0,0,12,0
420102,0,1,1997,0,0,0,0,0,0,0,0,0,0
420102,1,1,1997,0,0,0,0,0,0,0,0,0,0
420103,0,2,1997,0,0,0,0,0,16,22,0,0,0
420103,0,3,1997,0,0,0,0,0,0,0,0,0,0
420103,1,1,1997,0,0,0,0,0,0,0,0,0,0
420103,2,1,1997,0,0,0,0,0,0,0,0,0,0
420104,1,1,1997,0,0,0,0,0,0,0,0,0,0
420104,2,1,1997,0,0,0,0,0,0,0,0,0,0
420105,1,1,1997,0,0,0,0,0,0,0,0,0,0
420105,2,1,1997,0,0,0,0,0,0,0,0,0,0
420106,0,1,1997,0,0,0,0,0,0,0,0,0,0
420106,1,1,1997,0,0,0,0,0,0,0,0,0,0
420107,1,1,1997,18,18,18,18,18,18,18,18,18,18
420107,2,1,1997,0,0,0,0,0,0,0,0,0,0
420108,1,1,1997,0,0,0,0,0,0,0,0,0,0
420109,1,1,1997,0,0,0,0,0,0,0,0,0,0
420109,2,1,1997,0,0,0,0,0,0,0,0,0,0
420110,1,1,1997,0,0,0,0,0,0,0,0,0,0
420111,1,1,1997,0,0,0,0,0,0,0,0,0,0
420111,2,1,1997,0,0,0,0,4,0,0,0,0,0
420112,1,1,1997,0,0,0,0,0,0,0,0,0,0
420113,0,1,1997,0,0,0,0,0,0,0,0,0,0
420113,1,1,1997,0,0,0,0,0,0,0,0,0,0
420114,1,1,1997,0,0,0,0,0,0,0,0,0,0
420114,2,1,1997,0,0,0,0,0,0,0,0,0,0
420115,1,1,1997,0,0,0,0,0,0,0,0,0,21
420115,2,1,1997,0,0,0,0,0,0,0,0,0,0
420116,0,1,1997,0,0,0,0,0,0,0,0,0,0
420116,1,1,1997,0,0,0,0,0,0,0,0,0,0
420117,1,1,1997,0,0,0,0,0,0,0,0,0,0
420118,1,1,1997,0,0,0,0,0,0,0,0,0,0
420118,2,1,1997,32,11,0,18,8,13,12,11,9,15
420119,1,1,1997,0,0,0,0,0,0,0,0,0,0
420119,2,1,1997,0,0,0,0,0,0,0,0,0,0
420120,0,1,1997,0,0,0,0,0,0,0,0,0,0
420120,1,1,1997,0,0,0,0,0,0,0,0,0,0
420121,1,1,1997,13,13,13,13,13,13,13,13,13,13
420122,1,1,1997,0,0,0,0,0,0,0,0,0,0
420123,1,1,1997,0,0,0,0,0,0,0,0,0,0
420124,1,1,1997,18,18,18,18,18,18,18,18,18,18
420125,1,1,1997,18,0,0,12,0,0,0,0,0,0
420125,2,1,1997,0,0,0,0,0,0,0,0,10,0
420125,3,1,1997,0,0,0,0,0,0,0,0,0,0
420126,0,1,1997,22,22,22,22,22,22,22,22,22,22
420126,1,1,1997,12,12,12,12,12,12,12,12,12,12
420127,0,1,1997,0,0,0,0,0,0,0,0,0,0
420127,1,1,1997,0,0,0,0,0,0,0,0,0,0
420128,1,1,1997,0,0,0,0,0,0,0,0,0,0
420128,2,1,1997,0,0,0,0,0,0,0,23,0,0
420129,1,1,1997,16,16,16,16,16,16,16,16,16,16
420130,0,1,1997,0,0,0,0,0,0,0,0,0,0
420130,1,1,1997,0,0,0,0,0,0,0,0,0,0
420131,1,1,1997,13,13,13,13,13,13,13,13,13,13
420132,1,1,1997,0,0,0,0,0,0,3,0,0,0
420133,1,1,1997,0,0,20,0,0,0,0,0,0,0
420133,2,1,1997,0,0,0,0,0,0,0,0,0,0
420134,1,1,1997,0,0,0,0,0,0,0,0,0,0
420134,2,1,1997,0,0,0,0,0,0,0,0,0,0
420135,1,1,1997,34,34,34,34,34,34,34,34,34,34
420136,1,1,1997,0,0,0,0,0,0,0,0,0,0
420136,2,1,1997,0,0,0,0,0,0,0,0,0,0
420137,1,1,1997,29,29,29,29,29,29,29,29,29,29
420137,2,1,1997,0,0,0,0,0,0,0,0,0,0
420138,1,1,1997,0,0,0,0,0,0,0,0,0,0
420138,2,1,1997,0,0,0,0,0,0,0,0,0,0
420139,1,1,1997,0,0,0,0,0,0,0,0,0,0
420139,2,1,1997,0,0,0,0,0,0,0,0,0,0
420140,1,1,1997,29,16,16,10,0,28,14,20,0,15
420141,1,1,1997,12,9,9,10,3,17,9,14,8,8
420141,2,1,1997,14,0,34,0,24,19,21,16,25,23
420142,1,1,1997,0,0,0,0,0,0,0,0,0,0
420142,2,1,1997,0,0,0,0,0,0,0,0,0,0
420143,1,1,1997,0,0,0,0,0,0,0,0,0,0
420143,2,1,1997,0,0,0,0,0,0,0,0,0,0
420144,1,1,1997,0,0,0,0,0,0,0,0,0,0
420145,1,1,1997,0,0,0,0,0,0,0,0,0,0
420145,2,1,1997,0,0,0,0,0,0,0,0,0,0
420146,0,1,1997,20,20,20,20,20,20,20,20,20,20
420146,0,2,1997,0,0,0,0,0,0,0,0,0,0
420146,1,1,1997,0,0,0,0,0,0,0,0,0,0
420147,1,1,1997,0,0,0,0,0,0,0,0,0,0
420148,1,1,1997,0,0,0,0,0,0,0,0,0,0
420148,2,1,1997,0,0,0,0,0,0,0,23,18,0
420149,1,1,1997,21,21,21,21,21,21,21,21,21,21
420150,1,1,1997,0,0,0,15,21,0,0,0,0,0
420151,1,1,1997,0,0,0,0,0,0,0,0,0,0
420151,2,1,1997,0,0,0,0,0,0,0,0,0,0
420152,1,1,1997,0,0,0,0,0,0,0,0,0,0
420152,2,1,1997,0,0,0,0,0,0,0,0,0,0
420153,1,1,1997,34,34,34,34,34,34,34,34,34,34
420154,1,1,1997,0,0,0,0,28,0,0,17,0,0
420154,2,1,1997,0,0,6,0,0,0,0,0,0,0
420155,1,1,1997,36,36,36,36,36,36,36,36,36,36
420156,1,1,1997,0,0,0,0,0,0,0,0,0,0
420157,1,1,1997,0,0,0,0,0,0,0,0,0,0
420158,1,1,1997,23,23,23,23,23,23,23,23,23,23
420158,2,1,1997,8,5,0,0,0,0,0,14,0,0
420159,1,1,1997,0,0,0,0,0,0,0,0,0,0
420159,2,1,1997,0,0,0,0,0,0,0,0,0,0
420160,1,1,1997,0,0,0,0,0,0,0,0,0,0
420160,2,1,1997,0,0,0,0,0,0,0,0,0,0
420161,1,1,1997,19,19,19,19,19,19,19,19,19,19
420162,1,1,1997,0,0,0,0,0,0,0,0,0,0
420163,1,1,1997,2,2,2,2,2,2,2,2,2,2
420164,1,1,1997,51,51,51,51,51,51,51,51,51,51
420165,1,1,1997,0,0,0,0,0,0,0,0,0,0
420165,2,1,1997,0,0,0,0,0,0,0,0,0,0
420166,1,1,1997,0,0,0,0,0,0,0,0,0,0
420166,2,1,1997,0,0,18,0,0,0,0,0,0,0
420167,1,1,1997,0,0,0,0,0,0,0,0,0,0
420167,2,1,1997,0,0,0,0,0,0,0,8,0,0
420168,1,1,1997,19,19,19,19,19,19,19,19,19,19
420169,1,1,1997,14,14,14,14,14,14,14,14,14,14
420170,1,1,1997,15,15,15,15,15,15,15,15,15,15
420171,1,1,1997,0,0,0,0,0,0,0,0,0,0
420171,2,1,1997,0,0,0,0,0,0,0,0,0,0
420172,1,1,1997,0,0,0,0,0,0,0,0,0,0
420172,2,1,1997,0,0,0,0,0,0,0,0,0,0
420173,1,1,1997,24,0,0,0,13,0,0,0,0,0
420174,0,1,1997,21,21,21,21,21,21,21,21,21,21
420174,1,1,1997,0,0,0,0,0,0,9,0,0,0
420175,1,1,1997,0,0,0,0,0,0,0,0,0,3
420175,2,1,1997,0,0,22,0,0,7,0,0,0,0
420176,1,1,1997,0,12,0,0,5,0,0,0,0,0
420176,2,1,1997,0,0,0,0,0,0,0,0,0,0
420177,1,1,1997,0,0,0,0,0,0,0,0,0,0
420177,2,1,1997,0,0,0,0,0,0,0,0,0,0
420178,0,1,1997,0,0,0,0,0,0,0,0,0,0
420178,1,1,1997,0,0,0,0,0,0,0,0,0,0
420179,1,1,1997,11,15,26,24,12,24,16,23,8,11
420180,1,1,1997,0,0,0,0,0,0,0,0,0,0
420181,0,1,1997,0,0,0,0,0,0,0,0,0,0
420181,1,1,1997,0,0,0,0,0,0,0,0,0,0
420182,1,1,1997,16,16,16,16,16,16,16,16,16,16
420183,1,1,1997,25,25,25,25,25,25,25,25,25,25
420184,0,1,1997,0,0,0,0,0,0,0,0,0,0
420184,1,1,1997,13,13,13,13,13,13,13,13,13,13
420185,1,1,1997,0,0,0,0,0,0,0,0,0,0
420186,1,1,1997,17,17,17,17,17,17,17,17,17,17
420187,1,1,1997,0,0,0,0,0,0,0,0,0,0
420187,2,1,1997,0,0,0,0,0,0,0,0,0,0
420188,1,1,1997,0,0,0,0,0,0,0,19,21,5
420189,0,1,1997,0,0,0,0,0,0,0,0,0,0
420189,1,1,1997,0,0,0,0,0,0,0,0,0,0
420190,1,1,1997,0,0,0,0,0,0,0,0,0,0
420190,2,1,1997,0,0,0,0,0,0,0,0,0,0
420191,1,1,1997,13,0,0,0,12,11,0,0,0,0
420192,1,1,1997,0,0,0,0,0,0,0,0,0,0
420192,2,1,1997,0,0,0,0,0,0,0,0,0,0
420193,1,1,1997,0,0,0,0,0,0,0,0,0,0
420193,2,1,1997,0,0,0,0,0,0,0,0,0,0
420194,0,1,1997,0,0,0,0,0,0,0,0,0,15
420194,1,1,1997,0,0,0,0,0,0,0,0,0,0
420195,1,1,1997,0,0,0,0,0,0,0,0,0,0
420195,2,1,1997,0,0,0,0,0,0,0,0,0,0
420196,1,1,1997,0,0,0,0,0,0,0,0,0,0
420197,1,1,1997,0,0,0,0,0,0,0,0,0,0
420197,2,1,1997,0,0,0,0,0,0,0,0,0,0
420198,0,1,1997,0,0,11,0,14,0,0,0,0,0
420198,1,1,1997,0,0,0,0,0,0,0,0,0,0
420199,1,1,1997,0,0,0,0,0,0,0,0,0,0
420199,2,1,1997,0,0,0,0,0,0,0,0,0,0
420200,1,1,1997,0,0,0,0,0,0,0,0,0,0
420201,1,1,1997,2,2,2,2,2,2,2,2,2,2
420201,2,1,1997,0,0,0,0,0,0,0,0,0,0
420202,1,1,1997,2,2,2,2,2,2,2,2,2,2
420203,1,1,1997,0,0,6,0,0,0,0,0,10,0
420204,1,1,1997,0,0,0,0,0,0,0,0,0,0
420204,2,1,1997,0,0,0,0,0,0,0,0,0,0
420204,3,1,1997,0,0,0,0,0,0,0,0,0,0
420204,4,1,1997,0,0,0,0,0,0,0,0,0,0
420205,1,1,1997,10,10,10,10,10,10,10,10,10,10
420206,0,1,1997,0,0,0,0,0,0,0,0,0,0
420206,1,1,1997,0,0,0,0,0,0,0,0,0,0
420207,1,1,1997,0,0,0,0,0,0,0,0,0,0
420207,2,1,1997,16,16,16,16,16,16,16,16,16,16
420208,1,1,1997,0,0,0,0,0,0,0,0,0,0
420209,1,1,1997,14,7,2,5,14,5,31,25,11,22
420209,2,1,1997,0,19,0,15,0,12,0,17,0,21
420210,0,1,1997,0,0,0,0,0,0,0,0,0,0
420210,1,1,1997,0,0,0,0,0,0,0,0,0,0
420211,0,1,1997,0,0,0,0,0,0,0,0,0,0
420211,1,1,1997,0,0,0,0,0,0,0,0,0,0
420212,1,1,1997,10,6,10,15,9,9,5,3,16,5
420212,2,1,1997,0,0,0,0,0,0,0,0,0,0
420213,1,1,1997,0,0,0,0,0,0,0,0,0,0
420214,1,1,1997,0,0,0,0,0,0,0,0,0,0
420214,2,1,1997,0,23,0,6,0,0,0,0,0,0
420215,0,1,1997,0,0,0,0,0,0,0,0,0,0
420215,1,1,1997,0,0,0,0,0,0,0,0,0,0
420216,1,1,1997,28,28,28,28,28,28,28,28,28,28
420217,1,1,1997,0,0,0,0,0,0,0,0,0,0
420217,2,1,1997,0,0,0,0,0,0,0,0,0,0
420217,3,1,1997,0,0,0,0,0,0,0,0,0,0
420218,1,1,1997,11,11,11,11,11,11,11,11,11,11
420218,2,1,1997,0,18,14,17,17,13,17,7,18,18
420219,1,1,1997,0,0,0,0,0,24,0,0,0,0
420219,2,1,1997,0,0,0,0,0,0,0,0,0,0
420219,3,1,1997,0,0,0,17,0,17,0,0,0,0
420220,1,1,1997,0,0,0,0,0,0,0,0,0,0
420221,1,1,1997,0,0,0,0,0,0,0,0,0,0
420222,1,1,1997,8,0,0,0,14,7,13,18,0,0
420223,1,1,1997,16,0,0,0,0,0,0,0,0,0
420223,2,1,1997,0,0,0,0,0,0,0,0,0,0
420224,1,1,1997,0,0,0,0,0,0,0,0,0,0
420225,1,1,1997,23,23,23,23,23,23,23,23,23,23
420226,1,1,1997,0,0,0,0,0,0,0,0,0,0
420226,2,1,1997,0,0,0,0,0,0,0,0,0,0
420227,1,1,1997,19,19,19,19,19,19,19,19,19,19
420228,1,1,1997,0,0,0,0,0,0,0,0,0,0
420228,2,1,1997,0,0,0,0,0,0,0,0,0,0
420229,1,1,1997,0,0,0,0,0,0,0,0,0,0
420229,2,1,1997,0,0,0,0,0,0,0,0,0,0
420230,1,1,1997,5,5,5,5,5,5,5,5,5,5
420230,2,1,1997,0,0,20,0,0,0,0,6,0,0
420231,1,1,1997,0,0,0,0,0,0,0,0,0,0
420232,1,1,1997,0,0,0,0,0,0,0,0,0,0
420233,1,1,1997,0,0,0,0,0,0,0,0,0,0
420233,2,1,1997,0,0,0,0,6,0,0,0,0,0
420234,1,1,1997,0,0,0,0,18,0,0,0,0,0
420234,2,1,1997,0,0,0,0,0,0,0,0,0,0
420234,3,1,1997,0,0,0,0,0,0,0,0,0,0
420235,1,1,1997,0,0,0,0,0,0,0,0,0,0
420235,2,1,1997,0,0,0,0,0,0,0,0,0,0
420236,1,1,1997,0,0,0,0,0,0,0,0,0,0
420236,2,1,1997,0,0,0,0,0,0,0,0,0,0
420237,1,1,1997,0,0,0,0,0,0,0,0,0,0
420237,2,1,1997,0,0,0,0,8,0,0,0,0,0
420238,1,1,1997,0,0,0,0,0,0,0,0,0,0
420239,0,1,1997,10,10,10,10,10,10,10,10,10,10
420239,1,1,1997,0,0,0,0,0,0,0,0,0,0
420240,0,1,1997,0,0,0,0,0,0,0,6,0,0
420240,1,1,1997,0,0,0,0,0,0,0,0,0,24
420241,0,1,1997,27,0,0,33,0,32,0,0,0,0
420241,1,1,1997,0,0,0,0,0,0,0,0,0,0
420242,1,1,1997,22,22,22,22,22,22,22,22,22,22
420243,0,1,1997,0,6,0,0,0,0,32,0,0,0
420243,1,1,1997,0,0,0,0,0,0,0,0,0,0
420244,1,1,1997,0,0,0,0,0,0,0,0,0,0
420244,2,1,1997,0,0,0,0,0,0,0,0,0,0
420245,0,1,1997,0,0,0,0,0,0,0,0,0,0
420245,1,1,1997,0,0,0,0,0,0,0,0,0,0
420246,1,1,1997,0,0,0,0,0,9,0,0,19,0
420246,2,1,1997,0,0,0,0,0,0,0,0,0,0
420246,3,1,1997,0,0,0,0,0,0,0,0,0,0
420246,4,1,1997,0,0,0,0,0,0,0,0,0,0
420246,5,1,1997,0,0,0,0,0,0,0,0,0,0
420247,1,1,1997,0,0,0,0,0,0,0,0,0,0
420248,1,1,1997,0,0,0,0,0,0,0,0,0,0
420248,2,1,1997,0,0,0,0,0,0,0,0,0,0
420249,0,1,1997,0,18,0,0,2,0,0,0,0,9
420249,0,2,1997,0,0,19,0,0,0,0,0,0,0
420249,1,1,1997,15,15,15,15,15,15,15,15,15,15
420250,1,1,1997,21,0,33,28,12,19,0,0,24,18
420251,1,1,1997,12,12,12,12,12,12,12,12,12,12
420251,2,1,1997,0,0,0,0,0,0,0,0,0,0
420252,1,1,1997,0,0,0,0,0,0,0,0,0,0
420253,1,1,1997,0,0,0,0,0,0,0,0,0,0
420254,1,1,1997,25,25,25,25,25,25,25,25,25,25
420255,1,1,1997,0,0,0,0,0,0,0,0,0,0
420256,1,1,1997,0,0,0,0,0,0,0,0,0,0
420256,2,1,1997,0,0,0,0,0,0,0,0,0,11
420257,1,1,1997,24,24,24,24,24,24,24,24,24,24
420258,0,1,1997,0,0,0,0,43,26,0,24,25,27
420258,1,1,1997,22,22,22,22,22,22,22,22,22,22
420259,0,1,1997,0,0,0,0,0,0,0,0,0,0
420259,1,1,1997,0,0,0,0,0,0,0,0,0,0
420259,3,1,1997,0,0,0,0,0,0,0,0,0,0
420260,0,1,1997,0,0,0,0,0,0,0,0,0,0
420260,1,1,1997,0,0,0,0,0,0,0,0,0,0
420261,1,1,1997,0,0,0,0,0,0,0,0,0,0
420261,2,1,1997,0,0,0,0,0,0,0,0,0,0
420262,1,1,1997,0,0,0,0,0,0,0,0,0,0
420262,2,1,1997,0,0,0,0,0,0,0,0,0,0
420263,0,1,1997,15,28,21,12,11,0,0,0,0,12
420263,1,1,1997,0,0,0,0,0,0,0,0,0,0
420264,1,1,1997,0,0,0,0,0,0,0,0,0,0
420264,2,1,1997,0,0,0,0,0,0,0,0,0,0
420265,1,1,1997,16,16,16,16,16,16,16,16,16,16
420266,0,1,1997,3,3,3,3,3,3,3,3,3,3
420266,1,1,1997,0,0,0,0,0,0,0,0,0,0
420267,1,1,1997,27,27,27,27,27,27,27,27,27,27
420268,1,1,1997,0,0,0,0,0,0,0,0,0,0
420268,2,1,1997,0,0,0,0,0,0,0,0,0,0
420269,1,1,1997,16,16,16,16,16,16,16,16,16,16
420269,2,1,1997,17,10,0,0,0,22,0,0,0,0
420270,0,1,1997,23,23,23,23,23,23,23,23,23,23
420270,1,1,1997,4,4,4,4,4,4,4,4,4,4
420271,0,1,1997,0,0,16,0,0,0,0,0,0,0
420271,1,1,1997,0,0,0,0,0,0,0,0,0,0
420272,1,1,1997,0,0,0,0,0,0,0,0,0,0
420273,1,1,1997,0,0,0,0,0,0,21,0,0,0
420274,1,1,1997,18,18,18,18,18,18,18,18,18,18
420275,1,1,1997,15,15,15,15,15,15,15,15,15,15
420276,1,1,1997,0,0,0,0,0,0,0,0,0,0
420276,2,1,1997,0,0,0,0,0,0,0,0,0,0
420277,1,1,1997,19,19,19,19,19,19,19,19,19,19
420277,2,1,1997,0,0,0,0,0,0,0,0,0,0
420277,3,1,1997,0,0,0,0,0,0,0,0,0,0
420277,4,1,1997,0,0,0,0,0,0,0,0,0,0
420277,5,1,1997,0,0,0,0,0,0,0,9,0,0
420278,1,1,1997,0,0,0,0,0,0,0,0,0,0
420278,2,1,1997,0,0,0,0,0,0,0,0,0,0
420279,1,1,1997,0,0,0,0,0,0,0,0,0,0
420279,2,1,1997,0,0,0,0,0,0,0,0,0,0
420280,1,1,1997,12,12,12,12,12,12,12,12,12,12
420281,1,1,1997,18,18,18,18,18,18,18,18,18,18
420282,1,1,1997,20,20,20,20,20,20,20,20,20,20
420282,2,1,1997,0,0,0,0,0,0,0,0,0,0
420283,1,1,1997,13,13,13,13,13,13,13,13,13,13
420284,1,1,1997,16,16,16,16,16,16,16,16,16,16
420285,1,1,1997,0,0,0,0,0,0,0,0,0,0
420285,2,1,1997,0,0,0,0,0,0,0,0,0,0
420286,1,1,1997,0,0,0,0,0,0,0,0,0,0
420287,1,1,1997,0,0,0,0,0,0,0,0,0,0
420288,1,1,1997,0,0,0,0,0,0,0,0,0,0
420288,2,1,1997,0,0,0,0,0,0,0,0,0,0
420289,1,1,1997,0,0,0,0,0,0,0,0,0,14
420289,2,1,1997,0,0,0,0,0,0,0,0,0,0
420290,1,1,1997,9,8,13,0,4,0,6,15,10,15
420290,2,1,1997,0,0,0,0,0,0,0,0,0,0
420291,1,1,1997,0,0,0,0,0,0,0,0,0,0
420291,2,1,1997,0,0,0,0,0,0,0,0,0,0
420292,1,1,1997,0,0,0,0,18,0,0,0,0,0
420293,1,1,1997,0,0,0,0,0,0,0,0,0,0
420293,2,1,1997,0,6,0,0,0,0,0,0,0,0
420293,3,1,1997,0,0,0,0,0,0,0,0,0,0
420294,1,1,1997,17,8,25,13,0,17,11,0,18,0
420295,1,1,1997,0,0,0,0,0,0,0,0,0,0
420296,1,1,1997,0,0,0,0,0,0,0,0,0,0