ST_CASE,VEH_NO,PER_NO,YEAR,P1,P2,P3,P4,P5,P6,P7,P8,P9,P10
420296,2,1,1997,0,0,0,0,0,0,0,0,0,0
420297,1,1,1997,0,0,0,0,0,0,0,0,0,0
420298,1,1,1997,27,27,27,27,27,27,27,27,27,27
420299,1,1,1997,8,8,8,8,8,8,8,8,8,8
420300,1,1,1997,0,0,0,0,0,0,0,0,0,0
420301,1,1,1997,0,0,0,16,0,4,0,0,0,0
420302,1,1,1997,0,0,0,0,0,0,17,0,0,0
420302,2,1,1997,0,0,0,0,0,0,0,0,0,0
420303,1,1,1997,0,0,0,0,0,0,0,0,0,0
420304,1,1,1997,28,28,28,28,28,28,28,28,28,28
420304,2,1,1997,8,8,8,8,8,8,8,8,8,8
420305,1,1,1997,29,29,29,29,29,29,29,29,29,29
420306,1,1,1997,13,13,13,13,13,13,13,13,13,13
420307,1,1,1997,21,24,22,13,22,16,33,15,15,17
420308,1,1,1997,20,24,15,13,4,21,15,12,13,8
420309,1,1,1997,18,18,18,18,18,18,18,18,18,18
420309,2,1,1997,0,0,0,0,0,0,0,0,0,0
420310,0,1,1997,0,0,0,0,0,0,0,0,0,0
420310,0,2,1997,0,0,0,0,0,0,0,0,0,0
420310,1,1,1997,0,0,0,0,0,0,0,0,0,0
420310,2,1,1997,0,0,0,0,0,0,0,0,0,0
420311,1,1,1997,0,0,0,0,0,0,0,0,0,0
420311,2,1,1997,0,0,0,0,0,0,0,0,0,0
420311,3,1,1997,0,0,0,0,0,0,0,0,0,0
420312,1,1,1997,0,0,0,0,0,0,0,0,0,0
420312,2,1,1997,0,0,0,0,0,0,0,0,0,0
420313,1,1,1997,7,7,7,7,7,7,7,7,7,7
420313,2,1,1997,0,0,0,0,0,0,0,0,0,0
420314,0,1,1997,0,0,0,0,0,0,0,0,0,0
420314,1,1,1997,0,0,0,0,0,0,0,0,0,0
420315,1,1,1997,0,0,0,0,0,0,0,0,0,0
420315,2,1,1997,0,0,0,0,0,0,0,0,0,0
420316,1,1,1997,0,0,0,0,0,0,0,0,0,0
420316,2,1,1997,0,0,0,0,0,0,0,0,0,0
420317,1,1,1997,6,6,6,6,6,6,6,6,6,6
420318,1,1,1997,36,0,0,0,0,0,0,0,0,0
420318,2,1,1997,0,0,0,0,0,0,0,0,0,0
420319,1,1,1997,15,15,15,15,15,15,15,15,15,15
420320,1,1,1997,0,0,0,0,0,0,0,0,0,0
420321,1,1,1997,0,0,0,0,0,0,0,0,0,0
420321,2,1,1997,0,0,0,0,0,0,0,0,0,0
420322,1,1,1997,0,0,0,0,0,0,0,0,0,0
420323,1,1,1997,0,0,0,0,14,11,0,0,0,0
420323,2,1,1997,0,0,0,0,0,0,0,0,0,0
420324,1,1,1997,12,12,12,12,12,12,12,12,12,12
420325,1,1,1997,0,0,0,0,0,0,0,0,13,0
420325,2,1,1997,0,7,0,0,0,9,0,14,0,0
420326,0,1,1997,0,0,0,0,24,0,0,29,0,0
420326,1,1,1997,0,0,16,0,7,0,0,0,0,0
420327,1,1,1997,0,0,0,0,0,0,0,0,0,0
420327,2,1,1997,0,0,0,0,0,0,0,0,0,0
420328,1,1,1997,14,22,0,0,0,19,0,0,0,0
420329,1,1,1997,5,0,0,0,0,0,0,0,0,0
420329,2,1,1997,0,0,0,0,0,0,0,0,0,0
420330,1,1,1997,0,0,0,0,0,0,0,0,0,0
420330,2,1,1997,0,0,0,0,0,0,0,0,0,0
420331,1,1,1997,16,16,16,16,16,16,16,16,16,16
420332,0,1,1997,0,2,23,0,0,0,30,38,30,16
420332,1,1,1997,0,0,0,0,0,0,0,0,0,0
420333,1,1,1997,0,0,0,0,0,0,0,0,0,0
420333,2,1,1997,0,0,0,0,0,0,0,0,0,0
420334,1,1,1997,10,10,10,10,10,10,10,10,10,10
420335,1,1,1997,0,0,0,0,0,0,0,0,0,0
420335,2,1,1997,0,0,0,0,0,0,0,0,0,0
420336,1,1,1997,0,0,0,0,0,0,0,0,0,0
420336,2,1,1997,0,0,0,0,0,0,0,0,0,0
420336,3,1,1997,0,0,0,0,0,0,0,0,0,0
420337,1,1,1997,0,0,0,0,0,0,0,0,0,0
420337,2,1,1997,0,0,0,0,0,0,0,0,0,0
420338,1,1,1997,0,0,0,0,0,0,0,0,0,0
420338,2,1,1997,0,0,0,0,0,0,0,0,0,0
420339,1,1,1997,0,0,21,0,13,0,11,8,0,0
420339,2,1,1997,0,0,0,0,0,0,0,0,0,0
420340,0,1,1997,0,0,0,0,0,0,0,0,0,0
420340,1,1,1997,0,0,0,0,0,0,0,0,0,0
420341,1,1,1997,0,0,0,0,0,0,0,0,0,0
420341,2,1,1997,0,0,0,0,0,0,0,0,0,0
420342,1,1,1997,26,26,26,26,26,26,26,26,26,26
420343,1,1,1997,0,0,11,0,0,0,0,0,0,0
420343,2,1,1997,0,0,0,0,0,0,0,0,0,0
420343,3,1,1997,0,0,0,0,0,0,0,0,0,0
420344,0,1,1997,22,22,22,22,22,22,22,22,22,22
420344,1,1,1997,0,11,23,0,16,0,33,25,0,5
420345,1,1,1997,0,0,0,0,0,0,0,0,0,0
420346,1,2,1997,36,36,24,0,16,0,16,22,16,25
420347,1,1,1997,0,0,0,0,0,0,0,0,0,0
420347,2,1,1997,0,0,0,0,0,0,0,0,0,0
420347,3,1,1997,0,0,0,0,0,0,0,0,0,0
420348,1,1,1997,0,0,0,0,0,0,0,25,0,0
420348,2,1,1997,0,0,0,0,0,0,0,0,0,0
420348,3,1,1997,0,0,0,0,0,0,0,0,0,0
420349,1,1,1997,22,0,20,0,11,0,23,18,14,0
420349,2,1,1997,0,28,0,0,12,18,5,17,0,0
420350,1,1,1997,0,0,0,0,0,8,0,0,0,0
420350,2,1,1997,0,0,0,4,0,0,0,0,0,0
420351,1,1,1997,27,23,24,0,14,17,15,0,10,3
420351,2,1,1997,9,9,9,9,9,9,9,9,9,9
420352,1,1,1997,13,13,13,13,13,13,13,13,13,13
420352,2,1,1997,0,0,0,0,0,0,0,0,0,0
420353,1,1,1997,9,11,25,11,11,19,0,10,11,0
420354,1,1,1997,21,21,21,21,21,21,21,21,21,21
420355,1,1,1997,17,17,17,17,17,17,17,17,17,17
420356,1,1,1997,0,13,0,0,6,6,0,0,19,0
420356,2,1,1997,0,0,0,0,0,0,0,0,0,0
420357,1,1,1997,0,7,0,0,0,0,0,0,0,0
420357,2,1,1997,0,0,0,0,0,0,0,0,0,0
420358,1,1,1997,0,0,0,0,0,0,0,0,0,0
420359,1,1,1997,0,0,0,0,0,0,0,0,0,0
420359,2,1,1997,0,0,0,0,0,0,0,0,0,0
420360,1,1,1997,17,17,17,17,17,17,17,17,17,17
420360,2,1,1997,0,0,0,0,0,0,0,0,0,0
420360,3,1,1997,0,0,20,13,0,0,0,8,44,0
420361,1,1,1997,18,17,11,4,10,7,29,0,6,0
420362,1,1,1997,0,0,0,0,0,0,0,0,0,0
420363,1,1,1997,0,0,0,39,0,0,0,0,0,20
420364,1,1,1997,9,26,12,16,21,20,0,3,16,12
420365,1,1,1997,20,12,29,11,16,18,18,12,16,20
420366,1,1,1997,0,12,0,0,0,11,0,16,31,13
420366,2,1,1997,0,0,0,0,0,0,0,0,0,0
420367,0,1,1997,0,34,0,0,0,0,0,0,0,0
420367,1,1,1997,0,0,0,0,0,0,0,0,0,0
420367,2,1,1997,0,0,0,0,0,0,0,0,0,0
420368,1,1,1997,0,0,0,0,0,0,0,0,0,0
420368,2,1,1997,0,0,0,0,0,0,0,16,0,15
420369,1,1,1997,19,19,19,19,19,19,19,19,19,19
420369,2,1,1997,0,0,0,0,0,0,0,0,0,0
420370,1,1,1997,0,0,0,0,0,0,0,0,0,0
420371,0,1,1997,0,0,0,0,0,0,0,0,0,0
420371,1,1,1997,0,0,0,0,0,0,0,0,0,0
420371,2,1,1997,0,0,0,0,0,0,0,0,0,0
420372,1,1,1997,0,0,15,0,0,0,0,0,0,0
420372,2,1,1997,9,0,19,0,24,22,0,19,13,0
420373,1,1,1997,0,0,0,0,0,0,0,0,0,0
420374,0,1,1997,0,0,0,0,0,0,0,0,0,0
420374,1,1,1997,0,15,0,0,16,0,0,0,0,0
420375,0,1,1997,0,26,0,17,21,0,13,22,0,0
420375,1,1,1997,5,5,5,5,5,5,5,5,5,5
420376,1,1,1997,0,0,0,0,0,0,0,0,0,0
420376,2,1,1997,0,0,0,0,0,0,0,0,0,0
420377,1,1,1997,0,0,0,0,0,0,0,0,0,0
420377,2,1,1997,0,0,0,0,0,0,0,0,0,0
420378,1,1,1997,11,0,0,33,6,11,22,19,15,17
420379,1,1,1997,0,0,0,0,0,0,0,0,0,0
420380,1,1,1997,0,0,0,0,0,0,0,0,0,0
420380,2,1,1997,0,0,0,0,0,0,0,0,0,0
420381,1,1,1997,0,0,0,0,0,0,0,0,0,0
420381,2,1,1997,0,0,0,0,0,0,0,0,0,0
420382,1,1,1997,0,0,0,0,0,0,0,0,0,0
420382,2,1,1997,0,0,0,0,0,0,0,0,0,0
420383,1,1,1997,0,0,0,0,0,0,0,0,0,0
420383,2,1,1997,0,0,0,0,0,0,0,0,0,0
420384,1,1,1997,0,0,0,0,0,0,0,0,0,0
420385,1,1,1997,0,0,0,0,0,0,0,0,0,0
420385,2,1,1997,0,0,0,0,0,0,0,0,0,0
420386,1,1,1997,24,24,24,24,24,24,24,24,24,24
420387,1,1,1997,28,28,28,28,28,28,28,28,28,28
420388,1,1,1997,0,0,0,0,0,0,0,0,0,0
420389,1,1,1997,18,18,18,18,18,18,18,18,18,18
420389,2,1,1997,0,0,0,0,0,0,0,0,0,0
420390,1,1,1997,17,17,17,17,17,17,17,17,17,17
420391,1,1,1997,22,22,22,22,22,22,22,22,22,22
420392,1,1,1997,0,25,29,0,0,17,0,0,5,11
420392,2,1,1997,13,12,10,30,18,20,9,30,24,10
420392,3,1,1997,1,1,1,1,1,1,1,1,1,1
420393,1,1,1997,18,18,18,18,18,18,18,18,18,18
420393,2,1,1997,15,0,0,0,0,0,15,0,0,0
420394,1,1,1997,1,1,1,1,1,1,1,1,1,1
420395,1,1,1997,0,0,0,0,0,0,0,0,0,0
420396,1,1,1997,0,0,0,0,0,0,0,0,0,0
420397,0,1,1997,0,0,0,0,0,0,0,0,0,0
420397,1,1,1997,0,0,0,0,0,0,0,0,0,0
420398,1,1,1997,19,19,19,19,19,19,19,19,19,19
420399,1,1,1997,19,19,19,19,19,19,19,19,19,19
420399,2,1,1997,0,0,0,0,0,0,0,0,0,0
420400,1,1,1997,0,0,0,0,0,0,0,0,0,0
420401,1,1,1997,23,23,23,23,23,23,23,23,23,23
420401,2,1,1997,0,0,0,0,0,0,0,0,0,0
420402,1,1,1997,22,22,22,22,22,22,22,22,22,22
420403,1,1,1997,0,0,0,0,0,0,0,0,0,0
420403,2,1,1997,0,0,0,0,0,0,0,0,0,0
420404,1,1,1997,13,13,13,13,13,13,13,13,13,13
420404,2,1,1997,0,0,0,0,0,0,0,0,0,0
420405,1,1,1997,10,0,0,0,0,0,0,0,0,0
420405,2,1,1997,0,0,0,0,0,0,0,0,0,0
420405,3,1,1997,0,23,0,20,12,0,0,0,0,7
420405,4,1,1997,8,0,0,13,0,0,0,0,0,0
420406,1,1,1997,23,25,7,27,28,16,10,0,27,25
420407,1,1,1997,22,22,22,15,14,30,18,19,24,15
420408,1,1,1997,0,0,0,0,0,0,0,0,0,0
420408,2,1,1997,0,0,0,0,0,0,0,0,0,0
420409,0,1,1997,0,0,0,0,0,0,0,0,0,0
420409,1,1,1997,0,0,0,0,0,0,0,0,0,0
420410,1,1,1997,0,0,0,0,0,0,0,0,0,0
420410,2,1,1997,0,7,10,0,0,6,0,0,0,0
420410,3,1,1997,0,0,0,0,0,0,0,0,0,0
420411,1,1,1997,0,0,0,0,0,0,0,0,0,0
420411,2,1,1997,0,0,0,0,0,0,0,0,0,0
420412,1,1,1997,0,0,0,0,0,0,0,0,0,0
420412,2,1,1997,0,0,0,0,0,0,0,0,0,0
420413,1,1,1997,0,0,0,0,0,0,0,0,0,0
420414,1,1,1997,32,32,32,32,32,32,32,32,32,32
420415,1,1,1997,0,0,0,0,0,0,0,0,0,0
420416,1,1,1997,26,26,26,26,26,26,26,26,26,26
420417,1,1,1997,0,0,0,0,0,0,0,0,0,0
420418,1,1,1997,0,0,0,0,0,0,0,0,0,0
420418,2,1,1997,0,0,0,0,0,0,0,0,0,0
420419,1,1,1997,0,0,0,0,0,0,0,0,0,0
420419,2,1,1997,0,0,0,0,0,0,0,0,0,0
420419,3,1,1997,0,0,0,0,0,0,0,0,0,0
420420,1,1,1997,0,0,0,0,0,0,0,0,0,0
420420,2,1,1997,0,0,0,0,0,0,0,0,0,0
420421,1,1,1997,14,14,14,14,14,14,14,14,14,14
420421,2,1,1997,0,0,0,0,0,0,0,0,0,0
420422,0,1,1997,0,0,0,0,0,0,0,0,0,0
420422,1,1,1997,0,0,0,0,0,0,0,0,0,0
420423,0,1,1997,0,0,0,0,0,0,0,49,0,0
420423,1,1,1997,0,0,21,0,0,0,0,13,6,0
420424,1,1,1997,0,0,0,0,0,0,0,0,0,0
420424,2,1,1997,0,0,0,0,0,26,0,35,0,30
420425,1,1,1997,0,0,0,0,0,0,0,0,0,0
420425,2,1,1997,0,0,0,0,0,0,0,0,0,0
420426,1,1,1997,0,0,0,0,0,0,0,0,0,0
420427,1,1,1997,22,22,22,22,22,22,22,22,22,22
420427,2,1,1997,6,0,0,0,0,0,0,0,0,0
420428,1,1,1997,29,21,11,0,14,11,12,0,13,0
420428,2,1,1997,0,0,0,0,0,0,0,0,0,0
420429,1,1,1997,25,25,25,25,25,25,25,25,25,25
420429,2,1,1997,0,0,0,0,0,0,0,0,0,0
420430,1,1,1997,12,15,0,0,0,0,0,0,0,0
420430,2,1,1997,0,0,0,0,0,0,0,0,0,3
420430,3,1,1997,0,0,0,0,0,0,0,0,0,0
420431,0,1,1997,0,0,0,0,0,0,0,0,0,0
420431,1,1,1997,0,0,0,0,0,0,0,0,0,0
420432,0,1,1997,0,0,0,0,0,0,0,0,0,0
420432,1,1,1997,4,4,4,4,4,4,4,4,4,4
420433,1,1,1997,0,0,0,0,0,0,0,0,0,0
420434,1,1,1997,0,0,0,0,0,0,0,0,0,0
420434,2,1,1997,0,0,0,0,0,0,0,0,0,0
420434,3,1,1997,0,0,0,0,0,3,0,0,0,0
420434,4,1,1997,0,0,0,0,0,0,0,0,0,0
420434,5,1,1997,0,0,0,0,0,0,0,0,0,0
420434,6,1,1997,0,0,0,0,0,0,0,0,0,0
420434,7,1,1997,0,0,0,0,0,12,0,0,0,0
420435,1,1,1997,14,14,14,14,14,14,14,14,14,14
420436,1,1,1997,0,0,0,0,0,0,0,0,0,0
420436,2,1,1997,0,0,0,0,0,0,0,0,0,0
420437,1,1,1997,0,0,0,0,0,0,0,0,0,0
420437,2,1,1997,0,0,0,0,0,0,0,0,0,0
420438,1,1,1997,0,0,0,0,0,0,0,0,0,0
420439,1,1,1997,0,0,0,17,0,0,0,0,0,29
420440,1,1,1997,13,13,13,13,13,13,13,13,13,13
420440,2,1,1997,0,0,0,0,0,0,0,0,0,0
420441,1,1,1997,16,16,16,16,16,16,16,16,16,16
420442,1,1,1997,18,18,18,18,18,18,18,18,18,18
420443,1,1,1997,4,4,4,4,4,4,4,4,4,4
420443,2,1,1997,0,0,0,0,0,18,0,0,0,0
420443,3,1,1997,0,0,0,0,0,0,0,0,0,0
420444,1,1,1997,18,18,18,18,18,18,18,18,18,18
420445,0,1,1997,0,0,0,0,0,0,0,0,0,0
420445,1,1,1997,0,0,0,0,0,0,0,0,0,0
420446,1,1,1997,0,0,0,0,0,0,0,0,0,0
420447,1,1,1997,0,0,0,0,0,0,0,0,0,0
420447,2,1,1997,0,0,0,0,0,0,0,0,0,0
420448,0,1,1997,22,15,0,8,14,27,30,47,8,32
420448,1,1,1997,0,0,0,0,0,0,0,0,0,0
420449,1,1,1997,20,0,12,18,17,16,8,50,30,21
420450,1,1,1997,0,0,0,0,0,0,0,0,0,0
420451,1,1,1997,12,12,12,12,12,12,12,12,12,12
420452,0,1,1997,0,0,0,0,0,0,0,0,0,0
420452,1,1,1997,0,0,0,0,0,0,0,0,0,0
420453,0,1,1997,0,0,0,0,0,0,0,0,0,0
420453,1,1,1997,0,0,0,0,0,0,0,0,0,0
420454,1,1,1997,18,12,5,0,7,7,15,4,8,5
420454,2,1,1997,0,0,0,0,0,0,0,0,0,0
420455,1,1,1997,0,0,0,0,0,0,0,0,0,0
420455,2,1,1997,0,41,0,0,0,0,0,0,0,0
420456,1,1,1997,0,0,0,0,0,0,0,0,0,0
420456,2,1,1997,0,0,0,0,0,0,0,0,0,0
420457,1,1,1997,26,26,26,26,26,26,26,26,26,26
420458,0,1,1997,0,26,17,14,33,13,0,12,38,26
420458,1,1,1997,0,0,0,0,0,0,0,0,0,0
420459,1,1,1997,0,0,0,0,0,0,0,0,0,0
420459,2,1,1997,0,0,0,0,0,0,0,0,0,0
420460,1,1,1997,0,0,25,24,0,0,0,0,0,0
420460,2,1,1997,0,0,0,0,0,0,0,0,0,0
420461,1,1,1997,24,24,24,24,24,24,24,24,24,24
420461,2,1,1997,13,0,0,26,0,24,19,0,29,0
420462,1,1,1997,18,18,18,18,18,18,18,18,18,18
420463,1,1,1997,33,33,33,33,33,33,33,33,33,33
420464,0,1,1997,0,0,21,0,0,0,0,0,30,0
420464,1,1,1997,0,0,0,0,0,0,0,0,0,0
420465,1,1,1997,8,23,8,13,15,22,21,17,16,24
420466,1,1,1997,0,0,0,0,0,0,0,0,0,0
420466,2,1,1997,0,0,0,0,0,0,0,0,0,0
420467,1,1,1997,0,0,16,0,0,0,0,0,0,0
420467,2,1,1997,20,20,20,20,20,20,20,20,20,20
420468,1,1,1997,15,15,15,15,15,15,15,15,15,15
420468,2,1,1997,0,0,0,0,0,0,0,0,0,0
420469,1,1,1997,9,31,42,16,16,25,11,19,20,0
420470,1,1,1997,0,0,0,0,0,0,0,0,0,0
420470,2,1,1997,0,0,0,0,0,0,0,0,0,0
420470,3,1,1997,0,0,0,0,0,0,0,0,0,0
420470,4,1,1997,0,0,0,0,0,0,0,0,0,0
420471,1,1,1997,0,0,0,0,0,0,0,0,0,0
420472,1,1,1997,0,0,0,0,0,0,0,0,0,0
420472,2,1,1997,0,0,0,0,0,0,0,0,0,0
420473,1,1,1997,0,0,0,0,0,0,0,0,0,0
420473,2,1,1997,0,0,0,0,0,0,0,0,0,0
420473,3,1,1997,0,0,0,0,0,0,0,0,0,0
420473,4,1,1997,0,0,0,0,0,0,0,0,0,0
420474,1,1,1997,19,19,19,19,19,19,19,19,19,19
420474,2,1,1997,0,0,0,0,0,0,0,0,0,0
420475,1,1,1997,0,0,0,0,0,0,0,0,0,0
420475,2,1,1997,0,0,0,0,0,0,0,0,0,0
420476,1,1,1997,12,12,12,12,12,12,12,12,12,12
420476,2,1,1997,0,0,0,0,0,0,0,0,0,0
420477,1,1,1997,15,15,15,15,15,15,15,15,15,15
420477,2,1,1997,0,0,0,0,0,0,0,0,0,0
420478,1,1,1997,32,16,7,15,16,17,14,29,28,8
420479,1,1,1997,0,0,0,0,0,0,0,0,0,0
420479,2,1,1997,0,0,0,0,0,0,0,0,0,0
420480,1,1,1997,15,15,15,15,15,15,15,15,15,15
420481,1,1,1997,25,25,25,25,25,25,25,25,25,25
420482,1,1,1997,0,12,0,11,14,10,0,0,15,0
420483,1,1,1997,13,13,13,13,13,13,13,13,13,13
420484,1,1,1997,0,0,0,0,0,0,0,0,0,0
420484,2,1,1997,22,0,0,0,0,0,0,0,0,0
420485,1,1,1997,37,37,37,37,37,37,37,37,37,37
420486,0,1,1997,0,0,10,0,0,10,0,0,11,31
420486,1,1,1997,0,0,0,0,0,0,0,0,0,12
420487,1,1,1997,0,0,0,0,0,0,0,0,0,0
420488,1,1,1997,0,0,0,0,0,0,0,0,0,0
420488,2,1,1997,0,0,0,0,0,0,0,0,0,0
420489,1,1,1997,0,0,0,0,0,0,0,0,0,17
420489,2,1,1997,23,0,0,0,0,0,22,0,0,0
420490,1,1,1997,18,0,0,12,12,0,14,0,0,0
420490,2,1,1997,0,0,0,0,0,0,0,0,0,0
420491,1,1,1997,24,24,24,24,24,24,24,24,24,24
420492,1,1,1997,0,0,0,0,0,0,0,0,0,0
420492,2,1,1997,0,0,0,0,0,0,0,0,0,0
420493,1,1,1997,0,0,0,0,0,0,0,0,0,0
420493,2,1,1997,0,0,0,0,0,0,0,0,0,0
420494,1,1,1997,0,0,0,0,0,0,0,0,0,0
420494,2,1,1997,0,0,0,0,0,0,0,0,0,0
420495,1,1,1997,0,0,0,0,0,0,0,0,0,0
420495,2,1,1997,0,0,0,0,0,0,0,0,0,0
420496,1,1,1997,0,0,0,0,0,0,0,0,0,0
420497,1,1,1997,0,0,0,0,0,0,0,0,0,30
420497,2,1,1997,15,0,0,0,0,0,0,0,0,0
420498,1,1,1997,16,16,16,16,16,16,16,16,16,16
420499,1,1,1997,15,15,15,15,15,15,15,15,15,15
420499,2,1,1997,0,0,0,0,0,0,5,0,0,0
420500,1,1,1997,0,0,0,0,0,0,0,0,0,0
420500,2,1,1997,0,0,0,0,0,0,0,0,0,0
420500,3,1,1997,0,0,0,0,0,0,0,0,0,0
420501,1,1,1997,21,21,21,21,21,21,21,21,21,21
420502,1,1,1997,0,0,9,0,0,0,0,0,0,0
420502,2,1,1997,0,0,0,0,0,0,0,0,0,0
420503,1,1,1997,0,0,0,0,0,0,0,0,0,0
420503,2,1,1997,0,0,0,0,0,0,0,0,0,0
420504,1,1,1997,17,17,17,12,8,28,22,20,26,6
420504,2,1,1997,0,0,0,0,0,0,0,0,0,0
420505,1,1,1997,0,0,0,0,0,0,0,0,0,0
420505,2,1,1997,0,0,0,0,0,0,0,0,0,0
420506,1,1,1997,16,0,28,0,0,7,0,19,10,4
420507,1,1,1997,17,0,11,0,0,10,0,0,10,0
420507,2,1,1997,0,0,0,0,0,0,0,0,0,0
420508,1,1,1997,11,11,11,11,11,11,11,11,11,11
420509,1,1,1997,0,0,0,0,0,0,0,0,0,0
420509,2,1,1997,0,0,0,0,0,0,0,0,0,0
420510,1,1,1997,0,0,0,16,0,0,0,15,0,0
420510,2,1,1997,0,0,0,0,0,0,0,0,0,0
420511,1,1,1997,16,16,16,16,16,16,16,16,16,16
420512,1,1,1997,0,0,0,0,0,0,0,0,0,0
420512,2,1,1997,0,0,0,0,0,0,0,0,0,0
420512,3,1,1997,0,0,0,0,0,0,0,0,0,0
420513,1,1,1997,0,0,0,0,0,0,0,0,0,0
420513,2,1,1997,0,0,0,0,0,0,0,0,0,0
420514,1,1,1997,0,0,0,0,0,0,0,0,0,0
420515,1,1,1997,0,0,9,0,0,15,17,0,20,9
420516,1,1,1997,18,18,18,18,18,18,18,18,18,18
420516,2,1,1997,0,9,0,0,0,0,0,0,0,0
420517,1,1,1997,0,0,0,15,0,0,0,0,0,0
420518,1,1,1997,12,8,21,23,30,34,23,16,23,13
420519,1,1,1997,0,0,0,0,0,0,0,0,0,0
420520,1,1,1997,0,0,5,16,8,24,0,0,0,14
420520,2,1,1997,0,0,0,0,0,0,0,0,0,0
420521,1,1,1997,0,0,0,0,0,0,0,0,0,0
420522,1,1,1997,0,0,0,0,0,0,0,0,0,0
420523,1,1,1997,0,0,0,0,0,0,0,0,0,0
420523,2,1,1997,0,0,0,0,0,0,0,0,0,0
420523,3,1,1997,0,10,0,0,0,0,0,0,0,0
420523,4,1,1997,0,0,0,0,0,0,0,0,0,0
420524,1,1,1997,30,30,30,30,30,30,30,30,30,30
420525,1,1,1997,0,0,0,0,0,0,0,0,0,0
420525,2,1,1997,0,0,0,0,0,0,0,0,0,17
420526,0,1,1997,0,0,0,0,0,0,0,0,0,0
420526,1,1,1997,0,0,0,0,0,0,0,0,0,0
420527,1,1,1997,0,0,0,0,0,0,0,0,0,0
420527,2,1,1997,2,2,2,2,2,2,2,2,2,2
420528,1,1,1997,25,25,25,25,25,25,25,25,25,25
420528,2,1,1997,0,0,0,0,0,0,0,0,0,0
420529,0,1,1997,10,0,0,0,0,0,0,0,0,0
420529,0,2,1997,0,32,0,0,0,0,0,0,0,0
420529,0,3,1997,0,0,0,0,0,0,0,0,0,0
420529,0,4,1997,0,0,0,0,0,0,0,0,0,0
420529,1,1,1997,0,0,0,0,0,0,0,0,0,0
420530,1,1,1997,4,4,4,4,4,4,4,4,4,4
420531,1,1,1997,20,20,20,20,20,20,20,20,20,20
420531,2,1,1997,0,0,0,7,0,9,0,0,19,0
420532,1,1,1997,0,0,0,0,0,0,0,0,0,0
420532,2,1,1997,0,0,0,0,0,0,0,0,0,0
420533,1,1,1997,0,0,0,0,0,0,0,0,0,0
420534,1,1,1997,0,0,0,0,0,0,0,0,0,0
420534,2,1,1997,0,0,0,0,0,0,0,0,0,0
420535,1,1,1997,0,0,0,0,0,0,0,0,0,0
420535,2,1,1997,0,0,0,0,0,0,0,0,0,0
420536,1,1,1997,0,0,0,0,0,0,0,0,0,0
420537,1,1,1997,0,0,0,0,0,0,0,0,0,0
420538,1,1,1997,0,20,0,0,0,0,0,0,0,0
420539,1,1,1997,0,0,21,27,0,0,13,0,0,0
420540,1,1,1997,10,0,0,0,0,0,0,0,0,0
420540,2,1,1997,0,0,0,0,0,0,0,0,0,0
420541,1,1,1997,0,0,0,0,0,0,0,0,0,0
420542,1,1,1997,0,0,0,0,0,0,0,0,0,0
420543,1,1,1997,11,18,13,16,15,29,15,0,33,18
420544,1,1,1997,25,25,25,25,25,25,25,25,25,25
420545,1,1,1997,7,7,7,7,7,7,7,7,7,7
420546,1,1,1997,0,0,0,0,15,9,0,0,0,0
420547,1,1,1997,0,0,0,0,0,0,0,0,23,0
420548,1,1,1997,0,0,0,0,0,0,0,0,0,0
420548,2,1,1997,0,0,0,0,0,0,0,0,0,0
420549,1,1,1997,13,24,33,20,12,15,19,24,26,13
420550,1,1,1997,0,0,22,0,0,11,0,7,0,0
420550,2,1,1997,0,0,0,0,0,0,0,0,0,0
420551,1,1,1997,0,0,0,0,0,0,0,0,0,0
420551,2,1,1997,0,0,0,0,0,0,0,0,0,0
420552,1,1,1997,0,0,0,0,0,0,0,0,13,0
420552,2,1,1997,0,0,0,0,0,0,0,0,0,0
420553,0,1,1997,0,0,0,0,0,0,0,0,0,0
420553,1,1,1997,0,0,0,0,0,0,0,0,0,0
420554,1,1,1997,0,0,0,0,0,0,18,0,0,0
420554,2,1,1997,0,0,0,0,0,0,0,0,0,0
420554,3,1,1997,0,0,3,0,0,0,0,0,0,0
420555,1,1,1997,0,0,0,0,0,0,0,0,0,0
420555,2,1,1997,0,0,0,0,0,0,0,0,0,0
420556,1,1,1997,0,0,0,0,0,0,0,8,0,0
420556,2,1,1997,0,0,0,0,0,0,0,0,0,0
420557,1,1,1997,0,8,0,0,0,0,0,0,0,0
420557,2,1,1997,0,0,0,0,0,0,0,0,0,0
420558,1,1,1997,0,0,0,0,0,0,0,0,0,0
420558,2,1,1997,0,0,0,0,0,0,0,0,0,0
420559,1,1,1997,28,28,36,16,23,32,36,26,12,11
420560,1,1,1997,0,0,0,0,0,0,0,0,0,0
420560,2,1,1997,1,1,1,1,1,1,1,1,1,1