ST_CASE,VEH_NO,PER_NO,YEAR,P1,P2,P3,P4,P5,P6,P7,P8,P9,P10
420561,1,1,1997,9,9,9,9,9,9,9,9,9,9
420562,1,1,1997,0,15,31,11,28,11,26,41,19,6
420562,2,1,1997,14,0,0,0,0,21,0,0,0,0
420563,0,1,1997,0,0,0,0,0,0,0,0,0,0
420563,1,1,1997,0,17,0,0,0,0,0,0,0,0
420564,1,1,1997,26,26,26,26,26,26,26,26,26,26
420565,1,1,1997,0,0,0,0,0,0,0,0,0,13
420566,1,1,1997,0,0,0,0,0,0,0,0,0,0
420567,0,1,1997,19,19,19,19,19,19,19,19,19,19
420567,1,1,1997,13,0,11,8,0,0,4,0,8,15
420568,1,1,1997,10,16,7,10,20,27,18,28,19,25
420568,2,1,1997,18,18,18,18,18,18,18,18,18,18
420569,1,1,1997,14,14,14,14,14,14,14,14,14,14
420570,0,1,1997,0,0,0,0,0,0,0,0,0,0
420570,1,1,1997,0,0,0,0,0,0,0,0,0,0
420571,1,1,1997,0,0,0,0,0,0,0,0,0,0
420572,1,1,1997,14,14,14,14,14,14,14,14,14,14
420573,0,1,1997,0,0,0,0,0,0,0,0,0,0
420573,1,1,1997,0,0,0,0,0,0,0,0,0,0
420574,1,1,1997,0,0,0,0,0,0,0,0,0,0
420575,1,1,1997,0,0,0,0,0,0,0,0,0,0
420576,1,1,1997,36,36,36,36,36,36,36,36,36,36
420576,2,1,1997,10,0,0,14,0,0,0,0,0,11
420577,1,1,1997,10,8,0,0,20,24,18,9,17,17
420577,2,1,1997,2,2,2,2,2,2,2,2,2,2
420578,1,1,1997,0,0,0,0,0,0,0,0,0,0
420578,2,1,1997,0,0,0,0,0,0,0,0,0,0
420579,1,1,1997,0,0,0,0,0,0,0,0,0,0
420579,2,1,1997,0,0,0,0,0,0,0,0,0,0
420580,0,1,1997,0,0,0,0,0,0,0,5,0,0
420580,1,1,1997,0,0,0,0,0,0,0,0,0,0
420581,1,1,1997,0,19,0,0,0,0,0,0,0,0
420581,2,1,1997,0,16,0,0,18,8,0,0,0,0
420582,1,1,1997,0,0,0,0,0,0,0,0,0,0
420582,2,1,1997,0,0,0,0,0,0,0,0,0,0
420583,1,1,1997,16,16,16,16,16,16,16,16,16,16
420583,2,1,1997,7,7,7,7,7,7,7,7,7,7
420584,1,1,1997,1,1,1,1,1,1,1,1,1,1
420585,1,1,1997,33,33,33,33,33,33,33,33,33,33
420586,1,1,1997,0,0,20,13,0,0,0,0,0,0
420587,1,1,1997,0,0,0,0,0,0,0,0,14,0
420587,2,1,1997,0,0,0,0,0,0,0,0,0,0
420588,1,1,1997,0,0,0,0,0,0,0,0,0,0
420588,2,1,1997,0,0,0,0,0,0,0,0,0,0
420589,1,1,1997,12,12,12,12,12,12,12,12,12,12
420590,1,1,1997,23,23,23,23,23,23,23,23,23,23
420591,1,1,1997,7,7,7,7,7,7,7,7,7,7
420592,1,1,1997,0,22,0,0,0,0,0,0,14,0
420593,1,1,1997,0,0,0,0,0,0,0,0,0,0
420594,1,1,1997,9,9,9,9,9,9,9,9,9,9
420594,2,1,1997,0,0,0,0,0,0,0,0,0,0
420595,1,1,1997,0,0,0,0,0,0,0,0,0,0
420595,2,1,1997,0,0,0,0,0,0,0,0,0,0
420596,1,1,1997,17,17,17,17,17,17,17,17,17,17
420597,1,1,1997,0,0,0,0,0,0,0,0,0,0
420598,1,1,1997,0,0,0,0,0,0,0,0,0,0
420599,1,1,1997,0,0,0,0,0,0,0,0,0,0
420599,2,1,1997,0,0,0,0,0,0,0,0,11,0
420600,1,1,1997,0,0,0,0,0,0,0,0,0,0
420600,2,1,1997,0,0,0,0,0,0,0,0,0,0
420601,1,1,1997,17,8,14,22,12,10,14,5,11,13
420601,2,1,1997,5,5,5,5,5,5,5,5,5,5
420602,1,1,1997,9,9,9,9,9,9,9,9,9,9
420602,2,1,1997,11,0,0,0,0,0,0,15,0,0
420603,0,1,1997,0,0,0,60,0,0,0,0,0,0
420603,1,1,1997,0,0,0,0,0,0,0,0,0,0
420604,1,1,1997,23,0,0,0,0,0,0,0,0,0
420604,2,1,1997,0,0,0,0,0,0,0,0,0,0
420604,3,1,1997,0,0,0,0,0,0,0,0,0,0
420605,0,1,1997,0,0,0,0,0,0,0,0,0,0
420605,1,1,1997,0,0,0,0,0,0,0,0,0,0
420606,1,1,1997,0,0,0,0,0,0,0,0,0,0
420606,2,1,1997,16,0,0,0,0,0,0,15,0,10
420607,1,1,1997,0,0,0,0,0,0,0,0,0,0
420607,2,1,1997,0,0,0,0,0,0,0,0,0,0
420608,1,1,1997,0,0,0,0,0,0,0,0,0,0
420609,1,1,1997,0,0,0,0,0,0,0,0,0,0
420610,1,1,1997,0,0,0,0,0,0,0,0,0,0
420610,2,1,1997,0,0,0,0,0,0,0,0,0,0
420611,1,1,1997,0,0,0,0,0,0,0,0,0,0
420612,1,1,1997,0,0,0,0,0,0,0,0,0,0
420613,1,1,1997,15,32,22,8,17,17,20,14,0,21
420614,1,1,1997,0,0,0,0,0,0,0,0,0,0
420614,2,1,1997,0,0,0,0,0,31,0,0,0,0
420615,1,1,1997,23,23,23,23,23,23,23,23,23,23
420616,1,1,1997,0,0,0,0,0,0,0,0,0,0
420616,2,1,1997,0,0,0,0,0,0,0,0,0,0
420617,1,1,1997,0,0,0,0,27,0,0,0,0,0
420617,2,1,1997,0,0,0,0,0,0,0,0,0,0
420618,1,1,1997,0,0,0,0,0,0,0,0,0,0
420619,1,1,1997,0,0,0,0,0,0,0,0,0,0
420620,1,1,1997,18,18,18,18,18,18,18,18,18,18
420621,1,1,1997,9,0,0,29,0,0,0,33,0,0
420621,2,1,1997,0,0,0,16,0,0,0,0,14,0
420622,1,1,1997,21,21,21,21,21,21,21,21,21,21
420623,1,1,1997,0,0,0,0,0,0,0,0,0,0
420624,0,1,1997,0,0,0,0,0,0,0,0,0,0
420624,1,1,1997,0,0,0,0,0,0,0,0,0,0
420625,1,1,1997,13,10,22,36,8,10,20,36,31,22
420626,1,1,1997,11,11,11,11,11,11,11,11,11,11
420627,1,1,1997,6,6,6,6,6,6,6,6,6,6
420628,1,1,1997,0,0,0,0,0,0,0,0,0,0
420628,2,1,1997,0,0,0,0,0,0,0,0,0,0
420628,3,1,1997,0,0,0,0,0,0,0,0,0,0
420629,0,1,1997,0,0,0,0,0,0,0,0,0,0
420629,1,1,1997,0,0,0,0,0,0,0,0,0,0
420630,1,1,1997,0,0,0,0,0,0,0,0,0,0
420631,1,1,1997,5,5,5,5,5,5,5,5,5,5
420632,1,1,1997,0,0,0,0,0,0,0,0,0,0
420633,1,1,1997,5,5,5,5,5,5,5,5,5,5
420634,1,1,1997,0,0,0,0,0,0,0,0,0,0
420634,2,1,1997,0,0,0,0,0,0,0,0,0,9
420635,1,1,1997,0,0,0,0,0,0,0,0,0,0
420635,2,1,1997,0,0,0,0,0,0,0,0,0,0
420636,1,1,1997,30,30,30,30,30,30,30,30,30,30
420637,1,1,1997,7,17,17,31,5,30,9,14,31,13
420638,0,1,1997,23,23,23,23,23,23,23,23,23,23
420638,1,1,1997,9,9,9,9,9,9,9,9,9,9
420639,1,1,1997,0,0,0,0,0,0,0,0,0,25
420640,1,1,1997,27,24,0,20,7,8,22,26,0,22
420641,1,1,1997,0,0,0,15,0,15,0,0,0,0
420642,1,1,1997,0,0,0,0,0,0,0,0,0,0
420643,1,1,1997,0,0,29,0,0,0,0,0,0,0
420643,2,1,1997,0,0,0,0,0,0,0,0,0,0
420644,1,1,1997,18,18,18,18,18,18,18,18,18,18
420644,2,1,1997,0,0,0,0,0,0,0,0,0,0
420645,1,1,1997,0,0,0,0,0,0,0,0,0,0
420645,2,1,1997,0,0,0,0,0,0,0,0,0,0
420646,1,1,1997,17,17,17,17,17,17,17,17,17,17
420647,1,1,1997,0,0,0,0,0,0,0,0,0,0
420647,2,1,1997,0,0,0,0,0,0,0,0,0,0
420648,1,1,1997,15,15,15,15,15,15,15,15,15,15
420649,1,1,1997,0,0,10,18,0,0,0,0,0,0
420649,2,1,1997,0,0,0,15,0,0,0,0,0,0
420650,1,1,1997,0,0,0,0,19,0,18,13,12,0
420651,1,1,1997,17,17,17,17,17,17,17,17,17,17
420652,1,1,1997,11,11,11,11,11,11,11,11,11,11
420653,1,1,1997,0,16,6,0,37,14,6,15,2,24
420654,1,1,1997,21,0,0,26,0,0,0,0,0,0
420655,1,1,1997,8,8,8,8,8,8,8,8,8,8
420656,0,1,1997,0,0,15,4,0,22,28,16,15,0
420656,1,1,1997,0,0,0,0,0,15,0,0,0,0
420657,1,1,1997,0,0,0,0,0,0,0,0,0,0
420657,2,1,1997,0,0,0,0,0,0,0,0,0,0
420657,3,1,1997,0,0,0,0,0,0,0,0,0,0
420658,1,1,1997,0,0,0,0,0,29,0,0,0,0
420659,0,1,1997,0,0,0,0,0,0,0,0,0,0
420659,1,1,1997,17,17,17,17,17,17,17,17,17,17
420660,1,1,1997,0,0,0,0,0,0,0,0,0,0
420660,2,1,1997,0,0,0,0,0,0,0,0,0,0
420661,0,1,1997,13,13,13,13,13,13,13,13,13,13
420661,0,2,1997,34,34,34,34,34,34,34,34,34,34
420661,1,1,1997,0,0,0,0,0,0,0,0,0,0
420662,1,1,1997,0,0,0,0,0,0,0,0,0,0
420663,1,1,1997,0,0,0,0,0,0,0,0,0,0
420664,1,1,1997,0,0,0,0,0,0,0,0,0,0
420664,2,1,1997,0,0,0,0,0,0,0,0,0,0
420665,1,1,1997,0,0,0,0,0,0,0,0,0,0
420665,2,1,1997,0,0,0,0,0,0,0,0,0,0
420665,3,1,1997,0,0,0,0,0,0,0,0,0,0
420665,4,1,1997,0,0,0,0,0,0,0,0,0,0
420665,5,1,1997,0,0,0,0,0,0,0,0,0,0
420666,1,1,1997,11,11,11,11,11,11,11,11,11,11
420667,1,1,1997,0,0,0,0,0,0,0,0,0,0
420667,2,1,1997,0,0,0,0,0,0,0,0,0,0
420668,1,1,1997,20,20,20,20,20,20,20,20,20,20
420669,1,1,1997,0,13,0,8,21,0,39,0,21,28
420669,2,1,1997,0,0,0,0,0,0,0,0,0,0
420670,1,1,1997,0,0,0,20,0,0,0,0,22,0
420671,0,1,1997,0,0,0,0,0,0,0,0,11,0
420671,1,1,1997,5,0,12,9,14,13,16,26,19,28
420672,1,1,1997,0,0,21,0,0,0,0,0,20,0
420673,1,1,1997,0,0,0,0,0,0,0,0,0,0
420673,2,1,1997,0,0,0,0,0,0,0,0,0,0
420674,1,1,1997,0,0,0,0,0,0,0,0,0,0
420674,2,1,1997,0,0,0,0,0,0,0,0,0,0
420675,0,1,1997,0,0,0,0,0,0,0,0,0,0
420675,1,1,1997,0,0,0,0,0,0,0,0,0,0
420676,0,1,1997,26,26,26,26,26,26,26,26,26,26
420676,1,1,1997,0,0,3,0,0,15,0,0,10,0
420677,1,1,1997,0,0,0,0,0,0,6,0,0,0
420678,0,1,1997,0,0,0,0,0,0,0,0,0,0
420678,1,1,1997,0,0,0,0,0,0,0,0,0,0
420679,0,1,1997,16,0,0,0,0,0,0,0,0,0
420679,1,1,1997,4,4,4,4,4,4,4,4,4,4
420680,0,1,1997,21,21,21,21,21,21,21,21,21,21
420680,1,1,1997,0,0,15,22,0,0,0,23,15,0
420681,1,1,1997,0,0,0,0,0,0,0,0,0,0
420681,2,1,1997,0,0,0,0,0,0,0,0,0,0
420682,1,1,1997,0,0,0,0,0,0,0,0,0,0
420682,2,1,1997,0,0,0,0,0,0,0,0,0,0
420683,1,1,1997,17,17,17,17,17,17,17,17,17,17
420684,1,1,1997,0,0,0,0,0,0,0,0,0,0
420685,1,1,1997,0,0,0,0,0,0,0,0,0,0
420685,2,1,1997,0,0,0,0,0,0,0,0,0,0
420686,1,1,1997,0,0,0,0,0,0,0,0,0,0
420687,1,1,1997,19,7,9,9,11,21,23,9,13,13
420688,1,1,1997,10,10,10,10,10,10,10,10,10,10
420690,1,1,1997,0,0,0,0,0,0,0,0,0,0
420690,2,1,1997,0,0,0,0,0,0,0,0,0,0
420690,3,1,1997,0,0,0,0,0,0,0,0,0,0
420691,1,1,1997,0,0,0,0,0,0,0,0,0,0
420691,2,1,1997,0,0,0,0,0,0,0,0,0,0
420692,1,1,1997,25,25,0,21,27,17,0,18,0,18
420693,1,1,1997,0,0,0,0,0,0,0,0,0,0
420693,2,1,1997,0,0,16,3,15,0,0,0,0,0
420694,1,1,1997,12,12,12,12,12,12,12,12,12,12
420695,1,1,1997,12,12,12,12,12,12,12,12,12,12
420695,2,1,1997,0,0,0,0,3,19,0,0,0,0
420696,1,1,1997,0,0,0,0,0,3,0,0,0,0
420696,2,1,1997,12,12,12,12,12,12,12,12,12,12
420696,3,1,1997,0,0,0,0,0,0,0,0,0,0
420697,1,1,1997,0,0,0,0,0,0,0,0,0,0
420698,1,1,1997,0,0,0,0,0,0,0,0,0,0
420698,2,1,1997,11,0,0,0,0,0,0,0,0,0
420699,1,1,1997,0,0,0,0,0,0,0,0,0,0
420699,2,1,1997,0,0,0,0,0,0,0,0,0,0
420700,1,1,1997,0,0,0,0,0,0,0,0,0,0
420701,1,1,1997,32,32,32,32,32,32,32,32,32,32
420702,1,1,1997,0,0,0,0,0,0,0,0,0,0
420702,2,1,1997,0,0,0,0,0,0,0,0,0,0
420703,1,1,1997,11,11,11,11,11,11,11,11,11,11
420703,2,1,1997,0,0,0,0,0,0,0,0,0,0
420704,1,1,1997,0,0,0,0,0,0,0,0,0,0
420704,2,1,1997,0,0,0,0,0,0,0,0,0,0
420705,1,1,1997,9,11,8,0,21,4,23,16,0,22
420706,1,1,1997,0,0,0,0,0,0,0,0,0,0
420706,2,1,1997,0,0,0,0,0,0,0,0,0,0
420707,1,1,1997,0,0,0,0,0,19,0,0,0,18
420707,2,1,1997,0,0,0,0,0,0,0,0,0,0
420708,1,1,1997,19,19,19,19,19,19,19,19,19,19
420708,2,1,1997,0,0,0,0,0,0,0,0,0,0
420709,0,1,1997,0,0,0,0,0,0,0,0,0,0
420709,1,1,1997,0,0,0,0,0,0,0,0,0,0
420710,1,1,1997,0,0,0,0,0,0,0,0,0,0
420710,2,1,1997,0,0,0,0,0,0,0,0,0,0
420711,1,1,1997,0,7,0,0,0,0,0,0,0,0
420711,2,1,1997,0,0,0,0,0,0,0,0,0,0
420711,3,1,1997,0,0,0,0,0,0,0,0,0,0
420712,1,1,1997,0,0,0,0,0,0,0,0,0,0
420712,2,1,1997,0,0,0,0,0,0,0,0,0,0
420713,1,1,1997,7,7,7,7,7,7,7,7,7,7
420714,1,1,1997,17,17,17,17,17,17,17,17,17,17
420715,1,1,1997,0,0,0,0,0,0,0,0,0,0
420715,2,1,1997,0,0,0,0,0,0,0,0,0,0
420716,1,1,1997,0,0,0,0,0,0,0,0,0,0
420716,2,1,1997,0,0,0,0,0,0,0,0,0,0
420717,1,1,1997,7,7,7,7,7,7,7,7,7,7
420718,1,1,1997,0,0,0,0,0,0,0,0,0,0
420718,2,1,1997,0,0,0,0,0,0,0,0,0,0
420719,1,1,1997,11,11,11,11,11,11,11,11,11,11
420720,1,1,1997,25,25,25,25,25,25,25,25,25,25
420721,0,1,1997,12,12,12,12,12,12,12,12,12,12
420721,1,1,1997,0,0,0,0,0,0,0,0,0,0
420722,1,1,1997,0,0,0,0,0,0,0,0,0,0
420723,1,1,1997,22,19,12,10,16,13,0,12,0,0
420724,1,1,1997,10,10,10,10,10,10,10,10,10,10
420725,1,1,1997,0,0,0,0,0,0,0,0,0,0
420725,2,1,1997,0,0,16,0,0,0,0,0,0,0
420726,1,1,1997,0,0,0,0,10,0,0,0,0,0
420726,2,1,1997,0,0,0,0,0,0,0,0,0,0
420727,1,1,1997,19,0,9,0,0,0,0,0,0,0
420727,2,1,1997,9,0,0,0,0,0,0,0,0,0
420728,0,1,1997,13,13,13,13,13,13,13,13,13,13
420728,1,1,1997,0,23,0,0,0,0,0,16,0,0
420729,1,1,1997,23,23,23,23,23,23,23,23,23,23
420730,1,1,1997,23,23,23,23,23,23,23,23,23,23
420731,1,1,1997,0,0,0,0,0,0,0,0,0,0
420732,1,1,1997,0,0,0,0,0,0,0,0,0,0
420733,1,1,1997,0,0,14,0,0,16,17,16,18,0
420734,1,1,1997,13,13,13,13,13,13,13,13,13,13
420735,1,1,1997,0,0,0,0,0,0,0,0,0,0
420736,1,1,1997,0,0,0,0,0,0,0,0,0,0
420736,2,1,1997,0,0,0,0,0,0,0,0,0,0
420737,1,1,1997,0,0,0,0,0,0,0,0,0,0
420737,2,1,1997,0,0,0,0,15,18,0,0,0,0
420738,1,1,1997,0,0,0,0,0,0,0,0,0,0
420738,2,1,1997,0,0,0,0,0,0,0,0,0,0
420739,1,1,1997,18,16,16,12,23,40,19,13,11,20
420739,2,1,1997,4,0,16,19,11,10,7,22,4,6
420740,1,1,1997,0,0,7,16,0,0,9,0,18,0
420741,1,1,1997,28,16,0,4,19,9,0,27,0,0
420741,2,1,1997,12,0,22,9,0,15,0,12,8,0
420742,1,1,1997,20,0,16,17,0,25,11,0,15,10
420743,1,1,1997,0,0,0,0,0,0,0,4,0,0
420743,2,1,1997,12,0,0,0,0,0,0,0,0,0
420744,1,1,1997,3,0,0,0,0,0,0,0,0,0
420744,2,1,1997,0,0,0,0,0,0,0,0,0,0
420744,3,1,1997,0,0,10,0,0,0,0,0,0,0
420745,0,1,1997,0,0,0,0,0,0,0,6,0,0
420745,1,1,1997,0,0,0,0,0,0,0,0,0,0
420746,1,1,1997,12,12,12,12,12,12,12,12,12,12
420746,2,1,1997,0,0,0,0,0,0,0,0,0,0
420747,1,1,1997,0,0,0,0,0,0,0,0,0,0
420747,2,1,1997,0,9,0,0,0,0,19,13,20,15
420748,1,1,1997,0,0,0,0,0,16,0,4,0,0
420748,2,1,1997,0,15,0,0,0,0,13,0,0,0
420748,3,1,1997,0,0,0,0,0,0,0,0,0,0
420749,1,1,1997,0,0,0,0,0,0,0,0,0,0
420749,2,1,1997,0,0,0,0,0,0,0,0,0,0
420750,1,1,1997,14,14,14,14,14,14,14,14,14,14
420751,1,1,1997,8,8,8,8,8,8,8,8,8,8
420751,2,1,1997,0,0,0,0,0,0,0,0,0,0
420752,1,1,1997,0,0,0,0,0,0,0,0,0,0
420752,2,1,1997,0,0,0,0,0,0,0,0,0,0
420753,1,1,1997,0,0,0,0,23,0,0,0,0,0
420753,2,1,1997,0,0,0,0,0,0,0,0,0,0
420754,0,1,1997,0,0,0,0,0,0,0,0,0,0
420754,1,1,1997,0,0,0,0,0,0,0,0,0,0
420755,1,1,1997,0,0,0,0,0,0,0,0,0,0
420755,2,1,1997,0,18,0,17,0,0,0,0,0,0
420756,1,1,1997,0,0,0,0,0,0,0,0,0,0
420756,2,1,1997,0,0,14,0,0,0,0,0,0,0
420757,1,1,1997,12,12,12,12,12,12,12,12,12,12
420758,1,1,1997,0,9,22,28,18,10,9,0,10,12
420758,2,1,1997,0,0,0,0,0,0,0,0,0,0
420758,3,1,1997,0,0,0,0,0,0,0,0,0,0
420759,1,1,1997,0,0,0,0,0,0,0,0,0,0
420760,1,1,1997,0,0,0,0,0,0,0,0,0,0
420760,2,1,1997,0,6,0,0,0,21,4,0,0,15
420761,1,1,1997,6,0,12,0,0,0,0,0,0,0
420761,2,1,1997,0,0,0,0,0,0,0,5,0,0
420762,1,1,1997,28,28,28,28,28,28,28,28,28,28
420762,2,1,1997,0,0,0,0,0,0,9,0,0,0
420764,1,1,1997,0,0,0,0,0,0,0,0,0,0
420764,2,1,1997,0,0,0,0,0,0,0,0,0,0
420765,1,1,1997,0,0,0,0,5,0,21,8,0,0
420766,1,1,1997,0,0,0,0,0,0,0,0,0,0
420766,2,1,1997,0,0,0,0,0,0,0,0,0,0
420767,1,1,1997,24,24,24,24,24,24,24,24,24,24
420768,0,1,1997,11,0,12,0,0,11,20,20,28,0
420768,1,1,1997,0,0,0,0,0,0,0,0,0,0
420769,1,1,1997,0,0,0,0,0,0,4,0,0,0
420770,1,1,1997,0,0,0,0,0,0,0,0,0,7
420770,2,1,1997,0,0,0,0,0,0,0,0,0,0
420771,1,1,1997,15,15,15,15,15,15,15,15,15,15
420772,1,1,1997,18,21,3,18,8,9,5,22,11,23
420773,1,1,1997,0,0,0,0,0,0,0,0,0,0
420774,1,1,1997,35,35,35,35,35,35,35,35,35,35
420775,1,1,1997,0,0,0,0,0,0,0,0,0,0
420776,1,1,1997,0,0,0,0,0,0,0,0,0,0
420776,2,1,1997,0,0,0,0,0,0,0,0,0,0
420777,1,1,1997,0,0,0,0,0,0,0,0,0,0
420777,2,1,1997,0,0,0,0,0,0,0,0,0,0
420778,1,1,1997,25,25,25,25,25,25,25,25,25,25
420778,2,1,1997,0,0,0,0,0,0,0,0,0,0
420779,1,1,1997,0,0,0,0,0,0,0,0,0,0
420779,2,1,1997,0,0,0,0,0,0,4,0,0,0
420780,0,1,1997,24,7,13,23,0,0,0,0,13,6
420780,1,1,1997,44,44,44,44,44,44,44,44,44,44
420781,1,1,1997,5,15,10,9,20,23,16,10,14,30
420782,1,1,1997,17,0,0,0,0,0,0,0,5,0
420782,2,1,1997,0,0,0,0,0,0,0,0,0,0
420782,3,1,1997,0,0,0,0,0,0,0,0,18,0
420783,0,1,1997,0,0,0,0,0,0,0,0,0,0
420783,0,2,1997,0,18,0,0,0,0,0,0,0,5
420783,0,3,1997,0,0,0,0,0,0,0,0,23,0
420783,0,4,1997,0,7,0,18,27,0,0,0,23,0
420783,0,5,1997,0,18,5,20,12,5,0,15,16,0
420783,1,1,1997,20,18,10,6,18,14,4,20,19,10
420784,1,1,1997,0,20,25,0,13,25,0,33,15,0
420785,0,1,1997,0,0,0,0,0,0,0,0,0,0
420785,0,2,1997,26,0,20,12,12,0,8,36,0,0
420785,0,3,1997,16,0,31,0,0,0,16,26,0,0
420785,1,1,1997,0,0,0,0,0,0,0,0,0,4
420785,2,1,1997,0,0,0,0,0,0,0,0,0,0
420786,1,1,1997,10,10,7,22,9,0,20,20,7,32
420786,2,1,1997,0,0,0,0,0,0,0,0,14,0
420787,1,1,1997,0,0,0,18,23,0,0,0,0,0
420787,2,1,1997,0,0,0,0,0,0,0,0,0,44
420788,1,1,1997,35,35,35,35,35,35,35,35,35,35
420789,1,1,1997,0,23,0,20,0,0,0,0,0,29
420790,1,1,1997,0,0,0,0,0,0,0,0,0,0
420790,2,1,1997,0,0,0,0,0,0,4,0,0,0
420790,3,1,1997,0,0,0,0,0,0,0,0,0,0
420791,1,1,1997,0,0,0,0,0,0,0,0,0,0
420791,2,1,1997,0,0,0,0,0,0,0,0,0,0
420791,3,1,1997,0,0,0,0,0,0,0,0,0,0
420791,4,1,1997,6,6,6,6,6,6,6,6,6,6
420792,1,1,1997,14,14,14,14,14,14,14,14,14,14
420793,1,1,1997,12,12,12,12,12,12,12,12,12,12
420794,1,1,1997,0,14,0,0,0,0,0,0,0,0
420794,2,1,1997,0,0,0,0,0,0,0,0,0,0
420795,1,1,1997,0,0,0,0,0,0,0,0,0,0
420795,2,1,1997,0,0,0,0,0,0,0,0,0,0
420796,1,1,1997,0,0,0,0,0,0,0,0,0,0
420797,1,1,1997,17,17,17,17,17,17,17,17,17,17
420798,1,1,1997,0,0,0,0,0,8,0,0,0,0
420798,2,1,1997,0,0,0,0,0,0,0,0,0,0
420799,1,1,1997,0,0,0,0,0,0,0,0,0,0
420800,1,1,1997,0,16,0,0,0,0,0,19,14,0
420801,1,1,1997,0,0,0,0,0,0,0,0,0,0
420802,1,1,1997,8,8,8,8,8,8,8,8,8,8
420802,2,1,1997,0,0,5,0,0,0,0,0,0,0
420803,1,1,1997,19,13,17,24,41,25,14,18,16,14
420804,1,1,1997,0,0,0,0,0,0,0,0,0,0
420804,2,1,1997,0,0,0,0,0,0,0,0,0,0
420806,1,1,1997,16,16,16,16,16,16,16,16,16,16
420806,2,1,1997,0,0,0,0,0,0,0,0,0,0
420807,1,1,1997,0,0,0,0,0,0,0,0,0,0
420807,2,1,1997,0,0,0,0,0,0,0,0,0,0
420807,3,1,1997,0,0,0,0,0,0,0,0,0,0
420808,1,1,1997,0,10,0,0,0,0,10,0,0,0
420808,2,1,1997,0,0,0,0,0,0,0,0,0,0
420808,3,1,1997,0,0,0,0,0,0,0,0,0,0
420809,1,1,1997,27,27,27,27,27,27,27,27,27,27
420809,2,1,1997,0,0,0,0,0,0,0,0,0,0
420810,1,1,1997,29,29,29,29,29,29,29,29,29,29
420810,2,1,1997,10,10,10,10,10,10,10,10,10,10
420811,1,1,1997,0,0,0,0,0,0,0,0,0,0
420811,2,1,1997,13,13,13,13,13,13,13,13,13,13
420812,1,1,1997,0,0,0,15,0,0,0,0,0,0
420812,2,1,1997,0,0,0,0,0,0,0,0,0,0
420813,1,1,1997,0,0,0,0,0,0,0,0,0,0
420813,2,1,1997,0,0,0,0,8,0,0,0,0,0
420814,1,1,1997,0,0,0,0,0,0,0,0,0,0
420815,1,1,1997,0,0,0,0,0,0,0,0,0,0
420815,2,1,1997,0,0,0,0,0,0,0,0,0,0
420816,1,1,1997,25,25,25,25,25,25,25,25,25,25
420817,0,1,1997,0,0,0,0,0,0,0,0,0,0
420817,1,1,1997,0,0,0,0,0,0,0,0,0,0
420818,1,1,1997,0,0,0,0,0,0,0,0,0,0
420818,2,1,1997,0,0,0,0,0,0,0,0,0,0
420818,3,1,1997,0,0,0,0,0,0,0,0,0,0
420819,1,1,1997,0,0,0,0,30,0,0,0,0,0
420819,2,1,1997,0,0,0,0,0,0,0,0,0,0
420820,1,1,1997,17,17,17,17,17,17,17,17,17,17
420821,1,1,1997,0,0,0,0,0,0,0,0,0,0
420821,2,1,1997,22,0,21,22,12,15,23,22,15,16
420821,3,1,1997,0,0,0,0,0,0,0,0,0,0
420822,1,1,1997,25,25,25,25,25,25,25,25,25,25
420823,1,1,1997,16,16,16,16,16,16,16,16,16,16
420824,1,1,1997,0,0,17,19,17,0,0,0,0,16
420825,1,1,1997,0,0,0,0,0,8,0,0,0,0
420826,1,1,1997,23,0,30,12,12,19,28,0,0,0
420826,2,1,1997,0,0,0,0,0,0,0,0,0,0
420827,1,1,1997,0,0,0,0,0,0,0,0,0,0
420827,2,1,1997,0,0,0,0,0,0,0,0,0,0
420828,1,1,1997,15,18,0,0,15,0,10,0,0,0
420829,1,1,1997,9,0,0,0,0,0,0,0,0,0
420829,2,1,1997,0,0,0,0,0,0,0,0,0,0
420830,1,1,1997,0,0,0,0,0,0,0,0,0,0
420831,1,1,1997,0,0,0,0,0,0,0,0,0,0
420832,0,1,1997,0,0,0,0,0,0,0,0,0,0
420832,1,1,1997,0,6,0,0,0,0,0,0,0,0
420833,1,1,1997,16,16,16,16,16,16,16,16,16,16
420833,2,1,1997,0,0,0,0,0,0,0,0,0,0
420834,1,1,1997,0,0,0,0,0,0,0,0,0,0
420834,2,1,1997,0,0,0,0,0,0,0,0,0,0
420834,3,1,1997,0,0,0,0,0,0,0,19,0,0
420835,1,1,1997,0,0,0,0,0,0,0,0,0,0
420835,2,1,1997,0,0,0,0,21,5,0,0,0,0
420836,1,1,1997,16,30,31,16,20,16,9,17,19,11