ST_CASE,VEH_NO,PER_NO,YEAR,P1,P2,P3,P4,P5,P6,P7,P8,P9,P10
420837,1,1,1997,0,0,0,0,0,0,0,0,0,0
420837,2,1,1997,0,21,0,0,0,0,0,0,0,0
420838,1,1,1997,0,0,0,0,0,0,0,0,0,0
420839,1,1,1997,10,11,12,4,20,15,27,16,5,15
420840,1,1,1997,27,27,27,27,27,27,27,27,27,27
420840,2,1,1997,8,8,8,8,8,8,8,8,8,8
420841,1,1,1997,0,0,0,0,9,0,0,0,16,10
420842,1,1,1997,32,32,32,32,32,32,32,32,32,32
420843,1,1,1997,5,5,5,5,5,5,5,5,5,5
420843,2,1,1997,0,10,9,12,22,22,10,19,19,8
420844,1,1,1997,2,0,0,0,0,0,0,0,0,0
420845,1,1,1997,0,0,0,0,0,0,0,0,0,0
420845,2,1,1997,0,0,0,0,0,0,0,0,0,0
420846,1,1,1997,27,27,27,27,27,27,27,27,27,27
420847,1,1,1997,0,0,0,0,0,0,0,0,0,0
420848,1,1,1997,23,23,23,23,23,23,23,23,23,23
420849,1,1,1997,0,0,0,0,0,0,0,0,0,0
420850,1,1,1997,18,18,18,18,18,18,18,18,18,18
420851,1,1,1997,31,31,31,31,31,31,31,31,31,31
420851,2,1,1997,0,0,0,0,0,0,0,0,0,0
420852,1,1,1997,0,0,0,0,0,0,0,0,0,0
420852,2,1,1997,15,0,0,0,0,0,0,0,0,0
420853,0,1,1997,16,16,16,16,16,16,16,16,16,16
420853,1,1,1997,1,1,1,1,1,1,1,1,1,1
420854,1,1,1997,0,0,9,10,11,16,17,18,17,10
420854,2,1,1997,0,0,0,0,0,0,0,0,0,0
420855,1,1,1997,4,29,20,15,17,37,12,18,23,17
420856,1,1,1997,16,16,16,16,16,16,16,16,16,16
420857,1,1,1997,0,0,0,0,0,0,0,0,0,0
420858,1,1,1997,0,0,0,0,0,0,0,0,0,0
420858,2,1,1997,0,0,0,0,0,0,0,0,0,0
420859,0,1,1997,0,0,0,0,0,0,0,0,0,0
420859,1,1,1997,7,7,7,7,7,7,7,7,7,7
420860,1,1,1997,0,0,0,0,0,0,0,0,0,0
420861,1,1,1997,17,17,17,17,17,17,17,17,17,17
420861,2,1,1997,0,0,0,0,0,0,0,0,0,0
420862,1,1,1997,0,0,0,0,0,0,0,0,0,0
420862,2,1,1997,0,0,0,0,0,0,0,0,0,0
420863,1,1,1997,25,25,25,25,25,25,25,25,25,25
420863,2,1,1997,0,0,0,0,0,0,0,0,0,0
420864,1,1,1997,19,19,19,19,19,19,19,19,19,19
420865,1,1,1997,0,35,0,0,0,0,0,0,0,0
420865,2,1,1997,0,0,0,0,0,0,0,0,0,0
420865,3,1,1997,0,0,0,0,0,0,0,0,0,0
420866,1,1,1997,24,27,0,9,8,7,21,15,18,27
420867,0,1,1997,0,0,0,0,0,0,0,0,0,0
420867,1,1,1997,0,0,0,0,11,0,0,0,0,0
420868,1,1,1997,0,0,0,0,0,0,0,0,0,0
420868,2,1,1997,0,0,0,0,0,0,0,0,0,0
420869,1,1,1997,0,0,0,0,0,0,0,0,0,0
420869,2,1,1997,0,0,0,0,0,0,0,0,0,0
420870,0,1,1997,13,0,0,0,0,0,0,19,0,0
420870,1,1,1997,10,16,0,21,16,9,23,27,16,9
420871,1,1,1997,0,0,0,0,0,0,0,0,0,0
420871,2,1,1997,0,0,0,0,0,0,0,0,0,0
420871,3,1,1997,0,0,0,0,0,0,0,0,0,0
420872,1,1,1997,0,0,0,0,0,0,0,0,0,0
420872,2,1,1997,0,0,0,0,0,0,0,0,0,0
420872,3,1,1997,0,0,0,0,0,0,0,0,0,0
420873,1,1,1997,30,30,30,30,30,30,30,30,30,30
420873,2,1,1997,0,0,0,0,0,0,0,0,0,0
420874,1,1,1997,0,0,0,0,0,0,0,0,0,0
420874,2,1,1997,0,0,0,0,0,0,0,0,0,0
420874,3,1,1997,0,0,0,0,0,0,0,0,0,0
420875,1,1,1997,0,0,0,0,0,0,0,0,0,0
420876,1,1,1997,0,0,0,0,0,0,0,0,0,0
420876,2,1,1997,15,0,2,6,0,0,0,0,2,0
420876,3,1,1997,12,12,12,12,12,12,12,12,12,12
420877,1,1,1997,23,23,23,23,23,23,23,23,23,23
420878,1,1,1997,21,21,21,21,21,21,21,21,21,21
420879,1,1,1997,7,7,7,7,7,7,7,7,7,7
420880,1,1,1997,0,0,0,0,0,0,0,16,0,0
420880,2,1,1997,25,25,25,25,25,25,25,25,25,25
420881,1,1,1997,0,13,7,0,0,0,12,0,0,11
420881,2,1,1997,0,0,0,0,0,0,0,0,0,0
420882,1,1,1997,0,0,0,0,0,0,0,0,0,0
420882,2,1,1997,19,0,0,0,0,0,0,0,0,0
420883,1,1,1997,0,0,0,0,21,0,0,0,0,0
420884,1,1,1997,0,0,0,0,16,0,0,0,0,0
420885,1,1,1997,0,0,0,0,0,0,0,0,0,18
420885,2,1,1997,0,0,0,13,8,0,16,0,25,13
420886,1,1,1997,0,28,0,26,13,0,18,17,0,0
420887,1,1,1997,0,0,0,0,0,0,0,0,0,0
420888,1,1,1997,29,29,29,29,29,29,29,29,29,29
420888,2,1,1997,0,0,0,0,0,0,0,0,0,6
420889,1,1,1997,0,0,0,0,3,0,0,17,22,32
420890,1,1,1997,0,29,0,23,20,27,9,19,17,27
420890,2,1,1997,0,0,0,0,0,0,0,0,0,0
420891,1,1,1997,0,0,0,0,0,0,13,27,43,0
420892,1,1,1997,14,0,0,0,0,0,0,11,0,0
420892,2,1,1997,9,15,0,0,0,0,0,11,0,0
420892,3,1,1997,0,26,0,0,0,0,0,0,0,8
420893,1,1,1997,16,26,6,12,19,0,8,0,16,16
420894,1,1,1997,0,0,0,0,0,0,0,0,20,0
420895,0,1,1997,0,0,0,0,0,0,0,0,20,13
420895,1,1,1997,0,0,0,0,0,0,0,0,0,0
420896,1,1,1997,0,0,0,0,0,0,0,0,0,0
420896,2,1,1997,0,0,0,0,0,0,0,0,0,0
420897,0,1,1997,0,0,31,27,0,0,0,0,0,0
420897,1,1,1997,0,0,0,0,0,0,0,0,0,0
420898,1,1,1997,0,0,10,0,0,0,0,7,0,18
420899,1,1,1997,0,8,21,0,0,0,0,0,0,0
420899,2,1,1997,0,0,15,0,0,0,0,0,0,0
420900,1,1,1997,0,0,0,0,0,0,0,0,0,0
420901,1,1,1997,13,12,10,2,6,16,36,23,17,11
420901,2,1,1997,0,0,0,0,0,0,0,0,0,0
420902,1,1,1997,0,0,0,0,0,0,0,0,0,0
420902,2,1,1997,0,14,0,14,26,0,0,0,0,0
420903,1,1,1997,0,0,0,0,0,0,0,0,0,0
420903,2,1,1997,0,28,15,0,12,15,0,21,0,25
420904,1,1,1997,12,0,0,10,13,0,0,20,16,0
420904,2,1,1997,0,0,0,0,0,0,0,0,0,0
420905,1,1,1997,28,28,28,28,28,28,28,28,28,28
420906,1,1,1997,23,23,23,23,23,23,23,23,23,23
420907,0,1,1997,33,33,33,33,33,33,33,33,33,33
420907,1,1,1997,0,0,0,0,0,0,0,0,0,0
420907,2,1,1997,0,0,0,0,0,0,0,0,0,0
420908,1,1,1997,0,0,0,0,0,0,0,0,0,0
420908,2,1,1997,0,0,0,0,0,0,0,0,0,0
420909,1,1,1997,13,13,13,13,13,13,13,13,13,13
420910,1,1,1997,0,0,0,0,0,0,0,0,0,0
420910,2,1,1997,0,0,0,0,0,0,0,0,0,0
420911,1,1,1997,0,0,0,0,0,0,0,0,0,14
420911,2,1,1997,0,0,0,0,0,0,0,0,0,5
420912,1,1,1997,6,6,6,6,6,6,6,6,6,6
420912,2,1,1997,0,0,0,0,0,0,0,0,0,0
420913,1,1,1997,0,0,0,0,0,0,0,0,0,0
420914,1,1,1997,0,0,0,0,0,0,0,0,0,0
420914,2,1,1997,0,0,0,0,0,0,0,0,0,0
420915,1,1,1997,8,0,0,0,0,0,0,0,0,0
420916,1,1,1997,19,19,19,19,19,19,19,19,19,19
420916,2,1,1997,0,0,0,0,0,0,0,0,0,0
420917,1,1,1997,0,0,0,0,0,0,0,0,0,0
420917,2,1,1997,0,0,0,0,0,0,0,0,0,0
420918,0,1,1997,17,17,17,17,17,17,17,17,17,17
420918,1,1,1997,0,0,0,0,0,0,0,0,0,0
420919,1,1,1997,22,22,22,22,22,22,22,22,22,22
420920,1,1,1997,0,0,0,0,0,0,0,0,0,0
420920,2,1,1997,0,0,0,0,0,0,0,0,0,0
420921,0,1,1997,0,0,0,0,0,0,0,0,0,0
420921,1,1,1997,0,0,0,0,0,0,0,0,0,0
420922,0,1,1997,24,24,24,24,24,24,24,24,24,24
420922,1,1,1997,0,0,0,0,0,0,0,0,15,0
420923,1,1,1997,0,0,0,0,0,0,0,0,0,0
420923,2,1,1997,0,0,0,0,0,0,0,0,0,0
420924,1,1,1997,14,14,14,14,14,14,14,14,14,14
420924,2,1,1997,0,0,0,0,0,0,0,0,0,0
420925,1,1,1997,18,18,18,18,18,18,18,18,18,18
420925,2,1,1997,0,0,0,19,0,0,0,0,0,0
420926,1,1,1997,0,0,0,0,0,0,0,0,0,0
420926,2,1,1997,0,0,0,11,0,12,14,0,0,6
420927,1,1,1997,0,0,0,0,0,0,0,0,0,0
420928,1,1,1997,0,0,0,0,0,0,0,0,0,0
420928,2,1,1997,0,0,0,0,0,0,0,0,0,0
420929,1,1,1997,15,15,15,15,15,15,15,15,15,15
420929,2,1,1997,0,0,0,0,0,0,0,0,0,0
420930,1,1,1997,0,0,0,0,0,0,11,0,7,30
420930,2,1,1997,0,0,0,0,0,0,0,0,0,0
420931,1,1,1997,0,0,0,0,0,0,0,0,0,0
420931,2,1,1997,0,0,0,0,0,0,0,0,0,0
420932,1,1,1997,0,0,0,0,0,0,0,0,0,0
420932,2,1,1997,0,0,0,0,0,0,0,0,0,0
420933,1,1,1997,0,0,0,0,0,0,0,0,0,0
420933,2,1,1997,0,0,0,0,0,0,0,0,0,0
420933,3,1,1997,13,0,0,0,0,0,0,0,0,0
420934,1,1,1997,0,0,0,0,0,0,0,0,0,0
420935,1,1,1997,31,31,31,31,31,31,31,31,31,31
420935,2,1,1997,0,0,0,0,0,0,0,0,0,0
420937,1,1,1997,0,0,9,0,11,17,0,0,0,28
420937,2,1,1997,0,0,0,0,0,0,0,0,0,0
420938,1,1,1997,0,0,18,0,0,22,0,22,0,0
420939,1,1,1997,7,0,0,0,0,0,0,0,0,0
420939,2,1,1997,0,0,0,0,0,0,0,0,0,0
420940,1,1,1997,37,37,37,37,37,37,37,37,37,37
420941,1,1,1997,0,0,0,0,0,0,0,0,0,0
420942,0,1,1997,19,26,28,0,4,18,6,0,0,0
420942,1,1,1997,0,0,0,0,0,0,0,0,0,0
420943,1,1,1997,0,0,0,0,0,0,0,0,0,0
420944,1,1,1997,9,9,9,9,9,9,9,9,9,9
420945,1,1,1997,14,23,17,15,26,21,17,16,15,17
420946,1,1,1997,0,0,0,0,0,0,0,0,0,0
420946,2,1,1997,0,0,0,0,0,0,0,0,0,0
420947,1,1,1997,0,0,0,0,0,0,0,0,0,0
420947,2,1,1997,0,0,0,0,0,0,0,0,0,0
420948,1,1,1997,21,13,6,4,0,0,9,10,31,9
420949,0,1,1997,32,32,32,32,32,32,32,32,32,32
420949,1,1,1997,0,13,0,0,0,22,20,22,0,0
420950,1,1,1997,16,16,16,16,16,16,16,16,16,16
420951,1,1,1997,0,5,0,0,0,0,16,0,0,0
420952,0,1,1997,0,0,0,0,0,0,0,0,0,0
420952,1,1,1997,0,0,0,0,0,0,0,0,0,0
420953,1,1,1997,0,0,0,0,0,0,0,0,0,0
420953,2,1,1997,0,0,0,0,0,0,0,0,0,0
420954,1,1,1997,19,19,19,19,19,19,19,19,19,19
420954,2,1,1997,0,0,0,0,0,0,0,0,0,0
420955,1,1,1997,20,20,20,20,20,20,20,20,20,20
420956,1,1,1997,17,11,8,10,14,16,19,27,26,19
420957,1,1,1997,0,0,0,0,0,0,0,0,0,0
420957,2,1,1997,0,0,0,0,0,0,0,0,0,0
420957,3,1,1997,0,0,0,0,11,0,0,0,0,0
420958,1,1,1997,12,20,13,6,5,10,0,15,13,16
420958,2,1,1997,0,0,4,0,0,0,0,0,0,0
420959,1,1,1997,18,18,18,18,18,18,18,18,18,18
420959,2,1,1997,0,0,0,0,0,0,0,0,0,0
420960,1,1,1997,0,0,0,0,0,0,0,0,0,0
420960,2,1,1997,0,0,0,0,0,0,0,5,0,0
420960,3,1,1997,0,0,0,0,0,0,0,0,0,0
420961,1,1,1997,10,10,10,10,10,10,10,10,10,10
420962,1,1,1997,0,0,0,0,0,0,14,0,0,0
420963,1,1,1997,18,18,18,18,18,18,18,18,18,18
420964,1,1,1997,18,18,18,18,18,18,18,18,18,18
420965,1,1,1997,0,0,0,0,0,0,0,0,0,0
420966,1,1,1997,0,0,0,0,0,0,0,0,0,0
420967,1,1,1997,0,0,0,0,0,0,0,0,0,0
420968,1,1,1997,30,30,30,30,30,30,30,30,30,30
420969,1,1,1997,25,25,25,25,25,25,25,25,25,25
420969,2,1,1997,0,0,0,0,0,0,0,0,0,0
420970,1,1,1997,23,23,23,23,23,23,23,23,23,23
420971,1,1,1997,6,5,0,14,0,9,3,16,15,10
420971,2,1,1997,17,0,15,27,7,7,14,2,9,0
420972,1,1,1997,0,0,0,0,0,0,0,0,0,0
420972,2,1,1997,0,0,0,0,0,0,0,0,0,0
420973,1,1,1997,0,0,0,0,0,0,0,0,0,0
420973,2,1,1997,0,0,0,0,0,0,0,0,0,0
420974,1,1,1997,18,18,18,18,18,18,18,18,18,18
420975,1,1,1997,0,0,0,0,0,0,0,0,0,0
420976,1,1,1997,0,0,6,13,0,0,0,0,0,18
420976,2,1,1997,0,0,0,0,0,0,0,0,0,0
420976,3,1,1997,0,0,0,0,0,0,0,0,0,0
420977,1,1,1997,0,0,0,0,4,0,6,0,0,0
420978,1,1,1997,0,0,0,0,0,0,0,0,0,0
420978,2,1,1997,0,0,0,0,0,0,0,0,0,0
420979,1,1,1997,25,25,25,25,25,25,25,25,25,25
420979,2,1,1997,0,0,0,0,0,18,0,0,0,0
420980,1,1,1997,0,0,0,0,0,0,0,0,0,0
420980,2,1,1997,0,0,0,0,0,0,0,0,0,0
420980,3,1,1997,0,0,0,0,0,0,0,0,0,0
420981,1,1,1997,0,0,0,0,0,0,0,0,0,0
420982,1,1,1997,7,7,7,7,7,7,7,7,7,7
420982,2,1,1997,18,18,18,18,18,18,18,18,18,18
420982,3,1,1997,0,0,0,0,26,0,0,0,0,0
420983,1,1,1997,18,18,18,18,18,18,18,18,18,18
420983,2,1,1997,0,0,0,0,0,0,0,0,0,0
420984,1,1,1997,0,0,0,0,0,0,0,0,0,0
420984,2,1,1997,0,18,0,0,9,0,0,0,0,0
420985,1,1,1997,0,0,0,0,0,0,0,0,0,0
420986,1,1,1997,0,0,0,0,0,0,0,0,0,0
420986,2,1,1997,0,0,0,0,0,0,0,0,0,0
420987,1,1,1997,0,0,0,0,0,0,0,0,0,0
420987,2,1,1997,0,0,0,16,0,0,0,0,0,0
420988,1,1,1997,0,0,0,0,0,0,0,0,0,0
420988,2,1,1997,16,16,16,16,16,16,16,16,16,16
420989,1,1,1997,26,26,26,26,26,26,26,26,26,26
420989,2,1,1997,0,0,0,0,0,0,0,0,0,0
420990,1,1,1997,0,0,0,0,0,0,0,0,0,0
420990,2,1,1997,0,0,0,0,0,0,0,0,0,0
420990,3,1,1997,0,0,0,0,0,0,0,6,0,0
420991,1,1,1997,15,15,15,15,15,15,15,15,15,15
420992,1,1,1997,4,4,4,4,4,4,4,4,4,4
420993,1,1,1997,0,0,0,0,0,0,0,0,0,0
420993,2,1,1997,0,0,0,0,0,0,0,0,0,0
420994,1,1,1997,30,0,30,21,23,29,24,22,38,19
420995,0,1,1997,29,29,29,29,29,29,29,29,29,29
420995,1,1,1997,0,0,0,0,0,0,0,0,0,0
420996,1,1,1997,15,15,15,15,15,15,15,15,15,15
420997,1,1,1997,0,0,0,0,0,0,0,0,0,0
420997,2,1,1997,3,0,0,0,0,0,0,0,0,0
420998,0,1,1997,0,0,0,0,0,0,0,0,0,0
420998,1,1,1997,0,0,0,0,0,0,0,0,0,0
420999,0,1,1997,21,21,21,21,21,21,21,21,21,21
420999,1,1,1997,0,0,0,0,0,0,0,0,0,0
421000,1,1,1997,0,0,0,0,0,0,0,0,0,0
421001,1,1,1997,0,0,0,0,0,0,0,0,0,0
421002,1,1,1997,21,21,21,21,21,21,21,21,21,21
421003,1,1,1997,0,0,11,0,0,0,0,0,0,0
421003,2,1,1997,0,0,0,0,0,0,0,0,0,0
421004,1,1,1997,0,0,0,0,0,0,0,0,0,0
421004,2,1,1997,12,12,12,12,12,12,12,12,12,12
421004,3,1,1997,0,0,0,0,0,0,0,0,0,0
421005,1,1,1997,14,14,14,14,14,14,14,14,14,14
421005,2,1,1997,0,0,0,0,0,0,0,0,0,0
421006,0,1,1997,29,29,29,29,29,29,29,29,29,29
421006,1,1,1997,0,0,0,0,0,0,0,0,0,0
421007,1,1,1997,0,0,0,0,0,0,0,0,0,0
421007,2,1,1997,0,0,0,0,0,0,0,0,0,0
421008,1,1,1997,0,0,0,0,0,0,0,0,0,15
421008,2,1,1997,0,0,0,0,0,0,0,0,0,0
421009,0,1,1997,0,0,0,0,0,0,0,0,0,0
421009,1,1,1997,0,0,0,0,0,0,0,0,0,0
421010,1,1,1997,16,0,0,0,0,0,0,0,0,0
421010,2,1,1997,0,0,0,0,0,0,0,0,0,0
421011,1,1,1997,0,0,0,0,0,0,0,0,0,0
421012,1,1,1997,14,14,14,14,14,14,14,14,14,14
421012,2,1,1997,0,0,0,0,0,0,0,0,0,0
421013,1,1,1997,0,0,0,0,0,0,0,0,0,0
421014,1,1,1997,0,0,0,0,0,0,0,0,0,0
421014,2,1,1997,0,0,0,0,0,0,0,0,0,0
421015,1,1,1997,0,0,0,0,0,7,0,0,0,0
421015,2,1,1997,0,0,0,0,0,0,0,0,0,0
421016,1,1,1997,16,16,16,16,16,16,16,16,16,16
421017,0,1,1997,0,0,0,0,0,0,0,0,0,0
421017,1,1,1997,0,0,0,0,0,0,0,0,0,0
421018,1,1,1997,0,0,0,0,0,0,0,0,0,0
421019,1,1,1997,0,0,0,0,0,8,0,8,0,0
421019,2,1,1997,0,0,0,0,0,0,0,0,0,0
421020,1,1,1997,0,0,0,0,0,0,0,0,0,0
421020,2,1,1997,0,0,0,0,0,0,0,0,0,0
421021,1,1,1997,0,0,0,0,0,0,0,0,0,0
421022,1,1,1997,27,27,27,27,27,27,27,27,27,27
421023,1,1,1997,19,19,19,19,19,19,19,19,19,19
421024,1,1,1997,0,0,0,0,0,0,0,0,0,0
421025,1,1,1997,22,22,22,22,22,22,22,22,22,22
421026,1,1,1997,15,15,15,15,15,15,15,15,15,15
421026,2,1,1997,0,0,0,0,0,0,0,0,0,0
421027,1,1,1997,0,0,0,0,0,0,0,0,0,0
421027,2,1,1997,0,0,0,0,0,0,0,0,0,0
421028,1,1,1997,30,30,30,30,30,30,30,30,30,30
421029,1,1,1997,21,21,21,21,21,21,21,21,21,21
421029,2,1,1997,3,3,3,3,3,3,3,3,3,3
421030,1,1,1997,17,17,17,17,17,17,17,17,17,17
421031,1,1,1997,0,0,0,0,0,0,0,0,0,0
421031,2,1,1997,19,19,19,19,19,19,19,19,19,19
421031,3,1,1997,0,0,0,0,0,0,0,0,0,0
421032,1,1,1997,0,0,0,0,9,0,0,0,0,0
421032,2,1,1997,0,0,0,0,0,0,0,0,0,0
421032,3,1,1997,0,0,0,0,0,0,0,0,0,0
421033,1,1,1997,0,0,0,17,0,0,0,0,0,0
421034,1,1,1997,16,16,16,16,16,16,16,16,16,16
421035,1,1,1997,0,0,0,0,0,0,0,7,0,0
421036,1,1,1997,0,15,13,0,24,0,16,18,28,0
421037,1,1,1997,22,22,22,22,22,22,22,22,22,22
421038,1,1,1997,11,11,11,11,11,11,11,11,11,11
421039,1,1,1997,0,0,0,0,0,0,0,0,0,0
421039,2,1,1997,0,0,0,0,0,0,0,0,0,0
421040,1,1,1997,29,29,29,29,29,29,29,29,29,29
421041,1,1,1997,0,0,0,0,0,0,0,0,0,0
421041,2,1,1997,25,0,16,0,16,0,0,0,0,0
421042,1,1,1997,26,26,26,26,26,26,26,26,26,26
421043,1,1,1997,13,13,13,13,13,13,13,13,13,13
421043,2,1,1997,0,0,9,0,0,0,0,0,0,0
421044,1,1,1997,0,0,0,0,0,0,0,0,0,0
421044,2,1,1997,0,0,0,0,0,0,0,0,0,0
421045,1,1,1997,0,0,0,0,0,0,0,0,0,0
421045,2,1,1997,0,0,0,0,0,0,0,0,0,0
421046,1,1,1997,0,0,0,0,0,0,0,0,0,0
421047,1,1,1997,0,0,0,0,0,0,0,0,0,0
421047,2,1,1997,7,0,0,0,0,0,0,0,0,0
421048,1,1,1997,0,0,40,0,8,0,0,0,0,0
421048,2,1,1997,0,0,0,0,0,0,0,0,0,0
421049,1,1,1997,0,0,0,0,0,0,0,0,0,0
421049,2,1,1997,0,0,0,0,0,0,0,0,0,1
421049,3,1,1997,0,0,0,0,0,0,0,0,0,0
421050,1,1,1997,19,19,19,19,19,19,19,19,19,19
421051,1,1,1997,0,0,0,0,0,0,0,0,0,0
421051,2,1,1997,0,0,0,0,0,0,0,0,0,10
421051,3,1,1997,0,9,0,0,0,0,0,0,0,0
421052,1,1,1997,0,14,4,0,9,8,0,0,11,0
421052,2,1,1997,0,0,0,0,0,0,0,0,0,0
421053,1,1,1997,0,16,0,8,21,0,19,0,0,11
421055,1,1,1997,0,0,0,0,0,0,0,0,0,0
421055,2,1,1997,0,0,0,0,0,0,0,0,0,0
421056,1,1,1997,0,0,0,0,0,0,0,0,0,0
421056,2,1,1997,0,0,0,0,0,0,0,0,0,0
421057,0,1,1997,0,0,0,0,0,32,0,0,0,0
421057,1,1,1997,0,0,0,0,0,0,0,0,0,0
421058,1,1,1997,0,0,0,0,0,0,0,0,0,0
421059,1,1,1997,0,0,0,0,19,0,0,0,16,0
421059,2,1,1997,0,0,0,0,0,0,0,0,0,0
421060,0,1,1997,0,0,0,0,0,0,0,0,0,0
421060,1,1,1997,0,0,0,0,0,0,0,0,0,0
421062,1,1,1997,34,34,34,34,34,34,34,34,34,34
421063,1,1,1997,0,0,0,0,0,0,0,0,0,0
421063,2,1,1997,0,0,0,0,0,0,0,0,0,0
421064,1,1,1997,0,0,0,0,0,0,0,0,0,0
421064,2,1,1997,0,0,0,0,0,0,0,0,0,0
421065,1,1,1997,0,0,0,0,0,0,0,0,0,0
421065,2,1,1997,0,0,0,0,0,0,0,0,0,0
421066,1,1,1997,0,0,0,0,0,0,0,0,0,0
421066,2,1,1997,0,0,0,0,0,0,0,0,0,0
421067,1,1,1997,0,0,0,0,0,0,0,0,0,0
421068,1,1,1997,0,11,40,11,20,17,34,10,32,10
421069,0,1,1997,0,0,0,0,0,0,0,0,0,0
421069,1,1,1997,0,12,0,0,0,0,0,0,0,0
421070,1,1,1997,0,0,0,0,0,0,0,0,0,0
421071,1,1,1997,29,21,21,17,24,7,4,20,22,9
421071,2,1,1997,0,0,0,0,0,0,0,0,0,0
421072,1,1,1997,0,0,0,0,0,0,0,0,0,0
421072,2,1,1997,0,0,0,0,6,0,5,0,0,0
421073,1,1,1997,0,0,0,0,0,0,0,0,0,0
421073,2,1,1997,0,0,0,0,0,0,0,0,0,0
421074,1,1,1997,0,0,0,0,0,0,0,0,0,0
421074,2,1,1997,0,0,0,0,0,0,0,0,0,2
421074,3,1,1997,0,14,0,0,0,0,0,0,0,0
421075,1,1,1997,0,0,0,0,0,0,0,0,0,0
421075,2,1,1997,0,0,15,0,11,0,0,0,0,0
421075,3,1,1997,24,0,0,0,6,0,0,0,11,0
421076,0,1,1997,0,0,0,16,0,0,0,20,10,0
421076,1,1,1997,0,0,0,0,0,0,0,0,0,0
421077,1,1,1997,0,0,0,0,0,0,0,0,0,0
421078,1,1,1997,0,0,0,0,0,0,0,0,0,0
421078,2,1,1997,0,0,0,0,0,10,0,2,0,0
421079,1,1,1997,23,23,23,23,23,23,23,23,23,23
421080,1,1,1997,11,11,11,11,11,11,11,11,11,11
421081,1,1,1997,0,0,0,0,0,0,0,0,0,0
421082,1,1,1997,0,0,0,0,0,0,0,0,0,0
421082,2,1,1997,0,0,0,0,0,0,0,0,0,0
421082,3,1,1997,0,0,0,0,0,0,0,0,0,0
421082,4,1,1997,0,0,0,0,0,0,0,0,0,0
421083,1,1,1997,0,0,0,0,0,0,0,0,0,0
421083,2,1,1997,0,0,0,0,0,0,0,0,0,0
421084,1,1,1997,31,31,31,31,31,31,31,31,31,31
421085,1,1,1997,22,14,6,0,9,24,16,24,8,17
421085,2,1,1997,0,0,0,0,0,0,0,0,0,0
421086,0,1,1997,0,0,0,0,0,0,0,0,0,0
421086,1,1,1997,0,0,0,0,0,0,0,0,0,0
421087,1,1,1997,18,8,16,18,0,0,0,12,0,0
421088,0,1,1997,0,0,0,0,0,0,0,0,0,0
421088,1,1,1997,0,0,0,0,0,0,0,0,0,0
421089,0,1,1997,38,0,41,0,20,0,0,16,0,0
421089,1,1,1997,0,0,0,0,0,0,0,0,0,0
421090,1,1,1997,0,32,16,0,0,0,0,0,0,0
421091,1,1,1997,0,0,0,0,0,0,0,0,0,0
421091,2,1,1997,0,0,0,0,0,0,0,0,0,0
421092,1,1,1997,0,0,0,0,0,0,0,0,0,0
421092,2,1,1997,0,0,0,0,0,0,0,0,0,0
421093,1,1,1997,0,0,0,0,0,0,0,0,0,0
421093,2,1,1997,7,21,11,10,11,12,12,7,4,12
421094,1,1,1997,0,0,0,0,0,0,0,0,0,0
421095,1,1,1997,0,18,0,0,0,19,0,20,26,7
421096,1,1,1997,0,0,0,0,0,0,0,0,0,0
421097,1,1,1997,0,0,0,0,0,0,0,0,0,0
421097,2,1,1997,0,0,0,21,0,0,0,21,0,8
421098,1,1,1997,27,27,27,27,27,27,27,27,27,27
421099,1,1,1997,0,0,0,0,0,0,0,0,0,0
421099,2,1,1997,7,0,0,0,0,0,0,0,0,0
421100,1,1,1997,14,14,14,14,14,14,14,14,14,14
421101,1,1,1997,0,0,0,0,0,0,0,0,0,0
421101,2,1,1997,0,0,0,0,0,0,0,0,0,0
421102,1,1,1997,18,18,18,18,18,18,18,18,18,18
421103,1,1,1997,0,0,0,0,0,0,0,0,0,0
421104,0,1,1997,0,0,0,0,0,0,0,0,0,0
421104,1,1,1997,0,0,0,0,0,0,0,0,0,0
421105,1,1,1997,0,0,0,0,0,0,0,0,0,0
421105,2,1,1997,0,0,0,0,0,0,0,0,0,0
421106,1,1,1997,0,0,0,0,0,0,0,0,0,5
421106,2,1,1997,0,0,0,0,0,0,0,0,0,0
421107,1,1,1997,0,0,0,0,0,0,0,0,0,0
421107,2,1,1997,0,0,0,13,4,0,0,0,0,0
421108,1,1,1997,19,0,0,0,0,10,0,0,0,34
421109,1,1,1997,0,0,0,0,0,0,0,0,0,0
421109,2,1,1997,0,0,0,0,0,0,0,0,0,0
421109,3,1,1997,0,0,0,0,0,0,0,0,0,0
421110,1,1,1997,0,0,0,0,0,0,0,0,0,0