ST_CASE,VEH_NO,PER_NO,YEAR,P1,P2,P3,P4,P5,P6,P7,P8,P9,P10
421110,2,1,1997,0,0,0,0,0,0,0,0,0,0
421111,1,1,1997,0,0,30,0,0,0,0,16,0,0
421112,1,1,1997,0,0,0,0,0,0,0,0,0,0
421112,2,1,1997,0,0,0,0,0,0,0,0,0,0
421113,1,1,1997,0,10,0,27,0,0,0,0,0,0
421113,2,1,1997,0,0,0,0,0,0,0,0,0,0
421114,1,1,1997,0,0,0,0,0,0,0,0,0,0
421114,2,1,1997,0,0,0,0,0,0,0,0,0,0
421115,1,1,1997,0,0,0,0,0,0,0,0,0,0
421115,2,1,1997,19,0,0,17,10,0,36,0,0,0
421115,3,1,1997,26,26,26,26,26,26,26,26,26,26
421116,1,1,1997,22,22,22,22,22,22,22,22,22,22
421117,0,1,1997,0,0,0,0,0,0,0,0,0,0
421117,1,1,1997,0,0,0,0,0,0,0,0,0,0
421118,0,1,1997,0,0,0,0,0,0,0,0,0,0
421118,1,1,1997,0,0,0,0,0,0,0,0,0,0
421119,0,1,1997,24,24,24,24,24,24,24,24,24,24
421119,1,1,1997,0,0,0,0,0,0,0,0,0,6
421120,1,1,1997,14,14,14,14,14,14,14,14,14,14
421121,1,1,1997,0,0,0,0,0,0,0,0,0,0
421122,1,1,1997,16,16,16,16,16,16,16,16,16,16
421123,1,1,1997,0,0,0,0,9,0,8,0,0,13
421123,2,1,1997,0,0,0,16,0,0,0,7,0,0
421124,1,1,1997,0,0,0,0,0,0,0,0,0,0
421125,1,1,1997,0,0,0,0,0,0,0,0,0,0
421125,2,1,1997,0,0,0,0,0,0,0,0,0,0
421126,1,1,1997,26,26,26,26,26,26,26,26,26,26
421127,1,1,1997,0,0,0,0,0,0,0,0,0,0
421127,2,1,1997,0,0,0,0,0,0,0,0,0,0
421128,1,1,1997,0,0,0,0,0,0,0,0,0,0
421128,2,1,1997,0,0,0,0,0,0,0,0,0,0
421129,1,1,1997,0,0,0,0,0,0,0,0,0,0
421130,1,1,1997,0,0,0,0,0,0,0,0,0,0
421130,2,1,1997,0,0,0,0,0,0,0,0,0,0
421131,0,1,1997,35,35,35,35,35,35,35,35,35,35
421131,1,1,1997,0,0,9,0,0,0,0,0,0,0
421132,1,1,1997,18,0,24,30,17,17,7,18,15,7
421133,1,1,1997,10,7,0,0,0,0,11,16,0,0
421133,2,1,1997,0,0,0,0,0,0,0,0,0,0
421133,3,1,1997,0,0,0,0,0,0,0,0,0,0
421134,1,1,1997,29,29,29,29,29,29,29,29,29,29
421134,2,1,1997,0,0,0,0,0,0,0,0,0,0
421135,1,1,1997,0,0,0,0,0,0,0,0,0,0
421135,2,1,1997,0,0,0,0,0,0,0,0,0,0
421136,0,1,1997,0,0,0,14,6,0,3,10,24,10
421136,1,1,1997,0,0,0,0,15,0,21,0,9,0
421137,1,1,1997,0,0,0,0,0,0,0,0,0,0
421137,2,1,1997,0,0,0,0,0,0,0,0,0,0
421138,1,1,1997,20,20,20,20,20,20,20,20,20,20
421139,1,1,1997,0,0,0,0,0,0,0,0,0,0
421139,2,1,1997,0,0,0,0,0,0,0,11,0,0
421139,3,1,1997,0,0,0,0,0,0,0,0,13,0
421140,1,1,1997,0,0,0,0,0,0,0,0,0,0
421140,2,1,1997,0,0,0,0,0,0,0,0,0,0
421141,1,1,1997,18,18,18,18,18,18,18,18,18,18
421142,1,1,1997,0,0,0,0,0,0,0,0,0,0
421142,2,1,1997,0,0,0,0,0,0,0,0,0,9
421143,1,1,1997,22,22,22,22,22,22,22,22,22,22
421143,2,1,1997,0,0,0,0,0,0,0,0,0,0
421144,1,1,1997,0,0,0,0,12,0,0,0,0,0
421144,2,1,1997,0,0,0,0,0,0,0,0,0,0
421144,3,1,1997,0,0,0,0,0,0,0,0,0,0
421145,1,1,1997,0,0,0,0,0,0,0,0,0,0
421146,0,1,1997,0,0,0,0,0,0,0,0,0,0
421146,1,1,1997,0,0,0,0,0,0,0,0,0,0
421147,1,1,1997,0,0,0,0,0,0,0,0,0,0
421147,2,1,1997,0,0,0,0,0,0,0,0,0,0
421148,1,1,1997,4,4,4,4,4,4,4,4,4,4
421149,1,1,1997,15,15,15,15,15,15,15,15,15,15
421150,0,1,1997,26,26,26,26,26,26,26,26,26,26
421150,1,1,1997,9,5,12,26,5,7,23,15,7,9
421151,1,1,1997,20,0,15,13,25,15,19,0,0,10
421152,1,1,1997,0,5,0,0,0,0,0,0,0,0
421153,1,1,1997,27,27,27,27,27,27,27,27,27,27
421154,1,1,1997,0,0,0,0,0,0,0,0,0,0
421154,2,1,1997,0,0,0,0,0,0,0,0,0,0
421155,1,1,1997,0,0,0,0,0,0,0,0,0,0
421155,2,1,1997,0,0,15,0,0,0,0,0,0,0
421155,3,1,1997,0,0,0,0,0,0,0,0,0,0
421156,1,1,1997,10,10,10,10,10,10,10,10,10,10
421157,0,1,1997,0,0,0,0,0,0,0,0,0,0
421157,1,1,1997,0,0,0,0,0,0,0,0,0,0
421158,1,1,1997,20,20,20,20,20,20,20,20,20,20
421159,1,1,1997,0,8,26,0,8,20,10,11,16,0
421160,0,1,1997,0,0,0,0,0,0,0,0,0,0
421160,1,1,1997,0,0,0,0,0,6,0,0,30,6
421161,0,1,1997,0,0,0,0,0,0,0,0,0,0
421161,1,1,1997,0,0,0,0,0,0,0,0,0,0
421162,1,1,1997,0,24,23,0,0,0,0,0,0,14
421163,1,1,1997,0,0,0,0,0,0,0,0,0,0
421163,2,1,1997,0,0,0,0,0,0,0,0,0,0
421164,1,1,1997,0,0,0,0,0,0,0,0,0,0
421164,2,1,1997,0,0,0,0,0,0,0,0,0,0
421165,1,1,1997,0,0,0,0,0,0,0,0,0,0
421166,1,1,1997,0,0,0,0,0,0,0,0,0,0
421166,2,1,1997,0,0,0,0,0,0,0,0,0,0
421167,0,1,1997,0,0,0,0,0,0,0,0,0,0
421167,1,1,1997,0,0,22,0,0,0,0,0,0,0
421168,1,1,1997,0,0,0,0,0,0,0,0,0,0
421168,2,1,1997,0,0,0,0,0,0,0,0,0,0
421169,1,1,1997,21,21,21,21,21,21,21,21,21,21
421169,2,1,1997,0,0,0,0,0,0,0,0,0,0
421170,1,1,1997,0,0,0,0,0,0,0,0,0,0
421171,1,1,1997,0,0,0,11,0,0,0,0,0,11
421171,2,1,1997,0,0,0,0,0,0,0,0,0,0
421172,1,1,1997,0,0,0,0,0,0,0,0,0,0
421172,2,1,1997,0,0,0,0,0,0,0,0,0,0
421173,1,1,1997,0,0,0,0,0,0,0,0,0,0
421174,1,1,1997,0,0,0,0,0,0,0,0,0,0
421174,2,1,1997,0,0,0,0,0,0,0,0,0,0
421175,1,1,1997,0,0,0,0,0,0,0,0,0,0
421176,1,1,1997,25,25,25,25,25,25,25,25,25,25
421176,2,1,1997,0,0,0,0,0,0,0,0,0,0
421177,1,1,1997,15,15,15,15,15,15,15,15,15,15
421178,1,1,1997,0,0,0,0,0,0,0,0,0,0
421178,2,1,1997,0,0,0,0,0,0,0,0,0,0
421179,1,1,1997,0,0,0,0,0,0,0,0,0,0
421179,2,1,1997,0,0,0,0,0,0,0,0,0,0
421180,1,1,1997,0,0,0,0,0,0,0,0,0,0
421180,2,1,1997,10,0,0,16,31,0,0,16,18,12
421181,1,1,1997,0,0,0,0,0,0,0,0,0,0
421182,0,1,1997,0,0,0,0,0,0,0,0,0,0
421182,1,1,1997,0,0,0,0,0,0,0,0,0,0
421183,0,1,1997,39,39,39,39,39,39,39,39,39,39
421183,1,1,1997,0,0,0,0,0,0,0,0,0,0
421184,1,1,1997,0,0,0,0,0,0,0,0,0,0
421185,0,1,1997,0,0,0,0,0,0,0,0,0,0
421185,0,2,1997,0,0,0,0,22,20,12,0,0,0
421185,1,1,1997,0,0,0,0,0,0,0,0,0,0
421186,1,1,1997,0,0,0,21,4,0,0,0,0,0
421186,2,1,1997,0,0,0,0,0,0,0,0,0,9
421187,1,1,1997,0,0,0,0,0,0,0,0,0,0
421187,2,1,1997,0,0,0,0,0,0,0,0,0,0
421188,1,1,1997,0,0,0,0,0,0,0,0,0,0
421190,0,1,1997,15,21,15,0,26,14,0,42,10,42
421190,1,1,1997,0,0,0,0,0,0,0,0,0,0
421190,2,1,1997,6,0,20,0,10,0,3,0,0,23
421191,1,1,1997,2,16,9,8,20,5,0,5,16,0
421191,2,1,1997,3,3,3,3,3,3,3,3,3,3
421192,1,1,1997,22,22,22,22,22,22,22,22,22,22
421192,2,1,1997,0,0,0,0,0,0,0,0,0,0
421192,3,1,1997,0,0,0,0,0,0,0,0,0,0
421193,0,1,1997,0,0,0,0,0,0,0,0,0,0
421193,1,1,1997,0,0,0,0,0,0,0,0,0,0
421194,1,1,1997,18,18,18,18,18,18,18,18,18,18
421195,1,1,1997,0,0,0,0,0,0,0,0,0,0
421196,1,1,1997,0,0,0,0,0,0,0,0,0,0
421196,2,1,1997,0,0,0,0,11,0,0,25,15,0
421196,3,1,1997,6,0,16,12,19,0,9,11,14,10
421197,0,1,1997,0,0,0,0,0,0,0,0,0,0
421197,1,1,1997,0,0,0,0,0,0,0,0,0,0
421198,0,1,1997,0,0,0,0,0,0,0,0,0,0
421198,1,1,1997,0,0,0,0,0,0,0,0,0,0
421199,0,1,1997,22,22,22,22,22,22,22,22,22,22
421199,1,1,1997,10,10,10,10,10,10,10,10,10,10
421200,1,1,1997,16,0,43,18,10,12,22,7,29,16
421200,2,1,1997,0,0,0,0,0,0,0,0,0,0
421201,1,1,1997,0,0,0,0,0,0,0,0,0,15
421201,2,1,1997,0,0,0,0,0,0,0,0,0,0
421202,1,1,1997,0,0,11,0,0,0,0,0,0,0
421203,0,1,1997,0,0,0,0,0,0,0,0,0,0
421203,1,1,1997,0,0,0,0,0,0,0,0,0,0
421204,0,1,1997,0,18,0,10,38,28,3,24,11,12
421204,1,1,1997,25,25,25,25,25,25,25,25,25,25
421205,0,1,1997,0,0,0,0,0,0,0,0,0,0
421205,1,1,1997,2,0,0,0,0,0,0,11,0,0
421206,0,1,1997,14,0,0,0,0,13,0,29,0,0
421206,1,1,1997,5,13,15,8,19,7,17,0,17,22
421206,2,1,1997,0,0,0,0,0,0,0,0,0,0
421207,1,1,1997,16,16,16,16,16,16,16,16,16,16
421208,1,1,1997,0,0,0,0,0,9,0,0,0,0
421208,2,1,1997,38,9,0,11,20,16,28,0,14,33
421209,0,1,1997,13,0,0,12,21,0,0,0,13,0
421209,1,1,1997,20,0,0,0,0,0,0,0,0,0
421210,1,1,1997,0,0,0,0,0,0,0,0,0,0
421210,2,1,1997,0,0,0,0,0,0,0,0,0,0
421211,1,1,1997,0,0,0,0,0,0,0,0,0,0
421211,2,1,1997,0,0,0,0,0,0,0,0,0,0
421212,1,1,1997,0,0,0,0,0,0,20,0,0,0
421212,2,1,1997,0,0,0,0,0,0,0,0,0,0
421213,1,1,1997,0,0,0,0,0,0,0,0,0,0
421213,2,1,1997,0,0,0,0,11,0,0,0,0,0
421214,1,1,1997,0,0,0,0,0,0,0,0,0,0
421214,2,1,1997,22,0,0,2,0,0,0,0,0,0
421215,1,1,1997,0,0,0,0,0,0,0,0,0,0
421216,1,1,1997,0,0,0,0,0,0,0,0,0,0
421216,2,1,1997,0,0,0,0,0,0,0,0,0,0
421217,1,1,1997,0,0,0,0,0,0,0,0,0,0
421217,2,1,1997,0,0,0,0,0,3,0,0,0,0
421218,1,1,1997,0,0,0,0,0,0,0,0,0,0
421219,1,1,1997,18,18,14,0,0,0,0,16,0,17
421219,2,1,1997,0,0,0,0,8,0,0,0,15,0
421219,3,1,1997,13,0,0,18,3,0,20,0,12,0
421220,0,1,1997,0,0,0,0,0,0,0,0,0,0
421220,1,1,1997,0,0,0,0,0,0,0,14,0,0
421221,0,1,1997,0,0,0,0,0,0,0,0,0,0
421221,1,1,1997,0,0,0,0,0,22,0,0,0,0
421221,2,1,1997,0,0,0,0,0,0,0,0,0,0
421222,0,1,1997,0,0,0,22,0,0,13,0,0,0
421222,1,1,1997,0,0,0,0,0,0,0,0,0,0
421223,1,1,1997,0,0,0,0,0,0,0,0,0,0
421224,1,1,1997,0,0,0,0,0,0,0,0,0,0
421225,1,1,1997,0,0,0,0,0,0,0,0,0,0
421225,2,1,1997,0,0,0,0,0,0,0,0,0,0
421226,0,1,1997,0,0,0,0,0,0,0,0,0,0
421226,1,1,1997,0,0,0,0,0,0,0,0,0,5
421227,1,1,1997,39,15,15,37,21,13,26,19,17,24
421228,1,1,1997,0,0,0,0,0,0,0,0,0,0
421228,2,1,1997,0,0,0,0,0,0,0,0,0,0
421228,3,1,1997,0,0,0,0,0,0,0,0,0,0
421229,1,1,1997,0,0,0,0,0,37,23,0,0,0
421230,0,1,1997,6,8,7,0,29,0,7,0,0,20
421230,1,1,1997,0,0,0,0,14,0,0,0,0,0
421231,1,1,1997,13,0,7,10,8,12,16,16,0,12
421232,1,1,1997,26,26,26,26,26,26,26,26,26,26
421232,2,1,1997,0,0,6,0,0,19,0,0,0,23
421233,1,1,1997,0,0,0,0,0,0,0,0,0,0
421233,2,1,1997,0,0,0,0,0,0,0,0,0,0
421234,0,1,1997,0,0,0,0,0,0,0,0,0,0
421234,1,1,1997,0,0,0,0,0,0,0,0,0,0
421235,1,1,1997,15,15,15,15,15,15,15,15,15,15
421236,1,1,1997,15,15,15,15,15,15,15,15,15,15
421237,1,1,1997,25,9,18,0,27,7,0,0,41,17
421238,1,1,1997,0,0,0,0,0,0,0,0,0,22
421238,2,1,1997,0,0,0,0,0,0,0,0,0,0
421239,1,1,1997,22,22,22,22,22,22,22,22,22,22
421240,1,1,1997,10,14,16,20,10,24,0,7,17,27
421241,1,1,1997,0,0,0,0,0,0,0,0,0,0
421241,2,1,1997,0,0,0,0,0,0,0,0,0,0
421241,3,1,1997,0,0,0,0,0,0,0,0,0,0
421242,1,1,1997,0,0,0,0,0,0,0,0,0,0
421242,2,1,1997,0,0,0,0,0,0,0,0,0,0
421243,0,1,1997,0,0,0,0,0,0,0,4,0,0
421243,1,1,1997,0,0,0,0,0,0,0,0,0,0
421244,1,1,1997,0,0,0,0,8,0,0,0,0,0
421244,2,1,1997,0,0,0,0,0,0,0,0,0,0
421245,1,1,1997,0,0,0,0,0,0,0,0,0,0
421245,2,1,1997,0,0,0,0,0,0,0,0,0,0
421246,1,1,1997,0,0,0,0,0,0,0,0,0,0
421247,1,1,1997,16,16,16,16,16,16,16,16,16,16
421248,1,1,1997,17,0,0,0,15,0,0,0,4,0
421248,2,1,1997,5,0,0,0,0,0,0,0,0,0
421249,0,1,1997,0,0,0,0,0,0,0,0,0,0
421249,1,1,1997,0,0,0,0,0,0,0,0,0,0
421250,1,1,1997,0,0,0,0,0,0,0,0,0,0
421250,2,1,1997,9,0,0,0,0,0,0,0,0,0
421251,1,1,1997,0,0,0,0,0,0,0,0,0,0
421251,2,1,1997,0,0,0,0,0,0,0,0,0,0
421252,1,1,1997,15,15,15,15,15,15,15,15,15,15
421253,1,1,1997,14,19,10,11,14,16,14,16,5,21
421254,1,1,1997,0,0,0,0,0,0,0,0,0,0
421254,2,1,1997,8,0,0,0,0,0,13,0,0,0
421255,1,1,1997,0,0,0,0,0,0,0,0,0,0
421255,2,1,1997,0,0,0,0,0,0,0,0,0,0
421256,1,1,1997,0,0,0,0,0,0,0,0,0,0
421256,2,1,1997,0,0,0,0,0,0,0,0,0,0
421257,1,1,1997,0,0,0,0,0,0,0,0,0,0
421257,2,1,1997,0,0,0,0,0,0,0,0,0,0
421258,0,1,1997,0,0,0,0,0,0,0,0,0,0
421259,0,1,1997,0,0,0,0,0,0,0,0,0,0
421259,1,1,1997,0,0,0,0,0,0,0,0,0,24
421260,1,1,1997,15,15,15,15,15,15,15,15,15,15
421261,1,1,1997,0,0,0,0,0,0,0,18,0,0
421261,2,1,1997,0,0,0,0,0,0,0,0,0,0
421261,3,1,1997,0,0,0,0,0,0,0,0,0,0
421262,1,1,1997,0,0,0,0,0,0,0,0,0,0
421262,2,1,1997,17,0,0,0,0,0,0,0,0,0
421263,0,1,1997,0,0,0,0,0,0,0,0,0,0
421263,1,1,1997,0,0,0,0,0,0,0,0,0,0
421264,1,1,1997,0,0,0,0,0,0,20,15,0,41
421265,1,1,1997,0,0,0,0,0,0,0,0,0,0
421265,2,1,1997,0,0,0,0,0,0,0,0,0,0
421266,1,1,1997,0,0,0,0,0,0,0,0,0,0
421266,2,1,1997,0,0,0,0,0,0,0,0,0,0
421267,1,1,1997,0,10,21,0,0,0,0,0,0,0
421267,2,1,1997,0,0,0,0,0,0,0,0,0,0
421267,3,1,1997,0,0,0,0,0,0,0,0,0,0
421268,1,1,1997,0,24,0,0,0,0,0,0,0,0
421268,2,1,1997,0,0,0,0,0,0,0,0,24,0
421269,1,1,1997,0,12,0,0,0,0,0,0,0,0
421270,1,1,1997,0,0,0,0,0,0,0,0,0,0
421270,2,1,1997,0,0,0,0,0,0,0,0,0,0
421271,1,1,1997,7,21,5,16,21,7,17,6,0,13
421272,1,1,1997,0,0,0,0,0,0,0,0,0,0
421273,1,1,1997,20,24,32,13,28,0,25,13,26,27
421274,1,1,1997,21,21,21,21,21,21,21,21,21,21
421275,1,1,1997,0,0,0,0,0,0,0,0,0,0
421275,2,1,1997,0,0,0,0,0,0,0,0,0,0
421276,1,1,1997,0,0,0,0,15,0,0,25,11,0
421277,1,1,1997,14,26,18,0,32,30,25,31,0,0
421278,1,1,1997,0,0,0,0,0,0,0,0,0,0
421278,2,1,1997,0,0,0,0,0,10,0,0,0,0
421279,1,1,1997,0,0,0,0,0,0,0,0,0,0
421279,2,1,1997,0,0,0,0,0,0,0,0,0,0
421280,1,1,1997,15,15,15,15,15,15,15,15,15,15
421281,1,1,1997,0,0,0,0,0,0,0,0,0,0
421282,1,1,1997,9,0,0,0,0,0,0,0,0,12
421283,0,1,1997,0,0,0,0,0,0,0,0,0,0
421283,1,1,1997,0,0,0,0,0,0,0,0,0,0
421284,1,1,1997,8,8,8,8,8,8,8,8,8,8
421285,1,1,1997,0,0,0,0,0,0,0,0,0,0
421286,1,1,1997,11,15,0,0,19,11,11,23,19,31
421287,1,1,1997,0,0,0,0,0,0,0,0,0,0
421288,1,1,1997,15,0,0,0,0,0,0,0,16,0
421289,1,1,1997,0,0,0,0,0,0,0,0,0,15
421289,2,1,1997,0,0,0,0,0,0,0,0,4,0
421290,1,1,1997,0,0,0,0,0,0,0,0,0,0
421291,1,1,1997,0,0,0,0,0,0,0,0,0,0
421291,2,1,1997,0,0,0,0,0,0,0,0,0,0
421292,0,1,1997,0,0,0,0,0,0,0,0,0,0
421292,1,1,1997,0,0,0,0,0,0,0,0,0,0
421293,0,1,1997,1,1,1,1,1,1,1,1,1,1
421293,0,2,1997,3,3,3,3,3,3,3,3,3,3
421293,1,1,1997,0,0,0,0,0,0,0,0,0,0
421294,1,1,1997,0,0,0,0,0,0,0,0,0,0
421294,2,1,1997,5,0,0,0,0,0,0,0,0,0
421295,1,1,1997,0,0,0,0,0,0,0,0,0,0
421296,1,1,1997,0,0,0,0,0,0,0,0,0,0
421296,2,1,1997,0,6,0,0,0,0,0,0,0,0
421297,1,1,1997,0,0,0,0,0,0,0,0,0,0
421297,2,1,1997,0,0,0,0,0,0,0,0,0,0
421298,1,1,1997,17,17,17,17,17,17,17,17,17,17
421299,1,1,1997,0,0,0,0,0,0,0,0,0,0
421300,0,1,1997,23,23,23,23,23,23,23,23,23,23
421300,1,1,1997,0,0,0,0,0,0,0,0,0,0
421301,1,1,1997,0,0,0,0,0,0,0,0,0,0
421302,1,1,1997,14,14,14,14,14,14,14,14,14,14
421302,2,1,1997,0,0,20,0,0,23,0,0,7,0
421303,1,1,1997,16,0,0,0,0,0,21,17,22,20
421305,1,1,1997,28,28,28,28,28,28,28,28,28,28
421306,1,1,1997,32,0,0,0,0,24,0,0,5,0
421307,1,1,1997,0,0,27,0,0,0,0,0,0,0
421308,1,1,1997,0,12,0,0,0,0,0,0,0,0
421308,2,1,1997,0,0,0,0,0,0,0,0,0,0
421308,3,1,1997,0,0,0,0,0,0,0,0,0,0
421308,4,1,1997,0,0,0,0,0,0,0,0,0,0
421309,1,1,1997,0,0,0,0,0,0,0,0,0,0
421310,1,1,1997,0,0,0,0,0,0,0,0,0,0
421310,2,1,1997,0,0,0,0,0,0,0,0,0,0
421311,1,1,1997,0,0,0,0,0,0,0,0,0,0
421311,2,1,1997,0,0,0,41,0,0,0,0,0,0
421312,1,1,1997,33,10,28,8,19,23,35,18,26,31
421313,1,1,1997,25,25,25,25,25,25,25,25,25,25
421314,1,1,1997,8,0,0,0,0,0,0,0,0,0
421314,2,1,1997,0,0,0,0,0,0,0,0,0,0
421314,3,1,1997,0,0,0,0,0,0,0,0,0,0
421314,4,1,1997,0,0,0,0,0,0,0,0,0,0
421314,5,1,1997,0,0,0,0,0,0,0,0,0,0
421315,1,1,1997,0,0,0,0,0,0,0,0,0,0
421315,2,1,1997,0,0,0,0,0,0,0,0,0,0
421316,1,1,1997,0,0,0,0,0,0,0,0,0,0
421316,2,1,1997,0,0,0,0,0,0,0,0,0,0
421317,1,1,1997,11,11,11,11,11,11,11,11,11,11
421318,1,1,1997,15,15,15,15,15,15,15,15,15,15
421319,1,1,1997,22,22,22,22,22,22,22,22,22,22
421320,0,1,1997,0,0,0,0,0,0,0,0,0,0
421320,1,1,1997,0,0,0,0,0,0,0,0,0,0
421321,1,1,1997,0,0,0,0,0,0,0,0,0,0
421321,2,1,1997,0,0,0,0,0,0,0,0,0,0
421322,1,1,1997,0,0,0,0,0,0,0,33,0,0
421323,1,1,1997,0,0,0,0,0,0,0,0,0,0
421324,1,1,1997,26,26,26,26,26,26,26,26,26,26
421325,1,1,1997,20,24,18,27,15,10,10,8,17,31
421325,2,1,1997,0,0,0,0,0,0,0,0,19,0
421326,1,1,1997,0,0,0,0,0,0,0,0,0,0
421327,1,1,1997,0,0,15,0,0,0,19,0,0,0
421327,2,1,1997,0,0,0,0,0,0,0,0,0,0
421327,3,1,1997,0,0,0,0,0,0,0,0,0,0
421328,1,1,1997,0,0,0,0,0,0,0,0,0,0
421329,1,1,1997,25,25,25,25,25,25,25,25,25,25
421329,2,1,1997,0,0,0,0,0,0,0,0,0,0
421331,1,1,1997,39,39,39,39,39,39,39,39,39,39
421331,2,1,1997,11,0,0,6,0,0,23,0,0,0
421331,3,1,1997,0,0,0,0,16,0,0,0,0,0
421332,1,1,1997,0,0,0,0,0,0,0,0,0,0
421332,2,1,1997,10,0,0,0,0,0,0,0,0,0
421332,3,1,1997,0,0,0,0,7,0,0,0,0,0
421333,1,1,1997,25,25,25,25,25,25,25,25,25,25
421333,2,1,1997,20,20,20,20,20,20,20,20,20,20
421334,1,1,1997,15,20,35,12,0,16,8,12,13,23
421335,1,1,1997,0,0,0,0,0,0,0,0,0,0
421335,2,1,1997,0,0,0,0,0,0,0,0,0,0
421336,0,1,1997,0,14,0,15,27,26,0,0,0,0
421336,1,1,1997,0,0,0,0,0,0,0,0,0,0
421337,1,1,1997,26,26,26,26,26,26,26,26,26,26
421337,2,1,1997,26,0,0,0,0,0,16,0,0,0
421338,1,1,1997,20,20,20,20,20,20,20,20,20,20
421339,0,1,1997,0,0,0,0,0,0,0,0,0,0
421339,1,1,1997,0,0,0,0,0,0,0,0,0,0
421340,1,1,1997,0,0,0,0,0,0,0,0,0,0
421341,0,1,1997,0,0,0,0,0,0,0,0,0,0
421341,1,1,1997,0,0,0,0,0,0,0,0,0,0
421342,1,1,1997,17,17,17,17,17,17,17,17,17,17
421343,0,1,1997,0,0,0,0,0,0,0,0,0,0
421343,1,1,1997,0,0,0,0,0,0,0,0,0,0
421344,1,1,1997,0,0,0,0,0,0,6,0,0,0
421344,2,1,1997,0,0,0,0,0,0,0,0,0,0
421345,1,1,1997,0,0,0,0,0,0,0,0,0,0
421345,2,1,1997,0,0,0,0,0,0,0,0,0,0
421346,1,1,1997,0,0,0,0,0,0,0,0,0,0
421347,1,1,1997,0,7,0,14,4,21,0,0,13,0
421348,1,1,1997,0,0,0,0,0,0,0,0,0,0
421348,2,1,1997,0,0,0,0,0,0,0,0,0,0
421349,1,1,1997,0,0,0,0,0,0,0,0,0,0
421349,2,1,1997,0,0,0,0,0,0,0,0,0,0
421350,1,1,1997,0,0,0,0,0,0,0,0,0,0
421350,2,1,1997,0,0,0,0,0,0,0,0,0,0
421350,3,1,1997,0,0,0,0,0,0,0,0,0,3
421351,1,1,1997,4,0,0,0,0,0,0,0,0,0
421351,2,1,1997,0,11,0,0,0,0,0,0,0,0
421351,3,1,1997,0,0,0,0,0,0,0,0,0,0
421352,1,1,1997,0,0,0,0,0,0,0,0,0,0
421352,2,1,1997,0,0,0,0,0,0,0,0,0,0
421352,3,1,1997,0,0,13,0,0,0,0,0,0,0
421353,0,1,1997,0,0,24,0,0,0,0,0,0,0
421353,1,1,1997,0,0,0,0,0,0,0,0,0,11
421354,0,1,1997,0,0,22,0,0,0,0,18,0,0
421354,1,1,1997,0,0,0,0,0,0,0,0,0,8
421355,0,1,1997,0,0,0,0,0,0,0,0,0,0
421355,1,1,1997,0,0,0,0,0,0,0,0,0,0
421356,0,1,1997,0,0,0,0,0,0,0,0,0,0
421356,1,1,1997,0,0,0,0,0,0,0,0,0,0
421356,2,1,1997,0,0,0,0,0,0,0,0,0,0
421357,0,1,1997,0,0,0,0,0,0,0,0,0,0
421357,1,1,1997,0,0,0,0,0,0,0,0,0,0
421358,1,1,1997,0,0,0,0,0,0,0,0,0,0
421358,2,1,1997,0,0,0,0,0,0,0,0,0,0
421359,0,1,1997,0,0,0,0,0,0,0,0,0,0
421359,1,1,1997,9,15,11,14,6,17,16,10,10,19
421360,1,1,1997,0,0,0,0,0,0,0,0,0,0
421360,2,1,1997,0,0,0,0,0,0,0,0,0,0
421361,0,1,1997,0,0,0,0,0,0,0,0,0,0
421361,1,1,1997,0,0,0,0,0,0,0,0,0,0
421362,1,1,1997,0,0,0,0,0,0,0,0,0,0
421362,2,1,1997,0,0,0,0,0,0,6,0,0,0
421363,1,1,1997,0,0,0,0,0,0,0,0,0,0
421363,2,1,1997,0,0,0,0,0,0,0,0,0,0
421364,1,1,1997,37,28,23,17,13,16,27,12,19,11
421365,1,1,1997,0,0,0,0,0,0,0,0,0,0
421365,2,1,1997,0,0,0,0,0,0,0,0,0,0
421366,1,1,1997,0,0,0,0,0,0,0,0,0,0
421367,1,1,1997,15,0,0,0,0,0,0,0,0,0
421367,2,1,1997,0,0,0,0,0,0,0,0,0,0
421368,1,1,1997,6,6,6,6,6,6,6,6,6,6
421369,1,1,1997,11,11,11,11,11,11,11,11,11,11
421369,2,1,1997,0,0,0,0,0,0,0,0,0,0
421369,3,1,1997,0,0,0,0,0,0,0,0,0,0
421369,4,1,1997,0,0,0,0,0,0,0,0,0,0
421370,1,1,1997,0,0,0,0,0,0,0,0,0,0
421371,1,1,1997,0,0,0,0,0,0,0,0,0,0
421372,1,1,1997,22,22,22,22,22,22,22,22,22,22
421373,1,1,1997,0,0,0,0,0,0,0,0,0,0
421374,1,1,1997,0,0,0,0,0,0,0,0,0,0
421375,1,1,1997,0,0,0,7,13,0,0,0,0,19
421376,1,1,1997,17,17,17,17,17,17,17,17,17,17
421377,1,1,1997,0,0,0,0,0,0,0,0,14,0
421377,2,1,1997,0,0,0,0,0,0,0,0,0,0
421378,1,1,1997,16,16,16,16,16,16,16,16,16,16