ST_CASE,VEH_NO,PER_NO,YEAR,P1,P2,P3,P4,P5,P6,P7,P8,P9,P10
450436,2,1,1997,0,0,14,0,0,0,0,0,0,0
450437,1,1,1997,0,11,20,0,0,0,0,0,0,0
450437,2,1,1997,0,0,0,0,0,0,0,0,0,4
450438,1,1,1997,0,0,0,0,0,0,0,0,0,0
450438,2,1,1997,0,0,0,0,0,0,0,0,0,0
450439,1,1,1997,0,0,0,0,0,0,0,0,0,0
450440,1,1,1997,16,16,16,16,16,16,16,16,16,16
450441,1,1,1997,17,22,21,9,0,13,11,17,20,25
450442,1,1,1997,0,0,0,0,0,19,0,0,0,0
450442,2,1,1997,25,25,25,25,25,25,25,25,25,25
450443,0,1,1997,0,0,0,0,0,0,0,0,0,0
450443,1,1,1997,0,0,0,0,0,0,0,0,0,0
450444,1,1,1997,0,0,0,0,0,0,17,20,0,0
450444,2,1,1997,0,0,0,0,0,0,0,0,0,0
450445,1,1,1997,0,0,0,6,0,0,0,0,0,12
450445,2,1,1997,0,0,0,0,0,0,0,0,0,0
450446,1,1,1997,0,0,0,0,0,0,0,0,0,0
450446,2,1,1997,0,0,0,0,0,0,0,0,0,0
450446,3,1,1997,0,0,0,0,0,0,0,0,0,0
450447,0,1,1997,0,0,0,0,0,0,0,0,0,0
450447,1,1,1997,0,0,0,0,0,0,0,0,0,0
450448,1,1,1997,27,27,27,27,27,27,27,27,27,27
450449,0,1,1997,0,0,0,0,0,0,0,0,0,0
450449,1,1,1997,4,14,11,0,0,19,0,4,0,0
450450,0,1,1997,0,0,0,0,0,0,0,0,0,0
450450,1,1,1997,0,0,0,0,0,0,0,0,0,0
450451,1,1,1997,0,0,0,0,0,0,0,0,0,0
450451,2,1,1997,0,0,0,0,0,0,0,0,0,0
450452,1,1,1997,0,0,0,0,0,0,0,0,0,0
450452,2,1,1997,0,0,0,0,0,0,0,0,0,0
450453,1,1,1997,0,0,0,0,0,0,0,0,0,0
450454,1,1,1997,37,37,37,37,37,37,37,37,37,37
450455,1,1,1997,0,0,11,0,0,33,0,0,0,0
450455,2,1,1997,0,0,0,0,0,0,0,0,0,0
450456,1,1,1997,17,30,20,17,18,15,7,9,16,18
450457,1,1,1997,0,0,0,0,0,0,0,0,0,0
450458,1,1,1997,0,0,0,0,0,0,0,0,0,0
450458,2,1,1997,0,0,0,0,0,0,13,0,0,0
450459,1,1,1997,23,23,23,23,23,23,23,23,23,23
450460,1,3,1997,12,20,37,20,24,24,12,21,26,0
450461,1,1,1997,20,20,20,20,20,20,20,20,20,20
450462,1,1,1997,0,0,0,0,0,0,0,0,0,0
450462,2,1,1997,0,22,0,0,0,0,0,0,0,0
450463,1,1,1997,12,9,0,10,16,0,14,10,12,26
450463,2,1,1997,0,0,0,0,0,0,0,0,0,0
450464,1,1,1997,12,23,25,0,0,0,11,0,0,16
450465,0,1,1997,0,0,0,0,0,0,0,0,0,20
450465,1,1,1997,0,0,0,0,0,0,0,0,0,0
450466,1,1,1997,13,13,13,13,13,13,13,13,13,13
450467,1,1,1997,15,15,15,15,15,15,15,15,15,15
450468,0,1,1997,0,0,0,0,0,0,0,0,0,0
450468,1,1,1997,0,0,0,0,0,0,0,0,0,0
450469,0,1,1997,26,26,26,26,26,26,26,26,26,26
450469,1,1,1997,0,0,8,0,0,0,0,14,0,0
450470,1,1,1997,0,0,0,0,0,0,0,0,0,0
450470,2,1,1997,34,34,34,34,34,34,34,34,34,34
450471,1,1,1997,0,0,0,0,0,0,0,0,0,0
450472,1,1,1997,0,0,0,0,0,0,0,0,0,0
450473,1,1,1997,0,0,0,0,0,0,0,0,0,0
450473,2,1,1997,0,0,0,0,0,0,0,0,0,0
450474,1,1,1997,0,9,11,0,0,0,0,0,0,0
450475,0,1,1997,12,12,12,12,12,12,12,12,12,12
450475,1,1,1997,0,0,0,0,0,0,0,0,0,0
450476,1,1,1997,15,27,8,26,5,28,9,6,25,35
450477,0,1,1997,21,21,21,21,21,21,21,21,21,21
450477,1,1,1997,0,0,0,0,0,0,0,0,0,0
450478,1,1,1997,0,0,0,0,0,0,0,0,0,0
450478,2,1,1997,0,0,0,0,0,0,0,0,0,0
450479,1,1,1997,0,0,0,0,0,0,0,0,0,0
450479,2,1,1997,0,0,0,0,0,0,0,0,0,0
450479,3,1,1997,0,0,0,0,0,0,0,0,0,0
450480,0,1,1997,0,0,0,0,29,0,12,26,0,0
450480,1,1,1997,20,0,0,17,14,0,3,0,11,18
450481,1,1,1997,0,0,11,22,14,0,0,17,16,0
450481,2,1,1997,0,4,0,12,0,7,18,0,17,0
450482,1,1,1997,0,0,0,0,0,0,0,0,0,0
450482,2,1,1997,0,0,0,0,0,0,0,0,0,0
450482,3,1,1997,0,11,0,0,0,0,0,0,0,0
450483,0,1,1997,0,0,0,0,0,0,0,0,0,0
450483,1,1,1997,0,0,0,0,0,0,27,0,0,0
450484,1,1,1997,15,15,15,15,15,15,15,15,15,15
450485,1,1,1997,0,0,0,0,0,0,0,0,0,0
450486,1,1,1997,0,0,0,0,0,0,0,0,0,0
450487,0,1,1997,32,42,12,25,14,11,22,24,15,24
450487,1,1,1997,0,0,0,0,0,0,0,0,0,0
450488,1,1,1997,0,0,0,0,3,0,0,0,0,0
450489,1,1,1997,0,0,0,0,0,0,0,0,0,0
450489,2,1,1997,0,0,0,0,0,0,0,0,0,0
450490,1,1,1997,33,33,33,33,33,33,33,33,33,33
450491,1,1,1997,25,25,25,25,25,25,25,25,25,25
450492,1,1,1997,20,20,20,20,20,20,20,20,20,20
450493,1,1,1997,23,23,23,23,23,23,23,23,23,23
450494,1,1,1997,0,0,0,0,0,0,0,0,0,0
450495,1,1,1997,0,47,0,0,0,0,31,29,0,0
450496,1,1,1997,12,12,12,12,12,12,12,12,12,12
450497,1,1,1997,0,15,10,0,0,0,0,0,0,0
450497,2,1,1997,0,0,0,0,0,0,0,0,0,0
450498,0,1,1997,0,0,0,0,0,0,0,0,0,0
450498,1,1,1997,0,0,0,0,0,0,0,0,0,0
450499,1,1,1997,0,0,0,0,3,0,0,0,0,0
450500,1,1,1997,0,0,0,0,0,0,0,0,0,0
450500,2,1,1997,0,0,0,0,0,0,0,0,0,0
450501,1,1,1997,0,0,0,0,0,0,0,0,0,0
450501,2,1,1997,0,0,0,0,0,0,0,0,0,0
450502,1,1,1997,42,0,0,0,8,0,0,0,0,0
450503,1,1,1997,0,0,0,0,0,0,0,16,0,0
450503,2,1,1997,0,0,0,0,0,0,0,0,0,0
450504,1,1,1997,0,0,0,0,0,0,0,0,0,0
450504,2,1,1997,0,0,0,0,0,0,0,0,0,6
450505,0,1,1997,39,29,17,22,17,0,16,0,11,33
450505,1,1,1997,26,25,18,0,27,0,8,17,5,0
450506,1,1,1997,27,27,27,27,27,27,27,27,27,27
450507,1,1,1997,0,0,0,0,0,0,0,0,0,0
450507,2,1,1997,0,0,0,0,0,0,0,0,0,0
450508,1,1,1997,26,0,0,0,0,0,31,0,0,0
450508,2,1,1997,0,0,0,0,0,0,0,0,0,0
450509,1,1,1997,0,0,0,0,0,0,0,0,0,0
450510,1,1,1997,0,0,0,0,0,0,0,0,0,0
450510,2,1,1997,0,0,0,0,0,0,0,0,0,0
450511,1,1,1997,9,9,9,9,9,9,9,9,9,9
450512,1,1,1997,0,0,0,0,0,18,0,0,0,0
450512,2,1,1997,0,0,0,0,0,0,0,0,0,0
450513,1,1,1997,0,0,0,0,0,0,0,0,0,0
450514,1,1,1997,9,9,9,9,9,9,9,9,9,9
450515,1,1,1997,0,0,0,0,0,0,0,0,0,0
450515,2,1,1997,0,0,0,0,0,14,0,0,0,0
450516,1,1,1997,0,0,0,0,0,0,0,0,0,0
450516,2,1,1997,0,0,0,0,0,0,0,0,0,0
450517,1,1,1997,0,0,0,0,0,0,0,0,0,0
450517,2,1,1997,0,0,0,0,0,0,0,0,0,0
450517,3,1,1997,0,0,0,0,0,0,0,0,0,0
450518,1,1,1997,18,18,18,18,18,18,18,18,18,18
450519,1,1,1997,18,18,18,18,18,18,18,18,18,18
450519,2,1,1997,0,0,0,0,0,18,0,5,0,0
450520,1,1,1997,0,0,0,0,0,0,0,0,0,0
450521,1,1,1997,45,0,0,11,20,0,11,18,15,12
450522,1,1,1997,18,18,18,18,18,18,18,18,18,18
450523,1,1,1997,0,0,0,0,0,0,0,0,0,0
450523,2,1,1997,0,0,0,0,0,0,0,0,0,0
450524,1,1,1997,0,0,0,0,0,0,0,0,0,0
450524,2,1,1997,0,0,0,0,0,0,0,0,0,0
450525,1,1,1997,0,0,0,0,0,0,0,0,0,0
450526,1,1,1997,0,0,0,0,0,0,0,0,0,0
450526,2,1,1997,0,0,0,0,0,0,0,0,0,0
450527,1,1,1997,0,0,0,0,24,0,4,0,0,0
450528,0,1,1997,17,26,25,24,0,16,21,15,6,19
450528,1,1,1997,0,0,0,0,0,0,0,0,0,16
450529,1,1,1997,0,26,0,0,0,0,0,0,0,0
450530,0,1,1997,0,0,0,0,0,0,0,0,0,0
450530,1,1,1997,0,0,2,0,0,0,0,0,0,0
450531,1,1,1997,0,0,0,0,0,0,0,14,0,9
450532,0,1,1997,21,21,21,21,21,21,21,21,21,21
450532,1,1,1997,0,0,0,0,0,0,0,0,0,0
450533,1,1,1997,0,0,0,0,0,0,0,0,0,0
450533,2,1,1997,0,0,0,0,0,0,0,0,0,0
450534,1,1,1997,0,0,0,0,0,0,0,0,0,0
450534,2,1,1997,0,0,33,0,0,0,0,0,0,0
450535,1,1,1997,0,0,27,0,0,0,0,0,0,0
450536,1,1,1997,6,12,22,12,11,0,24,0,17,0
450537,1,1,1997,0,0,0,0,0,0,0,0,0,0
450538,1,1,1997,0,0,0,0,0,0,0,0,0,0
450538,2,1,1997,15,15,20,26,29,8,17,14,13,31
450539,1,1,1997,0,0,0,0,0,0,0,0,0,0
450539,2,1,1997,0,0,0,0,0,0,0,0,0,0
450539,3,1,1997,11,11,11,11,11,11,11,11,11,11
450540,1,1,1997,30,30,30,30,30,30,30,30,30,30
450541,1,1,1997,0,10,0,0,0,0,0,0,0,0
450542,1,1,1997,0,0,0,0,0,0,0,0,0,0
450542,2,1,1997,0,0,0,0,0,0,0,0,0,0
450543,1,1,1997,0,0,0,0,0,0,0,0,0,0
450544,1,1,1997,0,0,0,0,0,0,0,0,0,0
450544,2,1,1997,10,8,0,4,13,0,0,0,8,8
450545,1,1,1997,0,0,0,0,0,0,0,0,0,0
450545,2,1,1997,0,0,0,0,0,0,0,0,0,0
450546,1,1,1997,0,0,0,0,0,0,14,0,0,0
450547,0,1,1997,10,30,21,15,9,29,10,29,11,19
450547,1,1,1997,0,0,0,0,0,0,0,0,0,0
450548,1,1,1997,0,9,0,0,3,0,0,0,0,0
450549,1,1,1997,0,0,0,0,0,5,0,0,0,0
450550,1,1,1997,0,0,0,0,0,0,0,0,0,0
450550,2,1,1997,0,0,0,0,0,0,0,0,0,0
450551,0,1,1997,0,0,0,0,0,0,0,0,0,0
450551,1,1,1997,0,0,0,0,0,0,0,0,0,0
450552,0,1,1997,15,25,33,24,19,45,6,17,18,41
450552,1,1,1997,0,5,0,0,0,0,0,0,0,0
450553,1,1,1997,0,0,0,0,0,0,0,0,0,0
450553,2,1,1997,0,0,0,0,0,0,0,0,0,0
450554,1,1,1997,0,0,0,0,0,0,0,0,0,0
450554,2,1,1997,0,0,0,15,0,0,0,0,0,0
450555,1,1,1997,0,0,0,0,0,0,0,0,0,0
450555,2,1,1997,0,0,0,0,0,0,0,0,0,0
450556,1,1,1997,0,0,0,0,0,0,0,0,0,0
450556,2,1,1997,0,0,0,0,0,0,0,0,0,0
450557,1,1,1997,0,0,0,11,0,0,0,0,0,0
450557,2,1,1997,0,0,0,0,0,0,0,0,0,0
450557,3,1,1997,0,0,0,0,0,0,0,0,0,0
450558,1,1,1997,0,0,0,0,0,0,0,31,16,0
450559,1,1,1997,0,0,0,0,0,0,0,0,0,0
450559,2,1,1997,0,0,0,0,0,0,0,0,0,0
450559,3,1,1997,0,0,0,0,0,10,0,0,0,0
450560,1,1,1997,0,0,0,0,0,0,0,0,0,0
450560,2,1,1997,0,0,0,0,0,0,0,0,0,0
450561,1,1,1997,0,0,0,0,0,0,0,0,0,0
450561,2,1,1997,0,0,0,0,0,0,0,0,0,0
450561,3,1,1997,0,0,0,0,0,0,0,0,0,0
450562,1,1,1997,0,0,21,0,0,0,0,0,0,0
450563,1,1,1997,0,0,0,0,0,0,0,0,0,0
450563,2,1,1997,0,0,0,0,0,27,0,0,0,0
450564,1,1,1997,0,0,0,0,0,14,0,0,8,0
450565,1,1,1997,0,0,0,0,9,0,0,2,0,12
450565,2,1,1997,0,0,0,0,0,0,0,0,0,0
450566,1,1,1997,12,0,4,17,2,14,27,18,4,9
450566,2,1,1997,3,0,16,7,0,21,6,5,0,17
450567,1,1,1997,0,0,0,0,0,0,0,0,0,0
450568,0,1,1997,18,24,18,32,16,20,22,17,26,58
450568,1,1,1997,0,0,0,0,0,0,0,0,0,0
450569,1,1,1997,0,0,0,0,0,0,0,0,0,0
450570,1,1,1997,0,0,0,0,0,0,0,0,0,0
450572,1,1,1997,0,0,0,0,0,0,0,0,0,0
450572,2,1,1997,0,0,0,0,0,0,0,0,0,0
450573,1,1,1997,0,0,0,0,0,0,0,0,0,0
450573,2,1,1997,0,0,0,0,0,0,0,0,0,0
450574,1,1,1997,0,0,18,0,12,0,0,0,0,0
450574,2,1,1997,0,0,0,0,0,0,0,0,0,0
450575,1,1,1997,0,0,0,0,0,0,0,0,0,0
450575,2,1,1997,18,18,18,18,18,18,18,18,18,18
450576,1,1,1997,17,16,0,15,0,25,10,9,9,4
450577,1,1,1997,14,21,29,23,30,17,19,18,30,24
450578,1,1,1997,0,0,0,0,0,0,0,0,0,0
450579,1,1,1997,0,0,0,0,0,0,0,0,0,0
450579,2,1,1997,0,0,0,0,0,0,0,0,0,0
450580,1,1,1997,0,0,0,0,0,0,0,0,0,0
450580,2,1,1997,7,7,7,7,7,7,7,7,7,7
450581,1,1,1997,0,0,0,0,0,0,0,0,0,0
450581,2,1,1997,0,0,0,0,0,0,0,0,11,0
450582,1,1,1997,13,3,9,13,18,9,19,15,10,11
450583,1,1,1997,17,16,23,36,23,6,8,30,12,26
450584,1,1,1997,5,5,5,5,5,5,5,5,5,5
450585,1,1,1997,7,7,7,7,7,7,7,7,7,7
450586,0,1,1997,0,0,0,0,0,0,0,0,0,0
450586,1,1,1997,0,0,0,0,0,0,0,0,0,0
450587,1,1,1997,0,0,0,0,0,0,0,0,0,0
450587,2,1,1997,0,0,0,0,0,0,0,0,0,0
450588,1,1,1997,0,0,0,0,0,0,0,0,0,0
450589,1,1,1997,0,0,0,0,0,0,0,0,0,0
450590,1,1,1997,31,16,21,12,17,7,20,28,27,11
450591,1,1,1997,11,4,14,17,17,14,15,15,13,22
450592,0,1,1997,0,0,0,0,0,0,0,0,0,0
450592,1,1,1997,0,0,0,0,0,0,0,0,0,0
450593,0,1,1997,0,18,0,0,0,0,0,26,0,0
450593,1,1,1997,0,0,0,0,0,0,0,0,0,0
450594,0,1,1997,0,0,0,0,0,0,3,0,0,0
450594,1,1,1997,0,0,0,0,0,0,0,0,0,0
450595,1,1,1997,0,0,0,0,0,0,0,0,0,0
450595,2,1,1997,0,0,0,0,0,0,0,0,0,0
450596,1,1,1997,0,0,0,0,0,0,0,0,0,0
450596,2,1,1997,0,0,0,0,0,0,0,28,0,0
450597,1,1,1997,0,0,0,12,0,0,0,0,0,0
450598,1,1,1997,0,0,0,0,0,0,0,0,0,0
450598,2,1,1997,0,0,0,0,0,11,0,0,0,0
450599,1,1,1997,5,0,19,7,16,0,5,11,19,5
450600,0,1,1997,9,9,9,9,9,9,9,9,9,9
450600,1,1,1997,0,0,0,0,0,0,0,9,0,0
450601,1,1,1997,10,0,13,3,20,22,6,18,0,0
450601,2,1,1997,35,24,16,23,16,14,13,15,30,16
450602,0,1,1997,0,19,0,0,9,0,21,12,15,9
450602,0,2,1997,0,0,0,0,0,0,31,9,0,0
450602,1,1,1997,16,10,20,11,14,12,7,2,14,26
450603,1,1,1997,0,0,0,0,0,0,0,0,0,0
450603,2,1,1997,0,0,0,0,0,0,0,0,0,0
450604,1,1,1997,0,0,0,0,0,0,0,0,0,0
450604,2,1,1997,0,0,0,0,0,0,0,0,0,0
450605,1,1,1997,0,0,0,0,0,0,0,0,0,0
450605,2,1,1997,0,0,0,0,0,0,0,0,0,0
450606,1,1,1997,16,0,0,0,0,0,0,0,0,0
450607,1,1,1997,0,0,0,0,0,0,0,0,0,0
450608,0,1,1997,19,14,27,13,28,25,7,29,25,14
450608,1,1,1997,0,0,7,0,0,0,0,0,0,12
450609,1,1,1997,17,17,17,17,17,17,17,17,17,17
450609,2,1,1997,0,0,0,0,0,0,0,0,0,0
450609,3,1,1997,0,0,0,0,0,0,16,0,0,0
450610,1,1,1997,0,0,0,0,0,0,0,0,0,0
450610,2,1,1997,0,0,0,0,0,0,0,0,0,0
450610,3,1,1997,0,0,0,0,0,0,0,0,0,0
450611,0,1,1997,23,13,6,19,27,31,9,14,43,22
450611,1,1,1997,0,0,0,0,0,0,0,0,0,0
450612,1,1,1997,0,0,0,0,0,0,0,0,12,0
450613,1,1,1997,10,7,6,20,9,15,19,23,19,16
450614,1,1,1997,22,17,37,20,26,13,19,22,13,35
450615,1,1,1997,22,22,22,22,22,22,22,22,22,22
450616,0,1,1997,33,33,33,33,33,33,33,33,33,33
450616,1,1,1997,0,0,0,0,0,0,0,0,0,0
450617,1,1,1997,0,0,0,0,0,0,0,0,0,0
450617,2,1,1997,0,0,0,0,0,0,0,0,0,0
450618,0,1,1997,0,22,0,0,0,0,0,0,19,0
450618,1,1,1997,0,0,0,0,0,0,0,0,0,0
450619,1,1,1997,0,0,0,0,0,0,0,0,0,0
450619,2,1,1997,0,0,0,0,0,0,0,0,0,0
450620,1,1,1997,0,0,0,0,0,0,0,0,0,0
450620,2,1,1997,0,0,0,0,0,0,0,0,0,18
450621,1,1,1997,8,0,11,0,0,0,0,0,0,0
450621,2,1,1997,0,11,0,0,0,0,0,0,0,0
450622,1,1,1997,0,0,0,0,0,0,0,0,0,0
450623,1,1,1997,11,10,13,13,27,7,0,16,24,16
450624,1,1,1997,0,0,0,0,11,0,0,0,0,0
450624,2,1,1997,0,0,0,0,0,0,0,0,0,0
450625,0,1,1997,0,0,3,0,0,0,0,0,0,0
450625,1,1,1997,0,0,0,0,0,0,0,0,0,0
450626,1,1,1997,17,0,0,0,26,23,0,6,28,18
450627,1,1,1997,0,0,0,0,0,0,0,0,0,0
450627,2,1,1997,8,8,8,8,8,8,8,8,8,8
450628,1,1,1997,0,0,0,0,0,0,0,0,0,0
450629,1,1,1997,28,28,28,28,28,28,28,28,28,28
450630,1,1,1997,0,12,0,0,0,15,11,21,0,0
450630,2,1,1997,0,0,0,0,0,0,0,0,0,11
450631,1,1,1997,0,24,0,0,0,0,0,0,0,0
450631,2,1,1997,17,0,5,13,4,22,0,11,16,5
450632,1,1,1997,0,17,0,25,0,0,13,11,0,20
450633,1,1,1997,0,0,0,0,0,0,0,0,0,0
450634,0,1,1997,19,0,20,33,15,12,32,25,41,13
450634,1,1,1997,0,0,0,0,0,0,0,0,0,0
450635,1,1,1997,17,17,17,17,17,17,17,17,17,17
450636,1,1,1997,0,0,0,0,0,0,0,0,0,0
450637,1,1,1997,0,16,0,0,27,0,23,10,10,0
450638,1,1,1997,0,0,0,0,0,0,0,0,0,0
450638,2,1,1997,0,0,0,0,0,0,0,0,0,0
450639,1,1,1997,0,0,0,0,0,0,0,0,0,0
450639,2,1,1997,0,0,0,0,0,0,0,0,0,0
450639,3,1,1997,0,0,0,0,0,0,0,0,0,0
450640,0,1,1997,17,17,17,17,17,17,17,17,17,17
450640,1,1,1997,0,0,0,0,0,0,0,0,0,0
450641,1,1,1997,12,0,14,27,0,0,45,12,6,16
450642,1,1,1997,0,8,0,0,0,0,0,0,0,0
450642,2,1,1997,0,0,0,0,0,0,0,0,0,0
450643,1,1,1997,27,6,23,20,15,9,21,23,13,20
450644,1,1,1997,0,0,0,0,0,0,0,0,0,0
450644,2,1,1997,0,0,0,0,0,0,0,0,0,0
450645,1,1,1997,15,15,15,15,15,15,15,15,15,15
450646,1,1,1997,0,0,0,0,0,22,15,0,0,0
450647,1,1,1997,0,0,0,0,0,0,0,0,0,0
450647,2,1,1997,0,0,0,0,0,0,0,0,0,0
450648,1,1,1997,31,31,31,31,31,31,31,31,31,31
450649,1,1,1997,0,0,0,0,0,0,0,0,0,0
450649,2,1,1997,24,24,24,24,24,24,24,24,24,24
450650,1,1,1997,22,9,14,36,23,6,19,21,21,27
450651,0,1,1997,18,36,30,0,16,18,34,20,15,19
450651,1,1,1997,0,0,0,0,0,0,0,0,0,0
450652,1,1,1997,8,8,8,8,8,8,8,8,8,8
450653,1,1,1997,0,0,0,0,0,0,0,0,0,0
450653,2,1,1997,0,0,0,0,0,0,0,0,0,0
450654,1,1,1997,0,15,0,0,0,0,0,0,10,0
450655,1,1,1997,14,29,0,0,0,0,0,0,0,0
450656,1,1,1997,0,0,0,0,0,0,0,0,0,0
450657,1,1,1997,34,34,34,34,34,34,34,34,34,34
450658,0,1,1997,0,0,0,0,0,0,0,0,0,0
450658,1,1,1997,0,0,0,0,0,0,0,0,0,0
450659,1,1,1997,0,0,0,0,0,0,0,0,0,0
450660,0,1,1997,9,9,9,9,9,9,9,9,9,9
450660,1,1,1997,0,0,0,0,0,0,0,0,0,0
450662,1,1,1997,0,0,0,0,0,0,0,0,0,0
450662,2,1,1997,0,0,0,21,0,0,0,0,0,0
450663,1,1,1997,0,0,0,0,0,0,0,0,0,0
450664,1,1,1997,0,0,0,0,0,0,4,0,0,0
450664,2,1,1997,0,0,0,20,0,0,0,0,0,0
450665,0,1,1997,0,0,0,0,0,0,0,0,0,0
450665,1,1,1997,16,10,0,10,17,15,23,3,25,19
450666,1,1,1997,23,23,23,23,23,23,23,23,23,23
450666,2,1,1997,0,0,0,0,0,0,0,0,0,0
450667,0,1,1997,0,0,0,0,0,0,9,0,0,0
450667,1,1,1997,0,0,0,0,0,0,0,0,0,0
450668,1,1,1997,0,0,0,0,0,0,0,0,0,0
450668,2,1,1997,0,0,0,0,0,0,0,0,0,0
450668,3,1,1997,0,0,0,0,0,0,0,0,0,0
450669,1,1,1997,0,0,0,0,0,0,0,0,14,0
450670,1,1,1997,0,0,0,0,0,0,0,0,0,0
450671,0,1,1997,0,32,0,18,0,0,0,0,0,27
450671,0,2,1997,0,0,0,0,0,0,0,0,25,0
450671,1,1,1997,0,0,0,0,0,0,0,0,0,0
450672,1,1,1997,0,0,0,0,0,0,0,0,0,0
450672,2,1,1997,0,0,0,0,0,0,0,0,0,0
450673,1,1,1997,0,0,0,0,0,0,0,0,0,0
450673,2,1,1997,0,0,0,0,0,0,0,0,0,0
450674,1,1,1997,0,0,0,24,0,0,0,0,0,0
450674,2,1,1997,0,0,0,0,0,0,0,0,0,0
450675,0,1,1997,0,30,0,9,0,0,0,0,0,0
450675,1,1,1997,0,0,0,0,0,0,0,0,0,0
450676,1,1,1997,17,17,17,17,17,17,17,17,17,17
450677,1,1,1997,12,12,12,12,12,12,12,12,12,12
450677,2,1,1997,0,0,0,0,0,0,0,0,0,0
450678,1,1,1997,0,0,0,0,13,0,0,0,0,0
450679,1,1,1997,0,0,0,0,0,12,12,0,0,0
450680,1,1,1997,15,15,15,15,15,15,15,15,15,15
450680,2,1,1997,0,0,0,0,0,0,0,0,0,0
450681,1,1,1997,0,0,0,0,0,0,0,9,0,0
450682,1,1,1997,6,23,14,0,0,15,13,0,17,26
450683,1,1,1997,0,0,0,0,0,0,0,0,0,0
450683,2,1,1997,0,0,0,12,0,0,0,0,0,0
450684,1,1,1997,0,0,24,0,0,25,0,0,0,3
450685,1,1,1997,0,0,0,0,0,9,0,0,0,0
450685,2,1,1997,26,26,26,26,26,26,26,26,26,26
450686,0,1,1997,0,0,0,0,0,0,0,0,0,0
450686,1,1,1997,0,0,0,0,0,0,0,0,0,0
450687,1,1,1997,18,18,18,18,18,18,18,18,18,18
450688,0,1,1997,19,19,19,19,19,19,19,19,19,19
450688,1,1,1997,0,0,0,0,0,0,0,0,0,2
450689,1,1,1997,28,28,28,28,28,28,28,28,28,28
450690,0,1,1997,33,33,33,33,33,33,33,33,33,33
450690,1,1,1997,0,0,0,0,0,0,0,14,0,0
450691,1,1,1997,0,0,0,0,0,0,0,0,0,0
450691,2,1,1997,0,0,0,0,0,0,0,0,0,0
450692,1,1,1997,15,15,15,15,15,15,15,15,15,15
450693,0,1,1997,12,0,0,0,35,0,26,0,0,0
450693,1,1,1997,0,0,0,0,0,0,0,0,0,0
450694,1,1,1997,0,0,0,21,0,17,0,0,0,0
450695,1,1,1997,0,0,0,0,0,0,0,0,0,0
450696,1,1,1997,0,0,0,0,0,0,0,0,0,0
450696,2,1,1997,0,0,0,0,0,0,0,0,0,0
450697,1,1,1997,0,0,0,0,0,0,0,0,0,0
450698,1,1,1997,0,0,0,0,13,0,22,0,0,0
450699,1,1,1997,0,0,0,0,0,0,0,0,0,0
450700,1,1,1997,0,0,0,0,0,0,0,0,0,0
450700,2,1,1997,0,0,0,0,0,0,0,0,0,0
450700,3,1,1997,0,0,0,0,0,0,0,0,0,0
450700,4,2,1997,0,0,0,0,0,0,0,0,0,0
450701,1,1,1997,0,0,0,0,0,0,0,0,0,0
450701,2,1,1997,0,0,0,0,0,0,0,0,0,5
450701,3,1,1997,0,0,0,0,0,0,0,0,0,0
450702,1,1,1997,0,0,0,0,0,0,0,0,0,0
450702,2,1,1997,0,0,0,0,0,0,0,0,0,0
450703,1,1,1997,0,0,0,0,0,0,0,0,22,0
450704,1,1,1997,10,10,10,10,10,10,10,10,10,10
450705,1,1,1997,0,0,0,0,0,0,0,0,0,0
450705,2,1,1997,0,0,0,0,0,0,0,0,0,0
450706,1,1,1997,0,0,0,0,0,0,0,0,0,0
450707,1,1,1997,0,0,0,0,0,0,0,0,0,0
450708,1,1,1997,0,0,0,0,0,0,0,0,0,0
450709,0,1,1997,0,0,0,0,30,0,0,0,0,0
450709,1,1,1997,0,0,0,0,0,0,0,11,0,0
450710,1,1,1997,0,0,0,0,15,33,0,13,0,41
450711,1,1,1997,0,0,0,0,0,0,0,0,0,0
450711,2,1,1997,0,0,0,0,0,0,0,0,0,0
450711,3,1,1997,0,0,4,0,0,0,0,0,0,0
450712,1,1,1997,0,0,11,8,0,24,0,0,15,0
450713,0,1,1997,0,0,0,0,0,0,0,0,0,0
450713,1,1,1997,0,0,0,0,0,0,0,0,0,0
450713,2,1,1997,0,0,0,0,0,0,0,0,0,0
450714,1,1,1997,9,0,0,0,0,0,0,0,0,0
450715,1,1,1997,0,0,12,0,0,6,0,0,0,0
450716,1,1,1997,0,0,0,0,14,0,0,0,0,10
450717,1,1,1997,0,0,0,0,0,0,0,0,0,0
450717,2,1,1997,0,0,2,0,0,0,0,0,0,0
450718,1,1,1997,0,0,0,0,0,1,0,0,0,0
450719,1,1,1997,0,10,0,0,20,0,0,40,0,0
450720,1,1,1997,0,0,0,0,0,0,0,0,0,0
450720,2,1,1997,0,0,0,0,0,0,0,0,0,0
450721,1,1,1997,0,0,0,0,0,0,0,5,0,0
450723,1,1,1997,0,0,0,19,0,0,0,0,0,0