ST_CASE,VEH_NO,PER_NO,YEAR,P1,P2,P3,P4,P5,P6,P7,P8,P9,P10
450724,1,1,1997,0,0,0,0,0,0,0,0,0,0
450724,2,1,1997,0,0,0,0,0,0,0,0,0,0
450725,1,1,1997,14,0,0,0,0,0,0,0,0,0
450725,2,1,1997,0,0,0,0,0,0,0,5,0,0
450726,1,1,1997,0,0,0,0,0,0,0,0,0,0
450726,2,1,1997,0,0,0,0,0,0,0,0,0,0
450727,1,1,1997,0,0,0,0,0,0,0,0,0,0
450727,2,1,1997,0,0,0,0,0,0,0,0,0,0
450728,0,1,1997,23,23,23,23,23,23,23,23,23,23
450728,1,1,1997,0,0,0,0,0,0,0,0,0,0
450729,1,1,1997,17,7,0,0,0,29,17,0,0,12
450730,1,1,1997,0,0,0,24,9,8,0,0,0,0
450731,1,1,1997,0,0,0,0,0,0,0,0,0,0
450731,2,1,1997,0,0,0,0,0,0,0,0,0,0
450732,0,1,1997,0,0,0,0,0,0,0,5,0,0
450732,1,1,1997,0,0,0,0,0,0,0,12,0,0
450733,1,1,1997,14,14,14,14,14,14,14,14,14,14
450734,0,1,1997,12,0,7,18,0,12,0,24,38,0
450734,0,2,1997,0,0,10,0,14,6,0,12,0,16
450734,1,1,1997,0,0,0,0,0,0,0,0,0,0
450735,1,1,1997,17,17,17,17,17,17,17,17,17,17
450736,1,1,1997,0,0,0,0,0,0,0,0,0,0
450736,2,1,1997,0,0,0,0,0,0,0,0,0,0
450737,1,1,1997,11,11,11,11,11,11,11,11,11,11
450738,1,1,1997,25,0,0,0,0,0,0,0,0,0
450739,1,1,1997,15,17,12,24,14,20,31,19,37,11
450740,1,1,1997,0,0,0,0,0,0,0,0,0,0
450740,2,1,1997,0,0,14,0,0,0,0,0,0,0
450741,1,1,1997,0,0,0,0,0,0,0,0,0,0
450741,2,1,1997,0,0,0,0,0,0,0,0,0,0
450742,1,1,1997,0,0,0,0,0,0,0,0,0,0
450743,1,1,1997,15,15,15,15,15,15,15,15,15,15
450744,1,1,1997,0,0,0,0,0,0,0,0,0,0
450744,2,1,1997,0,0,0,0,0,8,0,0,0,0
450745,1,1,1997,0,0,0,0,0,0,0,0,0,0
450745,2,1,1997,0,0,0,0,0,0,0,0,0,0
450746,1,1,1997,34,34,34,34,34,34,34,34,34,34
450747,1,1,1997,0,0,0,0,0,0,0,0,0,0
450748,1,1,1997,0,0,0,0,0,0,0,0,0,0
450749,1,1,1997,0,0,0,0,0,0,0,0,0,0
450749,2,1,1997,0,0,0,0,0,0,0,0,0,0
450750,0,1,1997,28,20,16,15,37,17,11,13,25,29
450750,1,1,1997,0,0,0,0,0,0,0,13,0,0
450751,1,1,1997,7,7,7,7,7,7,7,7,7,7
450752,1,1,1997,0,0,0,0,0,0,0,0,0,0
450752,2,1,1997,0,0,0,0,7,0,0,0,0,0
450752,3,1,1997,0,0,0,0,0,0,0,0,0,0
450753,1,1,1997,0,0,0,0,0,20,22,0,0,0
450754,1,1,1997,0,0,0,0,0,0,0,0,0,0
450754,2,1,1997,0,0,0,0,0,0,0,0,0,22
450755,1,1,1997,37,37,37,37,37,37,37,37,37,37
450756,1,1,1997,18,0,13,11,19,13,17,28,12,22
450757,1,1,1997,10,10,12,18,19,34,30,16,11,19
450758,1,1,1997,29,29,29,29,29,29,29,29,29,29
450759,1,1,1997,0,0,0,0,12,0,0,0,0,0
450759,2,1,1997,0,0,0,0,0,0,0,0,0,0
450760,0,1,1997,0,0,0,0,0,0,0,0,0,0
450760,1,1,1997,0,0,0,0,0,0,0,0,0,0
450761,1,1,1997,0,0,0,0,8,0,18,0,0,0
450761,2,1,1997,0,0,0,0,0,0,0,0,0,0
450762,1,1,1997,0,0,0,0,0,0,0,0,0,0
450763,0,1,1997,25,0,0,23,9,18,24,28,13,27
450763,1,1,1997,0,0,0,0,0,0,0,0,0,0
450764,0,1,1997,15,0,19,35,28,42,30,14,7,22
450764,1,1,1997,0,0,0,0,0,0,0,0,0,0
450765,1,1,1997,23,23,23,23,23,23,23,23,23,23
450766,1,1,1997,0,0,0,0,0,0,0,0,0,0
450767,1,1,1997,0,0,0,0,0,0,0,0,0,0
450767,2,1,1997,0,0,0,0,0,0,0,0,0,0
450768,1,1,1997,21,21,21,21,21,21,21,21,21,21
450768,2,1,1997,0,0,0,0,0,0,3,0,0,0
450768,3,1,1997,0,0,0,0,0,0,0,0,0,0
450769,1,1,1997,0,0,0,0,0,0,0,0,0,0
450769,2,1,1997,0,22,0,0,0,0,0,0,0,0
450770,1,1,1997,19,19,15,52,29,17,15,39,22,14
450771,0,1,1997,21,35,25,26,6,14,19,26,0,10
450771,1,1,1997,0,0,0,0,0,0,0,0,0,15
450772,1,1,1997,24,22,31,14,20,18,26,20,15,13
450773,1,1,1997,0,0,0,0,0,5,0,0,0,0
450773,2,1,1997,0,0,0,0,0,0,0,0,0,0
450774,1,1,1997,0,0,0,0,0,0,0,0,0,0
450774,2,1,1997,26,0,0,0,0,0,0,0,0,0
450775,1,1,1997,0,0,0,0,0,0,0,0,0,0
450775,2,1,1997,0,0,0,0,0,0,0,0,0,0
450776,1,1,1997,0,0,0,0,0,0,0,0,0,0
450776,2,1,1997,0,25,0,0,0,0,0,0,0,18
450777,1,1,1997,0,0,0,0,0,0,0,0,0,0
450778,1,1,1997,0,0,0,0,0,0,0,0,0,0
450778,2,2,1997,0,0,0,0,0,0,0,0,0,0
450779,1,1,1997,17,17,17,17,17,17,17,17,17,17
450780,1,1,1997,0,0,0,0,0,0,0,0,0,0
450781,1,1,1997,18,18,18,18,18,18,18,18,18,18
450782,1,1,1997,0,0,0,0,0,0,0,0,0,0
450782,2,1,1997,0,0,0,0,0,0,0,0,0,0
450783,1,1,1997,2,0,0,0,0,0,0,12,0,0
450784,1,1,1997,19,16,0,0,0,0,24,0,0,0
450785,1,1,1997,0,0,0,0,0,0,0,0,0,0
450786,1,1,1997,0,0,0,0,0,0,0,0,0,0
450786,2,1,1997,0,0,0,0,0,0,0,0,0,0
450786,3,1,1997,0,0,0,0,0,0,8,0,0,0
450787,1,1,1997,0,0,0,0,0,0,0,0,0,0
450787,2,1,1997,0,0,0,0,0,0,0,0,0,0
450788,1,1,1997,0,0,0,0,4,0,0,0,0,0
450789,1,1,1997,13,13,13,13,13,13,13,13,13,13
450790,1,1,1997,0,0,0,0,0,0,0,0,0,0
450790,2,1,1997,12,0,0,0,0,17,0,0,0,0
450791,1,1,1997,0,0,0,0,0,0,0,0,0,15
450791,2,1,1997,11,0,0,0,0,0,0,0,0,0
450792,1,1,1997,0,0,0,23,0,0,0,0,0,0
450792,2,1,1997,0,0,0,0,0,0,0,5,0,0
450793,1,1,1997,0,0,0,0,0,0,0,0,0,0
450793,2,1,1997,0,0,0,0,0,0,0,0,11,0
450794,1,1,1997,16,35,10,12,14,8,27,14,11,25
450795,1,1,1997,13,9,10,0,7,0,3,16,9,13
450795,2,1,1997,0,0,0,0,0,0,0,0,0,0
450796,1,1,1997,0,0,0,0,0,0,0,0,0,0
450797,1,1,1997,0,0,6,0,0,0,0,0,0,0
450797,2,1,1997,0,0,0,0,0,0,0,0,0,0
450798,1,1,1997,0,0,0,0,0,0,0,0,0,0
450798,2,1,1997,0,0,0,0,0,0,0,0,0,0
450798,3,1,1997,0,0,0,0,0,0,0,0,0,0
450799,1,1,1997,35,35,35,35,35,35,35,35,35,35
450800,0,1,1997,9,0,56,20,20,15,0,0,10,8
450800,0,2,1997,15,0,5,0,0,0,0,0,12,0
450800,1,1,1997,10,10,10,10,10,10,10,10,10,10
450801,1,1,1997,0,0,13,0,18,0,19,0,16,0
450802,1,1,1997,0,0,0,0,0,0,0,0,0,0
450802,2,1,1997,0,0,0,0,8,0,0,0,0,0
450802,3,1,1997,0,0,0,0,0,0,0,0,0,0
450803,1,1,1997,7,7,7,7,7,7,7,7,7,7
450804,0,1,1997,0,0,31,28,31,0,10,25,12,19
450804,1,1,1997,0,0,0,0,0,0,0,0,0,0
460001,1,1,1997,7,7,7,7,7,7,7,7,7,7
460001,2,1,1997,0,0,0,0,0,0,0,0,0,0
460002,1,1,1997,0,0,0,0,0,0,0,0,0,0
460002,2,1,1997,0,0,0,0,0,0,0,0,0,0
460003,0,1,1997,15,15,15,15,15,15,15,15,15,15
460003,1,1,1997,0,0,0,0,0,0,0,0,0,0
460004,1,1,1997,0,0,0,0,0,0,0,0,0,0
460004,2,1,1997,0,0,0,0,0,0,0,0,0,0
460005,1,1,1997,0,0,0,0,0,0,0,0,0,0
460006,1,1,1997,0,0,0,0,0,0,0,0,0,0
460006,2,1,1997,0,0,0,0,0,0,0,0,0,0
460006,3,1,1997,0,0,0,0,0,0,0,0,0,0
460006,4,1,1997,0,0,0,0,0,0,0,0,0,0
460007,1,1,1997,0,0,0,0,0,0,0,0,0,0
460007,2,1,1997,0,0,0,0,0,0,0,0,0,0
460008,1,1,1997,0,0,0,0,0,0,0,0,0,0
460008,2,1,1997,0,0,0,0,0,0,0,0,0,0
460009,1,1,1997,0,0,0,0,0,0,0,0,0,0
460009,2,1,1997,16,16,16,16,16,16,16,16,16,16
460010,1,1,1997,0,0,0,0,0,0,0,0,0,0
460011,1,1,1997,0,0,0,0,0,0,0,0,0,0
460012,1,1,1997,0,0,0,0,0,0,0,0,0,0
460013,1,1,1997,0,0,0,0,0,0,0,0,0,0
460014,1,1,1997,0,0,0,0,0,0,0,0,0,0
460015,1,1,1997,0,0,0,0,0,0,0,0,0,0
460015,2,1,1997,0,0,0,0,0,0,0,0,0,0
460016,1,1,1997,0,0,0,0,0,0,0,0,0,0
460016,2,1,1997,0,0,0,0,0,0,0,0,0,0
460017,1,1,1997,2,2,2,2,2,2,2,2,2,2
460017,2,1,1997,0,0,0,0,0,0,0,0,0,0
460018,0,1,1997,17,33,27,0,7,12,0,13,23,24
460018,1,1,1997,11,11,11,11,11,11,11,11,11,11
460019,1,1,1997,5,5,5,5,5,5,5,5,5,5
460020,1,1,1997,0,0,0,0,0,0,0,0,0,0
460021,1,1,1997,0,0,0,0,0,0,0,0,0,0
460022,1,1,1997,19,19,19,19,19,19,19,19,19,19
460023,1,2,1997,21,21,0,16,14,15,10,12,0,9
460024,1,1,1997,16,4,16,18,10,11,19,0,10,15
460024,2,1,1997,28,16,0,13,16,18,0,0,24,25
460025,1,1,1997,0,0,0,0,0,0,0,0,0,0
460025,2,1,1997,0,20,0,0,0,5,0,0,0,0
460025,3,1,1997,0,13,0,0,0,0,0,0,0,0
460025,4,1,1997,0,0,0,0,0,0,0,0,0,0
460026,1,1,1997,0,0,0,8,0,0,0,0,0,0
460026,2,1,1997,0,0,0,0,0,0,0,0,0,0
460027,1,1,1997,0,0,0,0,0,0,0,0,0,0
460027,2,1,1997,0,0,0,0,0,0,0,0,0,0
460028,1,1,1997,0,0,0,8,0,0,0,0,0,0
460028,2,1,1997,0,8,13,11,2,0,12,0,0,0
460029,1,1,1997,10,10,10,10,10,10,10,10,10,10
460030,1,1,1997,15,15,15,15,15,15,15,15,15,15
460031,1,1,1997,3,3,3,3,3,3,3,3,3,3
460031,2,1,1997,14,14,14,14,14,14,14,14,14,14
460032,1,1,1997,0,0,0,0,0,0,0,0,0,0
460033,1,1,1997,13,0,0,11,0,0,15,17,0,0
460034,1,1,1997,0,0,0,0,0,0,0,0,0,0
460034,2,1,1997,0,0,0,0,0,0,0,0,0,0
460035,1,1,1997,17,17,17,17,17,17,17,17,17,17
460036,0,1,1997,0,0,0,0,0,0,0,0,0,0
460036,1,1,1997,0,0,0,0,0,0,0,0,0,0
460037,1,1,1997,13,13,13,13,13,13,13,13,13,13
460038,1,1,1997,0,0,0,0,0,0,0,0,0,0
460039,0,1,1997,0,0,0,0,0,0,0,0,0,0
460039,1,1,1997,0,0,0,0,0,0,0,0,0,0
460040,1,1,1997,17,17,17,17,17,17,17,17,17,17
460041,1,1,1997,0,0,0,0,0,0,0,0,0,0
460041,2,1,1997,0,0,0,0,0,0,0,0,0,0
460042,1,1,1997,0,0,0,0,0,0,0,0,0,0
460043,1,1,1997,6,6,6,6,6,6,6,6,6,6
460044,1,1,1997,7,7,7,7,7,7,7,7,7,7
460045,1,1,1997,0,0,0,0,0,0,0,0,0,0
460046,1,1,1997,0,0,0,0,0,0,0,0,0,0
460047,1,1,1997,0,0,0,0,0,0,0,0,0,0
460047,2,1,1997,0,0,0,0,0,0,0,0,0,0
460048,1,1,1997,0,0,0,0,0,0,0,0,0,0
460049,1,1,1997,14,14,14,14,14,14,14,14,14,14
460050,1,1,1997,0,0,0,0,0,0,0,0,0,0
460050,2,1,1997,0,0,0,0,0,0,0,0,0,0
460051,1,1,1997,21,21,21,21,21,21,21,21,21,21
460052,1,1,1997,0,0,0,0,0,0,0,0,0,0
460052,2,1,1997,0,0,0,0,0,0,0,0,0,0
460053,1,1,1997,0,0,0,0,0,0,0,0,0,0
460054,1,1,1997,0,0,0,0,0,0,0,0,0,0
460055,1,1,1997,0,0,0,0,0,0,0,0,0,0
460056,1,1,1997,0,0,0,0,0,0,0,0,0,0
460056,2,1,1997,25,25,25,25,25,25,25,25,25,25
460057,1,1,1997,0,0,0,0,0,0,0,0,0,0
460058,0,1,1997,38,38,38,38,38,38,38,38,38,38
460058,1,1,1997,11,11,11,11,11,11,11,11,11,11
460059,1,1,1997,0,0,0,0,0,0,0,0,0,0
460059,2,1,1997,0,0,0,0,0,0,0,0,0,0
460060,1,1,1997,0,0,0,0,0,0,0,0,0,0
460061,1,1,1997,24,24,24,24,24,24,24,24,24,24
460062,1,1,1997,0,0,0,0,0,0,0,0,0,0
460062,2,1,1997,20,20,20,20,20,20,20,20,20,20
460063,1,1,1997,0,0,0,0,0,0,0,0,0,0
460064,1,1,1997,0,0,0,0,0,0,0,0,0,0
460065,1,1,1997,7,7,7,7,7,7,7,7,7,7
460065,2,1,1997,0,0,0,0,0,0,0,0,0,0
460066,1,1,1997,21,21,21,21,21,21,21,21,21,21
460066,2,1,1997,0,0,0,0,0,0,0,0,0,0
460067,1,1,1997,12,12,12,12,12,12,12,12,12,12
460068,1,1,1997,25,25,25,25,25,25,25,25,25,25
460069,1,1,1997,0,0,0,0,0,0,0,0,0,0
460069,2,1,1997,0,0,0,0,0,0,0,0,0,0
460070,1,1,1997,0,0,0,0,0,0,0,0,0,0
460070,2,1,1997,0,0,0,0,0,0,0,0,0,0
460071,1,1,1997,0,0,0,0,0,0,0,0,0,0
460071,2,1,1997,0,0,0,0,0,0,0,0,0,0
460071,3,1,1997,0,0,0,0,0,0,0,0,0,0
460072,1,1,1997,0,0,0,0,0,0,0,0,0,0
460073,1,1,1997,0,0,0,0,0,0,0,0,0,0
460073,2,1,1997,0,0,0,0,0,0,0,0,0,0
460074,1,1,1997,30,30,30,30,30,30,30,30,30,30
460075,1,1,1997,0,0,0,0,0,0,0,0,0,0
460075,2,1,1997,0,0,0,0,0,0,0,0,0,0
460075,3,1,1997,0,0,0,0,0,0,0,0,0,0
460076,1,1,1997,0,0,15,0,11,0,0,21,0,0
460076,2,1,1997,0,0,0,0,0,0,0,0,0,0
460077,1,1,1997,16,16,16,16,16,16,16,16,16,16
460078,1,1,1997,0,0,0,0,0,0,0,0,0,0
460078,2,1,1997,0,0,0,0,0,0,0,0,0,0
460079,1,1,1997,0,4,0,0,0,0,0,0,0,0
460079,2,1,1997,0,0,0,0,0,0,0,0,0,0
460080,1,1,1997,42,27,12,16,17,12,22,12,27,15
460081,1,1,1997,0,0,0,0,0,0,0,0,0,0
460082,1,1,1997,0,0,0,0,0,0,0,0,0,0
460083,1,1,1997,0,0,0,0,0,0,0,0,0,0
460083,2,1,1997,0,0,0,0,0,0,0,0,0,0
460084,1,1,1997,0,0,0,0,0,0,0,0,0,0
460084,2,1,1997,0,0,0,0,0,0,0,0,0,0
460085,1,1,1997,0,0,0,0,0,0,0,0,0,0
460085,2,1,1997,0,0,0,0,0,0,0,0,0,0
460086,1,1,1997,0,25,0,10,0,0,12,0,0,4
460087,1,1,1997,0,0,0,0,0,0,0,0,0,0
460088,1,1,1997,23,2,22,0,0,6,20,15,13,8
460089,1,1,1997,0,0,0,0,0,0,0,0,0,7
460090,1,1,1997,0,0,0,0,0,0,0,0,0,0
460091,1,1,1997,9,0,0,0,0,0,0,0,0,0
460091,2,1,1997,18,18,18,18,18,18,18,18,18,18
460092,1,1,1997,0,0,0,0,0,0,0,0,0,0
460093,1,1,1997,0,0,0,0,0,0,0,0,0,0
460094,1,1,1997,0,0,0,0,0,0,0,0,0,0
460094,2,1,1997,0,0,0,0,0,0,0,0,0,0
460095,1,1,1997,0,0,0,0,0,0,0,0,0,0
460096,1,1,1997,11,9,4,30,10,19,4,32,25,27
460097,1,1,1997,0,0,0,0,0,0,0,0,0,0
460097,2,1,1997,0,0,0,0,0,0,0,0,0,0
460098,0,1,1997,0,0,0,0,0,0,0,0,0,0
460098,1,1,1997,0,0,0,0,0,0,0,0,0,0
460099,1,1,1997,28,28,28,28,28,28,28,28,28,28
460099,2,1,1997,0,0,0,0,0,0,0,0,0,0
460100,1,1,1997,11,11,11,11,11,11,11,11,11,11
460101,1,1,1997,18,18,18,18,18,18,18,18,18,18
460102,1,1,1997,4,4,4,4,4,4,4,4,4,4
460103,1,1,1997,0,0,0,0,0,0,0,0,0,0
460103,2,1,1997,0,0,0,0,0,0,0,0,0,0
460104,1,1,1997,21,21,21,21,21,21,21,21,21,21
460105,1,1,1997,33,33,33,33,33,33,33,33,33,33
460106,1,1,1997,0,0,0,0,0,0,0,0,0,0
460107,1,1,1997,12,12,12,12,12,12,12,12,12,12
460108,1,1,1997,19,19,19,19,19,19,19,19,19,19
460109,1,1,1997,0,0,0,0,0,0,0,0,0,0
460109,2,1,1997,34,34,34,34,34,34,34,34,34,34
460110,1,1,1997,0,0,0,0,0,0,0,0,0,0
460111,1,1,1997,12,12,12,12,12,12,12,12,12,12
460112,1,1,1997,17,0,0,0,0,0,0,0,0,0
460113,1,1,1997,0,0,0,0,0,0,0,0,0,0
460113,2,1,1997,0,0,0,0,0,0,0,0,0,0
460114,1,1,1997,0,10,0,6,20,0,0,0,10,4
460114,2,1,1997,0,0,0,0,0,0,0,0,0,0
460115,1,1,1997,22,22,22,22,22,22,22,22,22,22
460116,1,1,1997,0,0,0,16,0,0,0,0,0,0
460117,1,1,1997,30,30,30,30,30,30,30,30,30,30
460118,1,1,1997,0,0,0,0,0,0,0,0,0,0
460119,0,1,1997,28,12,11,33,10,22,8,29,31,13
460119,0,2,1997,20,13,51,22,3,0,0,29,0,15
460119,1,1,1997,0,0,0,0,0,0,0,0,0,0
460120,1,1,1997,22,22,22,22,22,22,22,22,22,22
460121,1,1,1997,21,21,21,21,21,21,21,21,21,21
460122,1,1,1997,12,0,10,14,11,0,46,0,12,5
460123,1,1,1997,0,0,0,0,0,0,0,0,0,0
460124,1,1,1997,0,0,0,0,0,0,0,0,0,0
460124,2,1,1997,0,0,0,0,0,0,0,0,0,0
460125,1,1,1997,0,0,0,0,0,0,0,0,0,0
460126,1,1,1997,31,0,0,0,0,15,13,0,0,0
460127,1,1,1997,24,20,0,0,9,9,22,0,0,0
460128,1,1,1997,8,8,8,8,8,8,8,8,8,8
470001,0,1,1997,0,0,0,0,0,0,0,0,0,0
470001,1,1,1997,0,0,0,0,0,0,0,0,0,0
470002,1,1,1997,0,0,0,0,0,0,0,0,0,0
470003,1,1,1997,5,5,5,5,5,5,5,5,5,5
470004,1,1,1997,0,0,0,0,0,0,0,0,0,0
470004,2,1,1997,0,0,0,0,0,0,0,0,0,0
470005,1,1,1997,11,11,11,11,11,11,11,11,11,11
470006,1,1,1997,0,0,0,0,0,0,0,0,0,0
470007,1,1,1997,25,25,25,25,25,25,25,25,25,25
470008,1,1,1997,13,13,13,13,13,13,13,13,13,13
470009,1,1,1997,0,0,0,0,0,0,0,0,0,0
470009,2,1,1997,0,0,0,0,0,0,0,0,0,0
470010,1,1,1997,0,0,0,0,0,0,0,0,0,0
470010,2,1,1997,0,0,0,0,0,0,10,0,0,0
470011,0,1,1997,6,6,6,6,6,6,6,6,6,6
470011,1,1,1997,0,20,0,16,0,0,0,29,0,0
470012,1,1,1997,22,22,22,22,22,22,22,22,22,22
470013,1,1,1997,0,0,0,0,0,0,0,0,0,0
470014,1,1,1997,0,0,0,21,0,0,0,0,0,63
470014,2,1,1997,0,0,0,0,0,0,0,0,0,0
470014,3,1,1997,0,0,0,0,0,0,0,0,0,0
470015,1,1,1997,21,15,18,21,11,17,24,21,19,23
470016,1,1,1997,0,0,0,0,0,0,0,0,0,0
470017,1,1,1997,41,41,41,41,41,41,41,41,41,41
470017,2,1,1997,0,0,0,0,0,0,0,0,0,0
470018,1,1,1997,0,0,0,0,0,0,0,0,0,0
470018,2,1,1997,0,0,0,0,0,0,0,0,0,0
470019,1,1,1997,0,0,0,0,0,0,0,0,0,0
470020,1,1,1997,0,0,0,0,0,0,0,0,0,0
470020,2,1,1997,0,0,0,0,0,0,0,0,0,0
470021,1,1,1997,9,9,9,9,9,9,9,9,9,9
470022,1,1,1997,39,39,39,39,39,39,39,39,39,39
470023,1,1,1997,0,0,0,0,0,0,0,0,0,0
470023,2,1,1997,0,0,0,0,0,0,0,0,0,0
470024,1,1,1997,0,0,0,0,0,0,0,0,0,0
470024,2,1,1997,0,0,0,0,0,0,0,0,0,0
470025,1,1,1997,0,0,0,0,0,0,0,0,0,0
470025,2,1,1997,0,0,0,0,0,0,0,0,0,0
470026,1,1,1997,0,0,0,0,0,0,0,0,0,0
470026,2,1,1997,0,0,0,0,0,0,0,0,0,0
470027,1,1,1997,22,22,22,22,22,22,22,22,22,22
470028,0,1,1997,42,42,42,42,42,42,42,42,42,42
470028,1,1,1997,0,0,0,0,0,0,0,8,0,0
470029,0,1,1997,0,0,0,0,0,0,0,0,0,0
470029,1,1,1997,0,0,0,0,0,0,0,0,0,0
470030,1,1,1997,0,0,0,0,0,0,0,0,0,0
470031,1,1,1997,0,0,0,0,0,0,0,0,0,0
470031,2,1,1997,0,0,0,0,0,0,0,0,0,0
470032,1,1,1997,0,0,0,0,0,0,0,0,0,0
470032,2,1,1997,0,0,0,0,0,0,0,0,0,0
470033,1,1,1997,0,0,0,0,0,0,0,0,0,0
470034,1,1,1997,0,0,0,0,0,0,0,0,0,0
470035,1,1,1997,15,0,11,24,14,0,0,16,21,0
470036,1,1,1997,0,0,0,0,0,0,0,0,0,0
470037,1,1,1997,19,19,19,19,19,19,19,19,19,19
470037,2,1,1997,0,0,0,0,0,0,0,0,0,0
470038,1,1,1997,27,0,0,18,0,20,18,24,14,0
470039,1,1,1997,0,0,0,0,0,0,0,0,0,0
470039,2,1,1997,0,0,0,0,0,0,0,0,0,0
470040,1,1,1997,6,14,14,18,0,16,4,12,23,0
470040,2,1,1997,0,0,0,0,22,0,0,0,0,0
470041,1,1,1997,16,16,16,16,16,16,16,16,16,16
470041,2,1,1997,0,0,0,0,0,0,0,0,0,0
470042,1,1,1997,0,0,0,0,0,0,0,0,0,0
470043,1,1,1997,0,0,0,0,0,0,0,0,0,0
470044,1,1,1997,5,5,5,5,5,5,5,5,5,5
470044,2,1,1997,0,0,0,0,0,0,0,0,0,0
470045,1,1,1997,28,28,28,28,28,28,28,28,28,28
470046,1,1,1997,0,0,0,0,0,0,0,0,0,0
470046,2,1,1997,0,0,0,0,0,0,0,0,0,0
470046,3,1,1997,0,0,0,0,0,0,0,0,0,0
470047,1,1,1997,16,16,16,16,16,16,16,16,16,16
470048,1,1,1997,17,15,26,10,9,0,8,18,27,16
470049,1,1,1997,6,0,0,0,0,0,0,0,0,0
470050,1,1,1997,0,0,0,0,0,0,0,0,0,0
470050,2,1,1997,0,0,0,0,0,0,0,0,0,0
470051,1,1,1997,14,14,14,14,14,14,14,14,14,14
470052,1,1,1997,0,0,0,0,0,0,0,0,0,0
470052,2,1,1997,0,0,0,0,0,0,0,0,0,0
470053,1,1,1997,19,19,19,19,19,19,19,19,19,19
470053,2,1,1997,0,0,0,0,0,0,0,0,0,0
470053,3,1,1997,5,0,0,0,0,0,0,0,0,0
470054,1,1,1997,26,26,26,26,26,26,26,26,26,26
470054,2,1,1997,0,0,0,0,0,0,0,0,0,0
470055,1,1,1997,21,3,16,13,13,17,0,17,32,11
470056,1,1,1997,0,0,0,0,0,0,6,0,0,0
470056,2,1,1997,11,11,11,11,11,11,11,11,11,11
470057,0,1,1997,0,0,0,0,0,0,0,0,0,0
470057,1,1,1997,0,0,0,0,0,0,0,0,0,19
470058,1,1,1997,0,0,0,0,0,0,0,0,0,0
470058,2,1,1997,0,0,0,0,0,0,0,0,0,0
470058,3,1,1997,0,0,0,0,0,0,0,0,0,0
470058,4,1,1997,0,0,0,0,0,0,0,0,0,0
470059,0,1,1997,30,30,30,30,30,30,30,30,30,30
470059,1,1,1997,0,0,0,0,0,0,0,0,0,0
470060,0,1,1997,0,0,0,0,0,0,0,0,26,0
470060,1,1,1997,0,0,0,0,0,0,0,0,0,0
470061,1,1,1997,0,0,0,0,0,0,0,0,0,0
470061,2,1,1997,0,0,5,0,0,0,0,0,12,0
470062,0,1,1997,21,21,21,21,21,21,21,21,21,21
470062,1,1,1997,0,0,0,0,0,0,0,0,0,0
470063,1,1,1997,0,0,0,0,0,0,0,0,0,0
470064,1,1,1997,0,0,0,0,0,0,0,0,0,0
470064,2,1,1997,0,0,0,0,0,0,0,0,0,0
470064,3,1,1997,0,0,0,15,0,0,0,0,0,0
470065,0,1,1997,4,4,4,4,4,4,4,4,4,4
470065,2,1,1997,0,0,0,0,0,0,0,0,0,0
470066,1,1,1997,16,0,0,0,0,17,0,0,0,36
470067,1,1,1997,21,21,21,21,21,21,21,21,21,21
470068,1,1,1997,0,0,0,0,0,0,0,0,0,0
470068,2,1,1997,0,13,0,0,0,0,0,0,0,0
470069,1,1,1997,0,0,0,0,0,0,0,0,0,0
470069,2,1,1997,0,0,0,0,0,0,0,0,0,0
470070,1,1,1997,25,25,25,25,25,25,25,25,25,25
470071,1,1,1997,23,23,23,23,23,23,23,23,23,23
470072,0,1,1997,31,0,15,0,0,0,0,0,0,0
470072,1,1,1997,0,0,0,0,0,0,0,0,0,0
470073,1,1,1997,0,0,0,0,0,0,0,0,0,0
470073,2,1,1997,0,0,0,0,0,0,0,0,0,0
470074,0,1,1997,0,0,0,0,0,0,0,0,0,0
470074,1,1,1997,0,0,0,0,0,0,0,0,0,0
470075,1,1,1997,27,27,27,27,27,27,27,27,27,27
470075,2,1,1997,0,0,0,0,0,0,0,0,0,0
470075,3,1,1997,13,0,0,0,0,0,18,0,0,0
470076,1,1,1997,25,25,25,25,25,25,25,25,25,25
470076,2,1,1997,0,24,0,0,0,0,0,0,0,0
470076,3,1,1997,0,0,0,0,0,0,0,0,0,0
470077,0,1,1997,33,11,20,0,12,11,0,0,24,27
470077,1,1,1997,0,0,0,0,0,0,0,14,0,0
470078,1,1,1997,5,5,5,5,5,5,5,5,5,5
470078,2,1,1997,17,17,17,17,17,17,17,17,17,17
470079,1,1,1997,2,2,2,2,2,2,2,2,2,2