ST_CASE,VEH_NO,PER_NO,YEAR,P1,P2,P3,P4,P5,P6,P7,P8,P9,P10
470666,1,1,1997,18,18,18,18,18,18,18,18,18,18
470667,1,1,1997,0,0,0,0,0,0,0,0,0,0
470668,1,1,1997,0,0,0,0,0,0,0,0,0,0
470668,2,1,1997,0,0,0,0,0,0,0,0,0,0
470669,1,1,1997,0,0,0,0,0,0,0,0,0,0
470669,2,1,1997,0,0,0,0,0,0,0,13,0,0
470670,1,1,1997,0,0,0,0,0,0,0,0,0,0
470671,1,1,1997,0,0,0,0,0,0,0,0,0,0
470672,1,1,1997,0,0,0,0,0,0,0,0,0,0
470673,1,1,1997,1,1,1,1,1,1,1,1,1,1
470674,1,1,1997,0,0,0,0,0,0,0,0,0,0
470675,1,1,1997,23,23,23,23,23,23,23,23,23,23
470676,1,1,1997,0,0,0,0,0,0,0,0,0,0
470677,0,1,1997,3,3,3,3,3,3,3,3,3,3
470677,1,1,1997,0,0,0,0,0,0,0,0,0,0
470678,1,1,1997,0,0,0,0,0,0,0,0,0,0
470679,0,1,1997,26,26,26,26,26,26,26,26,26,26
470679,1,1,1997,8,8,8,8,8,8,8,8,8,8
470680,1,1,1997,0,0,0,0,0,0,0,0,0,0
470681,1,1,1997,0,0,0,0,0,0,0,0,0,0
470681,2,1,1997,0,0,0,0,0,0,0,0,0,0
470682,1,1,1997,0,0,0,0,0,0,0,0,0,0
470682,2,1,1997,22,22,22,22,22,22,22,22,22,22
470683,1,1,1997,0,0,0,0,0,0,0,0,0,0
470684,1,1,1997,0,0,0,0,0,0,0,0,0,0
470686,1,1,1997,0,0,0,0,0,0,0,0,0,0
470686,2,1,1997,0,0,0,0,0,0,0,0,0,0
470687,1,1,1997,19,19,19,19,19,19,19,19,19,19
470688,1,1,1997,25,25,25,25,25,25,25,25,25,25
470689,0,1,1997,0,0,0,0,0,0,0,0,0,0
470689,1,1,1997,0,0,0,0,0,0,0,0,0,0
470690,1,1,1997,0,0,0,0,0,0,0,0,0,0
470690,2,1,1997,0,0,0,0,0,0,0,0,0,0
470691,1,1,1997,0,0,0,0,0,0,0,0,0,0
470691,2,1,1997,21,21,21,21,21,21,21,21,21,21
470692,1,1,1997,22,0,15,0,26,9,0,18,14,0
470693,0,1,1997,17,17,17,17,17,17,17,17,17,17
470693,1,1,1997,0,33,0,0,0,0,0,0,0,0
470694,1,1,1997,0,0,0,0,0,0,0,0,0,0
470694,2,1,1997,0,0,0,0,0,0,0,0,0,0
470694,3,1,1997,0,0,0,0,0,0,0,0,0,0
470695,1,1,1997,0,0,0,0,0,0,0,0,0,0
470695,2,1,1997,0,0,0,0,0,0,0,0,0,0
470696,0,1,1997,0,0,0,0,0,0,0,0,0,0
470696,1,1,1997,0,0,0,0,0,0,0,0,0,0
470697,1,1,1997,0,0,0,0,0,0,0,0,0,0
470698,1,1,1997,0,0,0,0,0,0,0,0,0,0
470699,1,1,1997,21,21,21,21,21,21,21,21,21,21
470699,2,1,1997,0,0,0,0,0,0,0,0,0,0
470700,1,1,1997,0,0,0,0,0,0,0,0,0,0
470701,1,1,1997,22,22,22,22,22,22,22,22,22,22
470702,1,1,1997,0,0,0,0,0,0,0,0,0,0
470702,2,1,1997,0,0,0,0,0,0,0,0,0,0
470702,3,1,1997,0,0,0,0,0,0,0,0,0,0
470703,1,1,1997,28,6,19,26,15,25,28,36,9,25
470703,2,1,1997,8,15,0,0,0,22,16,21,0,0
470704,1,1,1997,0,0,0,0,0,0,0,0,0,0
470704,2,1,1997,0,0,0,0,0,0,0,0,0,0
470705,1,1,1997,0,0,0,0,0,0,0,0,0,0
470705,2,1,1997,0,0,0,0,0,0,0,0,0,0
470706,1,1,1997,0,0,0,0,0,0,0,0,0,0
470707,0,1,1997,0,0,0,0,0,0,0,0,0,0
470707,1,1,1997,0,0,0,0,0,0,0,0,0,0
470708,1,1,1997,27,27,27,27,27,27,27,27,27,27
470708,2,1,1997,0,0,0,0,0,0,0,0,0,0
470709,1,1,1997,0,9,0,0,0,0,0,0,0,0
470709,2,1,1997,0,0,0,0,0,0,0,0,0,0
470710,1,1,1997,0,0,0,0,0,0,0,0,0,0
470710,2,1,1997,0,0,0,0,0,0,0,0,0,0
470711,1,1,1997,15,26,19,20,11,19,14,14,28,8
470712,1,1,1997,0,0,0,0,0,0,0,0,0,0
470712,2,1,1997,0,0,0,0,0,0,0,0,0,0
470713,0,1,1997,0,0,0,0,0,0,0,0,0,0
470713,1,1,1997,0,0,0,0,20,0,0,0,0,0
470714,1,1,1997,4,4,4,4,4,4,4,4,4,4
470714,2,1,1997,0,0,0,0,0,0,0,0,0,0
470715,1,1,1997,0,0,0,0,0,0,0,0,0,0
470716,1,1,1997,0,0,0,0,0,0,0,0,0,0
470716,2,1,1997,0,0,0,0,0,0,0,0,0,0
470717,0,1,1997,0,0,0,0,0,0,0,0,0,0
470717,1,1,1997,19,19,19,19,19,19,19,19,19,19
470718,0,1,1997,2,2,2,2,2,2,2,2,2,2
470718,1,1,1997,0,0,0,0,0,0,0,0,0,0
470719,1,1,1997,0,0,0,0,0,0,0,0,0,0
470719,2,1,1997,0,0,0,0,0,0,0,0,0,0
470719,3,1,1997,0,0,0,0,0,0,0,0,0,0
470719,4,1,1997,0,0,0,0,0,0,0,0,0,0
470720,1,1,1997,0,0,0,0,0,0,0,0,0,0
470721,0,1,1997,0,0,0,0,0,0,0,0,0,0
470721,1,1,1997,0,0,0,0,0,0,0,0,0,0
470722,1,1,1997,0,0,0,0,0,0,0,0,0,0
470723,0,1,1997,0,0,0,0,0,0,0,0,0,0
470723,1,1,1997,0,0,0,0,0,0,0,0,0,0
470724,1,1,1997,0,0,0,0,0,0,0,0,0,0
470724,2,1,1997,0,0,0,0,0,0,0,0,0,0
470726,1,1,1997,9,9,9,9,9,9,9,9,9,9
470727,1,1,1997,0,0,0,0,0,0,0,0,0,0
470727,2,1,1997,0,0,0,0,0,0,0,0,0,0
470728,1,1,1997,0,0,0,0,0,0,0,0,0,0
470728,2,1,1997,0,0,0,0,0,0,0,0,0,0
470729,1,1,1997,0,0,0,0,0,0,0,0,0,0
470730,1,1,1997,0,0,0,0,0,0,0,0,0,0
470730,2,1,1997,0,0,0,0,0,0,0,0,0,0
470731,1,1,1997,0,0,0,0,0,22,0,0,0,0
470731,2,1,1997,0,0,0,0,0,0,0,0,0,0
470732,1,1,1997,0,0,0,0,0,0,0,0,0,0
470732,2,1,1997,0,0,12,0,31,0,0,0,0,0
470733,1,1,1997,0,0,0,0,0,10,0,26,0,0
470734,1,1,1997,0,0,0,0,0,0,0,0,0,0
470735,1,1,1997,0,0,0,0,0,0,0,0,0,0
470736,1,1,1997,0,0,0,0,0,0,0,0,0,0
470736,2,1,1997,0,0,0,0,0,0,0,0,0,0
470737,1,1,1997,0,0,0,0,0,0,0,0,0,0
470737,2,1,1997,0,0,0,0,0,0,0,0,0,0
470738,1,1,1997,0,0,0,0,0,0,0,11,0,0
470739,1,1,1997,0,0,0,0,0,0,0,0,0,0
470741,1,1,1997,0,14,16,0,0,0,0,0,0,0
470742,1,1,1997,24,24,24,24,24,24,24,24,24,24
470743,1,1,1997,0,0,0,0,0,0,0,0,0,0
470743,2,1,1997,0,0,0,0,0,0,0,0,0,0
470744,1,1,1997,35,35,35,35,35,35,35,35,35,35
470745,1,1,1997,0,0,0,2,0,0,0,0,0,0
470746,1,1,1997,0,0,0,0,0,0,0,0,0,0
470746,2,1,1997,0,0,0,0,0,0,0,0,0,0
470747,1,1,1997,0,0,0,0,0,0,0,0,0,0
470747,2,1,1997,0,0,0,0,0,0,0,0,0,0
470748,1,1,1997,0,0,0,0,0,0,0,0,0,0
470748,2,1,1997,25,25,25,25,25,25,25,25,25,25
470749,0,1,1997,29,29,29,29,29,29,29,29,29,29
470749,1,1,1997,0,0,0,22,0,0,0,0,0,0
470750,1,1,1997,11,11,11,11,11,11,11,11,11,11
470750,2,1,1997,0,0,0,0,0,0,0,0,0,0
470751,1,1,1997,0,0,0,0,0,0,0,0,0,0
470751,2,1,1997,0,0,0,0,0,0,0,0,0,0
470752,1,1,1997,29,0,19,32,0,0,0,0,0,17
470753,1,1,1997,0,0,0,0,0,0,0,0,0,0
470754,1,1,1997,0,0,0,0,0,0,0,0,0,0
470754,2,1,1997,0,0,0,0,0,0,0,0,0,0
470755,1,1,1997,0,0,0,0,0,0,0,0,0,0
470755,2,1,1997,0,0,0,0,0,0,0,0,0,0
470756,0,1,1997,32,32,32,32,32,32,32,32,32,32
470756,1,1,1997,0,0,0,0,0,0,0,0,0,0
470757,1,1,1997,12,12,12,12,12,12,12,12,12,12
470758,1,1,1997,21,21,21,21,21,21,21,21,21,21
470759,1,1,1997,0,0,0,0,0,0,0,0,0,0
470759,2,1,1997,0,0,0,0,0,0,0,0,0,0
470760,1,1,1997,0,0,0,7,5,0,0,0,10,0
470760,2,1,1997,0,0,0,0,0,0,0,0,0,0
470761,1,1,1997,0,0,0,0,0,0,0,0,0,0
470761,2,1,1997,0,0,0,0,0,0,0,0,0,0
470762,1,1,1997,0,0,0,0,0,0,0,0,0,0
470762,2,1,1997,0,0,0,0,0,0,0,0,0,0
470763,1,1,1997,0,0,0,0,0,0,0,0,0,0
470764,1,1,1997,0,0,0,0,0,0,0,0,0,0
470765,0,1,1997,7,19,0,20,0,2,0,13,0,0
470765,1,1,1997,11,17,7,19,12,12,15,20,14,13
470766,1,1,1997,0,12,0,0,0,0,0,0,0,0
470766,2,1,1997,0,0,0,0,0,0,19,0,0,0
470767,1,1,1997,0,0,0,0,0,0,0,0,0,0
470768,0,1,1997,16,12,16,24,13,28,6,18,16,5
470768,1,1,1997,0,0,0,0,0,0,0,0,0,0
470769,1,1,1997,21,21,21,21,21,21,21,21,21,21
470771,1,1,1997,0,0,0,0,0,0,0,0,0,0
470771,2,1,1997,0,0,0,0,0,0,0,0,0,0
470772,1,1,1997,0,0,0,0,0,0,0,0,0,0
470772,2,1,1997,0,0,0,0,0,0,0,0,0,0
470773,1,1,1997,0,10,0,0,0,0,0,0,0,0
470774,1,1,1997,7,7,7,7,7,7,7,7,7,7
470775,1,1,1997,25,25,25,25,25,25,25,25,25,25
470776,1,1,1997,18,18,18,18,18,18,18,18,18,18
470776,2,1,1997,0,0,0,0,0,0,0,0,0,0
470777,1,1,1997,0,0,0,0,0,0,0,0,0,0
470777,2,1,1997,0,0,0,0,0,0,0,0,0,0
470778,0,1,1997,0,0,0,0,0,0,0,0,0,0
470778,1,1,1997,0,0,0,0,0,0,0,0,0,0
470779,1,1,1997,26,26,26,26,26,26,26,26,26,26
470780,1,1,1997,0,0,0,0,0,0,0,0,0,0
470780,2,1,1997,0,0,0,0,0,0,0,0,0,0
470781,0,1,1997,0,0,0,0,0,0,0,0,0,0
470781,1,1,1997,0,0,0,0,0,0,0,0,0,0
470782,1,1,1997,0,0,0,0,0,0,0,0,0,0
470782,2,1,1997,0,0,0,0,0,0,0,0,0,0
470783,1,1,1997,0,0,0,0,0,0,0,0,0,0
470783,2,1,1997,0,0,0,0,0,0,0,0,0,0
470784,0,1,1997,0,0,0,0,0,0,0,0,0,0
470784,0,2,1997,0,0,0,0,0,0,0,0,0,0
470784,1,1,1997,0,19,12,33,0,9,11,0,0,0
470785,1,1,1997,21,21,21,21,21,21,21,21,21,21
470786,1,1,1997,0,0,0,0,0,0,0,0,0,0
470786,2,1,1997,0,0,0,0,0,0,0,0,0,0
470786,3,1,1997,0,0,0,0,0,0,0,0,0,0
470787,1,1,1997,0,0,0,0,0,0,0,0,0,0
470787,2,1,1997,0,0,0,0,0,6,0,0,0,0
470788,1,1,1997,0,0,0,0,0,0,0,0,0,0
470788,2,1,1997,15,0,8,0,0,24,2,0,19,0
470789,1,1,1997,0,0,0,0,0,0,0,0,0,0
470789,2,1,1997,0,0,0,0,0,0,0,0,0,0
470790,1,1,1997,0,0,0,0,0,0,0,0,0,0
470791,1,1,1997,0,0,0,0,0,0,0,0,0,0
470791,2,1,1997,0,0,0,0,0,0,0,0,0,0
470791,3,1,1997,0,0,0,0,0,0,0,0,0,0
470792,1,1,1997,0,0,0,0,0,0,0,0,0,0
470792,2,1,1997,0,0,0,0,0,0,0,0,0,0
470793,1,1,1997,0,0,0,0,0,0,0,0,0,0
470793,2,1,1997,0,0,0,0,0,0,0,0,0,0
470794,1,1,1997,0,0,0,0,0,0,0,0,0,0
470795,1,1,1997,0,0,0,0,0,0,0,0,0,0
470795,2,1,1997,0,0,0,0,0,0,0,0,0,0
470796,1,1,1997,22,22,22,22,22,22,22,22,22,22
470797,1,1,1997,0,0,0,0,0,0,0,0,0,0
470798,1,1,1997,0,0,0,0,0,0,0,0,0,0
470798,2,1,1997,0,0,0,0,0,0,0,0,0,0
470799,1,1,1997,0,0,0,0,0,0,0,0,0,0
470799,2,1,1997,0,0,0,0,0,0,0,0,0,0
470800,1,1,1997,13,13,13,13,13,13,13,13,13,13
470801,1,1,1997,3,3,3,3,3,3,3,3,3,3
470802,0,1,1997,34,34,34,34,34,34,34,34,34,34
470802,1,1,1997,18,9,9,8,13,16,14,4,15,10
470803,1,1,1997,5,5,5,5,5,5,5,5,5,5
470804,1,1,1997,0,0,0,0,0,0,0,0,0,0
470805,1,1,1997,0,0,0,0,0,0,0,0,0,0
470805,2,1,1997,16,16,16,16,16,16,16,16,16,16
470807,1,1,1997,0,0,0,0,0,0,0,0,0,0
470808,1,1,1997,0,0,0,0,0,0,0,0,0,0
470808,2,1,1997,0,0,0,0,0,0,0,0,0,0
470809,0,1,1997,0,0,0,0,0,0,0,0,0,0
470809,1,1,1997,0,0,0,0,0,0,0,0,0,0
470810,1,1,1997,0,0,0,0,0,0,0,0,0,0
470810,2,1,1997,29,29,29,29,29,29,29,29,29,29
470811,1,1,1997,26,26,26,26,26,26,26,26,26,26
470812,1,1,1997,0,0,0,0,0,0,0,0,0,0
470812,2,1,1997,0,0,0,0,0,0,0,0,0,0
470813,1,1,1997,0,0,0,8,0,0,20,0,0,13
470814,1,1,1997,0,0,0,0,0,0,0,0,0,0
470815,1,1,1997,0,0,0,0,0,0,0,0,0,0
470816,1,1,1997,0,0,0,0,0,0,0,0,0,0
470816,2,1,1997,23,23,23,23,23,23,23,23,23,23
470816,3,1,1997,0,0,0,0,22,0,0,0,0,0
470816,4,1,1997,0,0,0,0,0,0,0,0,0,0
470817,1,1,1997,17,25,13,22,28,14,22,18,19,8
470818,0,1,1997,0,11,7,8,0,0,15,0,0,6
470818,0,2,1997,0,0,0,0,0,0,0,0,0,17
470818,0,3,1997,0,0,21,23,0,0,0,33,0,0
470818,0,4,1997,20,20,20,20,20,20,20,20,20,20
470818,1,1,1997,0,0,0,0,0,0,0,0,0,0
470819,1,1,1997,0,0,0,0,0,0,0,0,0,0
470819,2,1,1997,0,0,0,0,0,0,0,0,0,0
470820,1,1,1997,0,4,17,6,17,12,15,22,16,14
470820,2,1,1997,0,0,0,0,0,0,0,0,0,0
470821,1,1,1997,6,6,6,6,6,6,6,6,6,6
470822,1,1,1997,7,7,7,7,7,7,7,7,7,7
470822,2,1,1997,12,12,12,12,12,12,12,12,12,12
470823,0,1,1997,0,0,0,0,0,0,0,0,0,0
470823,1,1,1997,0,0,0,0,0,0,0,0,0,0
470824,1,1,1997,3,3,3,3,3,3,3,3,3,3
470824,2,1,1997,0,0,0,0,0,0,0,0,0,0
470825,0,1,1997,0,0,0,0,0,0,0,0,0,0
470825,1,1,1997,0,0,0,0,0,0,0,0,0,0
470826,1,1,1997,0,0,0,0,0,0,0,0,0,0
470826,2,1,1997,0,0,0,0,0,0,0,0,0,0
470827,1,1,1997,0,0,0,0,0,0,0,0,0,0
470827,2,1,1997,0,0,0,0,0,0,0,0,0,0
470828,1,1,1997,12,12,12,12,12,12,12,12,12,12
470829,1,1,1997,11,11,11,11,11,11,11,11,11,11
470830,1,1,1997,0,0,0,0,0,0,0,0,0,0
470831,1,1,1997,12,12,12,12,12,12,12,12,12,12
470832,1,1,1997,15,15,15,15,15,15,15,15,15,15
470833,1,1,1997,0,0,0,0,0,0,0,0,0,0
470833,2,1,1997,0,0,0,0,0,19,0,0,0,0
470834,1,1,1997,16,16,16,16,16,16,16,16,16,16
470834,2,1,1997,0,0,0,0,0,0,0,0,0,0
470834,3,1,1997,0,20,0,0,19,0,7,0,0,0
470835,1,1,1997,0,0,0,0,0,0,0,0,0,0
470835,2,1,1997,0,0,0,0,0,0,0,0,0,0
470836,1,1,1997,11,11,11,11,11,11,11,11,11,11
470837,1,1,1997,0,0,0,0,0,0,0,0,0,0
470837,2,1,1997,0,0,0,0,0,0,0,0,0,0
470838,0,1,1997,13,13,13,13,13,13,13,13,13,13
470838,1,1,1997,0,0,0,0,0,0,0,0,0,0
470839,1,1,1997,0,0,0,0,0,0,0,0,0,0
470840,1,1,1997,0,0,0,0,0,0,0,0,0,0
470841,1,1,1997,17,17,17,17,17,17,17,17,17,17
470842,1,1,1997,0,0,0,0,20,0,28,9,0,10
470842,2,1,1997,0,0,0,0,0,0,0,0,0,0
470843,1,1,1997,0,0,0,0,0,0,0,0,0,0
470843,2,1,1997,0,0,0,0,0,0,0,0,0,0
470844,1,1,1997,0,0,0,0,0,0,0,0,0,0
470844,2,1,1997,32,32,32,32,32,32,32,32,32,32
470845,1,1,1997,14,14,14,14,14,14,14,14,14,14
470846,1,1,1997,0,0,0,0,0,0,0,0,0,0
470846,2,1,1997,0,0,0,0,0,0,0,9,0,0
470847,1,1,1997,0,0,0,0,0,0,0,0,0,0
470847,2,1,1997,0,0,0,0,0,0,0,4,0,0
470848,1,1,1997,16,16,16,16,16,16,16,16,16,16
470849,1,1,1997,0,0,0,0,0,0,0,0,0,0
470849,2,1,1997,0,0,0,0,0,0,0,0,0,0
470850,1,1,1997,26,26,26,26,26,26,26,26,26,26
470851,1,1,1997,0,0,0,0,0,0,0,0,0,0
470851,2,1,1997,0,0,0,0,0,0,0,0,0,0
470852,1,1,1997,0,0,0,0,0,0,0,0,0,0
470853,1,1,1997,10,10,10,10,10,10,10,10,10,10
470853,2,1,1997,0,0,0,0,0,0,0,0,0,0
470854,1,1,1997,27,27,27,27,27,27,27,27,27,27
470855,1,1,1997,23,23,23,23,23,23,23,23,23,23
470855,2,1,1997,0,0,0,0,0,0,0,0,0,0
470856,1,1,1997,27,27,27,27,27,27,27,27,27,27
470857,1,1,1997,0,0,0,0,13,21,0,0,0,0
470858,1,1,1997,0,0,0,0,0,0,0,0,0,0
470858,2,1,1997,16,16,16,16,16,16,16,16,16,16
470859,1,1,1997,0,0,0,0,0,0,0,0,0,0
470859,2,1,1997,0,0,0,0,0,0,0,0,0,0
470860,0,1,1997,0,0,0,0,0,0,0,0,0,0
470860,1,1,1997,0,0,0,0,0,0,0,0,0,0
470861,1,1,1997,0,0,0,0,0,0,0,0,0,0
470861,2,1,1997,0,0,0,0,0,0,0,0,0,0
470862,0,1,1997,24,24,24,24,24,24,24,24,24,24
470862,1,1,1997,0,0,0,0,0,0,0,0,0,0
470863,1,1,1997,24,24,24,24,24,24,24,24,24,24
470863,2,1,1997,0,0,0,0,0,0,0,0,0,0
470864,1,1,1997,0,0,0,0,0,0,0,0,0,0
470864,2,1,1997,0,0,0,0,0,0,0,0,0,0
470864,3,1,1997,0,0,0,0,0,0,0,0,0,0
470865,1,1,1997,18,18,18,18,18,18,18,18,18,18
470866,1,1,1997,32,32,32,32,32,32,32,32,32,32
470866,2,1,1997,10,0,0,0,0,0,0,0,0,0
470867,0,1,1997,0,12,0,0,0,0,0,0,0,0
470867,0,2,1997,0,0,0,9,0,31,0,7,0,0
470867,0,3,1997,0,0,0,0,0,0,0,0,0,0
470867,1,1,1997,26,26,26,26,26,26,26,26,26,26
470868,0,1,1997,10,10,10,10,10,10,10,10,10,10
470868,1,1,1997,0,0,0,0,0,0,0,0,0,0
470869,1,1,1997,0,0,0,0,0,0,0,0,0,0
470869,2,1,1997,0,0,0,0,0,0,0,0,0,0
470869,3,1,1997,0,0,0,0,0,0,0,0,0,0
470870,1,1,1997,32,32,32,32,32,32,32,32,32,32
470871,1,1,1997,0,0,0,0,0,0,0,0,0,0
470871,2,1,1997,0,0,0,0,0,0,0,0,0,0
470872,1,1,1997,0,0,0,0,0,0,0,0,0,0
470873,1,1,1997,0,0,0,0,0,0,0,0,0,0
470873,2,1,1997,0,0,0,0,0,0,0,0,0,0
470873,3,1,1997,0,0,16,0,0,0,0,0,0,0
470874,1,1,1997,25,20,17,18,0,0,12,0,0,0
470875,1,1,1997,26,26,26,26,26,26,26,26,26,26
470875,2,1,1997,0,0,0,0,0,0,0,0,0,0
470875,3,1,1997,0,0,0,0,0,0,0,0,0,0
470876,0,1,1997,0,0,0,0,0,0,0,0,0,0
470876,1,1,1997,0,0,0,0,0,0,0,0,0,0
470877,1,1,1997,0,0,0,0,0,0,0,0,0,0
470877,2,1,1997,0,0,0,0,0,0,0,0,0,0
470878,1,1,1997,0,0,0,0,0,0,0,0,0,0
470878,2,1,1997,0,0,0,0,0,0,0,0,0,0
470879,1,1,1997,6,6,6,6,6,6,6,6,6,6
470879,2,1,1997,0,0,0,0,23,0,0,0,0,0
470880,0,1,1997,0,0,0,0,0,0,0,0,0,0
470880,1,1,1997,0,0,0,0,0,0,0,0,0,0
470881,1,1,1997,0,0,0,0,0,0,0,0,0,0
470881,2,1,1997,0,0,0,25,0,0,0,0,0,0
470881,3,1,1997,0,0,0,0,0,0,0,0,0,0
470882,1,1,1997,24,24,24,24,24,24,24,24,24,24
470883,1,1,1997,15,15,15,15,15,15,15,15,15,15
470884,1,1,1997,30,30,30,30,30,30,30,30,30,30
470885,1,1,1997,0,0,0,0,0,0,0,0,0,0
470885,2,1,1997,0,0,0,0,0,0,0,0,0,0
470885,3,1,1997,0,0,0,0,0,0,0,0,0,0
470886,1,1,1997,12,37,14,21,4,16,37,20,7,21
470886,2,1,1997,0,0,0,0,0,0,0,0,0,0
470887,1,1,1997,15,15,15,15,15,15,15,15,15,15
470887,2,1,1997,0,0,0,0,0,0,0,0,0,0
470888,1,1,1997,0,0,0,0,0,0,0,0,0,0
470888,2,1,1997,0,0,0,0,0,0,0,0,0,0
470889,1,1,1997,0,0,0,0,0,0,0,0,0,0
470889,2,1,1997,0,0,0,0,0,0,0,0,0,0
470890,1,1,1997,3,3,3,3,3,3,3,3,3,3
470890,2,1,1997,0,0,0,0,0,0,0,0,0,0
470891,1,1,1997,34,0,17,25,13,11,9,21,11,28
470892,1,1,1997,20,20,20,20,20,20,20,20,20,20
470893,1,1,1997,0,0,0,0,0,0,0,0,0,0
470894,1,1,1997,0,0,0,0,0,0,0,0,0,0
470894,2,1,1997,0,0,0,0,0,0,0,0,0,0
470895,1,1,1997,21,21,21,21,21,21,21,21,21,21
470896,1,1,1997,0,0,0,0,0,0,0,0,0,0
470896,2,1,1997,0,0,0,0,0,0,0,0,0,0
470897,1,1,1997,0,0,0,0,0,0,0,0,0,0
470898,1,1,1997,0,0,0,0,0,0,0,0,0,0
470899,1,1,1997,0,0,0,0,0,0,0,0,0,0
470899,2,1,1997,0,0,0,0,0,0,0,0,0,0
470900,1,1,1997,18,18,18,18,18,18,18,18,18,18
470901,1,1,1997,19,19,19,19,19,19,19,19,19,19
470902,1,1,1997,0,0,0,0,0,0,0,0,0,0
470902,2,1,1997,0,0,0,0,0,0,0,0,0,0
470903,1,1,1997,0,0,0,0,0,0,0,0,0,0
470903,2,1,1997,18,18,18,18,18,18,18,18,18,18
470904,1,1,1997,28,28,28,28,28,28,28,28,28,28
470905,1,1,1997,8,8,8,8,8,8,8,8,8,8
470905,2,1,1997,6,0,6,0,13,20,0,9,12,12
470906,0,1,1997,0,0,0,0,0,0,0,0,0,0
470906,1,1,1997,0,0,0,0,0,0,0,0,0,0
470907,0,1,1997,0,0,0,0,0,0,0,0,0,0
470907,1,1,1997,0,0,0,0,0,0,0,0,0,0
470908,1,1,1997,2,2,2,2,2,2,2,2,2,2
470909,0,1,1997,8,8,8,8,8,8,8,8,8,8
470909,1,1,1997,0,0,0,0,0,21,0,0,0,0
470910,1,1,1997,9,9,9,9,9,9,9,9,9,9
470911,0,1,1997,20,20,20,20,20,20,20,20,20,20
470911,1,1,1997,4,4,4,4,4,4,4,4,4,4
470911,2,1,1997,15,0,0,23,0,0,0,25,0,0
470912,1,1,1997,0,0,0,0,0,0,0,0,0,0
470912,2,1,1997,0,0,0,0,0,0,0,0,0,0
470913,1,1,1997,0,0,0,0,0,0,0,0,0,0
470913,2,1,1997,0,0,0,0,0,0,0,0,0,0
470913,3,1,1997,0,0,0,0,0,0,0,0,0,0
470913,4,1,1997,0,0,0,0,0,0,0,0,0,0
470913,5,1,1997,0,0,0,0,0,0,0,0,0,0
470914,1,1,1997,10,10,10,10,10,10,10,10,10,10
470914,2,1,1997,0,0,0,0,0,0,0,0,0,0
470915,1,1,1997,0,0,30,0,0,23,0,0,0,0
470916,1,1,1997,0,0,0,0,19,0,0,0,0,0
470916,2,1,1997,0,0,13,0,0,0,0,0,0,0
470917,1,1,1997,0,0,0,0,0,0,0,0,0,0
470918,1,1,1997,37,37,37,37,37,37,37,37,37,37
470918,2,1,1997,0,0,0,0,0,0,0,0,0,0
470919,1,1,1997,24,24,24,24,24,24,24,24,24,24
470920,1,1,1997,0,0,0,0,0,0,0,0,0,0
470922,1,1,1997,0,0,0,0,0,0,0,0,0,0
470922,2,1,1997,0,0,0,0,0,0,0,0,0,0
470922,3,1,1997,0,0,0,0,0,0,0,0,0,0
470923,1,1,1997,14,14,14,14,14,14,14,14,14,14
470924,1,1,1997,0,0,0,0,0,0,0,0,0,0
470925,1,1,1997,12,11,17,14,15,0,0,13,0,14
470927,1,1,1997,0,0,0,0,0,0,0,0,0,0
470927,2,1,1997,0,0,0,0,6,0,0,0,0,0
470928,1,1,1997,0,0,0,0,0,0,0,0,0,0
470929,1,1,1997,0,0,0,0,0,0,0,0,0,0
470929,2,1,1997,0,0,0,0,0,0,0,0,0,0
470930,1,1,1997,0,0,0,0,0,0,0,0,0,0
470931,1,1,1997,19,19,19,19,19,19,19,19,19,19
470932,1,1,1997,18,18,18,18,18,18,18,18,18,18
470933,1,1,1997,0,0,0,0,0,0,0,0,0,0
470934,1,2,1997,15,26,7,16,3,0,15,20,0,0
470935,1,1,1997,19,19,19,19,19,19,19,19,19,19
470935,2,1,1997,13,0,13,23,28,13,9,13,0,18
470936,1,1,1997,26,26,26,26,26,26,26,26,26,26
470937,1,1,1997,0,0,0,0,0,0,0,0,0,22
470939,1,1,1997,0,0,0,0,0,0,0,0,0,0
470941,0,1,1997,0,0,0,0,0,0,0,0,0,0
470941,1,1,1997,0,0,0,0,0,0,0,0,0,0
470942,0,1,1997,0,0,0,0,0,0,0,0,0,0
470942,1,1,1997,0,0,0,0,0,0,0,0,0,0
470942,2,1,1997,0,0,0,0,0,0,0,0,0,0
470943,1,1,1997,0,0,0,0,0,0,0,0,0,0
470943,2,1,1997,0,0,0,0,0,0,0,0,0,0
470944,0,1,1997,0,0,0,15,0,0,0,0,0,0
470944,1,1,1997,0,0,0,0,0,0,0,0,0,0
470945,1,1,1997,0,0,0,10,0,0,0,0,0,0
470945,2,1,1997,0,0,0,0,0,0,0,0,0,0