ST_CASE,VEH_NO,PER_NO,YEAR,P1,P2,P3,P4,P5,P6,P7,P8,P9,P10
470946,1,1,1997,12,12,12,12,12,12,12,12,12,12
470946,2,1,1997,4,4,4,4,4,4,4,4,4,4
470947,1,1,1997,0,0,0,0,0,0,0,0,0,0
470948,1,1,1997,3,3,3,3,3,3,3,3,3,3
470949,1,1,1997,0,0,0,0,0,0,0,0,0,0
470950,1,1,1997,9,9,9,9,9,9,9,9,9,9
470951,1,1,1997,0,0,0,0,0,0,0,0,0,0
470951,2,1,1997,0,0,0,0,0,0,0,0,0,0
470953,1,1,1997,12,12,12,12,12,12,12,12,12,12
470954,1,1,1997,27,27,27,27,27,27,27,27,27,27
470955,1,1,1997,32,32,32,32,32,32,32,32,32,32
470957,1,1,1997,0,0,0,0,29,0,0,0,21,19
470958,1,1,1997,24,0,0,0,0,0,0,0,0,0
470960,1,1,1997,0,0,0,0,0,0,0,0,7,0
470961,1,1,1997,0,0,0,0,0,0,0,0,0,0
470962,0,1,1997,0,0,0,0,0,0,0,0,0,0
470962,1,1,1997,0,0,0,0,0,0,0,0,0,0
470964,1,1,1997,0,0,0,0,0,0,0,0,0,0
470964,2,1,1997,0,0,0,0,0,0,0,0,0,0
470965,1,1,1997,0,0,0,0,0,0,0,0,0,0
470966,1,1,1997,0,0,0,0,0,0,0,0,0,0
470966,2,1,1997,0,0,0,0,0,0,0,0,0,0
470967,1,1,1997,24,0,0,0,0,0,0,0,0,0
470968,1,1,1997,18,18,18,18,18,18,18,18,18,18
470969,1,1,1997,0,0,11,0,0,0,0,0,0,0
470970,1,1,1997,0,0,0,0,0,0,0,0,19,0
470970,2,1,1997,0,0,0,0,0,0,0,0,0,0
470970,3,1,1997,0,0,0,0,20,0,0,0,0,0
470970,4,1,1997,0,0,0,0,0,0,0,0,0,0
470971,1,1,1997,0,0,0,0,0,0,13,0,0,0
470971,2,1,1997,12,23,21,12,16,12,24,24,0,11
470972,1,1,1997,0,0,0,0,0,0,0,0,0,0
470972,2,1,1997,0,0,0,0,0,0,0,0,0,0
470973,1,1,1997,0,0,0,0,0,0,0,0,0,0
470973,2,1,1997,15,15,15,15,15,15,15,15,15,15
470974,0,1,1997,0,0,0,0,0,0,0,0,0,0
470974,1,1,1997,0,0,0,0,0,0,0,0,0,17
470975,1,1,1997,0,0,0,0,0,0,0,0,0,0
470975,2,1,1997,0,0,0,0,0,0,0,0,0,0
470976,1,1,1997,0,0,0,0,0,0,0,0,0,0
470977,1,1,1997,18,18,18,18,18,18,18,18,18,18
470977,2,1,1997,0,0,0,0,0,0,0,0,0,0
470978,1,1,1997,0,0,0,0,0,0,0,0,0,0
470978,2,1,1997,0,8,0,0,0,0,0,0,0,0
470979,1,1,1997,0,0,0,0,0,0,0,0,0,0
470979,2,1,1997,0,0,0,0,0,0,0,0,0,0
470980,1,1,1997,19,0,0,0,8,0,0,0,0,0
470980,2,1,1997,19,0,0,0,0,0,0,0,0,0
470981,1,1,1997,14,0,0,0,0,0,0,0,0,11
470982,0,1,1997,0,25,0,0,0,0,0,21,0,0
470982,1,1,1997,0,0,10,0,0,0,6,0,0,0
470983,1,1,1997,0,0,0,0,0,0,0,0,0,0
470983,2,1,1997,0,0,0,0,0,0,0,0,0,0
470984,1,1,1997,0,0,0,0,0,0,0,0,0,0
470984,2,1,1997,0,0,0,0,0,0,0,0,0,0
470984,3,1,1997,0,0,0,0,0,0,0,0,0,0
470985,1,1,1997,0,0,0,0,0,0,0,0,0,0
470985,2,1,1997,0,25,0,0,0,0,14,0,0,0
470986,0,1,1997,0,0,0,0,0,0,0,0,0,0
470986,1,1,1997,0,0,0,0,0,0,0,0,0,0
470987,0,1,1997,0,0,0,0,0,0,0,0,0,0
470987,1,1,1997,0,0,0,0,0,0,0,0,0,0
470988,1,1,1997,0,0,0,0,0,0,0,0,0,0
470989,1,1,1997,11,28,0,0,0,0,0,11,0,0
470990,1,1,1997,0,0,10,23,0,0,0,0,0,0
470990,2,1,1997,0,0,0,0,0,0,0,0,0,0
470991,1,1,1997,0,0,0,0,0,0,0,0,0,0
470991,2,1,1997,0,0,0,0,0,0,0,0,0,0
470991,3,1,1997,0,0,0,0,0,0,0,0,0,0
470992,1,1,1997,9,9,9,9,9,9,9,9,9,9
470992,2,1,1997,0,0,0,0,0,0,0,0,0,0
470993,1,1,1997,0,0,0,0,0,0,0,0,0,0
470993,2,1,1997,0,0,0,0,0,0,0,0,0,0
470994,1,1,1997,0,0,0,0,0,0,0,0,0,0
470995,1,1,1997,0,0,0,0,0,0,0,0,0,0
470995,2,1,1997,0,0,0,0,8,0,0,0,0,0
470996,1,1,1997,0,0,0,0,0,0,0,0,0,0
470996,2,1,1997,0,0,0,0,0,0,0,0,0,0
470997,1,1,1997,0,0,0,0,0,0,0,0,0,0
470997,2,1,1997,0,0,0,0,0,0,0,0,0,0
470998,1,1,1997,0,0,0,0,0,0,0,0,0,0
470999,1,1,1997,34,34,34,34,34,34,34,34,34,34
471000,1,1,1997,0,0,0,6,0,30,0,0,0,0
471000,2,1,1997,0,0,0,0,0,0,0,0,0,0
471001,1,1,1997,16,16,16,16,16,16,16,16,16,16
471002,1,1,1997,0,0,0,0,0,0,0,0,0,0
471003,1,1,1997,2,2,2,2,2,2,2,2,2,2
471003,2,1,1997,0,0,0,0,0,0,0,0,0,0
471004,1,1,1997,0,0,0,0,0,0,0,0,0,0
471005,1,1,1997,0,0,0,0,0,0,0,0,0,0
471005,2,1,1997,0,0,0,0,0,0,0,0,0,0
471006,1,1,1997,6,6,6,6,6,6,6,6,6,6
471007,0,1,1997,15,15,15,15,15,15,15,15,15,15
471007,1,1,1997,0,0,0,0,0,0,0,0,0,0
471008,1,1,1997,26,26,26,26,26,26,26,26,26,26
471009,1,1,1997,20,20,20,20,20,20,20,20,20,20
471010,1,1,1997,18,18,18,18,18,18,18,18,18,18
471011,1,1,1997,19,19,19,19,19,19,19,19,19,19
471011,2,1,1997,0,0,0,0,0,0,0,0,0,0
471011,3,1,1997,0,0,0,0,0,0,0,0,0,0
471012,1,1,1997,0,0,0,0,0,0,0,0,0,0
471012,2,1,1997,0,0,0,0,0,0,0,0,0,0
471012,3,1,1997,0,0,0,0,0,0,0,0,0,0
471013,1,1,1997,0,0,0,0,0,0,0,0,0,0
471013,2,1,1997,0,0,0,0,0,0,0,0,0,0
471013,3,1,1997,0,0,0,0,0,0,0,0,0,0
471014,1,1,1997,0,0,0,0,0,0,0,0,0,0
471015,0,1,1997,27,27,27,27,27,27,27,27,27,27
471015,1,1,1997,0,0,0,0,0,0,0,0,0,0
471016,1,1,1997,0,0,0,0,0,0,0,0,0,0
471017,1,1,1997,16,16,16,16,16,16,16,16,16,16
471017,2,1,1997,0,0,0,0,0,0,0,0,0,0
471018,1,1,1997,40,40,40,40,40,40,40,40,40,40
471019,1,1,1997,20,20,20,20,20,20,20,20,20,20
471020,1,1,1997,0,0,0,0,0,0,0,0,0,0
471020,2,1,1997,0,0,0,0,0,0,0,0,0,0
471021,1,1,1997,0,0,0,0,0,0,0,0,0,0
471022,0,1,1997,24,24,24,24,24,24,24,24,24,24
471022,1,1,1997,0,0,0,0,6,0,0,0,14,0
471023,1,1,1997,14,14,14,14,14,14,14,14,14,14
471024,1,1,1997,29,29,29,29,29,29,29,29,29,29
471025,1,1,1997,13,10,0,10,32,21,21,0,0,20
471026,1,1,1997,0,0,0,0,0,0,0,0,0,0
471026,2,1,1997,0,0,0,0,0,0,0,0,0,0
471027,1,1,1997,0,0,0,0,0,0,0,0,0,0
471028,1,1,1997,0,0,0,0,0,0,0,0,0,0
471028,2,1,1997,0,0,0,0,0,0,0,0,0,0
471028,3,1,1997,0,0,0,0,0,0,0,0,0,0
471028,4,1,1997,0,0,0,18,0,0,0,4,18,0
471029,1,1,1997,0,0,0,0,0,0,0,0,0,0
471029,2,1,1997,0,0,0,0,0,27,0,0,0,0
471030,1,1,1997,0,0,0,0,0,0,0,4,12,0
471031,1,1,1997,0,0,0,0,0,0,0,0,0,0
471031,2,1,1997,0,0,0,0,0,0,0,0,0,0
471031,3,1,1997,0,0,0,0,0,0,0,0,0,0
471032,1,1,1997,0,0,0,0,0,0,0,0,0,0
471033,0,1,1997,0,0,0,0,0,0,0,0,0,0
471033,1,1,1997,0,0,0,0,0,0,0,0,0,0
471033,2,1,1997,0,0,0,0,0,0,0,0,0,0
471034,1,1,1997,20,20,20,20,20,20,20,20,20,20
471034,2,1,1997,0,0,0,0,0,0,0,0,0,0
471035,1,1,1997,0,0,0,0,0,0,0,0,0,0
471035,2,1,1997,11,0,23,0,0,0,0,0,0,0
471035,3,1,1997,0,0,0,0,0,6,0,0,0,5
471036,1,1,1997,0,0,0,0,0,0,0,0,0,0
471036,2,1,1997,0,0,0,0,0,0,0,0,0,0
471037,1,1,1997,24,24,24,24,24,24,24,24,24,24
471038,1,1,1997,15,0,0,26,0,15,5,27,18,13
471039,1,1,1997,14,10,0,0,0,0,12,0,0,18
471039,2,1,1997,0,0,0,0,0,0,0,0,0,0
471040,0,1,1997,16,16,16,16,16,16,16,16,16,16
471040,1,1,1997,0,10,0,0,5,0,16,20,14,0
471042,1,1,1997,0,0,0,0,0,0,0,0,0,0
471043,1,1,1997,0,0,0,0,0,0,0,0,0,0
471044,0,1,1997,0,0,0,0,0,0,0,0,0,0
471044,1,1,1997,0,0,0,0,0,0,0,0,0,0
471045,1,1,1997,1,1,1,1,1,1,1,1,1,1
471047,1,1,1997,0,0,10,0,0,0,38,0,0,0
471048,1,1,1997,0,0,0,0,0,0,0,0,0,0
471048,2,1,1997,0,0,0,0,0,0,0,0,0,0
471048,3,1,1997,0,0,0,0,0,0,0,0,0,0
471049,1,1,1997,0,0,0,0,0,0,0,0,0,0
471050,1,1,1997,37,0,23,31,0,0,16,11,29,0
471051,1,1,1997,8,8,8,8,8,8,8,8,8,8
471052,1,1,1997,30,30,30,30,30,30,30,30,30,30
471053,1,1,1997,8,8,8,8,8,8,8,8,8,8
471054,1,1,1997,0,0,0,0,0,0,0,0,16,0
471054,2,1,1997,0,14,0,0,0,22,0,14,19,4
471055,0,1,1997,4,4,4,4,4,4,4,4,4,4
471055,1,1,1997,0,0,0,0,0,0,0,0,0,0
471056,0,1,1997,0,0,0,0,0,0,0,0,0,0
471056,1,1,1997,0,0,0,0,0,0,0,0,0,0
471057,1,1,1997,16,0,18,26,29,31,13,27,19,18
471058,1,1,1997,36,36,36,36,36,36,36,36,36,36
471059,1,1,1997,0,0,0,0,0,0,0,0,0,0
471059,2,1,1997,0,0,0,0,0,0,0,0,0,0
471059,3,1,1997,0,0,0,0,0,0,0,0,0,0
471059,4,1,1997,0,0,0,0,0,0,0,0,0,0
471060,1,1,1997,0,0,13,3,8,8,0,0,16,0
471061,1,1,1997,0,0,0,0,0,0,0,0,0,0
471061,2,1,1997,0,0,0,0,0,0,0,0,0,0
471062,1,1,1997,0,0,0,20,11,0,0,0,0,0
471063,1,1,1997,0,0,0,0,0,0,0,0,0,0
471063,2,1,1997,0,0,0,0,0,0,0,0,0,0
471063,3,1,1997,0,0,0,0,0,0,0,0,0,0
471064,1,1,1997,0,0,0,0,0,0,0,0,0,0
471064,2,1,1997,0,0,0,0,0,0,0,0,0,0
471065,1,1,1997,0,0,0,0,0,0,0,0,3,0
471065,2,1,1997,0,0,0,0,0,0,0,0,0,0
471066,1,1,1997,19,19,19,19,19,19,19,19,19,19
471066,2,1,1997,0,0,0,0,0,0,0,0,0,0
471067,1,1,1997,0,0,0,0,0,0,0,0,0,0
471067,2,1,1997,0,0,0,0,0,0,0,0,0,0
471068,0,1,1997,4,4,4,4,4,4,4,4,4,4
471068,1,1,1997,0,0,0,0,0,0,0,0,0,0
471069,1,1,1997,15,15,15,15,15,15,15,15,15,15
471070,1,1,1997,0,0,0,0,0,0,0,0,12,0
471070,2,1,1997,0,0,0,0,0,0,0,0,0,0
471070,3,1,1997,0,0,0,0,0,0,0,0,0,0
471071,1,1,1997,21,21,21,21,21,21,21,21,21,21
471071,2,1,1997,0,0,0,0,0,0,0,0,0,0
471071,3,1,1997,0,0,0,0,0,0,0,0,0,0
471072,1,1,1997,0,0,0,0,0,0,0,0,0,0
471072,2,1,1997,0,0,0,0,0,0,0,0,0,0
471073,1,1,1997,17,17,17,17,17,17,17,17,17,17
471074,1,1,1997,0,0,0,0,0,0,0,0,0,0
471074,2,1,1997,0,0,0,0,0,0,0,0,0,0
471075,1,1,1997,14,14,14,14,14,14,14,14,14,14
471076,1,1,1997,25,0,0,5,28,18,11,0,0,17
471076,2,1,1997,0,0,0,0,0,0,0,0,0,0
471076,3,1,1997,0,0,0,0,0,0,0,0,0,0
471077,1,1,1997,37,37,37,37,37,37,37,37,37,37
471078,0,1,1997,0,0,0,0,0,0,0,0,0,0
471078,1,1,1997,0,0,0,0,0,0,0,0,0,0
471079,1,1,1997,0,0,0,0,0,0,0,0,0,0
471079,2,1,1997,0,0,0,0,0,0,0,0,0,0
471080,1,1,1997,0,0,0,0,0,0,0,0,0,0
471081,1,1,1997,15,15,15,15,15,15,15,15,15,15
471082,0,1,1997,0,0,0,0,0,0,0,0,0,0
471082,1,1,1997,0,0,0,0,0,0,0,0,0,0
471083,0,1,1997,0,0,0,0,0,0,0,0,0,0
471083,1,1,1997,0,0,0,0,0,0,0,0,0,0
471084,1,1,1997,13,13,13,13,13,13,13,13,13,13
471085,0,1,1997,0,0,0,0,0,0,0,0,0,0
471085,2,1,1997,0,0,0,0,0,0,0,0,0,0
471086,1,1,1997,0,0,0,0,0,0,0,0,0,0
471087,1,1,1997,0,0,16,0,0,0,0,0,0,0
471088,1,1,1997,11,11,11,11,11,11,11,11,11,11
471088,2,1,1997,0,0,0,0,0,0,0,0,0,0
471088,3,1,1997,0,0,0,0,0,0,0,0,0,0
471089,1,1,1997,0,0,0,0,0,0,0,0,0,0
471089,2,1,1997,0,0,0,0,0,0,0,0,0,0
471090,1,1,1997,0,0,0,0,0,0,0,0,7,0
471090,2,1,1997,0,0,0,0,0,0,0,0,0,0
471091,1,1,1997,0,0,0,0,0,0,0,0,0,0
471091,2,1,1997,0,0,0,0,0,0,0,0,0,0
471092,1,1,1997,0,0,0,0,0,0,0,0,0,0
471093,0,1,1997,0,0,0,0,0,0,0,0,0,0
471093,1,1,1997,0,0,0,0,0,0,0,0,0,0
471094,1,1,1997,32,32,32,32,32,32,32,32,32,32
471094,2,1,1997,0,0,0,0,0,0,0,0,0,0
471095,1,1,1997,0,11,0,0,0,0,0,0,0,0
471095,2,1,1997,0,0,0,0,0,0,0,0,0,0
471095,3,1,1997,0,0,0,0,0,0,0,0,0,0
471095,4,1,1997,0,0,0,0,0,0,0,0,0,0
471096,0,1,1997,20,20,20,20,20,20,20,20,20,20
471096,1,1,1997,0,0,0,0,0,0,0,0,0,0
471097,1,1,1997,0,0,0,0,0,0,0,0,0,0
471097,2,1,1997,0,13,16,0,0,0,0,0,0,0
471098,1,1,1997,0,0,0,0,0,0,0,0,0,0
471099,1,1,1997,24,0,0,0,0,0,0,0,0,0
471099,2,1,1997,0,0,0,0,0,0,0,0,0,0
471100,1,1,1997,12,12,12,12,12,12,12,12,12,12
471101,1,1,1997,0,0,0,0,0,0,0,0,0,0
471102,0,1,1997,0,13,19,15,0,25,0,0,12,40
471102,1,1,1997,0,0,0,0,0,0,0,0,0,0
471103,0,1,1997,0,0,0,0,0,0,0,0,0,0
471103,1,1,1997,0,0,0,0,0,0,0,0,0,0
471104,1,1,1997,15,0,0,26,0,44,0,16,16,10
471104,2,1,1997,0,0,18,0,0,0,0,0,0,22
471105,1,1,1997,0,0,0,0,0,0,0,0,0,0
471106,1,1,1997,11,0,0,20,23,24,10,28,11,20
471107,1,1,1997,0,0,0,0,0,0,0,0,0,0
471108,1,1,1997,22,12,15,26,0,9,0,8,18,10
471109,1,1,1997,18,18,18,18,18,18,18,18,18,18
471110,1,1,1997,12,12,12,12,12,12,12,12,12,12
471111,1,1,1997,0,0,0,0,0,0,0,0,0,0
471112,1,1,1997,0,0,0,3,0,0,0,0,0,0
471112,2,1,1997,32,32,32,32,32,32,32,32,32,32
471113,0,1,1997,0,14,0,0,0,9,21,0,0,0
471113,1,1,1997,0,13,0,0,0,0,0,0,0,0
471114,1,1,1997,0,0,0,0,0,0,0,0,0,0
471115,1,1,1997,0,14,0,0,0,0,0,0,0,0
471115,2,1,1997,0,0,0,0,0,0,0,0,0,0
471116,1,1,1997,0,0,0,0,0,0,0,0,0,0
471116,2,1,1997,0,0,0,0,0,0,0,0,0,0
471117,1,1,1997,0,0,0,0,0,0,0,0,0,0
471117,2,1,1997,0,0,0,0,0,0,0,0,0,0
471118,1,1,1997,0,0,0,0,0,0,0,0,0,14
471119,1,1,1997,0,0,0,15,0,17,0,0,0,0
471119,2,1,1997,0,0,0,0,0,0,0,0,0,0
471120,0,1,1997,3,3,3,3,3,3,3,3,3,3
471120,1,1,1997,0,0,0,6,0,0,0,0,0,0
471121,1,1,1997,0,34,19,0,20,15,0,33,17,19
471122,1,1,1997,0,0,0,0,0,0,0,0,0,0
471122,2,1,1997,0,0,0,0,0,0,0,0,0,0
471122,3,1,1997,0,0,0,0,0,0,0,0,0,0
471123,1,1,1997,34,16,15,22,14,21,35,17,0,30
471124,1,1,1997,0,0,0,0,0,0,0,0,0,0
471125,1,1,1997,17,29,21,31,32,18,25,19,28,16
471126,1,1,1997,0,0,0,0,0,0,0,0,0,0
471126,2,1,1997,0,0,0,0,0,0,0,0,0,0
471127,1,1,1997,0,0,0,0,0,0,0,0,0,0
471127,2,1,1997,0,0,0,0,0,0,0,0,0,0
471127,3,1,1997,0,0,0,0,0,0,0,0,0,0
480001,1,1,1997,16,16,16,16,16,16,16,16,16,16
480002,1,1,1997,20,0,9,0,0,0,0,0,0,0
480002,2,1,1997,0,0,0,0,0,0,0,0,0,0
480003,1,1,1997,8,8,8,8,8,8,8,8,8,8
480004,1,1,1997,0,0,0,0,0,0,0,0,0,0
480004,2,1,1997,0,0,0,0,0,0,0,0,0,0
480005,1,1,1997,2,2,2,2,2,2,2,2,2,2
480006,1,1,1997,23,23,23,23,23,23,23,23,23,23
480007,1,1,1997,0,0,0,0,0,0,0,9,0,0
480007,2,1,1997,0,0,0,0,7,0,0,0,8,0
480007,3,1,1997,0,0,0,0,0,0,0,0,0,0
480008,0,1,1997,12,0,22,0,0,25,0,0,29,0
480008,1,1,1997,0,0,0,0,0,0,0,0,0,0
480009,1,1,1997,15,15,15,15,15,15,15,15,15,15
480010,0,1,1997,0,0,0,0,0,0,10,18,19,0
480010,1,1,1997,0,0,0,5,0,0,0,0,0,0
480011,1,1,1997,0,5,0,0,0,0,0,11,7,0
480012,1,1,1997,0,0,0,0,0,0,0,0,0,0
480012,2,1,1997,0,10,0,0,8,0,0,0,0,0
480013,1,1,1997,19,18,17,24,19,25,8,31,14,21
480014,1,1,1997,0,0,0,0,0,0,0,0,0,0
480014,2,1,1997,0,0,0,16,0,0,15,0,21,0
480015,1,1,1997,0,0,0,0,24,0,0,11,0,22
480015,2,1,1997,0,0,0,0,0,0,0,0,0,0
480015,3,1,1997,0,0,0,0,0,0,0,0,0,0
480016,1,1,1997,0,0,0,0,0,0,0,0,0,12
480016,2,1,1997,0,10,0,0,12,0,0,0,20,0
480017,1,1,1997,22,22,22,22,22,22,22,22,22,22
480018,1,1,1997,0,0,0,0,0,0,0,0,0,0
480018,2,1,1997,0,0,0,0,0,0,0,0,4,0
480019,0,1,1997,0,0,0,0,0,0,0,0,0,0
480019,0,2,1997,25,24,0,0,21,0,0,0,17,0
480019,1,1,1997,0,0,0,0,0,0,0,0,0,0
480020,1,1,1997,0,0,0,10,0,0,0,0,0,0
480020,2,1,1997,0,0,0,0,0,0,0,0,0,0
480021,0,1,1997,0,27,0,0,11,0,0,0,0,0
480021,1,1,1997,0,0,0,14,0,0,0,0,0,0
480022,1,1,1997,0,0,0,0,0,33,0,0,6,0
480023,1,1,1997,5,0,0,15,0,14,14,0,17,0
480024,1,1,1997,16,16,16,16,16,16,16,16,16,16
480025,1,1,1997,0,7,0,0,12,0,0,13,0,0
480025,2,1,1997,0,15,20,14,14,22,0,0,6,0
480026,1,1,1997,9,0,0,0,0,0,0,0,0,0
480026,2,1,1997,16,12,25,15,0,0,13,31,0,0
480027,1,1,1997,24,24,24,24,24,24,24,24,24,24
480028,0,1,1997,20,20,20,20,20,20,20,20,20,20
480028,1,1,1997,0,0,0,0,0,20,0,18,9,13
480029,1,1,1997,7,7,7,7,7,7,7,7,7,7
480030,1,1,1997,0,0,0,0,0,0,0,0,0,0
480031,1,1,1997,13,13,13,13,13,13,13,13,13,13
480032,1,1,1997,6,18,15,34,15,12,18,23,18,15
480032,2,1,1997,0,0,0,0,0,0,0,0,0,0
480033,1,1,1997,16,20,8,11,19,19,7,17,25,16
480034,1,1,1997,0,0,0,0,0,0,0,0,0,0
480034,2,1,1997,0,0,0,0,0,0,0,0,0,0
480035,1,1,1997,0,0,0,0,12,0,0,0,0,0
480036,0,1,1997,20,20,20,20,20,20,20,20,20,20
480036,1,1,1997,0,27,13,0,11,20,0,0,0,0
480036,2,1,1997,0,0,8,0,0,3,12,6,12,0
480037,1,1,1997,0,18,0,0,0,0,12,15,23,0
480037,2,1,1997,15,0,0,0,0,0,0,0,0,0
480038,1,1,1997,19,19,19,19,19,19,19,19,19,19
480039,1,1,1997,6,0,0,0,0,12,12,0,0,0
480040,0,1,1997,28,28,28,28,28,28,28,28,28,28
480040,1,1,1997,0,0,0,14,13,0,12,0,0,0
480041,1,1,1997,0,17,15,0,0,0,0,25,0,16
480041,2,1,1997,0,0,0,0,0,0,0,0,0,0
480042,1,1,1997,0,0,0,0,0,0,0,0,0,0
480043,1,1,1997,0,0,0,0,0,0,0,0,0,0
480043,2,1,1997,0,0,0,0,0,0,0,0,18,0
480043,3,1,1997,13,0,0,0,0,0,0,0,0,0
480044,1,1,1997,0,0,0,0,0,0,0,0,0,0
480044,2,1,1997,0,0,0,0,0,0,0,0,14,0
480045,1,1,1997,12,24,15,0,20,0,0,6,0,0
480046,1,1,1997,0,0,0,0,0,0,0,0,0,0
480046,2,1,1997,0,0,0,0,0,0,0,0,0,0
480047,1,1,1997,0,0,0,0,0,12,0,0,0,0
480048,1,1,1997,0,0,0,0,0,0,0,0,0,0
480048,2,1,1997,0,0,0,0,0,0,0,0,0,0
480049,1,1,1997,0,0,0,0,0,0,0,0,0,0
480050,1,1,1997,0,0,0,0,0,10,0,0,0,0
480050,2,1,1997,0,0,0,20,0,0,0,0,10,0
480051,0,1,1997,33,33,33,33,33,33,33,33,33,33
480051,1,1,1997,0,0,0,0,0,0,0,0,0,0
480052,1,1,1997,21,21,21,21,21,21,21,21,21,21
480053,1,1,1997,0,0,0,0,0,0,0,0,0,0
480054,1,1,1997,21,5,0,0,4,0,0,11,12,27
480055,1,1,1997,0,0,0,0,0,0,0,0,0,0
480056,1,1,1997,0,0,0,0,0,0,0,0,0,0
480056,2,1,1997,0,0,0,0,0,0,0,0,0,34
480057,0,1,1997,0,0,0,0,0,10,0,0,0,16
480057,0,2,1997,12,0,0,0,0,0,0,0,0,0
480057,1,1,1997,0,0,0,0,0,0,0,0,12,0
480058,1,1,1997,21,21,21,21,21,21,21,21,21,21
480058,2,1,1997,0,0,0,0,0,0,0,0,0,0
480059,0,1,1997,0,0,0,0,0,17,0,0,0,33
480059,1,1,1997,14,0,0,0,0,0,0,0,0,0
480060,1,1,1997,0,0,0,0,0,0,0,0,0,0
480060,2,1,1997,0,0,0,0,0,0,0,0,0,0
480061,1,1,1997,0,0,0,0,0,0,0,0,0,0
480062,1,1,1997,0,0,0,0,0,0,0,0,0,0
480063,1,1,1997,18,11,18,24,15,21,6,11,0,14
480064,1,1,1997,0,0,0,0,0,0,0,0,0,0
480065,1,1,1997,0,0,0,0,0,0,0,0,0,0
480066,1,1,1997,0,7,0,15,0,0,0,22,0,0
480067,1,1,1997,22,22,22,22,22,22,22,22,22,22
480068,1,1,1997,0,0,0,0,0,0,0,0,0,0
480069,1,1,1997,0,0,0,0,0,0,0,0,0,0
480069,2,1,1997,0,0,0,0,0,0,0,0,0,0
480070,1,1,1997,0,0,0,0,0,0,0,0,0,0
480070,2,1,1997,0,0,0,23,0,0,0,0,0,0
480071,1,1,1997,25,26,7,20,0,0,20,0,31,16
480072,1,1,1997,0,0,0,0,0,0,0,0,0,0
480073,1,1,1997,14,0,0,0,0,0,0,0,2,0
480074,1,1,1997,17,17,17,17,17,17,17,17,17,17
480075,1,1,1997,15,0,0,19,9,8,21,11,18,14
480076,1,1,1997,0,0,0,0,0,0,0,0,0,0
480077,1,1,1997,21,0,0,0,6,18,24,30,30,16
480078,1,1,1997,0,13,22,0,36,23,32,21,0,25
480079,1,1,1997,0,10,9,8,0,0,20,0,0,16
480079,2,1,1997,0,0,21,0,0,0,0,0,0,0
480080,1,1,1997,0,0,5,0,10,0,17,0,0,20
480081,1,1,1997,24,24,24,24,24,24,24,24,24,24
480083,1,1,1997,9,9,9,9,9,9,9,9,9,9
480083,2,1,1997,30,6,6,0,0,10,0,0,16,14
480084,1,1,1997,26,26,26,26,26,26,26,26,26,26
480084,2,1,1997,9,0,0,0,0,0,20,0,0,0
480084,3,1,1997,0,0,20,17,0,20,18,0,13,6
480085,1,1,1997,0,0,0,0,0,0,0,0,0,0
480085,2,1,1997,16,18,0,0,0,0,0,0,0,0
480086,1,1,1997,22,0,0,7,14,21,0,33,22,19
480087,1,1,1997,0,0,0,0,0,0,0,0,0,0
480088,1,1,1997,27,27,27,27,27,27,27,27,27,27
480089,1,1,1997,7,0,0,0,0,0,0,0,11,8
480089,2,1,1997,0,0,0,0,31,0,0,30,14,6
480091,1,1,1997,15,0,0,28,0,13,0,0,25,11
480092,1,1,1997,0,0,0,0,8,0,0,0,0,0
480093,0,1,1997,18,35,13,0,0,11,30,32,0,0
480093,1,1,1997,0,0,0,0,0,59,10,8,0,0
480094,1,1,1997,11,11,11,11,11,11,11,11,11,11
480095,1,1,1997,0,0,0,0,0,0,0,0,0,11
480095,2,1,1997,0,0,0,0,0,0,0,0,18,0
480096,1,1,1997,6,0,0,0,0,0,0,0,0,0
480096,2,1,1997,0,0,0,0,24,0,0,0,0,0
480096,3,1,1997,10,0,0,0,0,0,0,0,0,0
480097,1,1,1997,14,12,11,11,23,18,16,20,12,0
480098,1,1,1997,17,17,17,17,17,17,17,17,17,17
480099,1,1,1997,0,0,0,0,0,0,0,0,0,0
480100,1,1,1997,0,0,0,0,0,0,0,0,0,0
480100,2,1,1997,0,0,0,0,0,0,0,0,0,0
480101,1,1,1997,0,0,0,0,0,0,0,0,0,0
480101,2,1,1997,0,0,0,0,0,0,0,0,0,0
480102,0,1,1997,0,0,0,0,0,0,0,0,0,0
480102,2,1,1997,0,0,0,0,0,0,0,0,0,0
480102,3,1,1997,0,0,9,0,0,37,13,0,0,0
480103,1,1,1997,0,35,0,0,0,10,20,0,0,0
480104,1,1,1997,0,0,0,0,0,0,0,0,0,0
480105,1,1,1997,21,25,16,0,0,36,20,15,26,12
480106,1,1,1997,0,0,0,0,0,0,0,0,0,0
480107,1,1,1997,9,15,20,0,0,0,0,0,0,0