ST_CASE,VEH_NO,PER_NO,YEAR,P1,P2,P3,P4,P5,P6,P7,P8,P9,P10
480363,2,1,1997,9,9,9,9,9,9,9,9,9,9
480364,1,1,1997,0,0,0,0,0,0,0,0,10,0
480365,1,1,1997,19,19,19,19,19,19,19,19,19,19
480366,1,1,1997,28,28,28,28,28,28,28,28,28,28
480366,2,1,1997,0,0,0,0,0,0,0,0,0,0
480366,3,1,1997,0,0,0,0,0,0,0,0,0,0
480366,4,1,1997,0,0,13,0,0,0,23,0,0,9
480367,1,1,1997,0,0,0,0,0,0,0,0,5,0
480367,2,1,1997,0,0,0,0,0,0,0,0,0,0
480368,1,1,1997,16,14,0,21,0,0,0,15,0,15
480368,2,1,1997,0,0,0,0,0,0,0,0,28,0
480369,1,1,1997,0,0,0,0,0,0,0,0,0,0
480369,2,1,1997,0,0,0,0,0,0,0,0,0,0
480370,1,1,1997,0,0,0,0,0,0,0,0,14,0
480371,1,1,1997,25,25,25,25,25,25,25,25,25,25
480372,1,1,1997,9,20,18,15,11,14,17,34,3,7
480373,1,1,1997,0,0,0,0,0,0,9,0,0,0
480373,2,1,1997,34,34,34,34,34,34,34,34,34,34
480373,3,1,1997,0,0,0,0,0,0,0,0,21,0
480374,1,1,1997,20,20,20,20,20,20,20,20,20,20
480374,2,1,1997,0,0,0,0,0,0,0,0,0,0
480375,1,2,1997,0,0,0,0,0,0,0,0,0,5
480376,1,1,1997,17,17,17,17,17,17,17,17,17,17
480377,1,1,1997,16,0,0,0,0,0,0,0,0,0
480377,2,1,1997,0,0,0,0,0,0,0,0,0,0
480378,1,1,1997,22,22,22,22,22,22,22,22,22,22
480379,1,1,1997,0,0,0,0,0,0,0,0,0,0
480380,1,1,1997,0,0,0,0,0,0,0,0,0,0
480380,2,1,1997,29,29,29,29,29,29,29,29,29,29
480381,1,1,1997,0,0,0,0,0,0,0,0,0,0
480381,2,1,1997,0,0,0,0,0,0,0,0,0,0
480382,1,1,1997,24,24,24,24,24,24,24,24,24,24
480382,2,1,1997,0,0,0,0,0,0,0,0,0,0
480383,1,1,1997,0,0,0,0,0,0,0,0,0,0
480384,1,1,1997,0,0,0,0,0,0,0,0,0,0
480385,1,1,1997,0,0,0,0,0,0,0,0,0,0
480385,2,1,1997,0,0,0,0,0,0,0,0,0,0
480386,1,1,1997,0,0,0,0,0,0,0,0,0,0
480386,2,1,1997,0,0,0,0,0,0,18,0,0,0
480387,1,1,1997,0,0,0,0,17,0,0,0,0,0
480388,1,1,1997,0,0,9,0,0,0,0,14,28,0
480389,1,1,1997,9,17,11,15,0,29,0,13,24,11
480389,2,1,1997,0,0,0,0,0,0,0,0,0,0
480390,1,1,1997,0,0,0,0,0,0,0,0,0,0
480390,2,1,1997,0,0,0,0,0,0,0,0,0,0
480391,0,1,1997,0,0,0,0,0,0,0,0,0,0
480391,1,1,1997,0,0,0,0,8,0,0,0,0,0
480392,1,1,1997,28,0,0,13,0,25,0,0,29,0
480393,1,1,1997,14,23,0,0,18,0,0,0,17,0
480393,2,1,1997,0,0,10,0,0,8,11,0,0,0
480394,1,1,1997,0,0,0,0,0,0,0,0,0,0
480395,1,1,1997,0,0,0,0,0,14,0,0,0,0
480396,1,1,1997,0,0,0,0,0,0,0,0,0,0
480396,2,1,1997,0,0,0,0,0,0,0,0,0,0
480397,1,1,1997,0,0,0,0,0,0,0,0,0,0
480397,2,1,1997,0,0,0,0,0,0,0,0,0,0
480398,1,1,1997,0,0,0,0,0,0,0,0,0,0
480398,2,1,1997,0,0,0,0,0,0,0,0,0,0
480399,1,1,1997,0,0,0,0,0,0,0,0,0,0
480399,2,1,1997,0,0,0,0,0,0,16,0,0,0
480399,3,1,1997,0,0,0,0,0,0,0,0,0,0
480400,1,1,1997,0,0,0,0,0,0,0,0,0,0
480401,1,1,1997,0,0,0,5,20,0,0,0,16,52
480402,1,1,1997,0,0,0,0,0,0,0,0,0,0
480402,2,1,1997,0,0,0,0,0,0,0,0,0,0
480403,1,1,1997,0,15,0,0,20,0,0,0,0,0
480403,2,1,1997,0,9,0,0,7,0,0,0,0,0
480403,3,1,1997,0,0,23,0,0,0,0,0,0,0
480403,4,1,1997,0,0,0,0,0,0,0,13,0,2
480404,1,1,1997,0,0,0,0,0,0,0,0,0,0
480404,2,1,1997,0,0,0,0,0,0,0,0,0,0
480405,1,1,1997,7,0,0,0,0,0,0,0,0,0
480406,0,1,1997,17,0,0,13,16,0,0,18,0,14
480406,1,1,1997,0,0,0,13,26,10,25,33,15,11
480407,1,1,1997,13,13,13,13,13,13,13,13,13,13
480408,1,1,1997,20,20,20,20,20,20,20,20,20,20
480408,2,1,1997,15,15,15,15,15,15,15,15,15,15
480409,1,1,1997,23,23,23,23,23,23,23,23,23,23
480409,2,1,1997,3,3,3,3,3,3,3,3,3,3
480410,1,1,1997,19,19,19,19,19,19,19,19,19,19
480411,1,1,1997,0,0,0,0,0,0,0,0,0,0
480411,2,1,1997,0,0,0,0,0,0,0,0,0,0
480412,0,1,1997,0,0,0,0,0,0,0,0,0,0
480412,1,1,1997,0,0,0,0,0,0,0,0,0,0
480413,1,1,1997,19,19,19,19,19,19,19,19,19,19
480414,1,1,1997,14,14,14,14,14,14,14,14,14,14
480414,2,1,1997,2,2,2,2,2,2,2,2,2,2
480415,1,1,1997,0,0,0,0,0,0,0,0,0,0
480416,1,1,1997,9,0,0,0,0,0,0,0,0,0
480416,2,1,1997,17,0,14,21,10,14,2,0,0,10
480417,0,1,1997,0,0,0,0,0,0,0,0,0,0
480417,1,1,1997,0,53,0,8,0,0,0,0,0,0
480418,1,1,1997,0,0,3,0,14,5,5,15,20,11
480418,2,1,1997,7,10,0,0,11,0,0,0,15,0
480419,1,1,1997,15,0,0,0,11,13,0,0,16,0
480419,2,1,1997,11,11,11,11,11,11,11,11,11,11
480420,0,1,1997,24,0,0,0,0,0,41,0,0,34
480420,1,1,1997,0,0,0,0,0,0,0,0,0,0
480421,1,1,1997,0,0,0,0,0,0,0,0,0,0
480421,2,1,1997,0,0,0,0,0,0,0,0,0,0
480421,3,1,1997,0,0,0,0,0,0,0,0,0,0
480422,1,1,1997,0,0,0,0,0,0,0,0,0,0
480423,1,1,1997,22,0,13,26,11,39,0,0,0,0
480423,2,1,1997,0,0,0,0,0,0,0,0,0,0
480424,1,1,1997,0,0,0,0,0,0,0,0,0,0
480424,2,1,1997,0,0,0,0,0,0,0,0,0,0
480425,1,1,1997,0,0,0,0,0,0,0,0,0,0
480426,1,1,1997,0,0,0,0,0,0,0,0,0,0
480426,2,1,1997,0,0,0,0,0,0,0,0,0,0
480427,1,1,1997,0,0,0,0,0,0,0,0,0,0
480427,2,1,1997,15,15,15,15,15,15,15,15,15,15
480428,1,1,1997,10,0,0,0,0,0,21,35,0,0
480428,2,1,1997,0,0,0,0,0,0,14,0,0,0
480429,1,1,1997,5,16,0,10,0,0,23,0,15,13
480429,2,1,1997,0,0,0,0,0,0,0,0,0,0
480429,3,1,1997,0,0,0,12,0,0,0,0,0,18
480429,4,1,1997,0,7,0,0,0,0,14,0,0,0
480430,1,1,1997,9,0,0,0,0,0,0,0,0,0
480431,0,1,1997,0,0,34,0,0,0,0,0,0,0
480431,1,1,1997,19,0,0,0,0,0,0,0,6,0
480432,0,1,1997,24,0,0,0,16,15,0,0,0,0
480432,0,2,1997,0,0,0,0,0,0,0,0,0,0
480432,1,1,1997,23,23,23,23,23,23,23,23,23,23
480433,1,1,1997,0,0,0,0,0,0,0,0,0,0
480433,2,1,1997,0,0,0,0,0,8,0,0,0,0
480433,3,1,1997,0,0,0,0,0,0,0,0,0,0
480434,1,1,1997,0,0,0,0,0,0,0,0,0,0
480434,2,1,1997,23,23,23,23,23,23,23,23,23,23
480435,1,1,1997,0,0,0,0,0,0,0,0,0,0
480436,1,1,1997,13,13,13,13,13,13,13,13,13,13
480436,2,1,1997,0,0,0,0,0,0,0,0,0,0
480437,1,1,1997,24,0,0,0,20,10,0,35,17,0
480438,1,1,1997,25,25,25,25,25,25,25,25,25,25
480439,0,1,1997,0,0,0,0,0,0,0,0,0,0
480439,0,2,1997,0,0,0,0,5,17,0,0,6,0
480439,1,1,1997,0,0,0,0,0,0,0,0,0,0
480440,1,1,1997,0,0,0,0,0,0,0,0,0,0
480440,2,1,1997,7,0,0,0,11,19,0,17,0,0
480441,1,1,1997,0,0,0,0,0,0,0,0,0,0
480441,2,1,1997,4,4,4,4,4,4,4,4,4,4
480442,1,1,1997,0,0,0,0,0,0,0,0,0,0
480443,1,1,1997,0,0,0,0,0,0,0,0,0,0
480443,2,1,1997,0,0,0,0,0,0,0,0,0,0
480444,1,1,1997,18,18,18,18,18,18,18,18,18,18
480444,2,1,1997,0,0,0,0,0,0,0,0,0,0
480445,0,1,1997,0,0,0,0,0,0,0,0,0,0
480445,1,1,1997,0,0,0,0,0,0,0,0,0,0
480446,1,1,1997,27,0,0,0,0,0,0,3,0,0
480447,1,1,1997,0,0,0,0,0,0,0,0,0,0
480447,2,1,1997,8,8,8,8,8,8,8,8,8,8
480448,1,1,1997,0,0,0,0,0,0,0,0,0,0
480449,1,1,1997,17,16,15,11,21,16,17,9,10,20
480449,2,1,1997,0,0,0,0,0,0,6,0,0,0
480450,1,1,1997,0,0,0,0,0,0,0,0,0,0
480451,1,1,1997,0,0,0,0,0,0,0,0,0,0
480451,2,1,1997,0,0,0,0,0,0,0,0,0,0
480451,3,1,1997,0,0,0,0,0,0,0,0,0,0
480452,1,1,1997,0,0,5,0,0,0,18,0,0,0
480452,2,1,1997,7,13,0,0,0,11,0,0,0,0
480453,1,1,1997,0,0,0,17,0,0,0,0,0,0
480453,2,1,1997,0,0,0,0,0,0,0,0,0,0
480454,1,1,1997,3,3,3,3,3,3,3,3,3,3
480454,2,1,1997,0,0,0,0,0,0,0,0,0,0
480455,1,1,1997,4,0,0,0,0,0,0,0,0,0
480455,2,1,1997,11,11,11,11,11,11,11,11,11,11
480456,1,1,1997,0,0,0,0,0,0,0,0,0,0
480456,2,1,1997,0,0,0,0,0,0,0,0,0,0
480457,1,1,1997,0,0,16,0,0,16,0,8,13,20
480457,2,1,1997,1,1,1,1,1,1,1,1,1,1
480458,1,1,1997,0,0,0,0,0,0,0,0,0,0
480458,2,1,1997,15,6,14,3,11,4,9,24,12,17
480459,0,1,1997,21,21,21,21,21,21,21,21,21,21
480459,1,1,1997,15,15,15,15,15,15,15,15,15,15
480460,1,1,1997,15,8,24,11,0,4,32,23,7,15
480460,2,1,1997,0,0,0,0,0,0,0,0,0,0
480460,3,1,1997,0,11,0,25,0,21,16,14,0,21
480460,4,1,1997,0,0,0,0,0,0,0,0,0,0
480461,1,1,1997,24,24,24,24,24,24,24,24,24,24
480462,1,1,1997,0,0,0,0,0,0,0,0,0,0
480462,2,1,1997,27,11,0,20,5,7,21,10,0,0
480462,3,1,1997,0,0,17,0,0,17,0,0,0,0
480463,1,1,1997,30,30,30,30,30,30,30,30,30,30
480463,2,1,1997,0,16,27,13,37,34,31,13,17,15
480464,1,1,1997,0,0,0,0,0,0,0,0,0,0
480464,2,1,1997,0,0,0,0,0,0,0,0,0,0
480465,1,1,1997,14,14,14,14,14,14,14,14,14,14
480466,1,1,1997,11,25,22,7,17,0,16,0,14,16
480467,0,1,1997,11,33,0,22,30,34,21,27,12,10
480467,1,1,1997,0,0,0,0,0,0,21,20,21,0
480468,1,1,1997,13,13,13,13,13,13,13,13,13,13
480468,2,1,1997,13,13,13,13,13,13,13,13,13,13
480469,1,1,1997,24,13,20,11,28,10,23,24,25,35
480470,1,1,1997,0,0,0,0,0,0,0,0,0,0
480471,1,1,1997,5,5,5,5,5,5,5,5,5,5
480471,2,1,1997,0,0,0,0,0,0,0,0,0,0
480472,0,1,1997,0,0,0,0,0,0,25,0,0,0
480472,1,1,1997,0,0,0,0,0,0,0,0,0,0
480473,1,1,1997,0,0,0,0,0,0,0,0,0,0
480473,2,1,1997,0,0,0,0,0,0,0,0,3,0
480474,1,1,1997,0,0,0,0,0,0,0,0,0,0
480474,2,1,1997,0,0,0,0,0,0,0,0,0,0
480475,1,1,1997,0,0,0,0,0,0,0,0,0,0
480475,2,1,1997,0,0,0,0,0,0,0,0,0,0
480476,1,1,1997,0,0,0,0,0,0,0,0,0,0
480476,2,1,1997,0,0,6,0,0,0,0,0,0,0
480477,1,1,1997,0,0,0,0,0,0,0,0,0,0
480477,2,1,1997,0,0,0,0,0,0,5,0,0,0
480478,1,1,1997,0,30,0,20,0,23,0,0,0,0
480478,2,1,1997,0,0,0,0,14,0,7,14,0,0
480479,1,1,1997,0,14,0,0,0,0,0,0,0,0
480480,0,1,1997,0,0,0,24,21,10,0,32,29,8
480480,1,1,1997,0,35,0,0,0,0,2,15,19,0
480480,3,1,1997,9,0,0,0,6,0,21,0,0,0
480480,4,1,1997,0,0,0,6,0,0,0,0,4,17
480481,1,1,1997,4,4,4,4,4,4,4,4,4,4
480482,1,1,1997,0,6,26,0,0,0,0,0,0,0
480482,2,1,1997,0,0,0,13,0,9,0,0,0,0
480483,1,1,1997,0,0,12,0,0,0,0,0,0,0
480484,1,1,1997,0,0,0,0,0,0,0,0,0,0
480484,2,1,1997,0,0,0,0,0,0,0,0,0,0
480485,1,1,1997,0,0,0,0,0,0,0,0,0,0
480485,2,1,1997,0,0,0,0,0,0,0,0,0,0
480486,0,1,1997,0,0,0,0,0,0,0,0,0,0
480486,1,1,1997,0,0,0,0,0,0,0,0,0,0
480487,0,1,1997,3,0,14,23,0,25,13,29,44,0
480487,1,1,1997,0,0,0,0,0,0,0,0,0,0
480488,1,1,1997,9,9,9,9,9,9,9,9,9,9
480488,2,1,1997,0,0,0,0,0,0,0,0,0,0
480489,1,1,1997,15,15,15,15,15,15,15,15,15,15
480490,0,1,1997,13,0,0,16,0,3,40,10,0,28
480490,1,1,1997,0,0,0,0,0,0,0,0,0,0
480491,1,1,1997,0,0,0,0,0,0,0,0,0,0
480491,2,1,1997,0,0,0,0,0,0,0,0,0,0
480492,1,1,1997,0,0,0,0,10,0,0,0,0,0
480492,2,1,1997,0,8,0,0,0,0,0,19,0,0
480493,1,1,1997,32,32,32,32,32,32,32,32,32,32
480493,2,1,1997,0,0,0,0,0,0,0,0,0,0
480494,0,1,1997,0,0,0,0,0,0,0,0,0,0
480494,1,1,1997,0,0,0,0,0,0,0,0,0,0
480495,1,1,1997,3,3,3,3,3,3,3,3,3,3
480496,1,1,1997,0,0,0,0,0,0,0,0,0,0
480496,2,1,1997,17,17,17,17,17,17,17,17,17,17
480496,3,1,1997,0,0,0,0,0,3,0,0,0,0
480497,1,1,1997,0,0,0,0,0,0,0,0,0,8
480498,1,1,1997,0,0,0,0,0,0,0,0,0,0
480499,1,1,1997,0,0,0,0,0,0,0,0,0,0
480499,2,1,1997,0,0,0,0,0,0,0,0,0,0
480500,1,1,1997,18,18,18,18,18,18,18,18,18,18
480500,2,1,1997,0,0,0,0,0,0,0,0,0,0
480501,1,1,1997,15,15,15,15,15,15,15,15,15,15
480501,2,1,1997,0,0,19,0,20,20,38,12,18,0
480502,0,1,1997,0,0,0,0,0,0,0,0,0,0
480502,1,1,1997,0,0,0,0,0,13,0,0,0,0
480503,1,1,1997,10,0,9,0,17,15,7,11,30,22
480503,2,1,1997,0,0,0,0,0,0,0,0,8,0
480504,1,1,1997,22,22,22,22,22,22,22,22,22,22
480505,1,1,1997,0,0,10,0,12,0,0,20,3,0
480506,1,1,1997,19,19,19,19,19,19,19,19,19,19
480507,1,1,1997,0,0,0,0,0,0,0,0,0,0
480507,2,1,1997,0,12,37,0,19,0,12,0,31,23
480508,1,1,1997,0,0,0,0,0,0,0,0,0,0
480508,2,1,1997,0,0,0,0,0,0,0,0,0,0
480509,0,1,1997,0,22,0,23,20,27,20,0,16,29
480509,1,1,1997,5,0,0,0,0,0,0,0,0,0
480510,1,1,1997,11,11,11,11,11,11,11,11,11,11
480511,1,1,1997,10,10,10,10,10,10,10,10,10,10
480512,0,1,1997,28,0,0,25,0,0,29,0,26,0
480512,1,1,1997,0,0,0,0,0,0,0,0,0,0
480513,1,1,1997,0,0,0,0,0,17,0,0,0,0
480513,2,1,1997,0,0,0,0,0,0,0,22,0,0
480514,1,1,1997,17,17,17,17,17,17,17,17,17,17
480515,1,1,1997,0,0,0,0,0,0,0,0,0,0
480516,1,1,1997,0,0,0,0,0,0,0,0,0,0
480516,2,1,1997,0,0,0,0,0,0,0,0,0,0
480517,0,1,1997,14,0,0,0,0,9,0,0,0,0
480517,0,2,1997,0,25,0,0,0,0,0,17,0,0
480517,1,1,1997,0,0,0,8,0,0,0,0,0,0
480518,1,1,1997,0,0,0,0,0,0,0,0,0,0
480518,2,1,1997,0,0,0,0,0,0,0,0,0,0
480519,1,1,1997,25,25,25,25,25,25,25,25,25,25
480519,2,1,1997,0,0,0,0,0,0,16,0,0,0
480520,0,1,1997,20,16,16,0,0,30,27,0,7,18
480520,1,1,1997,0,8,7,17,15,0,11,22,17,0
480521,2,1,1997,24,24,24,24,24,24,24,24,24,24
480522,0,1,1997,20,13,15,0,0,24,26,28,20,0
480522,1,1,1997,7,7,7,7,7,7,7,7,7,7
480522,2,1,1997,0,0,0,13,0,0,4,23,0,14
480523,1,1,1997,11,0,0,0,0,0,0,0,0,0
480524,1,1,1997,20,20,20,20,20,20,20,20,20,20
480524,2,1,1997,15,0,0,0,0,11,13,0,0,0
480524,3,1,1997,3,3,3,3,3,3,3,3,3,3
480525,1,1,1997,23,23,23,23,23,23,23,23,23,23
480526,1,1,1997,0,0,0,0,0,0,0,0,0,0
480526,2,1,1997,0,0,0,0,0,0,0,0,0,0
480527,1,1,1997,28,28,28,28,28,28,28,28,28,28
480528,1,1,1997,47,47,47,47,47,47,47,47,47,47
480529,0,1,1997,0,0,21,0,22,0,25,19,9,0
480529,1,1,1997,8,0,0,0,0,0,0,11,0,0
480530,0,1,1997,0,0,0,0,0,0,0,0,0,0
480530,1,1,1997,0,24,8,0,0,0,0,0,0,12
480531,1,1,1997,9,9,9,9,9,9,9,9,9,9
480532,1,1,1997,0,0,0,3,0,0,0,6,0,0
480533,1,1,1997,0,14,0,17,0,0,7,0,0,0
480533,2,1,1997,0,0,23,0,0,0,0,0,0,0
480533,3,1,1997,0,21,0,0,0,0,0,0,0,16
480534,1,1,1997,0,0,0,0,0,0,0,0,0,0
480534,2,1,1997,0,0,0,0,29,0,0,12,0,25
480535,1,1,1997,18,19,17,9,11,14,17,8,9,18
480536,1,1,1997,0,0,0,0,0,0,0,0,0,0
480536,2,1,1997,0,0,0,0,0,0,0,0,0,0
480537,1,1,1997,0,0,0,0,0,0,0,0,0,0
480537,2,1,1997,0,0,0,0,0,0,0,0,0,0
480538,1,1,1997,6,0,0,0,0,0,0,0,0,0
480539,1,1,1997,11,11,11,11,11,11,11,11,11,11
480540,1,1,1997,0,0,0,0,0,5,16,21,0,17
480540,2,1,1997,0,0,0,0,0,0,0,0,0,0
480541,1,1,1997,0,0,0,0,0,0,0,0,0,0
480542,1,1,1997,12,12,12,12,12,12,12,12,12,12
480542,2,1,1997,1,1,1,1,1,1,1,1,1,1
480543,1,1,1997,0,6,0,0,0,0,0,8,0,32
480543,2,1,1997,0,0,0,0,0,0,0,0,0,0
480544,1,1,1997,16,16,16,16,16,16,16,16,16,16
480545,1,1,1997,15,15,15,15,15,15,15,15,15,15
480546,1,1,1997,0,0,0,0,0,0,0,0,0,0
480546,2,1,1997,0,0,0,0,0,0,0,0,0,0
480546,3,1,1997,0,0,0,0,0,0,0,0,0,19
480547,0,1,1997,0,23,0,14,14,11,0,17,0,32
480547,1,1,1997,14,0,0,0,0,0,0,0,0,0
480548,0,1,1997,0,21,52,7,12,28,0,8,0,0
480548,0,2,1997,0,0,0,17,0,0,0,0,0,0
480548,1,1,1997,0,0,0,0,0,0,0,0,0,0
480549,0,1,1997,0,28,10,13,26,0,0,0,0,0
480549,1,1,1997,0,0,0,0,0,0,0,0,0,0
480550,1,1,1997,0,11,22,19,18,12,0,40,17,9
480551,1,1,1997,27,27,27,27,27,27,27,27,27,27
480552,1,1,1997,26,26,26,26,26,26,26,26,26,26
480552,2,1,1997,0,0,0,0,0,0,0,0,0,0
480553,1,1,1997,0,0,0,0,0,0,0,0,0,0
480553,2,1,1997,0,28,26,0,12,2,17,13,0,23
480554,0,1,1997,26,26,26,26,26,26,26,26,26,26
480554,1,1,1997,0,0,0,0,0,0,0,0,0,0
480555,1,1,1997,0,0,0,18,0,0,0,0,0,0
480555,2,1,1997,10,0,14,25,0,0,0,0,10,0
480556,1,1,1997,0,0,0,0,13,0,0,0,21,29
480557,1,1,1997,4,4,4,4,4,4,4,4,4,4
480558,1,1,1997,24,27,23,33,22,23,11,27,32,26
480559,1,1,1997,0,0,0,0,0,0,0,0,0,0
480559,2,1,1997,0,6,0,0,0,0,0,0,0,0
480559,3,1,1997,0,0,0,0,0,0,0,0,0,0
480559,4,1,1997,0,0,0,0,0,0,0,0,0,0
480560,1,1,1997,22,22,22,22,22,22,22,22,22,22
480561,1,1,1997,14,14,14,14,14,14,14,14,14,14
480562,1,1,1997,20,12,23,14,14,19,27,21,11,17
480563,0,1,1997,6,6,6,6,6,6,6,6,6,6
480563,1,1,1997,0,3,8,0,0,9,0,0,14,0
480564,1,1,1997,25,25,25,25,25,25,25,25,25,25
480565,1,1,1997,27,27,27,27,27,27,27,27,27,27
480565,2,1,1997,0,0,0,0,0,5,0,21,0,0
480566,1,1,1997,10,0,22,24,0,0,14,0,20,0
480567,1,1,1997,13,0,0,0,0,7,0,15,0,0
480568,1,1,1997,0,0,0,0,0,0,0,0,0,0
480569,1,1,1997,21,0,0,0,0,22,13,0,6,0
480570,1,1,1997,0,5,7,0,0,0,30,14,0,0
480571,1,1,1997,0,0,0,0,0,0,0,0,0,0
480571,2,1,1997,0,15,11,17,17,12,14,19,3,17
480572,1,1,1997,0,0,0,0,0,0,0,0,0,11
480572,2,1,1997,0,0,0,0,0,0,0,0,0,0
480573,1,1,1997,14,14,14,14,14,14,14,14,14,14
480573,2,1,1997,0,0,0,0,0,0,0,0,0,0
480574,1,1,1997,0,0,0,0,0,0,0,0,0,0
480574,2,1,1997,0,0,0,0,0,0,0,0,0,0
480575,1,1,1997,0,0,0,0,0,0,0,0,0,0
480575,2,1,1997,0,0,19,0,0,0,0,0,0,0
480576,1,1,1997,0,0,0,0,0,0,0,0,0,0
480577,0,1,1997,0,0,0,0,0,0,0,0,0,0
480577,1,1,1997,0,0,0,0,0,0,0,0,0,0
480578,1,1,1997,0,0,0,0,0,0,0,0,0,0
480578,2,1,1997,0,0,0,0,0,0,0,0,2,0
480579,1,1,1997,16,0,0,0,0,10,0,0,0,0
480579,2,1,1997,0,0,0,0,0,0,0,0,5,27
480580,1,1,1997,0,0,0,0,0,0,0,0,0,0
480580,2,1,1997,8,8,8,8,8,8,8,8,8,8
480581,1,1,1997,0,0,0,0,0,0,0,0,0,0
480581,2,1,1997,0,0,0,0,0,0,0,0,0,0
480582,1,1,1997,0,0,0,0,0,0,0,0,0,0
480582,2,1,1997,0,0,17,0,0,0,0,0,0,8
480582,3,1,1997,0,0,0,0,0,0,0,0,0,0
480583,0,1,1997,32,37,0,0,12,0,0,0,0,0
480583,0,2,1997,29,17,0,36,0,28,0,32,7,29
480583,1,1,1997,0,20,13,0,0,27,5,0,0,17
480584,0,1,1997,15,20,0,0,0,0,0,12,0,0
480584,0,2,1997,13,0,0,5,0,15,0,0,0,0
480584,1,1,1997,3,5,0,6,19,15,0,31,15,11
480585,1,1,1997,26,16,22,22,18,18,20,28,28,9
480586,0,1,1997,0,0,0,0,0,0,0,0,0,0
480586,0,2,1997,0,0,0,0,0,0,0,0,0,0
480586,1,1,1997,0,0,0,0,0,0,0,0,0,0
480587,1,1,1997,0,14,13,11,0,0,0,0,0,0
480587,2,1,1997,0,0,0,0,19,0,26,0,0,10
480588,1,1,1997,18,18,18,18,18,18,18,18,18,18
480589,1,1,1997,17,10,11,12,13,25,16,9,23,22
480589,2,1,1997,0,0,0,0,0,0,0,0,0,0
480590,1,1,1997,0,0,0,0,0,0,0,0,0,0
480590,2,1,1997,0,0,0,0,0,0,0,0,0,0
480591,1,1,1997,17,17,17,17,17,17,17,17,17,17
480591,2,1,1997,0,13,25,8,17,10,0,6,17,0
480592,0,1,1997,0,41,10,0,17,0,29,21,0,52
480592,1,1,1997,9,0,0,0,0,0,0,0,0,0
480593,1,1,1997,0,0,0,0,0,0,0,0,0,0
480593,2,1,1997,0,0,0,0,0,0,0,0,0,0
480594,0,1,1997,12,0,0,28,0,10,21,0,0,15
480594,1,1,1997,0,3,18,7,0,7,0,14,0,0
480595,1,1,1997,0,14,0,0,18,0,20,23,0,23
480595,2,1,1997,14,14,14,14,14,14,14,14,14,14
480596,1,1,1997,0,0,0,0,0,16,0,0,0,0
480596,2,1,1997,0,0,21,27,0,0,0,16,0,0
480597,1,1,1997,21,19,15,15,8,15,31,21,0,24
480598,1,1,1997,19,19,19,19,19,19,19,19,19,19
480598,2,1,1997,0,0,0,0,0,0,0,0,0,0
480599,1,1,1997,0,0,0,0,0,0,0,0,0,0
480600,1,1,1997,0,0,0,0,0,0,0,0,0,0
480600,2,1,1997,0,0,0,0,0,0,0,0,0,0
480600,3,1,1997,23,0,0,0,0,0,0,0,0,0
480601,1,1,1997,0,0,0,0,0,0,0,0,0,0
480601,2,1,1997,0,23,0,0,0,0,10,0,12,0
480602,1,1,1997,19,19,19,19,19,19,19,19,19,19
480603,1,1,1997,0,0,0,0,0,0,0,6,0,0
480603,2,1,1997,0,0,0,0,0,0,9,0,0,22
480603,3,1,1997,0,0,0,0,0,0,0,0,0,0
480604,1,1,1997,18,18,18,18,18,18,18,18,18,18
480605,0,1,1997,26,0,13,0,0,10,12,28,24,32
480605,1,1,1997,0,0,0,0,0,0,0,10,9,0
480606,1,1,1997,8,8,8,8,8,8,8,8,8,8
480607,1,1,1997,0,0,0,0,0,0,0,0,0,0
480608,1,1,1997,35,0,0,25,21,23,13,21,0,8
480609,1,1,1997,0,0,0,0,0,0,0,0,0,0
480609,2,1,1997,0,0,0,0,0,0,0,0,0,0
480610,1,1,1997,10,0,0,0,0,0,0,0,0,0
480611,1,1,1997,0,0,0,0,0,0,0,0,0,0
480611,2,1,1997,0,0,0,0,0,0,0,0,0,0
480612,1,1,1997,0,0,0,0,0,0,0,0,0,0
480612,2,1,1997,0,0,0,0,0,0,0,0,0,0
480613,1,1,1997,0,0,0,0,0,0,0,0,0,0
480613,2,1,1997,17,17,17,17,17,17,17,17,17,17
480614,1,1,1997,0,0,0,0,0,0,0,0,0,0
480614,2,1,1997,0,0,0,0,0,0,0,0,0,0
480615,1,1,1997,35,0,22,22,0,14,0,20,22,23
480616,0,1,1997,0,0,0,18,33,0,23,0,27,0
480616,1,1,1997,25,23,24,18,18,12,30,8,27,14
480617,1,1,1997,0,0,0,0,0,0,0,0,0,0