ST_CASE,VEH_NO,PER_NO,YEAR,P1,P2,P3,P4,P5,P6,P7,P8,P9,P10
480617,2,1,1997,0,0,0,0,0,0,0,0,0,0
480618,1,1,1997,0,0,0,0,0,26,0,0,0,0
480618,2,1,1997,0,0,0,0,0,0,11,0,0,0
480618,3,1,1997,0,0,0,0,0,0,0,0,0,0
480618,4,1,1997,0,0,0,0,0,0,0,0,18,0
480618,5,1,1997,0,28,0,0,0,0,0,0,0,0
480618,6,1,1997,7,0,4,0,10,0,7,0,0,0
480618,7,1,1997,0,0,0,0,0,0,0,0,0,0
480618,8,1,1997,0,0,0,0,0,0,0,0,0,0
480618,9,1,1997,0,0,0,13,0,0,0,0,0,0
480618,10,1,1997,6,0,0,0,0,0,0,0,0,18
480619,1,1,1997,0,0,0,0,0,0,0,14,0,0
480619,2,1,1997,0,0,0,0,0,0,0,0,0,0
480620,1,1,1997,0,0,0,0,0,0,0,0,0,0
480621,0,1,1997,17,19,0,13,16,0,8,21,29,18
480621,1,1,1997,0,0,0,0,0,0,0,0,18,0
480622,1,1,1997,8,8,8,8,8,8,8,8,8,8
480623,1,1,1997,0,0,0,0,0,0,0,0,11,0
480623,2,1,1997,0,0,0,0,0,0,0,0,0,0
480624,1,1,1997,3,0,0,0,0,0,5,0,0,0
480624,2,1,1997,0,0,0,0,0,0,0,15,0,0
480625,1,1,1997,0,0,0,0,0,0,0,0,0,0
480626,1,1,1997,0,0,0,0,0,0,0,13,21,0
480627,0,1,1997,0,0,0,0,0,0,0,18,33,0
480627,1,1,1997,0,0,15,0,0,0,0,0,0,0
480628,0,1,1997,0,0,0,0,0,0,0,0,0,0
480628,1,1,1997,0,0,0,0,0,0,14,9,0,0
480629,1,1,1997,0,0,0,0,0,0,0,0,0,0
480629,2,1,1997,0,0,0,0,0,0,0,0,0,3
480630,1,1,1997,0,25,27,0,10,0,14,0,33,11
480631,1,1,1997,0,0,0,0,0,0,0,0,0,0
480631,2,1,1997,0,0,0,0,0,0,0,0,0,0
480632,1,1,1997,0,0,0,0,0,0,25,0,0,14
480632,2,1,1997,0,0,0,0,22,0,0,3,0,0
480632,3,1,1997,0,12,0,0,0,9,0,0,19,0
480633,1,1,1997,0,0,0,0,0,0,0,0,0,0
480633,2,1,1997,0,0,0,0,0,0,0,0,0,0
480634,1,1,1997,17,17,17,17,17,17,17,17,17,17
480634,2,1,1997,0,0,0,0,0,0,0,0,0,0
480635,1,1,1997,14,6,21,13,18,19,38,0,0,25
480636,1,1,1997,15,15,15,15,15,15,15,15,15,15
480637,1,1,1997,0,0,0,0,0,0,0,0,0,0
480637,2,1,1997,0,0,0,0,0,0,0,0,0,0
480638,1,1,1997,0,16,10,0,7,12,16,19,7,0
480638,2,1,1997,0,11,0,0,0,0,0,0,0,0
480639,1,1,1997,0,0,0,0,0,0,0,13,0,0
480639,2,1,1997,0,10,0,0,0,0,0,0,0,0
480639,3,1,1997,0,0,0,0,0,0,0,0,0,0
480640,1,1,1997,18,0,0,0,0,0,0,0,9,0
480641,1,1,1997,0,0,0,21,0,0,0,0,8,22
480642,1,1,1997,22,13,0,0,0,9,9,6,0,6
480642,2,1,1997,0,0,0,0,0,0,0,0,0,0
480643,1,1,1997,19,0,0,0,12,21,0,0,0,0
480644,1,1,1997,10,10,10,10,10,10,10,10,10,10
480645,1,1,1997,0,0,0,0,0,0,0,0,0,0
480645,2,1,1997,0,0,0,0,0,0,0,0,0,0
480646,1,1,1997,7,0,23,0,13,24,0,8,0,22
480647,1,1,1997,23,23,23,23,23,23,23,23,23,23
480648,1,1,1997,0,0,0,0,0,0,33,0,0,10
480648,2,1,1997,0,0,15,0,0,20,15,0,0,0
480649,1,1,1997,0,0,0,0,0,0,0,0,3,0
480649,2,1,1997,0,13,0,0,0,0,0,0,0,0
480650,1,1,1997,14,0,0,0,0,0,0,0,0,0
480651,1,1,1997,0,0,0,0,0,0,0,0,0,0
480652,0,1,1997,0,0,0,0,0,0,0,0,0,0
480652,1,1,1997,0,0,0,0,0,0,0,0,0,0
480653,1,1,1997,19,20,23,28,14,21,41,22,14,27
480654,0,1,1997,0,0,0,0,0,0,0,0,0,0
480654,0,2,1997,18,0,0,23,0,0,0,11,0,0
480654,1,1,1997,0,0,0,0,0,0,0,0,0,0
480655,0,1,1997,0,0,0,0,0,0,0,0,0,0
480655,1,1,1997,0,0,0,0,0,0,0,0,0,0
480656,1,1,1997,0,0,0,0,0,0,0,0,0,0
480656,2,1,1997,0,0,0,0,0,0,0,0,0,0
480657,1,1,1997,0,0,0,0,0,0,0,0,0,0
480658,1,1,1997,0,0,0,0,0,0,0,0,0,0
480658,2,1,1997,33,10,22,23,23,21,21,9,20,36
480659,1,1,1997,0,0,0,6,0,0,0,0,0,0
480659,2,1,1997,0,0,0,0,0,0,0,0,0,0
480660,1,1,1997,0,0,0,0,0,0,0,0,0,0
480660,2,1,1997,0,0,0,0,0,0,0,0,0,0
480661,1,1,1997,0,19,0,0,25,0,0,0,0,0
480661,2,1,1997,0,0,0,0,22,0,30,7,0,0
480661,3,1,1997,0,0,0,0,0,0,5,0,0,0
480662,1,1,1997,30,15,34,0,0,26,26,31,13,17
480663,1,1,1997,0,0,0,0,0,0,0,0,0,0
480663,2,1,1997,0,0,0,0,0,0,0,0,0,0
480664,1,1,1997,0,0,0,0,0,0,0,0,0,0
480664,2,1,1997,0,0,0,0,0,0,38,0,0,0
480665,1,1,1997,0,0,0,0,0,0,0,0,0,0
480665,2,1,1997,24,0,0,0,0,0,0,12,0,15
480665,3,1,1997,0,0,0,0,0,0,0,0,0,0
480666,0,1,1997,0,0,0,0,0,0,0,0,0,0
480666,1,1,1997,0,0,0,0,0,0,0,0,0,0
480666,2,1,1997,0,0,0,5,0,0,0,0,0,0
480667,1,1,1997,17,17,17,17,17,17,17,17,17,17
480667,2,1,1997,3,3,3,3,3,3,3,3,3,3
480668,1,1,1997,17,17,14,18,23,2,24,11,12,15
480669,1,1,1997,0,0,0,0,0,0,0,0,0,0
480669,2,1,1997,0,0,0,0,0,0,0,0,0,0
480670,1,1,1997,0,0,0,0,0,0,0,0,0,0
480670,2,1,1997,0,0,0,0,0,0,0,0,0,0
480671,1,1,1997,17,0,22,0,14,15,4,14,21,24
480672,1,1,1997,24,24,24,24,24,24,24,24,24,24
480672,2,1,1997,0,0,0,0,0,0,0,0,0,0
480673,1,1,1997,0,0,0,0,0,0,0,0,0,0
480673,2,1,1997,0,0,0,0,0,0,0,0,0,0
480674,1,1,1997,0,0,0,0,0,0,0,0,0,0
480674,2,1,1997,0,0,0,0,12,0,0,0,0,0
480675,1,1,1997,0,0,0,0,0,0,0,0,3,0
480675,2,1,1997,0,0,0,0,0,0,0,0,0,0
480676,1,1,1997,11,11,11,11,11,11,11,11,11,11
480676,2,1,1997,0,0,0,0,0,0,0,0,0,0
480677,1,1,1997,0,0,0,0,0,0,0,0,0,0
480677,2,1,1997,21,21,21,21,21,21,21,21,21,21
480678,1,1,1997,25,25,25,25,25,25,25,25,25,25
480678,2,1,1997,0,0,0,0,0,0,0,0,0,0
480679,1,1,1997,0,0,0,0,0,0,0,0,0,0
480680,1,1,1997,0,0,24,0,0,12,30,0,0,15
480681,1,1,1997,0,0,0,0,0,0,0,0,0,0
480681,2,1,1997,0,0,0,0,0,0,0,0,0,0
480682,1,1,1997,0,0,0,0,0,0,0,0,0,0
480683,1,1,1997,0,0,0,0,0,0,0,0,0,0
480683,2,1,1997,0,0,0,0,0,0,0,0,0,0
480684,1,1,1997,0,0,0,0,0,0,0,0,0,0
480684,2,1,1997,25,13,0,18,24,19,0,19,0,0
480685,0,1,1997,1,1,1,1,1,1,1,1,1,1
480685,1,1,1997,0,0,0,0,0,0,0,0,0,0
480686,0,1,1997,17,17,17,17,17,17,17,17,17,17
480686,1,1,1997,15,15,15,15,15,15,15,15,15,15
480687,1,1,1997,0,0,0,0,0,0,0,0,0,0
480688,1,1,1997,0,20,0,22,18,0,0,0,4,0
480688,2,1,1997,0,0,0,0,4,0,0,24,0,0
480689,1,1,1997,5,5,5,5,5,5,5,5,5,5
480690,1,1,1997,17,19,24,42,13,0,17,20,17,7
480690,2,1,1997,15,32,19,0,16,4,11,23,19,14
480691,1,1,1997,21,9,0,0,23,0,12,12,0,0
480692,1,1,1997,0,0,0,0,0,0,0,0,0,0
480693,1,1,1997,0,0,0,0,0,0,0,0,0,0
480694,1,1,1997,0,0,0,0,0,0,0,0,0,0
480694,2,1,1997,11,15,24,0,9,9,0,0,0,0
480695,1,1,1997,8,0,0,0,6,0,5,0,0,0
480695,2,1,1997,5,0,0,0,0,0,0,0,0,9
480695,3,1,1997,0,0,0,0,0,0,0,13,0,0
480695,4,1,1997,19,0,0,0,0,0,0,0,0,0
480696,1,1,1997,0,0,0,9,26,0,12,0,0,0
480696,2,1,1997,18,18,18,18,18,18,18,18,18,18
480697,1,1,1997,7,7,7,7,7,7,7,7,7,7
480698,1,1,1997,16,16,16,16,16,16,16,16,16,16
480699,0,1,1997,0,0,0,0,0,0,0,0,0,0
480699,1,1,1997,0,0,0,0,0,0,0,0,0,0
480700,0,1,1997,0,0,0,0,0,0,0,18,0,0
480700,1,1,1997,7,0,0,0,0,0,0,0,0,0
480701,1,1,1997,0,6,0,0,0,0,0,0,0,0
480701,2,1,1997,0,0,0,0,0,0,0,0,0,0
480702,1,1,1997,0,0,0,0,0,0,0,0,0,0
480702,2,1,1997,0,0,0,0,0,0,0,0,0,0
480703,1,1,1997,0,0,0,0,0,0,0,0,0,15
480704,1,1,1997,16,0,0,0,0,0,23,12,0,0
480704,2,1,1997,0,0,0,0,0,0,0,11,0,0
480705,1,1,1997,0,0,0,0,0,0,0,0,0,0
480705,2,1,1997,0,0,0,0,0,0,0,0,0,0
480706,1,1,1997,0,0,11,0,0,0,0,0,0,0
480706,2,1,1997,0,0,0,0,0,0,0,0,0,0
480707,0,1,1997,0,11,0,0,0,0,0,0,0,0
480707,1,1,1997,0,0,0,0,0,0,0,0,0,0
480708,0,1,1997,0,0,0,0,0,0,0,0,0,0
480708,1,1,1997,0,0,0,0,0,0,0,0,0,0
480709,1,1,1997,0,0,0,0,0,0,0,0,0,0
480709,2,1,1997,0,0,0,0,0,0,0,0,0,0
480710,1,1,1997,25,21,15,13,12,15,23,26,19,24
480711,1,1,1997,19,19,19,19,19,19,19,19,19,19
480712,1,1,1997,0,0,0,0,0,0,0,0,0,0
480713,1,1,1997,0,0,0,20,0,0,24,0,21,0
480714,1,1,1997,0,0,0,0,0,0,0,0,0,0
480714,2,1,1997,0,0,0,0,0,0,0,0,0,0
480714,3,1,1997,0,0,0,0,0,0,0,0,0,0
480715,1,1,1997,0,0,0,0,0,0,0,0,0,0
480716,1,1,1997,11,0,0,0,17,0,0,32,0,9
480717,1,1,1997,0,0,0,0,0,0,0,0,0,0
480717,2,1,1997,0,0,0,0,0,0,0,0,0,0
480718,1,1,1997,19,19,19,19,19,19,19,19,19,19
480719,1,1,1997,0,0,0,0,0,0,0,0,0,0
480719,2,1,1997,0,0,0,0,0,0,0,0,0,0
480720,1,1,1997,0,14,0,0,0,0,14,0,7,0
480720,2,1,1997,0,19,17,3,11,7,17,16,17,15
480721,1,1,1997,0,0,2,8,0,17,0,0,0,11
480722,1,1,1997,0,0,0,0,0,0,0,0,0,0
480723,1,1,1997,0,15,0,0,0,14,0,15,0,18
480724,1,1,1997,0,0,0,0,0,0,0,0,0,0
480725,1,1,1997,0,0,0,0,0,0,0,0,0,0
480726,1,1,1997,7,7,7,7,7,7,7,7,7,7
480726,2,1,1997,10,10,10,10,10,10,10,10,10,10
480727,1,1,1997,19,19,19,19,19,19,19,19,19,19
480728,1,1,1997,31,24,17,11,11,13,17,19,17,20
480728,2,1,1997,0,0,0,0,0,0,0,0,0,0
480729,1,1,1997,0,0,0,0,0,0,0,0,0,21
480730,1,1,1997,16,12,16,12,7,24,9,11,17,1
480731,1,1,1997,0,0,0,0,0,0,0,0,0,0
480732,1,1,1997,0,0,0,0,0,0,0,0,0,0
480732,2,1,1997,0,0,0,0,0,0,0,0,0,0
480732,3,1,1997,0,0,0,0,0,0,0,0,0,0
480733,1,1,1997,25,19,14,12,0,14,28,14,32,29
480734,1,1,1997,0,0,0,0,0,0,0,0,0,0
480734,2,1,1997,0,0,0,5,0,0,8,0,0,0
480734,3,1,1997,0,0,9,0,0,0,0,0,10,0
480734,4,1,1997,0,0,0,0,0,0,0,0,0,0
480735,1,1,1997,16,16,16,16,16,16,16,16,16,16
480736,1,1,1997,8,22,26,9,25,25,18,13,26,13
480737,1,1,1997,0,9,0,0,0,0,33,0,0,0
480738,1,1,1997,0,0,0,0,0,0,0,0,0,0
480738,2,1,1997,0,0,0,0,0,0,0,0,0,0
480739,1,1,1997,0,0,0,0,15,0,0,0,0,0
480740,1,1,1997,22,0,18,20,13,30,12,24,9,15
480741,1,1,1997,0,0,0,0,0,0,0,0,0,0
480741,2,1,1997,0,0,0,0,0,14,23,12,26,0
480742,0,1,1997,0,0,0,0,0,0,0,0,0,0
480742,1,1,1997,0,0,0,0,0,0,0,0,0,0
480743,1,1,1997,0,0,0,0,0,0,0,0,0,0
480744,1,1,1997,6,6,6,6,6,6,6,6,6,6
480745,1,1,1997,0,0,0,0,0,0,0,0,0,0
480745,2,1,1997,0,0,0,0,0,0,0,0,0,0
480746,1,1,1997,9,9,9,9,9,9,9,9,9,9
480747,1,1,1997,20,23,16,9,21,23,0,11,34,13
480748,1,1,1997,28,28,28,28,28,28,28,28,28,28
480749,1,1,1997,0,0,0,0,0,0,0,0,0,0
480750,1,1,1997,0,0,18,0,0,0,0,0,13,0
480751,1,1,1997,16,37,9,12,13,0,8,27,0,18
480752,1,1,1997,15,23,46,15,8,13,9,0,15,23
480753,1,1,1997,16,0,6,25,33,13,23,15,26,0
480754,0,1,1997,0,0,0,0,0,0,20,0,11,15
480754,1,1,1997,12,9,11,0,7,17,9,8,0,13
480755,1,1,1997,0,0,0,0,0,0,0,0,20,0
480755,2,1,1997,27,22,0,12,15,0,19,16,0,23
480756,0,1,1997,0,0,0,23,20,0,0,0,0,0
480756,1,1,1997,15,0,0,0,9,0,0,0,0,0
480757,1,1,1997,0,0,0,20,0,0,0,0,0,0
480758,1,1,1997,0,21,19,0,13,0,0,0,14,0
480759,1,1,1997,0,0,0,0,0,0,0,0,0,0
480759,2,1,1997,1,1,1,1,1,1,1,1,1,1
480760,1,1,1997,0,0,0,0,0,0,0,0,0,0
480761,1,1,1997,0,12,0,14,9,23,0,7,15,0
480761,2,1,1997,0,0,0,14,8,0,0,0,10,0
480762,1,1,1997,0,0,0,0,0,0,0,0,0,0
480762,2,1,1997,26,0,19,10,16,25,13,15,0,0
480763,1,1,1997,28,28,28,28,28,28,28,28,28,28
480764,1,1,1997,0,0,0,0,0,0,0,0,0,0
480764,2,1,1997,0,0,0,0,0,0,0,0,0,0
480765,1,1,1997,0,8,0,0,0,0,13,8,12,0
480765,2,1,1997,10,19,0,0,18,19,23,22,27,8
480766,1,1,1997,12,12,12,12,12,12,12,12,12,12
480767,1,1,1997,15,0,0,0,0,14,0,35,16,0
480767,2,1,1997,13,13,13,13,13,13,13,13,13,13
480768,0,1,1997,6,0,8,11,15,0,0,11,0,0
480768,1,1,1997,0,0,0,0,0,0,0,0,0,0
480769,1,1,1997,0,0,0,0,0,0,0,0,0,0
480770,1,1,1997,24,24,24,24,24,24,24,24,24,24
480771,1,1,1997,0,0,0,0,0,0,0,0,0,0
480772,0,1,1997,0,0,0,0,0,0,0,0,0,0
480772,1,1,1997,0,0,0,0,0,0,0,0,0,0
480773,0,1,1997,26,28,27,46,11,26,24,24,35,0
480773,1,1,1997,0,0,0,0,0,40,0,0,0,0
480774,1,1,1997,13,13,13,13,13,13,13,13,13,13
480775,1,1,1997,0,0,0,0,0,0,0,0,0,0
480775,2,1,1997,18,18,18,18,18,18,18,18,18,18
480776,1,1,1997,0,0,0,0,0,0,0,0,0,0
480777,1,1,1997,0,0,0,0,0,0,0,0,0,0
480778,1,1,1997,25,25,25,25,25,25,25,25,25,25
480779,1,1,1997,22,22,22,22,22,22,22,22,22,22
480780,1,1,1997,0,0,0,0,0,0,0,0,0,0
480781,1,1,1997,9,16,17,0,14,11,0,17,0,14
480782,1,1,1997,0,0,0,0,0,0,0,0,0,0
480783,1,1,1997,5,5,5,5,5,5,5,5,5,5
480784,1,1,1997,21,5,0,8,8,7,21,0,30,8
480785,1,1,1997,8,8,8,8,8,8,8,8,8,8
480785,2,1,1997,0,0,33,0,0,0,0,0,0,0
480786,1,1,1997,17,10,28,30,11,23,7,10,16,18
480787,1,1,1997,21,22,9,33,17,22,29,9,5,4
480787,2,1,1997,0,0,0,0,0,0,0,0,0,0
480787,3,1,1997,17,32,30,7,30,0,0,0,22,10
480788,1,1,1997,0,0,0,0,0,0,0,0,0,0
480788,2,1,1997,0,0,0,0,0,0,0,0,0,10
480789,1,1,1997,0,0,0,0,0,0,0,0,0,0
480789,2,1,1997,11,11,11,11,11,11,11,11,11,11
480790,1,1,1997,16,0,0,0,0,0,0,0,0,0
480790,2,1,1997,0,0,0,0,0,0,0,0,0,0
480791,1,1,1997,0,0,0,0,15,20,0,7,0,0
480791,2,1,1997,0,10,0,0,0,0,0,0,0,0
480791,3,1,1997,0,0,11,8,9,0,6,0,0,9
480791,4,1,1997,0,0,0,6,0,0,0,0,0,17
480792,1,1,1997,0,0,0,0,0,0,0,0,0,0
480793,1,1,1997,11,11,11,11,11,11,11,11,11,11
480794,1,1,1997,8,14,12,17,13,0,19,0,13,25
480794,2,1,1997,0,0,0,0,0,0,9,0,0,8
480795,1,1,1997,0,0,0,0,0,0,0,0,0,0
480795,2,1,1997,0,0,0,0,0,0,0,0,0,0
480795,3,1,1997,0,0,0,0,0,0,0,0,0,0
480796,1,1,1997,15,15,15,15,15,15,15,15,15,15
480796,2,1,1997,0,0,0,0,0,0,0,0,0,0
480797,0,1,1997,0,0,0,19,0,0,0,0,0,0
480797,1,1,1997,0,0,6,0,0,6,0,0,20,0
480798,1,1,1997,0,11,0,0,0,0,21,0,0,0
480799,0,1,1997,20,20,20,20,20,20,20,20,20,20
480799,1,1,1997,0,0,0,0,0,0,0,0,0,0
480800,1,1,1997,0,0,0,0,0,0,0,0,0,0
480800,2,1,1997,0,0,0,0,0,0,0,0,0,0
480801,1,1,1997,0,0,0,18,0,0,0,12,0,0
480801,2,1,1997,0,3,0,0,0,0,0,21,0,0
480802,1,1,1997,7,0,0,10,0,0,0,0,0,0
480803,1,1,1997,20,32,19,0,14,17,22,30,14,26
480804,1,1,1997,0,0,0,0,0,0,0,0,0,0
480805,1,1,1997,0,0,0,0,0,6,0,0,0,0
480805,2,1,1997,0,0,0,0,0,0,0,0,0,0
480806,1,1,1997,0,0,0,0,0,0,0,0,18,0
480806,2,1,1997,0,0,0,0,0,13,0,0,0,0
480806,3,1,1997,0,0,0,0,0,0,0,0,0,0
480807,1,1,1997,0,0,0,0,0,0,0,0,0,0
480807,2,1,1997,0,0,0,0,0,0,0,0,0,0
480808,1,1,1997,0,7,0,0,12,0,0,0,0,0
480808,2,1,1997,0,0,0,14,0,12,0,0,0,0
480809,0,1,1997,0,0,0,0,0,0,0,0,0,0
480809,0,2,1997,0,10,0,0,20,0,0,0,0,0
480809,1,1,1997,0,0,0,0,0,0,0,0,0,0
480810,1,1,1997,5,16,0,12,15,8,4,20,27,0
480810,2,1,1997,0,17,0,0,0,0,0,0,0,0
480811,1,1,1997,0,0,0,0,0,0,0,0,0,0
480811,2,1,1997,0,0,0,0,0,0,0,0,0,0
480812,1,1,1997,0,0,0,0,0,0,0,0,0,0
480813,1,1,1997,0,0,0,0,0,0,0,0,0,0
480813,2,1,1997,0,0,0,10,0,0,0,0,0,0
480814,1,1,1997,29,0,0,0,17,17,0,0,10,0
480814,2,1,1997,0,0,0,0,14,0,0,0,0,19
480815,1,1,1997,19,19,19,19,19,19,19,19,19,19
480815,2,1,1997,0,0,0,0,0,0,0,0,0,0
480816,1,1,1997,0,0,28,12,12,0,0,0,15,0
480817,1,1,1997,25,25,25,25,25,25,25,25,25,25
480817,2,1,1997,0,0,0,0,0,0,0,0,0,0
480818,0,1,1997,0,15,29,0,9,21,0,0,0,0
480818,1,1,1997,13,13,13,13,13,13,13,13,13,13
480818,2,1,1997,0,0,21,0,0,0,0,0,0,0
480819,1,1,1997,0,0,0,0,0,0,0,0,0,0
480819,2,1,1997,0,0,0,0,0,0,0,0,0,0
480820,1,1,1997,10,10,10,10,10,10,10,10,10,10
480821,1,1,1997,20,20,20,20,20,20,20,20,20,20
480821,2,1,1997,0,0,0,0,0,0,0,0,0,0
480822,1,1,1997,0,0,0,0,0,0,0,0,0,0
480822,2,1,1997,0,0,0,0,0,0,0,0,0,0
480823,1,1,1997,0,0,0,0,0,0,0,0,0,0
480823,2,1,1997,0,0,0,14,0,0,0,0,0,0
480824,1,1,1997,0,0,7,0,0,0,15,0,0,0
480824,2,1,1997,3,0,11,0,0,0,5,0,0,13
480825,1,1,1997,13,0,41,0,0,0,7,0,0,0
480825,2,1,1997,9,14,14,16,24,15,0,4,15,12
480826,1,1,1997,0,0,0,0,0,0,0,0,0,0
480826,2,1,1997,0,0,0,0,0,0,0,0,0,0
480827,1,1,1997,0,0,0,0,0,0,0,0,0,0
480827,2,1,1997,0,0,0,0,0,0,0,0,0,0
480828,0,1,1997,0,0,0,0,0,15,0,0,31,9
480828,1,1,1997,5,21,16,0,0,0,10,0,0,0
480829,0,1,1997,22,0,15,17,22,26,33,15,17,0
480829,1,1,1997,0,0,0,0,0,0,0,0,0,0
480829,2,1,1997,0,0,0,0,0,0,0,0,18,0
480830,1,1,1997,14,14,14,14,14,14,14,14,14,14
480831,1,1,1997,0,4,21,0,0,0,6,0,25,0
480832,1,1,1997,0,0,0,0,0,0,0,0,0,0
480832,2,1,1997,0,0,0,0,0,0,0,0,0,0
480832,3,1,1997,0,0,0,0,0,0,0,0,0,0
480833,1,1,1997,0,0,0,0,0,0,0,0,0,0
480834,1,1,1997,0,0,0,0,0,0,0,0,0,0
480835,0,1,1997,0,0,0,0,0,0,0,0,0,0
480835,1,1,1997,0,0,0,0,0,0,0,0,0,0
480836,0,1,1997,29,29,29,29,29,29,29,29,29,29
480836,1,1,1997,0,0,0,0,0,0,0,0,0,0
480837,0,1,1997,0,0,0,0,0,0,0,0,0,0
480837,1,1,1997,0,0,0,0,0,16,0,0,0,9
480838,1,1,1997,0,0,0,0,0,0,0,0,0,0
480838,2,1,1997,0,0,21,0,0,0,0,0,15,0
480839,1,1,1997,0,0,0,0,0,0,0,16,0,0
480840,1,1,1997,0,0,0,0,10,21,0,0,0,0
480840,2,1,1997,1,1,1,1,1,1,1,1,1,1
480840,3,1,1997,0,0,0,0,0,0,0,0,0,0
480840,4,1,1997,0,0,0,0,0,0,0,0,0,14
480841,0,1,1997,0,21,19,25,34,18,0,6,0,50
480841,1,1,1997,0,0,0,0,0,27,0,0,0,11
480842,1,1,1997,0,0,0,0,0,0,0,0,0,0
480843,1,1,1997,0,0,0,0,0,0,0,0,0,0
480844,1,1,1997,0,0,0,0,0,0,0,0,0,0
480844,2,1,1997,0,0,0,0,0,0,0,0,0,0
480845,1,1,1997,0,0,12,11,0,0,0,0,11,0
480846,1,1,1997,0,0,0,0,0,0,0,0,0,0
480846,2,1,1997,0,0,0,0,0,0,0,0,0,0
480847,1,1,1997,0,0,0,0,0,0,0,0,0,0
480847,2,1,1997,0,0,0,0,0,3,0,0,0,0
480848,1,1,1997,21,21,21,21,21,21,21,21,21,21
480849,1,1,1997,17,15,29,18,20,7,12,13,33,13
480850,1,1,1997,0,0,0,0,0,2,0,0,0,0
480851,1,1,1997,6,23,15,8,0,31,10,0,17,0
480852,0,1,1997,20,20,20,20,20,20,20,20,20,20
480852,1,1,1997,15,0,0,0,9,22,13,0,0,7
480853,1,1,1997,0,0,0,0,0,0,0,0,0,0
480853,2,1,1997,0,0,0,0,0,0,0,0,0,0
480853,3,1,1997,0,0,0,0,0,0,0,0,0,0
480854,1,1,1997,25,25,25,25,25,25,25,25,25,25
480855,0,1,1997,11,11,11,11,11,11,11,11,11,11
480855,1,1,1997,10,0,0,0,0,0,0,0,0,0
480856,1,1,1997,21,18,0,0,0,0,0,0,0,0
480857,1,1,1997,0,0,0,0,0,0,0,0,0,11
480857,2,1,1997,0,0,0,0,0,0,0,0,0,0
480857,3,1,1997,0,4,0,22,0,0,5,0,0,0
480858,1,1,1997,0,0,0,0,0,0,0,0,0,0
480858,2,1,1997,0,12,0,0,0,0,0,0,0,0
480859,1,1,1997,0,0,0,0,0,0,0,0,0,0
480859,2,1,1997,0,0,0,0,0,0,11,0,0,0
480859,3,1,1997,0,0,0,0,0,0,0,0,0,0
480860,1,1,1997,0,18,15,0,22,14,0,0,14,2
480860,2,1,1997,0,0,0,0,0,0,0,0,0,0
480861,0,1,1997,33,33,33,33,33,33,33,33,33,33
480861,1,1,1997,0,0,0,0,0,0,0,0,0,0
480862,1,1,1997,23,0,14,0,0,0,0,20,10,17
480863,1,1,1997,0,0,0,0,0,0,0,0,0,0
480864,1,1,1997,0,0,0,0,0,0,0,0,0,0
480864,2,1,1997,0,0,0,0,0,0,0,0,0,0
480865,0,1,1997,0,0,0,0,38,0,0,13,0,0
480865,1,1,1997,0,0,0,0,0,0,0,0,0,0
480866,1,1,1997,0,0,0,0,0,0,0,0,0,0
480866,2,1,1997,0,0,0,0,0,0,0,0,0,0
480866,3,1,1997,0,0,0,0,0,0,0,0,7,0
480867,1,1,1997,18,18,18,18,18,18,18,18,18,18
480868,1,1,1997,0,0,0,0,20,0,0,0,0,0
480869,0,1,1997,25,0,0,0,0,0,0,0,0,0
480869,1,1,1997,0,0,0,0,0,0,0,0,0,0
480870,1,1,1997,0,0,0,0,0,0,0,0,0,0
480871,1,1,1997,36,36,36,36,36,36,36,36,36,36
480872,1,1,1997,25,0,0,0,12,0,0,0,0,27
480873,1,1,1997,7,0,0,0,0,0,0,0,0,0
480874,1,1,1997,0,24,0,17,0,0,0,0,0,0
480874,2,1,1997,3,24,0,12,29,21,12,13,15,16
480875,1,1,1997,0,0,0,0,0,0,0,0,0,0
480875,2,1,1997,0,0,0,0,0,0,0,0,0,0
480876,1,1,1997,0,0,0,0,0,0,0,0,0,0
480876,2,1,1997,6,0,0,0,0,0,0,11,0,0
480876,3,1,1997,0,0,0,0,0,0,0,0,0,0
480877,1,1,1997,0,0,0,0,0,0,0,0,0,0
480877,2,1,1997,0,0,0,0,0,0,0,0,0,0
480877,3,1,1997,0,0,13,0,0,0,0,0,0,0
480877,4,1,1997,0,0,0,0,0,0,0,0,0,0
480878,0,1,1997,0,0,37,16,18,9,0,22,0,0
480878,1,1,1997,0,13,0,0,0,0,0,0,0,0
480879,1,1,1997,24,48,16,22,16,27,15,13,21,23
480880,1,1,1997,0,0,0,0,0,0,0,0,0,0
480880,2,1,1997,0,0,0,0,0,0,0,0,0,0
480881,1,1,1997,23,5,16,11,11,17,28,19,26,18
480882,1,1,1997,0,0,7,0,8,0,9,0,4,0
480882,2,1,1997,0,12,0,0,2,0,0,3,0,0