ST_CASE,VEH_NO,PER_NO,YEAR,P1,P2,P3,P4,P5,P6,P7,P8,P9,P10
480883,1,1,1997,8,8,8,8,8,8,8,8,8,8
480884,1,1,1997,16,16,16,16,16,16,16,16,16,16
480885,1,1,1997,20,20,20,20,20,20,20,20,20,20
480885,2,1,1997,15,0,0,5,0,29,0,26,27,0
480885,3,1,1997,3,0,0,0,22,0,0,0,0,0
480886,1,1,1997,14,17,0,20,33,11,0,4,17,27
480887,0,1,1997,0,18,32,25,15,0,0,38,0,35
480887,1,1,1997,0,0,0,0,0,0,8,0,3,0
480888,1,1,1997,13,13,13,13,13,13,13,13,13,13
480889,1,1,1997,30,30,30,30,30,30,30,30,30,30
480890,1,1,1997,20,20,20,20,20,20,20,20,20,20
480890,2,1,1997,0,0,6,0,0,3,0,0,0,0
480890,3,1,1997,0,0,0,0,0,0,0,0,15,0
480890,4,1,1997,0,0,0,0,0,0,11,0,0,0
480891,1,1,1997,0,0,0,0,0,0,0,0,0,0
480891,2,1,1997,0,0,0,0,0,0,0,0,0,0
480892,1,1,1997,23,9,4,24,11,26,21,12,10,11
480893,1,1,1997,0,0,0,0,0,0,0,0,0,0
480893,2,1,1997,0,0,0,0,0,0,0,0,0,0
480894,0,1,1997,0,0,0,0,0,0,0,0,0,0
480894,1,1,1997,0,0,0,0,0,0,0,0,0,0
480895,1,1,1997,22,22,22,22,22,22,22,22,22,22
480896,1,1,1997,0,0,10,8,0,0,0,2,8,0
480896,2,1,1997,0,5,0,0,0,0,0,0,0,0
480897,0,1,1997,38,0,0,0,13,0,0,0,0,0
480897,1,1,1997,10,0,0,0,0,0,0,15,22,9
480898,0,1,1997,0,0,0,0,0,0,0,0,0,0
480898,1,1,1997,19,0,0,0,9,0,32,0,7,0
480899,0,1,1997,7,7,7,7,7,7,7,7,7,7
480899,1,1,1997,18,0,0,0,0,0,0,0,0,0
480900,1,1,1997,9,9,9,9,9,9,9,9,9,9
480901,1,1,1997,17,14,23,15,26,17,16,0,15,13
480902,1,1,1997,0,17,0,0,0,0,0,0,0,4
480902,2,1,1997,0,0,0,0,0,0,0,0,0,0
480903,1,1,1997,0,0,0,11,0,0,21,0,0,0
480904,1,1,1997,9,9,9,9,9,9,9,9,9,9
480905,1,1,1997,14,13,15,9,10,13,5,0,10,13
480906,1,1,1997,0,0,0,0,0,0,0,0,0,0
480906,2,1,1997,0,0,0,0,0,0,0,0,0,0
480907,1,1,1997,0,0,0,0,0,0,0,0,0,0
480907,2,1,1997,0,0,0,0,0,0,0,0,0,0
480907,3,1,1997,0,0,0,0,0,0,0,0,23,6
480907,4,1,1997,21,0,0,0,0,0,0,0,0,0
480908,1,1,1997,0,0,0,0,0,0,24,32,0,0
480909,0,1,1997,24,24,24,24,24,24,24,24,24,24
480909,1,1,1997,32,9,14,0,0,0,0,12,0,4
480910,1,1,1997,12,12,12,12,12,12,12,12,12,12
480911,1,1,1997,0,0,0,0,0,13,0,0,0,0
480911,2,1,1997,0,0,0,0,0,0,0,0,0,0
480912,1,1,1997,0,0,0,0,0,0,7,0,0,0
480912,2,1,1997,7,10,23,0,14,0,0,0,0,0
480913,1,1,1997,3,7,0,0,0,0,0,0,0,0
480914,1,1,1997,0,0,0,0,9,0,0,0,0,0
480914,2,1,1997,0,0,0,0,0,0,0,0,0,0
480915,1,1,1997,25,25,25,25,25,25,25,25,25,25
480916,1,1,1997,0,0,0,0,0,0,0,0,0,0
480917,0,1,1997,34,24,39,0,0,0,14,0,0,0
480917,1,1,1997,0,0,0,0,0,0,0,0,0,0
480918,0,1,1997,0,0,0,0,0,0,0,0,0,0
480918,1,1,1997,0,0,0,0,0,0,0,0,0,0
480919,1,1,1997,8,8,8,8,8,8,8,8,8,8
480920,1,1,1997,0,0,0,0,0,0,0,0,0,0
480920,2,1,1997,0,0,0,0,0,0,0,0,0,0
480921,1,1,1997,17,17,17,17,17,17,17,17,17,17
480922,1,1,1997,33,33,33,33,33,33,33,33,33,33
480922,2,1,1997,4,4,4,4,4,4,4,4,4,4
480923,1,1,1997,0,0,0,0,0,0,0,0,0,0
480923,2,1,1997,0,0,0,0,0,0,0,0,0,0
480924,0,1,1997,27,20,13,15,24,44,13,0,6,16
480924,0,2,1997,18,17,25,11,30,13,0,23,17,8
480924,0,3,1997,0,24,15,0,11,0,0,0,20,14
480924,1,1,1997,0,12,0,0,0,0,0,0,0,0
480925,1,1,1997,0,0,0,0,0,0,15,0,0,0
480926,1,1,1997,16,16,16,16,16,16,16,16,16,16
480926,2,1,1997,15,0,11,0,0,8,0,10,0,4
480927,0,1,1997,10,21,8,8,20,0,26,0,14,0
480927,1,1,1997,0,0,0,0,0,0,0,0,0,0
480928,0,1,1997,19,0,29,14,0,31,0,33,0,0
480928,1,1,1997,0,0,0,0,0,0,0,10,8,0
480929,1,1,1997,0,0,13,0,0,0,17,0,0,0
480929,2,1,1997,0,0,0,0,0,0,0,0,0,0
480930,1,1,1997,0,0,0,0,0,0,0,0,0,0
480930,2,1,1997,0,0,0,0,0,0,0,0,0,0
480931,1,1,1997,0,23,0,0,0,0,0,0,0,0
480931,2,1,1997,0,0,0,0,10,0,0,0,0,0
480931,3,1,1997,21,0,0,0,0,0,0,0,0,0
480932,1,1,1997,0,0,11,0,0,22,0,0,0,9
480933,0,3,1997,0,0,0,0,0,0,0,0,0,0
480933,1,1,1997,0,0,0,0,0,0,0,0,0,0
480934,1,1,1997,0,0,0,0,0,0,0,16,0,0
480934,2,1,1997,0,0,0,0,0,0,0,0,0,0
480935,1,1,1997,1,1,1,1,1,1,1,1,1,1
480935,2,1,1997,0,0,0,0,0,25,11,14,0,0
480936,1,1,1997,0,0,0,0,0,0,0,0,14,0
480937,0,1,1997,0,0,19,0,30,0,0,0,0,0
480937,1,1,1997,0,0,0,0,0,0,0,0,0,0
480938,1,1,1997,0,0,0,0,0,0,0,0,0,29
480938,2,1,1997,0,0,0,0,0,0,0,0,0,0
480939,1,1,1997,48,0,0,0,0,0,16,0,15,17
480940,1,1,1997,0,0,0,0,0,0,0,0,0,0
480940,2,1,1997,0,0,0,0,0,0,0,0,0,0
480941,1,1,1997,7,0,14,34,0,0,0,0,0,12
480942,1,1,1997,24,24,24,24,24,24,24,24,24,24
480942,2,1,1997,0,0,0,0,0,0,0,0,0,0
480943,1,1,1997,26,26,26,26,26,26,26,26,26,26
480944,0,1,1997,42,14,21,0,12,28,8,26,29,0
480944,1,1,1997,30,16,20,0,0,0,20,4,0,0
480945,1,1,1997,0,0,0,0,0,0,0,0,0,0
480946,1,1,1997,0,23,0,0,0,11,0,0,16,0
480947,1,1,1997,24,24,24,24,24,24,24,24,24,24
480948,1,1,1997,19,19,19,19,19,19,19,19,19,19
480949,1,1,1997,0,0,0,0,0,0,0,0,0,0
480950,1,1,1997,0,0,0,0,0,0,0,0,0,0
480950,2,1,1997,0,20,0,0,0,0,0,0,0,0
480950,3,1,1997,0,0,0,0,0,0,0,0,0,0
480950,4,1,1997,0,0,10,0,0,0,0,0,0,0
480951,1,1,1997,4,0,12,0,0,0,15,0,0,0
480951,2,1,1997,0,0,0,0,0,0,0,0,0,0
480952,1,1,1997,18,18,18,18,18,18,18,18,18,18
480953,1,1,1997,0,0,0,0,0,0,0,0,0,0
480953,2,1,1997,0,0,0,0,0,0,0,0,0,0
480954,0,1,1997,0,17,0,13,19,0,18,25,42,13
480954,0,2,1997,0,0,21,0,0,0,0,20,28,0
480954,1,1,1997,11,5,0,17,0,0,26,14,7,17
480955,1,1,1997,14,0,0,0,0,0,0,0,0,0
480956,1,1,1997,0,0,0,0,0,0,0,0,0,0
480956,2,1,1997,0,0,0,0,18,0,7,24,15,20
480957,1,1,1997,13,13,13,13,13,13,13,13,13,13
480957,2,1,1997,0,0,0,0,0,0,0,0,0,0
480958,1,1,1997,11,11,11,11,11,11,11,11,11,11
480958,2,1,1997,19,19,19,19,19,19,19,19,19,19
480959,1,1,1997,9,9,9,9,9,9,9,9,9,9
480960,1,1,1997,0,0,0,0,0,0,0,0,0,0
480960,2,1,1997,0,0,0,0,0,0,0,0,6,0
480961,1,1,1997,0,0,0,0,0,0,0,0,0,0
480962,1,1,1997,0,0,0,0,0,0,0,0,0,0
480962,2,1,1997,0,0,0,0,0,0,0,0,0,0
480963,1,1,1997,0,0,0,0,0,0,0,0,0,0
480963,2,1,1997,0,9,0,0,0,0,0,0,0,0
480963,3,1,1997,0,0,0,0,15,0,0,0,0,0
480964,0,1,1997,30,30,30,30,30,30,30,30,30,30
480964,1,1,1997,0,0,0,0,0,0,0,0,0,0
480965,1,1,1997,24,24,24,24,24,24,24,24,24,24
480965,2,1,1997,31,0,10,0,13,0,19,0,0,10
480966,1,1,1997,18,0,16,0,6,28,12,9,32,18
480966,2,1,1997,0,0,0,0,0,0,7,0,0,0
480967,1,1,1997,21,21,21,21,21,21,21,21,21,21
480968,1,1,1997,0,0,0,0,0,0,0,0,0,24
480968,2,1,1997,0,0,0,0,0,0,0,0,0,0
480969,0,1,1997,28,28,28,28,28,28,28,28,28,28
480969,1,1,1997,0,44,0,0,12,31,0,12,0,0
480969,2,1,1997,0,13,0,0,7,0,21,0,19,0
480970,1,1,1997,0,0,6,15,18,9,9,13,13,0
480971,1,1,1997,33,33,33,33,33,33,33,33,33,33
480972,1,1,1997,16,16,16,16,16,16,16,16,16,16
480973,1,1,1997,0,0,0,0,0,0,21,0,0,0
480974,1,1,1997,0,0,0,11,7,0,0,0,0,0
480975,1,1,1997,0,0,0,0,0,0,0,0,0,0
480975,2,1,1997,0,17,9,0,0,19,0,0,0,0
480975,3,1,1997,0,4,0,0,0,0,0,0,0,0
480976,0,1,1997,0,0,0,24,0,0,27,25,0,11
480976,1,1,1997,0,0,0,0,0,0,0,0,0,0
480977,1,1,1997,0,0,0,0,0,9,0,0,0,0
480977,2,1,1997,0,0,0,0,0,0,0,0,0,0
480978,1,1,1997,24,23,30,18,0,0,19,19,14,0
480979,1,1,1997,0,0,0,0,0,0,0,0,0,0
480979,2,1,1997,0,0,0,0,0,0,0,0,0,0
480980,1,1,1997,25,0,16,13,19,0,0,0,13,32
480980,2,1,1997,0,0,0,0,0,0,0,0,0,0
480981,1,1,1997,0,0,0,0,0,0,0,0,0,0
480981,2,1,1997,0,0,0,0,0,0,0,0,0,0
480982,1,1,1997,0,0,0,0,0,0,0,0,0,0
480982,2,1,1997,0,0,0,0,0,0,0,0,0,0
480983,1,1,1997,19,13,0,23,16,0,22,27,6,20
480984,1,1,1997,0,0,0,0,0,0,0,0,0,0
480984,2,1,1997,0,0,0,0,0,0,0,0,5,0
480985,1,1,1997,20,20,20,20,20,20,20,20,20,20
480986,0,1,1997,0,0,25,0,0,0,0,0,12,12
480986,1,1,1997,0,0,0,0,0,0,0,0,0,0
480986,2,1,1997,0,0,0,0,0,0,0,0,4,0
480986,3,1,1997,0,0,0,0,0,0,15,0,0,0
480987,1,1,1997,17,17,17,17,17,17,17,17,17,17
480988,1,1,1997,0,0,0,0,0,0,0,0,0,0
480988,2,1,1997,0,0,0,0,0,0,0,0,0,0
480989,1,1,1997,0,0,0,0,0,0,0,4,0,10
480989,2,1,1997,23,0,0,0,0,0,0,0,0,0
480990,1,1,1997,0,10,27,0,0,0,14,0,0,0
480991,1,1,1997,0,0,0,0,0,0,0,0,0,0
480992,1,1,1997,0,0,0,0,0,0,0,0,2,0
480992,2,1,1997,28,28,28,28,28,28,28,28,28,28
480993,1,1,1997,0,0,0,0,0,0,0,0,0,0
480993,2,1,1997,0,0,0,0,0,0,0,0,0,0
480994,1,1,1997,0,0,0,0,0,0,0,0,0,0
480995,1,1,1997,21,21,21,21,21,21,21,21,21,21
480995,2,1,1997,0,15,0,0,0,0,0,0,0,0
480996,0,1,1997,10,20,0,19,21,28,0,0,0,39
480996,1,1,1997,15,0,0,0,12,0,36,0,0,0
480997,0,1,1997,37,37,37,37,37,37,37,37,37,37
480997,1,1,1997,17,0,0,0,14,0,0,0,0,0
480997,2,1,1997,9,0,0,0,12,0,21,18,0,0
480998,1,1,1997,0,0,0,0,0,0,0,0,0,0
480998,2,1,1997,0,0,0,0,0,0,0,0,0,0
480999,1,1,1997,0,0,0,0,0,0,0,0,0,0
481000,1,1,1997,21,21,21,21,21,21,21,21,21,21
481000,2,1,1997,0,12,0,11,25,0,12,0,0,0
481001,1,1,1997,0,0,0,0,0,0,0,0,0,0
481001,2,1,1997,30,30,30,30,30,30,30,30,30,30
481002,1,1,1997,0,0,0,7,6,0,20,0,0,0
481003,1,1,1997,18,18,18,18,18,18,18,18,18,18
481004,1,1,1997,0,17,29,16,8,11,12,10,14,13
481005,1,1,1997,23,23,23,23,23,23,23,23,23,23
481006,1,1,1997,31,31,31,31,31,31,31,31,31,31
481006,2,1,1997,0,0,0,0,0,0,0,0,0,0
481007,0,1,1997,0,31,10,0,0,18,9,0,5,12
481007,1,1,1997,13,14,0,0,38,0,33,10,0,0
481008,1,1,1997,15,15,15,15,15,15,15,15,15,15
481008,2,1,1997,25,22,4,5,12,32,0,15,24,17
481009,1,1,1997,0,0,0,0,0,0,0,0,0,0
481009,2,1,1997,0,0,0,0,0,0,0,0,0,0
481010,1,1,1997,23,23,23,23,23,23,23,23,23,23
481011,1,1,1997,0,0,0,0,0,0,0,0,11,0
481011,2,1,1997,0,0,0,0,0,0,9,0,0,17
481012,1,1,1997,17,17,17,17,17,17,17,17,17,17
481013,1,1,1997,23,23,23,23,23,23,23,23,23,23
481013,2,1,1997,16,16,16,16,16,16,16,16,16,16
481014,1,1,1997,0,0,0,0,0,0,0,0,0,0
481014,2,1,1997,18,18,18,18,18,18,18,18,18,18
481014,3,1,1997,0,0,0,0,0,0,0,0,0,0
481015,1,1,1997,4,4,4,4,4,4,4,4,4,4
481016,0,1,1997,23,11,0,0,47,27,13,6,15,10
481016,1,1,1997,0,0,0,22,0,0,0,0,0,16
481017,0,1,1997,24,27,27,0,14,15,22,16,17,0
481017,1,1,1997,19,39,17,15,8,34,9,2,0,0
481018,0,1,1997,0,0,0,0,0,0,0,0,0,0
481018,1,1,1997,0,0,0,0,0,0,0,0,0,0
481019,1,1,1997,0,0,0,0,0,0,0,0,0,0
481019,2,1,1997,0,0,20,0,0,0,0,0,0,0
481019,3,1,1997,12,0,0,0,0,0,0,0,0,14
481019,4,1,1997,0,0,0,0,0,0,0,0,0,0
481019,5,1,1997,0,0,0,0,0,0,0,0,0,4
481019,6,1,1997,0,0,0,0,0,0,0,0,0,0
481020,1,1,1997,12,12,12,12,12,12,12,12,12,12
481021,1,1,1997,0,0,0,0,0,0,0,0,0,0
481021,2,1,1997,0,0,23,8,9,13,0,0,0,0
481022,1,1,1997,19,19,19,19,19,19,19,19,19,19
481022,2,1,1997,0,0,0,0,0,0,0,0,0,26
481023,1,1,1997,18,29,21,15,0,0,0,14,26,30
481024,1,1,1997,15,15,15,15,15,15,15,15,15,15
481025,0,1,1997,11,0,0,0,0,0,0,0,0,0
481025,1,1,1997,0,0,0,0,0,0,0,0,0,0
481026,1,1,1997,25,25,25,25,25,25,25,25,25,25
481026,2,1,1997,0,0,0,0,0,0,0,0,0,0
481027,1,1,1997,0,0,0,0,0,0,0,0,0,0
481028,0,1,1997,0,0,0,0,0,0,0,0,0,0
481029,1,1,1997,0,0,0,0,0,0,0,0,0,0
481029,2,1,1997,0,0,23,24,3,14,24,13,11,5
481030,1,1,1997,0,26,28,11,11,38,27,6,23,24
481031,1,1,1997,18,18,18,18,18,18,18,18,18,18
481032,1,1,1997,7,0,19,26,0,0,0,0,21,19
481032,2,1,1997,20,20,20,20,20,20,20,20,20,20
481033,1,1,1997,0,0,0,0,0,0,0,0,0,0
481033,2,1,1997,0,0,0,0,0,0,0,0,0,0
481034,1,1,1997,0,0,0,0,0,0,0,0,0,0
481034,2,1,1997,0,0,0,0,0,0,0,0,0,0
481035,1,1,1997,0,0,0,0,0,0,0,0,0,0
481035,2,1,1997,0,0,0,0,0,0,0,0,0,0
481035,3,1,1997,0,0,0,0,20,0,0,0,0,0
481035,4,1,1997,0,0,0,0,0,0,0,0,0,0
481036,1,1,1997,18,18,18,18,18,18,18,18,18,18
481036,2,1,1997,0,0,31,11,0,0,0,0,0,0
481037,1,1,1997,0,0,0,0,0,0,0,0,0,0
481037,2,1,1997,0,11,4,4,0,0,0,0,0,0
481038,1,1,1997,0,0,0,0,0,0,0,0,0,0
481039,1,1,1997,14,14,14,14,14,14,14,14,14,14
481040,1,1,1997,0,0,0,0,0,0,0,0,0,0
481040,2,1,1997,0,0,0,0,0,0,0,0,0,0
481041,1,1,1997,0,0,0,0,0,0,0,0,0,0
481041,2,1,1997,17,34,14,14,24,16,9,16,7,8
481042,1,1,1997,0,0,0,0,0,0,0,0,0,0
481043,1,1,1997,0,0,0,0,0,0,0,0,0,0
481043,2,1,1997,0,0,0,0,0,0,0,0,0,0
481044,1,1,1997,11,11,11,11,11,11,11,11,11,11
481045,1,1,1997,0,0,0,0,0,0,0,0,0,0
481046,1,1,1997,0,0,0,0,0,0,0,0,0,0
481046,2,1,1997,0,0,0,0,0,0,0,0,0,0
481047,1,1,1997,0,9,0,0,0,0,0,0,0,0
481047,2,1,1997,0,0,0,0,0,0,0,0,0,0
481047,3,1,1997,0,0,0,0,0,0,0,0,0,0
481048,0,1,1997,0,15,0,6,22,24,23,0,0,0
481048,1,1,1997,0,0,0,0,0,0,0,0,0,0
481049,1,1,1997,0,0,0,0,0,0,0,0,0,0
481049,2,1,1997,0,0,0,0,0,0,0,0,0,0
481050,1,1,1997,0,0,0,0,0,0,0,0,0,0
481050,2,1,1997,0,0,0,0,0,0,0,0,0,0
481051,1,1,1997,0,0,0,0,0,0,0,0,0,0
481052,1,1,1997,0,0,0,0,0,0,0,0,0,0
481053,1,1,1997,25,25,25,25,25,25,25,25,25,25
481053,2,1,1997,0,0,0,0,0,0,0,0,0,0
481054,1,1,1997,17,17,17,17,17,17,17,17,17,17
481055,1,1,1997,20,20,20,20,20,20,20,20,20,20
481056,1,1,1997,14,14,14,14,14,14,14,14,14,14
481056,2,1,1997,0,0,0,0,0,0,0,0,0,0
481057,1,1,1997,0,0,0,0,0,0,0,0,0,0
481058,1,1,1997,0,0,0,0,0,0,0,0,0,0
481058,2,1,1997,32,32,32,32,32,32,32,32,32,32
481058,3,1,1997,0,10,0,0,0,0,0,0,0,0
481059,1,1,1997,0,0,0,0,0,0,0,0,0,0
481059,2,1,1997,0,0,0,0,0,0,0,0,0,0
481060,1,1,1997,0,0,0,0,0,0,0,0,0,0
481060,2,1,1997,0,12,0,11,0,0,7,10,0,0
481061,1,1,1997,18,18,18,18,18,18,18,18,18,18
481061,2,1,1997,0,0,0,0,0,0,0,0,0,0
481062,1,1,1997,0,13,21,27,8,0,19,8,11,14
481062,2,1,1997,0,0,0,0,0,0,0,0,0,0
481063,1,1,1997,0,0,0,0,0,0,0,0,0,0
481064,1,1,1997,12,20,0,0,0,16,0,0,0,0
481064,2,1,1997,0,0,0,0,0,0,0,0,0,0
481065,0,1,1997,5,5,5,5,5,5,5,5,5,5
481065,1,1,1997,0,0,0,0,0,0,20,0,0,0
481066,1,1,1997,0,0,0,0,0,0,0,22,0,0
481066,2,1,1997,0,8,0,0,0,0,0,0,0,0
481067,1,1,1997,3,0,0,7,0,0,0,27,0,0
481067,2,1,1997,0,0,0,0,16,0,0,0,0,0
481068,1,1,1997,0,0,0,0,0,0,0,0,0,0
481069,1,1,1997,0,17,20,0,19,11,25,16,9,20
481070,1,1,1997,19,19,19,19,19,19,19,19,19,19
481071,1,1,1997,29,29,29,29,29,29,29,29,29,29
481072,1,1,1997,9,0,3,18,8,21,21,0,19,0
481073,1,1,1997,11,11,11,11,11,11,11,11,11,11
481074,1,1,1997,9,9,9,9,9,9,9,9,9,9
481074,2,1,1997,7,0,16,17,0,0,0,0,28,0
481075,1,1,1997,0,0,0,0,0,0,0,0,0,0
481076,1,1,1997,0,0,0,0,0,0,0,0,0,0
481077,1,1,1997,0,7,0,0,0,0,0,0,0,0
481077,2,1,1997,0,0,17,0,0,0,0,0,0,0
481078,1,1,1997,27,27,27,27,27,27,27,27,27,27
481079,0,1,1997,0,0,0,0,0,0,0,0,0,0
481079,1,1,1997,0,0,0,0,0,0,0,0,0,11
481080,1,1,1997,0,27,0,0,0,0,0,0,0,24
481080,2,1,1997,0,0,0,0,0,0,0,0,0,3
481081,1,1,1997,0,0,0,0,0,0,0,0,0,0
481082,1,1,1997,13,13,13,13,13,13,13,13,13,13
481082,2,1,1997,7,0,0,18,0,0,0,0,0,0
481083,1,1,1997,0,0,0,0,0,0,0,0,0,0
481083,2,1,1997,0,0,0,0,0,0,0,0,0,18
481084,1,1,1997,0,20,0,10,0,0,0,0,7,0
481085,1,1,1997,14,0,0,0,0,0,0,0,0,0
481085,2,1,1997,0,0,0,0,0,0,0,0,0,0
481086,1,1,1997,0,0,0,19,0,0,0,0,0,0
481086,2,1,1997,0,0,0,0,0,0,0,0,0,0
481087,1,1,1997,0,0,0,0,0,0,17,0,0,0
481088,0,1,1997,33,18,0,0,10,0,0,7,26,20
481088,1,1,1997,0,0,0,0,0,5,0,0,0,9
481089,1,1,1997,0,0,0,0,0,0,0,35,0,3
481089,2,1,1997,0,0,0,0,0,0,0,0,0,0
481090,1,1,1997,0,0,0,0,5,0,15,0,0,0
481090,2,1,1997,0,0,0,0,0,0,0,20,0,0
481091,1,1,1997,4,4,4,4,4,4,4,4,4,4
481092,1,1,1997,0,0,0,0,0,0,0,15,0,9
481092,2,1,1997,0,0,0,0,0,0,0,0,0,0
481093,1,1,1997,23,12,24,20,37,21,33,14,32,6
481094,1,1,1997,0,0,8,0,0,0,0,0,3,0
481094,2,1,1997,0,0,0,0,0,0,0,0,0,0
481094,3,1,1997,0,0,18,0,0,0,0,0,0,0
481095,1,1,1997,0,0,0,0,0,0,0,0,0,0
481095,2,1,1997,0,0,0,0,0,0,0,0,0,0
481096,1,1,1997,0,0,0,0,0,0,0,0,3,0
481096,2,1,1997,0,0,0,0,0,0,12,0,0,0
481097,1,1,1997,0,0,0,0,0,0,0,0,0,0
481097,2,1,1997,0,0,0,0,0,0,0,0,0,0
481097,3,1,1997,0,0,0,0,0,0,0,0,0,0
481098,1,1,1997,0,0,0,0,0,0,0,0,0,0
481098,2,1,1997,0,0,0,0,0,0,0,0,0,0
481099,1,1,1997,0,0,0,0,0,0,0,0,0,0
481099,2,1,1997,0,0,0,0,0,0,0,0,0,0
481100,1,1,1997,25,25,25,25,25,25,25,25,25,25
481100,2,1,1997,0,0,0,21,0,0,0,0,0,0
481101,1,1,1997,0,23,0,0,0,0,0,0,0,19
481101,2,1,1997,0,0,0,0,0,0,0,10,0,21
481101,3,1,1997,0,12,0,0,0,0,0,14,0,0
481102,0,1,1997,18,0,0,27,0,33,9,0,0,0
481102,1,1,1997,0,0,0,0,0,0,0,0,0,15
481103,1,1,1997,11,11,11,11,11,11,11,11,11,11
481104,1,1,1997,0,0,0,0,0,0,0,0,0,0
481105,1,1,1997,0,0,0,0,0,0,0,0,0,0
481105,2,1,1997,12,12,12,12,12,12,12,12,12,12
481106,1,1,1997,0,0,0,0,0,0,0,0,0,0
481106,2,1,1997,23,23,23,23,23,23,23,23,23,23
481107,1,1,1997,16,16,16,16,16,16,16,16,16,16
481108,1,1,1997,0,0,0,0,0,0,0,0,0,0
481108,2,1,1997,0,0,0,0,0,0,0,0,0,0
481109,1,1,1997,0,0,0,0,0,0,0,0,0,0
481109,2,1,1997,0,0,13,9,19,0,0,0,0,0
481109,3,1,1997,0,0,18,15,23,16,8,28,16,10
481110,1,1,1997,0,0,0,0,0,0,0,0,0,0
481110,2,1,1997,0,0,0,0,0,0,0,0,0,0
481111,1,1,1997,21,21,21,21,21,21,21,21,21,21
481112,1,1,1997,19,22,25,21,37,2,4,18,22,21
481113,1,1,1997,0,0,0,0,0,0,0,0,0,0
481114,1,1,1997,0,0,0,0,0,0,0,0,0,0
481114,2,1,1997,10,0,9,21,5,7,18,15,16,19
481115,1,1,1997,0,0,14,0,14,0,0,0,0,0
481115,2,1,1997,0,0,0,0,0,0,0,0,0,0
481116,1,1,1997,4,4,4,4,4,4,4,4,4,4
481116,2,1,1997,0,0,0,0,0,0,0,0,0,0
481116,3,1,1997,11,0,0,0,0,0,0,0,0,0
481117,1,1,1997,0,0,0,0,0,0,0,0,0,0
481118,1,1,1997,4,13,17,10,6,9,22,4,15,17
481118,2,1,1997,0,0,0,0,0,0,0,0,0,0
481118,3,1,1997,0,0,0,0,0,0,0,0,21,0
481119,1,1,1997,0,0,0,0,0,0,0,0,0,0
481120,1,1,1997,10,10,10,10,10,10,10,10,10,10
481121,0,1,1997,0,11,0,0,0,0,0,0,0,0
481121,1,1,1997,0,0,0,0,0,0,0,0,0,0
481122,1,1,1997,23,27,0,20,17,0,0,4,9,0
481122,2,1,1997,0,12,7,24,0,16,8,0,0,12
481123,1,1,1997,24,0,0,0,34,0,12,0,0,0
481124,1,1,1997,0,0,0,0,0,0,0,0,0,0
481124,2,1,1997,0,0,0,0,0,0,0,0,0,0
481125,1,1,1997,0,0,0,0,0,0,0,0,0,0
481126,1,1,1997,0,0,0,0,0,0,8,0,0,0
481126,2,1,1997,0,0,16,0,0,0,0,0,17,0
481127,1,1,1997,0,0,0,0,0,0,0,0,0,0
481127,2,1,1997,0,0,0,0,0,0,0,0,0,0
481128,1,1,1997,22,22,22,22,22,22,22,22,22,22
481129,0,1,1997,15,0,40,29,27,12,0,0,22,19
481129,1,1,1997,16,16,16,16,16,16,16,16,16,16
481130,1,1,1997,0,0,0,0,0,0,0,0,0,0
481130,2,1,1997,0,0,0,0,0,0,0,0,0,0
481131,1,1,1997,11,11,11,11,11,11,11,11,11,11
481132,1,1,1997,0,0,0,0,0,0,0,0,0,0
481132,2,1,1997,0,0,0,7,0,0,0,0,0,30
481133,1,1,1997,0,0,0,0,0,20,20,0,0,0
481134,1,1,1997,0,0,0,0,0,0,0,0,0,0
481134,2,1,1997,0,0,0,0,0,7,0,0,0,0
481135,1,1,1997,0,0,0,0,0,0,0,0,0,0
481136,1,1,1997,0,0,0,0,0,0,0,0,0,0
481136,2,1,1997,18,0,0,0,0,0,0,0,0,0
481137,1,1,1997,0,0,0,0,0,0,0,0,0,0
481137,2,1,1997,0,0,0,0,0,0,0,0,0,0
481138,1,1,1997,0,0,0,0,0,0,0,0,0,0
481138,2,1,1997,0,0,0,0,0,0,0,0,0,0
481139,1,1,1997,12,12,12,12,12,12,12,12,12,12
481140,1,1,1997,16,16,16,16,16,16,16,16,16,16
481140,2,1,1997,0,20,0,0,0,0,0,0,0,0
481141,1,1,1997,0,0,0,0,0,0,29,0,0,0
481141,2,1,1997,0,0,0,0,0,0,0,0,0,10
481142,1,1,1997,0,0,0,0,0,0,0,0,0,0