ST_CASE,VEH_NO,PER_NO,YEAR,P1,P2,P3,P4,P5,P6,P7,P8,P9,P10
481674,2,1,1997,7,7,7,7,7,7,7,7,7,7
481675,1,1,1997,0,21,0,0,0,0,0,0,0,0
481675,2,1,1997,12,12,12,12,12,12,12,12,12,12
481676,1,1,1997,0,0,0,0,0,0,0,0,0,0
481676,2,1,1997,0,9,0,0,0,0,0,8,0,0
481676,3,1,1997,0,0,0,0,0,0,0,0,0,0
481677,1,1,1997,22,0,0,0,0,0,0,0,11,0
481677,2,1,1997,0,0,0,0,0,0,0,0,0,0
481678,0,1,1997,34,23,33,0,0,0,0,15,18,16
481678,1,1,1997,17,0,0,0,13,0,0,0,0,0
481679,1,1,1997,0,0,0,0,0,0,0,0,0,0
481680,1,1,1997,0,0,0,8,0,0,0,0,0,0
481680,2,1,1997,0,0,0,0,0,0,0,0,0,0
481681,0,1,1997,28,13,27,36,0,21,14,0,0,0
481681,1,1,1997,0,0,0,0,0,0,15,0,0,0
481682,1,1,1997,0,0,0,0,0,0,0,0,0,0
481682,2,1,1997,0,11,0,0,0,0,0,8,0,0
481683,1,1,1997,0,12,0,0,0,0,17,13,34,31
481684,1,1,1997,0,0,0,16,0,23,23,0,18,0
481685,1,1,1997,0,0,0,0,11,0,0,0,0,0
481685,2,1,1997,0,15,0,0,0,0,0,0,23,24
481686,1,1,1997,17,0,0,38,22,17,23,0,19,12
481687,1,1,1997,23,23,23,23,23,23,23,23,23,23
481687,2,1,1997,0,20,3,4,0,12,15,0,0,0
481688,1,1,1997,0,0,0,0,0,0,13,0,10,15
481689,0,1,1997,31,22,13,26,33,0,6,20,0,8
481689,1,1,1997,0,6,5,0,0,0,0,16,0,0
481690,1,1,1997,0,0,14,10,8,9,7,0,0,13
481691,1,1,1997,0,0,0,0,0,0,0,22,25,0
481691,2,1,1997,0,17,0,0,0,0,11,0,0,0
481692,1,1,1997,20,27,0,21,10,8,8,24,18,14
481693,1,1,1997,0,0,0,14,0,0,0,0,0,0
481693,2,1,1997,0,0,0,0,0,0,0,0,0,0
481694,1,1,1997,0,0,0,0,0,0,0,0,0,0
481695,1,1,1997,35,35,35,35,35,35,35,35,35,35
481696,1,1,1997,0,0,0,22,6,13,10,15,20,36
481697,0,1,1997,13,21,0,19,36,0,15,12,31,12
481697,1,1,1997,9,12,15,20,29,7,0,10,22,12
481698,1,1,1997,0,0,0,0,0,0,0,0,0,0
481699,1,1,1997,23,23,23,23,23,23,23,23,23,23
481700,1,1,1997,0,0,0,0,0,9,6,0,0,21
481700,2,1,1997,0,0,0,0,18,0,22,0,0,0
481701,1,1,1997,0,0,0,0,0,0,0,0,0,0
481701,2,1,1997,0,0,0,0,0,0,0,0,0,0
481702,1,1,1997,0,0,30,18,0,0,7,0,9,0
481703,0,1,1997,0,0,0,0,0,0,0,0,0,0
481703,1,1,1997,0,0,0,0,0,0,0,0,0,0
481704,1,1,1997,16,19,12,22,23,16,30,19,10,20
481705,1,1,1997,19,15,0,0,0,22,0,10,19,22
481706,1,1,1997,36,0,0,0,0,0,0,0,0,0
481707,0,1,1997,23,29,8,32,11,12,27,26,32,26
481707,1,1,1997,0,0,13,0,0,0,15,0,0,0
481708,1,1,1997,0,0,0,0,3,0,9,29,0,11
481709,1,1,1997,7,11,3,12,0,13,27,3,15,15
481710,1,1,1997,0,0,0,0,0,0,0,0,0,16
481710,2,1,1997,0,0,0,0,0,0,0,0,0,0
481711,1,1,1997,27,27,27,27,27,27,27,27,27,27
481711,2,1,1997,0,0,0,0,0,0,0,0,0,0
481712,1,1,1997,0,0,0,0,0,0,0,0,0,0
481713,1,1,1997,19,19,19,19,19,19,19,19,19,19
481713,2,1,1997,0,0,0,0,0,0,0,0,0,0
481713,3,1,1997,4,0,0,0,0,0,0,0,0,13
481714,1,1,1997,0,11,0,17,0,0,0,15,34,0
481714,2,1,1997,0,0,0,0,0,0,0,0,0,0
481715,1,1,1997,0,0,0,0,0,0,0,0,0,24
481715,2,1,1997,0,0,0,0,0,0,0,0,0,0
481716,1,1,1997,14,17,26,6,18,22,23,21,15,12
481716,2,1,1997,0,0,0,0,21,0,0,11,0,21
481717,1,1,1997,0,0,0,0,0,0,0,0,0,0
481717,2,1,1997,0,0,0,0,0,0,0,0,0,0
481718,1,1,1997,0,0,0,0,0,0,0,0,0,0
481718,2,1,1997,21,21,21,21,21,21,21,21,21,21
481719,1,1,1997,17,17,17,17,17,17,17,17,17,17
481720,1,1,1997,23,16,0,0,0,0,18,23,0,0
481720,2,1,1997,0,0,0,0,0,0,0,0,0,0
481721,1,1,1997,21,44,30,11,32,18,23,35,8,22
481722,0,1,1997,0,24,0,0,0,0,13,0,20,0
481722,1,1,1997,0,0,0,14,0,0,0,0,15,13
481723,1,1,1997,0,0,0,21,0,0,12,9,0,5
481724,1,1,1997,0,0,0,0,0,0,0,0,0,0
481725,1,1,1997,11,11,11,11,11,11,11,11,11,11
481726,0,1,1997,0,0,0,0,0,0,14,0,0,0
481726,0,2,1997,16,14,11,15,17,20,0,0,32,33
481726,1,1,1997,0,0,0,0,0,0,0,15,0,0
481727,1,1,1997,16,16,16,16,16,16,16,16,16,16
481728,1,1,1997,15,15,15,15,15,15,15,15,15,15
481728,2,1,1997,13,13,13,13,13,13,13,13,13,13
481729,1,1,1997,4,4,4,4,4,4,4,4,4,4
481729,2,1,1997,0,17,0,0,0,0,0,0,0,0
481730,1,1,1997,0,0,0,0,0,0,0,0,0,0
481731,1,1,1997,20,15,21,21,18,38,30,16,20,15
481732,1,1,1997,22,22,22,22,22,22,22,22,22,22
481733,1,1,1997,13,13,13,13,13,13,13,13,13,13
481734,1,1,1997,10,10,10,10,10,10,10,10,10,10
481734,2,1,1997,0,0,0,0,0,0,0,0,0,0
481735,0,1,1997,24,0,20,0,8,5,0,0,0,27
481735,1,1,1997,16,25,11,0,8,23,29,0,0,0
481735,2,1,1997,9,8,0,0,17,0,0,0,0,15
481736,1,1,1997,17,17,17,17,17,17,17,17,17,17
481737,1,1,1997,29,20,14,15,22,29,20,19,23,19
481738,1,1,1997,0,0,0,0,12,0,25,8,0,0
481738,2,1,1997,0,0,0,0,0,0,0,0,0,0
481739,0,1,1997,17,0,17,0,19,0,0,0,0,0
481739,1,1,1997,0,0,0,0,0,0,15,0,0,0
481740,1,1,1997,0,0,0,8,0,0,0,0,0,18
481740,2,1,1997,0,0,14,0,0,0,0,0,0,0
481741,1,1,1997,16,16,16,16,16,16,16,16,16,16
481741,2,1,1997,0,0,7,0,0,0,0,0,0,0
481742,1,1,1997,0,24,0,0,0,0,0,0,0,0
481743,1,1,1997,0,0,0,0,0,0,0,0,0,0
481744,0,1,1997,0,0,0,0,0,0,0,0,0,0
481744,1,1,1997,0,0,0,0,0,0,0,0,0,0
481745,1,1,1997,0,0,0,0,0,0,0,0,0,0
481745,2,1,1997,0,0,0,0,0,0,0,0,0,0
481746,1,1,1997,28,28,28,28,28,28,28,28,28,28
481747,0,3,1997,0,0,0,25,0,0,0,0,15,0
481747,0,5,1997,0,16,0,0,0,0,0,0,9,25
481747,1,1,1997,0,0,0,0,0,0,0,0,0,0
481748,1,1,1997,5,5,5,5,5,5,5,5,5,5
481749,1,1,1997,27,6,14,13,31,27,21,36,31,15
481750,1,1,1997,0,0,0,0,0,0,0,0,0,0
481750,2,1,1997,0,0,0,0,0,0,0,0,0,0
481751,1,1,1997,4,4,4,4,4,4,4,4,4,4
481752,1,1,1997,15,15,15,15,15,15,15,15,15,15
481752,2,1,1997,0,0,0,0,0,0,0,0,0,0
481753,0,1,1997,0,0,0,0,0,0,0,0,0,0
481753,1,1,1997,0,0,0,0,0,0,0,0,0,0
481754,1,1,1997,21,11,25,6,0,0,3,18,0,16
481755,1,1,1997,0,0,0,0,0,0,0,0,0,0
481756,1,1,1997,0,0,0,0,0,0,0,0,0,28
481756,2,1,1997,0,0,0,0,0,0,0,0,0,0
481757,1,1,1997,0,0,0,0,0,0,0,0,0,0
481758,1,1,1997,13,13,13,13,13,13,13,13,13,13
481759,1,1,1997,21,21,21,21,21,21,21,21,21,21
481760,1,1,1997,14,19,0,0,0,0,0,16,14,15
481761,1,1,1997,0,0,14,0,4,0,0,0,0,0
481762,1,1,1997,1,1,1,1,1,1,1,1,1,1
481763,1,1,1997,0,0,0,17,0,4,0,0,17,0
481764,1,1,1997,0,0,0,0,0,0,0,0,0,0
481764,2,1,1997,0,0,0,0,0,0,0,0,0,0
481765,1,1,1997,0,0,0,0,0,0,0,0,0,0
481766,1,1,1997,23,23,23,23,23,23,23,23,23,23
481767,1,1,1997,0,0,2,0,0,0,0,0,0,0
481767,2,1,1997,2,2,2,2,2,2,2,2,2,2
481768,1,1,1997,0,0,0,0,0,0,0,0,0,0
481769,1,1,1997,17,17,17,17,17,17,17,17,17,17
481769,2,1,1997,0,0,0,0,0,0,20,0,0,0
481770,2,1,1997,22,22,22,22,22,22,22,22,22,22
481771,1,1,1997,0,0,0,0,0,0,0,0,0,0
481772,1,1,1997,30,30,30,30,30,30,30,30,30,30
481773,1,1,1997,17,17,17,17,17,17,17,17,17,17
481774,1,1,1997,0,0,0,0,0,0,0,0,0,0
481774,2,1,1997,12,0,6,0,21,6,0,7,0,0
481775,0,1,1997,14,35,38,21,0,0,11,37,27,21
481775,1,1,1997,0,0,0,0,0,0,37,13,0,3
481776,1,1,1997,26,22,0,0,9,19,12,8,23,10
481776,2,1,1997,10,8,0,0,17,8,0,0,0,0
481777,1,1,1997,0,23,0,0,0,0,24,0,0,0
481777,2,1,1997,20,20,20,20,20,20,20,20,20,20
481778,1,1,1997,0,0,0,0,0,0,0,0,0,0
481779,1,1,1997,0,0,0,0,0,0,0,0,0,0
481779,2,1,1997,13,13,13,13,13,13,13,13,13,13
481780,1,1,1997,12,12,12,12,12,12,12,12,12,12
481780,2,1,1997,0,0,25,0,0,16,0,9,4,6
481781,1,1,1997,0,0,0,0,0,0,17,0,0,0
481781,2,1,1997,0,0,0,0,0,0,0,0,0,0
481782,0,1,1997,0,0,22,0,0,0,0,31,0,0
481782,1,1,1997,0,0,0,0,0,0,0,5,0,0
481783,1,1,1997,0,0,0,10,14,0,15,0,15,0
481784,1,1,1997,0,0,0,0,0,0,0,0,0,0
481784,2,1,1997,0,0,0,0,0,0,0,0,0,0
481785,1,1,1997,25,25,25,25,25,25,25,25,25,25
481785,2,1,1997,4,4,4,4,4,4,4,4,4,4
481786,1,1,1997,14,0,0,0,0,0,0,0,0,5
481786,2,1,1997,0,0,0,0,0,0,0,0,0,0
481787,1,1,1997,7,0,9,0,18,8,19,16,28,11
481788,1,1,1997,0,0,0,0,0,0,16,21,19,14
481788,2,1,1997,0,0,0,0,0,0,0,0,0,0
481789,0,1,1997,0,0,0,0,0,0,0,0,0,0
481789,1,1,1997,0,0,0,0,0,0,0,0,0,0
481790,1,1,1997,0,0,0,0,0,0,0,0,0,0
481791,1,1,1997,35,5,25,19,10,2,21,0,29,13
481792,0,1,1997,17,0,30,0,0,0,0,6,4,20
481792,0,2,1997,24,6,6,17,16,10,0,0,15,10
481792,0,3,1997,25,17,12,21,15,21,24,10,4,20
481792,1,1,1997,7,7,7,7,7,7,7,7,7,7
481793,0,1,1997,0,0,0,0,0,0,0,0,0,5
481793,1,1,1997,0,0,0,0,12,0,0,9,0,0
481794,1,1,1997,18,18,18,18,18,18,18,18,18,18
481794,2,1,1997,0,0,0,0,0,0,0,0,0,0
481795,1,1,1997,0,0,0,0,0,0,0,0,16,0
481796,1,1,1997,0,0,0,14,2,0,0,5,0,0
481797,1,1,1997,0,0,0,0,0,0,0,0,0,0
481798,1,1,1997,20,20,20,20,20,20,20,20,20,20
481799,1,1,1997,0,0,0,0,0,0,0,0,0,0
481799,2,1,1997,0,0,0,20,0,9,0,16,0,0
481800,1,1,1997,16,16,16,16,16,16,16,16,16,16
481801,1,1,1997,22,22,22,22,22,22,22,22,22,22
481802,1,1,1997,0,0,0,0,0,0,0,0,0,0
481802,2,1,1997,0,15,0,0,0,0,0,0,0,0
481803,1,1,1997,0,0,0,0,0,0,0,0,0,0
481803,2,1,1997,0,0,0,0,0,0,0,0,0,0
481804,1,1,1997,0,0,0,0,0,0,0,0,0,0
481804,2,1,1997,0,0,0,0,0,0,0,0,0,0
481805,1,1,1997,28,16,0,18,14,33,29,0,0,9
481806,1,1,1997,14,14,14,14,14,14,14,14,14,14
481807,1,1,1997,0,0,0,0,0,11,0,0,0,0
481807,2,1,1997,0,0,0,0,0,0,0,0,0,0
481808,1,1,1997,21,21,21,21,21,21,21,21,21,21
481809,0,1,1997,26,26,26,26,26,26,26,26,26,26
481809,1,1,1997,0,0,0,0,0,0,0,0,0,0
481810,1,1,1997,0,0,0,0,0,0,0,0,0,0
481810,2,1,1997,0,0,0,0,0,0,0,0,0,0
481811,1,1,1997,19,19,19,19,19,19,19,19,19,19
481812,1,1,1997,0,0,0,0,0,0,0,0,0,0
481812,2,1,1997,0,0,0,0,0,0,0,0,0,0
481812,3,1,1997,0,0,0,0,0,20,0,0,0,0
481813,1,1,1997,0,0,0,0,0,0,0,0,0,0
481813,2,1,1997,0,0,7,0,0,28,0,0,0,0
481814,1,1,1997,12,12,12,12,12,12,12,12,12,12
481814,2,1,1997,0,0,0,0,0,0,4,0,23,0
481815,1,1,1997,0,0,12,0,0,0,22,0,0,0
481816,0,1,1997,0,0,0,0,0,0,0,0,0,0
481816,1,1,1997,12,0,0,0,0,0,0,0,0,0
481817,1,1,1997,36,0,9,2,8,32,0,0,10,22
481818,1,1,1997,0,0,0,0,0,0,0,15,0,0
481819,0,1,1997,0,0,0,0,0,0,0,0,0,0
481819,1,1,1997,0,0,0,0,0,0,0,0,0,0
481820,1,1,1997,0,0,0,0,0,0,0,0,0,0
481820,2,1,1997,0,0,0,0,0,0,0,0,0,0
481821,0,1,1997,0,8,0,0,0,0,0,0,0,0
481821,1,1,1997,0,0,0,0,0,0,0,0,0,0
481822,1,1,1997,4,0,0,0,0,0,0,0,0,0
481822,2,1,1997,0,0,0,0,0,0,0,0,0,0
481823,1,1,1997,0,0,0,0,0,0,0,0,0,0
481824,1,1,1997,23,23,23,23,23,23,23,23,23,23
481825,1,1,1997,15,15,15,15,15,15,15,15,15,15
481825,2,1,1997,0,0,0,0,0,0,0,0,0,0
481826,1,1,1997,0,0,0,0,0,0,0,0,0,0
481826,2,1,1997,0,0,0,0,0,0,0,0,0,0
481827,1,1,1997,0,0,0,0,0,0,0,0,0,0
481828,0,1,1997,0,0,0,19,0,14,12,0,40,22
481828,1,1,1997,0,0,0,0,22,0,12,7,0,0
481829,1,1,1997,0,0,0,0,0,0,0,0,0,0
481829,2,1,1997,11,0,0,0,0,0,0,0,0,0
481830,1,1,1997,0,0,0,0,0,0,0,0,0,0
481830,2,1,1997,0,0,0,0,0,13,0,0,0,7
481831,1,1,1997,11,0,0,0,0,0,0,5,0,9
481831,2,1,1997,0,0,6,0,7,0,0,0,0,0
481832,1,1,1997,0,0,0,0,0,0,0,0,0,0
481832,2,1,1997,0,0,0,34,16,0,0,0,35,24
481833,1,1,1997,22,22,22,22,22,22,22,22,22,22
481834,1,1,1997,9,24,16,10,0,0,0,7,11,24
481834,2,1,1997,0,0,0,5,0,0,0,14,0,0
481834,3,1,1997,0,0,0,0,6,0,0,0,0,13
481835,0,1,1997,28,3,26,14,22,19,25,0,23,0
481835,1,1,1997,14,17,10,0,0,0,0,0,0,2
481836,1,1,1997,0,0,0,0,0,0,0,0,0,0
481836,2,1,1997,0,0,0,0,0,0,0,0,0,0
481837,1,1,1997,0,0,16,21,21,9,0,0,17,3
481838,1,1,1997,8,8,8,8,8,8,8,8,8,8
481838,2,1,1997,7,61,10,0,23,20,0,32,12,0
481838,3,1,1997,9,0,7,12,0,0,0,29,19,19
481838,4,1,1997,0,0,0,9,0,10,21,5,0,0
481839,1,1,1997,0,0,0,0,27,0,0,0,0,0
481840,1,1,1997,25,25,25,25,25,25,25,25,25,25
481841,1,1,1997,18,18,18,18,18,18,18,18,18,18
481842,1,1,1997,0,0,0,0,0,0,0,0,0,0
481842,2,1,1997,3,3,3,3,3,3,3,3,3,3
481843,1,1,1997,18,0,0,0,13,0,0,0,0,0
481844,1,1,1997,26,26,26,26,26,26,26,26,26,26
481845,1,1,1997,13,13,13,13,13,13,13,13,13,13
481846,1,1,1997,0,0,0,0,0,0,0,0,0,0
481846,2,1,1997,0,0,0,0,0,0,0,0,0,0
481846,3,1,1997,0,0,0,0,0,0,0,0,0,0
481846,4,1,1997,0,0,0,0,0,0,0,0,0,0
481847,1,1,1997,0,0,0,0,0,0,0,0,0,0
481847,2,1,1997,13,10,0,0,15,16,0,5,14,6
481847,3,1,1997,0,0,14,11,0,20,0,24,11,0
481848,1,1,1997,22,22,22,22,22,22,22,22,22,22
481848,2,1,1997,0,0,0,0,0,0,0,0,0,0
481849,1,1,1997,6,18,0,8,0,15,31,13,16,0
481850,0,1,1997,0,0,0,0,0,0,0,0,0,0
481850,1,1,1997,0,0,0,0,0,0,0,0,0,0
481851,0,1,1997,14,14,14,14,14,14,14,14,14,14
481851,1,1,1997,13,13,13,13,13,13,13,13,13,13
481852,1,1,1997,18,18,18,18,18,18,18,18,18,18
481853,1,1,1997,23,23,23,23,23,23,23,23,23,23
481854,1,1,1997,33,37,0,10,7,6,16,22,23,15
481855,1,1,1997,11,11,11,11,11,11,11,11,11,11
481856,1,1,1997,24,24,24,24,24,24,24,24,24,24
481857,1,1,1997,0,0,0,0,0,0,0,0,0,0
481857,2,1,1997,10,0,0,0,0,0,0,0,0,0
481858,1,1,1997,0,0,0,0,0,0,0,0,0,0
481859,1,1,1997,16,0,10,12,0,0,0,0,0,0
481860,0,1,1997,34,0,0,0,19,0,0,0,0,0
481860,0,2,1997,9,0,0,0,0,0,0,0,0,0
481860,1,1,1997,0,0,0,0,0,0,0,0,0,0
481860,2,1,1997,0,0,0,0,0,0,0,0,0,0
481861,1,1,1997,0,0,0,0,0,0,0,0,0,0
481861,2,1,1997,0,0,0,0,0,0,0,0,0,0
481862,1,1,1997,25,25,25,25,25,25,25,25,25,25
481863,1,1,1997,0,0,0,0,0,0,0,0,0,0
481863,2,1,1997,0,0,0,0,0,0,0,0,9,6
481864,1,1,1997,22,22,22,22,22,22,22,22,22,22
481864,2,1,1997,0,0,0,0,0,0,0,0,0,0
481865,1,1,1997,23,23,23,23,23,23,23,23,23,23
481865,2,1,1997,39,39,39,39,39,39,39,39,39,39
481866,0,1,1997,0,0,0,0,0,0,0,0,0,0
481866,1,1,1997,0,0,0,0,0,0,0,0,0,0
481867,1,1,1997,0,0,0,0,0,0,0,0,0,0
481867,2,1,1997,0,0,0,0,0,0,0,0,0,0
481868,1,1,1997,0,0,0,14,0,0,22,0,8,0
481869,1,1,1997,13,13,13,13,13,13,13,13,13,13
481869,2,1,1997,0,0,0,0,0,0,0,0,0,0
481870,1,1,1997,25,25,25,25,25,25,25,25,25,25
481871,1,1,1997,0,0,0,0,0,0,0,0,0,0
481871,2,1,1997,0,0,0,0,0,0,0,0,0,0
481872,1,1,1997,0,0,0,0,0,0,0,20,25,0
481873,0,1,1997,0,6,16,0,0,0,0,26,0,0
481873,1,1,1997,0,0,0,0,0,0,0,0,0,0
481874,1,1,1997,0,0,0,0,0,0,0,0,0,0
481874,2,1,1997,0,0,0,0,0,0,0,0,0,0
481875,1,1,1997,0,0,0,0,0,0,0,0,0,0
481875,2,1,1997,25,15,0,10,16,13,2,7,3,11
481876,1,1,1997,0,19,0,0,0,0,0,0,0,0
481877,1,1,1997,0,0,0,0,0,0,0,0,0,0
481877,2,1,1997,0,0,0,0,0,0,0,0,0,0
481878,1,1,1997,0,0,0,0,0,0,0,0,0,0
481878,2,1,1997,0,0,0,10,0,0,0,0,0,0
481878,3,1,1997,0,0,0,0,0,0,0,0,0,0
481878,4,1,1997,21,0,0,0,0,0,0,32,0,0
481879,1,1,1997,0,0,0,0,0,0,0,0,0,0
481879,2,1,1997,0,21,0,0,0,0,0,0,0,0
481880,1,1,1997,11,34,25,24,25,12,19,21,11,32
481881,1,1,1997,0,0,7,32,27,18,20,9,0,16
481882,1,1,1997,0,0,0,0,0,0,0,2,0,0
481883,1,1,1997,6,19,29,19,0,15,0,10,14,0
481884,1,1,1997,0,0,10,0,34,0,11,0,26,8
481885,1,1,1997,0,0,0,0,0,0,0,0,8,0
481885,2,1,1997,0,0,0,0,0,0,0,0,0,0
481886,1,1,1997,0,13,18,19,15,6,15,0,0,0
481886,2,1,1997,17,14,8,18,13,20,8,8,28,22
481886,3,1,1997,0,0,0,0,0,0,0,15,10,0
481887,1,1,1997,0,0,0,0,0,0,0,0,0,0
481888,1,1,1997,28,0,0,21,29,22,34,18,0,19
481889,0,1,1997,22,30,18,0,16,39,0,0,0,28
481889,1,1,1997,21,13,0,0,0,0,0,0,0,0
481890,1,1,1997,0,0,0,0,0,0,0,0,0,0
481890,2,1,1997,0,0,0,0,0,0,0,0,0,0
481891,1,1,1997,0,0,0,0,0,0,0,0,0,0
481891,2,1,1997,0,0,0,0,0,0,0,0,0,0
481892,1,1,1997,0,0,0,0,0,0,0,0,0,0
481892,2,1,1997,0,0,0,0,0,0,0,0,0,0
481893,1,1,1997,4,4,4,4,4,4,4,4,4,4
481894,1,1,1997,25,25,25,25,25,25,25,25,25,25
481895,0,1,1997,31,29,25,0,18,0,0,0,0,0
481895,1,1,1997,0,0,0,0,0,0,0,0,0,0
481896,1,1,1997,0,0,0,0,0,0,0,0,0,0
481896,2,1,1997,0,0,0,0,0,0,0,0,0,0
481897,1,1,1997,27,27,27,27,27,27,27,27,27,27
481897,2,1,1997,0,0,0,0,0,0,0,0,0,0
481898,1,1,1997,0,22,17,19,8,32,8,24,14,15
481899,0,1,1997,0,0,31,0,0,0,11,0,0,0
481899,1,1,1997,0,0,0,0,0,0,18,0,0,0
481900,1,1,1997,12,12,12,12,12,12,12,12,12,12
481901,1,1,1997,0,0,0,0,0,0,0,0,0,0
481901,2,1,1997,0,0,0,0,0,0,0,0,0,0
481902,0,1,1997,31,8,0,0,0,23,0,0,0,0
481902,1,1,1997,0,0,0,0,0,0,0,0,13,0
481902,2,1,1997,0,0,0,0,0,0,0,0,0,0
481903,1,1,1997,0,0,0,0,0,0,0,0,0,0
481903,2,1,1997,0,0,0,0,8,0,0,0,0,0
481904,1,1,1997,24,24,24,24,24,24,24,24,24,24
481905,1,1,1997,23,4,22,16,0,0,0,21,14,20
481905,2,1,1997,19,19,19,19,19,19,19,19,19,19
481906,1,1,1997,0,0,0,0,0,0,0,0,0,0
481906,2,1,1997,0,0,0,0,0,0,0,0,0,0
481906,3,1,1997,0,0,0,0,0,0,0,0,0,0
481906,4,1,1997,0,0,0,0,0,0,0,0,0,0
481907,1,1,1997,0,25,0,10,0,13,0,25,9,22
481907,2,1,1997,16,0,15,0,0,0,19,0,0,0
481908,1,1,1997,0,0,0,0,0,0,0,0,0,0
481908,2,1,1997,0,0,11,0,0,0,0,0,0,0
481909,0,1,1997,23,23,23,23,23,23,23,23,23,23
481909,1,1,1997,0,0,0,16,0,0,0,0,0,0
481909,2,1,1997,0,0,0,0,0,0,15,6,28,0
481910,1,1,1997,18,18,18,18,18,18,18,18,18,18
481911,1,1,1997,0,0,0,20,0,25,19,0,25,4
481911,2,1,1997,0,0,0,0,0,0,0,0,0,0
481912,1,1,1997,36,18,21,15,25,10,19,14,24,22
481913,0,1,1997,0,33,0,0,0,0,0,0,0,20
481913,1,1,1997,0,0,0,0,0,0,0,0,0,0
481914,1,1,1997,19,19,19,19,19,19,19,19,19,19
481915,1,1,1997,8,8,8,8,8,8,8,8,8,8
481916,1,1,1997,25,11,9,28,7,11,18,28,20,11
481917,1,1,1997,0,0,13,0,0,29,0,11,0,0
481917,2,1,1997,0,0,0,0,0,0,0,0,8,0
481918,1,1,1997,8,8,8,8,8,8,8,8,8,8
481918,2,1,1997,0,0,0,0,0,0,0,0,0,0
481919,1,1,1997,5,18,26,0,0,4,0,0,0,0
481920,0,1,1997,17,17,17,17,17,17,17,17,17,17
481920,1,1,1997,0,0,0,0,0,0,0,0,0,0
481921,1,1,1997,26,26,26,26,26,26,26,26,26,26
481921,2,1,1997,0,0,0,0,0,0,0,0,0,0
481922,1,1,1997,28,11,0,0,15,0,28,13,0,17
481923,1,1,1997,19,19,19,19,19,19,19,19,19,19
481924,1,1,1997,13,0,0,0,0,0,0,0,0,0
481924,2,1,1997,0,0,0,13,0,0,0,0,0,0
481924,3,1,1997,0,0,0,0,0,0,0,0,0,49
481925,1,1,1997,25,16,14,32,11,5,29,21,42,14
481926,1,1,1997,0,0,0,0,0,0,0,0,0,0
481927,0,1,1997,0,0,0,0,0,0,0,0,0,0
481927,1,1,1997,0,0,0,0,0,12,0,0,10,7
481928,1,1,1997,0,0,0,0,0,0,0,0,0,0
481928,2,1,1997,0,0,0,0,0,0,0,0,0,16
481929,1,1,1997,0,0,0,0,0,0,0,0,0,0
481929,2,1,1997,11,17,23,0,9,9,15,8,10,0
481930,1,1,1997,0,0,0,0,0,0,0,0,0,0
481931,1,1,1997,26,26,26,26,26,26,26,26,26,26
481932,1,1,1997,0,0,0,0,0,0,0,0,0,0
481932,2,1,1997,0,0,0,0,0,0,0,0,0,0
481933,0,1,1997,0,0,30,0,14,0,10,0,37,0
481933,0,2,1997,0,7,15,18,12,11,0,0,0,0
481933,1,1,1997,0,0,0,0,0,0,0,0,0,0
481934,1,1,1997,0,0,0,0,0,0,0,0,0,0
481934,2,1,1997,0,0,0,0,0,0,0,0,10,0
481935,1,1,1997,0,0,0,0,0,0,0,0,0,0
481935,2,1,1997,0,0,0,0,0,0,0,0,0,0
481936,0,1,1997,22,22,22,22,22,22,22,22,22,22
481936,1,1,1997,19,19,19,19,19,19,19,19,19,19
481937,1,1,1997,0,0,13,0,0,0,0,0,0,0
481937,2,1,1997,0,0,0,0,0,0,0,0,0,0
481938,0,1,1997,52,0,0,0,0,0,0,0,12,20
481938,1,1,1997,0,0,0,0,0,0,0,0,0,0
481939,1,1,1997,23,23,23,23,23,23,23,23,23,23
481939,2,1,1997,6,0,0,0,0,0,0,0,0,13
481940,1,1,1997,15,15,15,15,15,15,15,15,15,15
481941,1,1,1997,14,14,14,14,14,14,14,14,14,14
481942,0,1,1997,0,0,0,0,0,5,0,0,0,0
481942,0,2,1997,0,0,0,0,0,0,0,0,0,0
481942,1,1,1997,22,22,31,15,13,17,18,11,28,10
481943,1,1,1997,24,24,24,24,24,24,24,24,24,24
481943,2,1,1997,0,0,0,0,0,0,0,0,0,0
481944,1,1,1997,0,0,0,0,0,0,0,0,3,0