ST_CASE,VEH_NO,PER_NO,YEAR,P1,P2,P3,P4,P5,P6,P7,P8,P9,P10
481944,2,1,1997,0,0,0,0,0,0,0,0,0,0
481945,1,1,1997,15,15,15,15,15,15,15,15,15,15
481946,0,1,1997,24,24,24,24,24,24,24,24,24,24
481946,1,1,1997,0,0,0,0,0,0,0,0,0,0
481947,1,1,1997,0,0,0,0,0,0,0,0,0,0
481947,2,1,1997,0,0,6,0,0,0,0,0,0,0
481948,1,1,1997,0,0,0,0,0,0,0,0,0,0
481949,1,1,1997,13,13,13,13,13,13,13,13,13,13
481950,1,1,1997,20,20,20,20,20,20,20,20,20,20
481950,2,1,1997,15,21,0,6,10,34,28,0,0,0
481951,0,1,1997,0,0,0,18,0,0,0,0,0,0
481951,1,1,1997,9,2,0,6,0,0,13,0,4,6
481951,2,1,1997,0,0,0,0,0,0,0,0,0,9
481952,0,1,1997,28,0,14,23,16,0,0,15,44,32
481952,1,1,1997,6,22,9,13,14,3,8,6,9,3
481953,1,1,1997,0,0,0,0,0,0,0,0,0,0
481953,2,1,1997,0,0,0,0,0,0,0,0,0,0
481953,3,1,1997,0,0,0,0,0,0,0,0,0,0
481954,1,1,1997,0,0,0,0,0,0,0,0,0,0
481954,2,1,1997,0,0,0,0,0,0,0,0,0,0
481955,0,1,1997,0,0,0,0,0,0,0,0,0,0
481955,1,1,1997,0,0,0,0,0,0,0,14,0,0
481956,0,1,1997,14,14,14,14,14,14,14,14,14,14
481956,1,1,1997,15,0,19,0,0,0,0,0,5,0
481957,1,1,1997,12,0,0,0,0,0,0,0,0,0
481957,2,1,1997,21,14,20,14,0,9,7,18,10,0
481958,1,1,1997,12,12,12,12,12,12,12,12,12,12
481959,1,1,1997,34,36,8,17,26,49,17,13,14,20
481960,1,1,1997,3,3,3,3,3,3,3,3,3,3
481961,1,1,1997,0,0,0,0,0,0,0,0,0,0
481961,2,1,1997,0,19,0,0,0,0,0,11,0,0
481962,1,1,1997,0,0,0,0,0,0,0,0,0,0
481962,2,1,1997,0,0,0,0,0,0,0,0,0,0
481963,1,1,1997,0,0,0,0,0,0,0,0,11,0
481963,2,1,1997,0,17,0,0,0,0,0,0,0,0
481964,1,1,1997,0,0,0,0,0,0,0,0,0,0
481965,1,1,1997,0,0,0,0,0,0,0,0,0,0
481966,0,1,1997,25,25,25,25,25,25,25,25,25,25
481966,1,1,1997,7,12,0,0,0,0,0,0,0,0
481967,0,1,1997,9,11,0,14,0,4,9,9,15,0
481967,1,1,1997,7,0,0,0,0,0,0,0,0,0
481968,1,1,1997,21,25,18,23,12,17,14,22,14,21
481969,1,1,1997,0,0,0,0,0,0,43,0,0,0
481970,1,1,1997,19,14,25,15,17,10,17,21,22,13
481971,1,1,1997,0,0,0,14,0,0,0,0,32,0
481971,2,1,1997,0,0,0,8,9,0,12,14,0,19
481972,1,1,1997,0,0,0,0,0,0,0,0,0,0
481972,2,1,1997,0,0,0,0,0,0,0,0,0,0
481973,0,1,1997,0,0,0,0,0,0,0,0,0,0
481973,1,1,1997,0,0,0,0,0,0,0,0,0,0
481974,1,1,1997,22,22,22,22,22,22,22,22,22,22
481975,0,1,1997,29,12,0,26,14,0,0,0,26,0
481975,1,1,1997,1,1,1,1,1,1,1,1,1,1
481976,1,1,1997,15,0,0,0,0,7,0,0,6,24
481977,1,1,1997,0,0,0,0,4,0,0,19,0,10
481978,1,1,1997,10,9,20,14,11,30,13,0,17,11
481979,1,1,1997,11,11,11,11,11,11,11,11,11,11
481980,1,1,1997,13,13,13,13,13,13,13,13,13,13
481981,0,1,1997,0,0,0,0,0,0,0,0,12,0
481981,1,1,1997,0,0,0,9,0,0,0,0,0,0
481982,1,1,1997,0,0,0,0,13,0,0,0,0,0
481982,2,1,1997,12,12,12,12,12,12,12,12,12,12
481983,0,1,1997,22,0,26,0,28,16,15,0,0,0
481983,1,1,1997,0,0,0,0,0,0,0,0,22,0
481984,1,1,1997,0,0,0,0,0,0,0,0,0,0
481984,2,1,1997,0,0,0,0,0,0,0,0,0,0
481985,1,1,1997,6,16,0,9,6,4,18,8,19,37
481985,2,1,1997,0,0,0,0,24,0,0,25,11,0
481986,1,1,1997,13,13,13,13,13,13,13,13,13,13
481987,1,1,1997,25,0,0,0,0,0,0,0,0,0
481987,2,1,1997,0,0,0,0,0,0,0,0,0,0
481988,1,1,1997,0,0,0,0,0,0,0,0,0,0
481988,2,1,1997,0,0,0,0,0,0,11,0,0,0
481989,1,1,1997,11,32,0,0,14,0,0,19,0,0
481989,2,1,1997,0,0,0,0,0,0,0,0,0,0
481990,1,1,1997,21,21,21,21,21,21,21,21,21,21
481991,1,1,1997,19,12,22,16,9,5,29,20,7,14
481992,1,1,1997,17,2,16,25,2,10,12,14,38,6
481992,2,1,1997,0,0,0,0,0,23,0,0,0,0
481993,0,1,1997,0,0,0,0,0,0,0,0,0,0
481993,0,2,1997,0,0,0,0,0,0,0,0,0,0
481993,1,1,1997,0,0,0,0,0,0,0,0,0,0
481994,0,1,1997,29,29,29,29,29,29,29,29,29,29
481994,1,1,1997,0,0,0,0,0,0,0,0,0,0
481995,0,1,1997,0,0,0,29,0,0,0,8,0,0
481995,1,1,1997,0,18,0,0,0,0,0,0,0,0
481996,1,1,1997,0,0,0,0,0,0,0,0,0,0
481996,2,1,1997,6,0,0,0,0,0,0,0,9,15
481997,1,1,1997,27,27,27,27,27,27,27,27,27,27
481998,0,1,1997,0,0,0,0,0,0,0,0,0,0
481998,1,1,1997,0,0,0,0,0,0,0,0,0,0
481999,1,1,1997,0,0,0,0,0,0,0,0,0,0
482000,1,1,1997,0,3,0,0,0,0,0,0,15,0
482000,2,1,1997,0,23,0,17,0,0,3,0,0,0
482001,1,1,1997,0,0,0,0,0,0,0,0,0,0
482002,0,1,1997,0,0,0,0,0,0,0,0,0,0
482002,1,1,1997,0,0,0,0,0,0,0,16,0,0
482003,1,1,1997,0,0,0,0,0,0,0,0,0,0
482003,2,1,1997,0,0,0,6,0,15,0,0,0,0
482004,1,1,1997,0,0,0,0,0,0,22,0,0,0
482004,2,1,1997,0,0,0,0,0,0,0,0,0,0
482005,1,1,1997,21,21,13,41,0,14,0,14,26,13
482005,2,1,1997,7,0,0,0,0,0,0,0,0,0
482006,1,1,1997,4,4,4,4,4,4,4,4,4,4
482007,0,1,1997,27,27,27,27,27,27,27,27,27,27
482007,1,1,1997,19,19,19,19,19,19,19,19,19,19
482008,1,1,1997,0,0,0,0,0,0,0,0,0,0
482008,2,1,1997,0,14,0,0,0,0,28,15,0,0
482009,1,1,1997,0,0,0,0,0,0,0,0,0,0
482009,2,1,1997,0,0,0,0,0,0,0,0,0,0
482010,1,1,1997,25,12,2,24,6,9,16,16,13,20
482011,1,1,1997,0,0,0,0,0,0,0,0,0,0
482012,1,1,1997,7,16,38,18,20,4,19,22,4,0
482012,2,1,1997,5,0,0,22,8,23,19,9,0,0
482013,0,1,1997,24,0,0,28,31,0,0,0,16,9
482013,1,1,1997,0,0,0,0,19,0,0,0,0,0
482014,2,1,1997,6,14,12,0,0,0,0,0,28,10
482015,1,1,1997,0,0,0,0,0,0,0,0,0,0
482015,2,1,1997,0,0,0,0,0,0,0,0,0,0
482016,1,1,1997,13,13,13,13,13,13,13,13,13,13
482017,1,1,1997,25,25,25,25,25,25,25,25,25,25
482017,2,1,1997,0,0,14,0,9,0,0,22,20,0
482017,3,1,1997,0,0,0,0,0,0,0,0,0,0
482018,1,1,1997,15,0,0,12,0,0,0,0,0,0
482019,1,1,1997,0,0,0,0,0,0,0,0,0,0
482020,0,1,1997,15,15,15,15,15,15,15,15,15,15
482020,1,1,1997,0,0,0,0,0,0,0,0,0,0
482021,1,1,1997,0,0,0,0,0,0,0,0,16,9
482022,1,1,1997,12,17,14,22,17,24,13,0,5,0
482023,1,1,1997,6,6,6,6,6,6,6,6,6,6
482024,1,1,1997,0,0,0,0,0,0,0,0,0,0
482024,2,1,1997,0,0,13,0,0,0,0,0,0,10
482025,1,1,1997,26,0,11,34,14,14,7,12,0,8
482026,0,1,1997,27,15,30,0,0,30,31,0,0,33
482026,1,1,1997,0,48,0,0,0,0,0,0,30,0
482027,1,1,1997,25,25,25,25,25,25,25,25,25,25
482027,2,1,1997,0,16,5,0,7,9,15,0,0,0
482027,3,1,1997,0,0,0,0,0,0,28,0,0,12
482028,1,1,1997,0,33,18,8,13,0,12,11,19,16
482029,1,1,1997,17,17,17,17,17,17,17,17,17,17
482029,2,1,1997,0,0,0,3,0,0,0,0,0,0
482030,1,1,1997,0,8,0,0,0,0,18,0,0,10
482030,2,1,1997,0,0,0,0,0,0,0,0,0,0
482031,1,1,1997,4,5,13,20,20,0,0,0,12,0
482031,2,1,1997,0,0,0,0,0,0,0,0,0,0
482032,1,1,1997,21,21,21,21,21,21,21,21,21,21
482032,2,1,1997,13,25,8,0,0,0,0,0,0,0
482033,1,1,1997,0,0,0,0,0,0,0,0,0,0
482034,1,1,1997,24,24,24,24,24,24,24,24,24,24
482035,0,1,1997,0,0,0,0,0,0,0,0,0,0
482035,1,1,1997,0,0,0,0,0,0,0,0,0,0
482036,1,1,1997,2,2,2,2,2,2,2,2,2,2
482036,2,1,1997,0,0,0,0,0,0,0,0,0,0
482037,0,1,1997,0,0,0,0,0,0,0,0,0,0
482037,0,2,1997,0,0,36,0,0,0,0,14,0,0
482037,1,1,1997,19,0,0,0,0,0,22,14,8,15
482038,0,1,1997,12,0,37,18,5,24,0,0,0,0
482038,1,1,1997,0,0,21,0,0,0,12,0,0,0
482039,1,1,1997,20,0,12,11,0,16,0,0,19,24
482040,1,1,1997,0,0,0,0,0,0,0,19,0,0
482041,1,1,1997,0,0,0,0,0,0,15,0,7,0
482041,2,1,1997,0,0,0,0,0,0,0,0,0,0
482042,0,1,1997,0,0,0,0,0,0,0,0,0,0
482042,0,2,1997,0,0,0,0,0,0,0,0,0,0
482042,0,3,1997,0,0,25,0,0,0,17,0,0,0
482042,0,4,1997,0,0,0,0,0,0,0,20,22,28
482042,1,1,1997,0,0,0,0,0,0,0,0,0,0
482042,2,1,1997,0,0,0,0,0,0,0,13,0,0
482043,1,1,1997,0,0,0,13,0,11,0,0,0,11
482044,1,1,1997,14,0,12,0,0,0,0,0,12,18
482044,2,1,1997,0,0,0,0,0,0,0,0,0,0
482045,1,1,1997,19,0,10,0,14,0,0,0,0,0
482046,1,1,1997,9,9,9,9,9,9,9,9,9,9
482047,1,1,1997,11,0,0,0,0,0,0,0,0,0
482047,2,1,1997,0,0,0,0,0,0,0,0,0,0
482048,1,1,1997,0,0,0,0,0,0,0,0,0,0
482048,2,1,1997,0,0,0,0,0,0,0,0,0,0
482049,1,1,1997,0,0,0,0,0,0,0,0,0,0
482050,1,1,1997,16,16,16,16,16,16,16,16,16,16
482051,1,1,1997,0,0,0,0,0,0,0,0,0,0
482051,2,1,1997,0,0,0,0,0,0,0,0,0,0
482052,1,1,1997,0,0,0,0,0,0,0,0,0,0
482053,1,1,1997,0,0,0,0,4,0,0,7,0,0
482053,2,1,1997,0,0,0,0,0,0,0,0,0,0
482054,1,1,1997,16,0,0,0,0,0,0,0,21,0
482054,2,1,1997,13,13,13,13,13,13,13,13,13,13
482055,1,1,1997,0,0,0,0,0,0,0,0,0,0
482055,2,1,1997,0,0,6,0,21,0,0,0,0,12
482056,1,1,1997,0,18,0,16,26,0,26,0,24,0
482057,0,1,1997,1,1,1,1,1,1,1,1,1,1
482057,0,2,1997,22,11,0,14,15,22,17,18,0,34
482057,1,1,1997,5,5,5,5,5,5,5,5,5,5
482058,1,1,1997,0,17,0,0,0,0,0,0,0,0
482058,2,1,1997,13,13,13,13,13,13,13,13,13,13
482059,1,1,1997,0,0,0,0,0,0,0,0,0,0
482059,2,1,1997,7,7,7,7,7,7,7,7,7,7
482060,1,1,1997,0,0,0,0,0,0,0,0,0,19
482061,1,1,1997,18,18,18,18,18,18,18,18,18,18
482062,1,1,1997,10,8,12,7,0,9,8,10,0,7
482063,0,1,1997,12,12,12,12,12,12,12,12,12,12
482063,1,1,1997,0,0,0,0,0,0,0,0,0,0
482063,2,1,1997,0,0,10,0,0,0,12,0,0,0
482064,1,1,1997,0,0,0,27,0,0,0,0,0,22
482065,1,1,1997,22,22,22,22,22,22,22,22,22,22
482066,1,1,1997,0,0,0,0,0,0,0,0,0,0
482066,2,1,1997,0,0,0,0,0,0,0,0,0,0
482067,1,1,1997,0,0,0,0,3,0,0,11,0,0
482068,0,1,1997,20,20,20,20,20,20,20,20,20,20
482068,1,1,1997,15,15,15,15,15,15,15,15,15,15
482069,1,1,1997,27,27,27,27,27,27,27,27,27,27
482069,2,1,1997,0,0,23,0,0,0,5,15,19,0
482070,1,1,1997,23,23,23,23,23,23,23,23,23,23
482070,2,1,1997,24,0,26,8,0,0,0,0,0,0
482070,3,1,1997,0,0,0,0,0,0,0,0,0,0
482071,1,1,1997,20,20,20,20,20,20,20,20,20,20
482072,1,1,1997,0,0,0,0,0,0,0,0,0,0
482072,2,1,1997,0,0,34,0,0,0,0,0,0,11
482073,2,1,1997,24,24,24,24,24,24,24,24,24,24
482074,1,1,1997,0,0,0,15,0,0,0,0,0,0
482074,2,1,1997,15,15,15,15,15,15,15,15,15,15
482075,1,1,1997,0,0,0,0,10,0,0,0,0,0
482075,2,1,1997,0,23,0,0,11,0,0,0,0,24
482076,1,1,1997,23,34,15,3,25,23,21,16,18,14
482077,1,1,1997,0,0,0,0,0,0,0,0,0,0
482077,2,1,1997,0,0,0,0,0,0,0,0,0,0
482078,1,1,1997,0,11,0,0,24,0,0,0,0,33
482079,1,1,1997,0,0,0,0,0,0,0,0,0,0
482080,1,1,1997,12,12,12,12,12,12,12,12,12,12
482081,1,1,1997,0,0,0,0,0,0,0,0,0,0
482082,1,1,1997,0,0,0,7,8,0,13,0,0,0
482083,1,1,1997,0,0,0,0,0,0,0,0,0,0
482083,2,1,1997,0,0,0,0,0,0,0,0,0,0
482084,1,1,1997,5,5,5,5,5,5,5,5,5,5
482084,2,1,1997,0,0,0,0,0,0,0,0,0,0
482085,1,1,1997,12,26,0,10,21,0,15,0,0,17
482086,1,1,1997,0,0,17,0,0,0,21,0,0,0
482086,2,1,1997,0,0,0,0,0,0,0,0,0,0
482086,3,1,1997,0,0,0,0,0,0,0,0,0,0
482087,0,1,1997,24,0,17,0,0,0,6,0,0,0
482087,1,1,1997,0,0,0,0,0,0,0,0,0,24
482088,1,1,1997,23,23,23,23,23,23,23,23,23,23
482088,2,1,1997,19,0,0,0,0,0,0,0,0,0
482089,1,1,1997,0,0,0,0,0,0,0,0,0,0
482089,2,1,1997,0,0,0,0,0,0,0,0,0,0
482090,1,1,1997,0,0,0,0,0,0,0,0,0,0
482090,2,1,1997,0,0,0,0,0,0,0,0,0,0
482091,1,1,1997,0,0,0,0,0,0,0,0,0,0
482091,2,1,1997,0,0,0,0,0,0,0,0,0,0
482093,1,1,1997,0,0,13,0,0,0,0,0,0,0
482094,1,1,1997,0,0,0,0,0,0,0,0,0,0
482094,2,1,1997,0,0,0,0,0,0,0,22,0,0
482094,3,1,1997,0,0,0,0,0,21,0,0,0,25
482095,0,1,1997,0,0,0,0,0,0,0,0,0,0
482095,0,2,1997,20,26,0,0,20,9,0,0,0,4
482095,1,1,1997,20,20,20,20,20,20,20,20,20,20
482096,0,1,1997,0,13,0,24,10,0,24,24,0,0
482096,1,1,1997,0,0,0,0,0,0,0,0,0,0
482097,1,1,1997,0,0,0,0,0,0,0,0,0,0
482098,1,1,1997,0,0,0,0,0,0,0,0,0,0
482098,2,1,1997,0,0,17,0,0,9,0,0,0,7
482099,1,1,1997,0,0,0,12,14,0,0,0,18,0
482099,2,1,1997,12,12,12,12,12,12,12,12,12,12
482100,1,1,1997,5,5,5,5,5,5,5,5,5,5
482100,2,1,1997,0,0,0,0,0,0,0,0,0,0
482101,1,1,1997,0,0,0,0,0,0,0,0,0,0
482102,1,1,1997,25,25,25,25,25,25,25,25,25,25
482103,0,1,1997,0,11,0,0,23,0,23,19,22,14
482103,1,1,1997,11,11,11,11,11,11,11,11,11,11
482104,1,1,1997,0,19,20,0,0,0,0,0,15,7
482105,1,1,1997,0,22,0,0,16,20,21,0,0,16
482105,2,1,1997,0,0,0,0,0,0,0,26,0,0
482105,3,1,1997,0,0,0,0,8,0,0,0,22,9
482106,1,1,1997,25,16,0,31,12,26,27,29,20,40
482107,1,1,1997,0,0,0,0,0,0,0,0,0,0
482108,1,1,1997,0,0,6,0,0,0,0,0,0,0
482108,2,1,1997,0,0,0,0,0,0,0,0,0,0
482109,0,1,1997,35,35,35,35,35,35,35,35,35,35
482109,1,1,1997,11,11,11,11,11,11,11,11,11,11
482110,1,1,1997,36,36,36,36,36,36,36,36,36,36
482110,2,1,1997,0,0,0,0,0,0,0,0,0,0
482111,0,1,1997,0,0,0,0,0,0,28,0,0,18
482111,1,1,1997,0,0,0,0,0,0,0,0,0,0
482112,0,1,1997,0,22,0,0,9,17,25,0,26,0
482112,1,1,1997,11,14,6,22,7,12,0,20,12,16
482113,1,1,1997,0,0,0,0,0,0,0,0,0,0
482113,2,1,1997,0,0,0,0,0,0,0,0,0,0
482114,1,1,1997,0,0,0,0,0,0,0,0,0,0
482114,2,1,1997,0,0,0,0,0,0,0,0,0,0
482115,1,1,1997,25,25,25,25,25,25,25,25,25,25
482115,2,1,1997,0,0,0,7,0,0,0,0,22,0
482116,0,1,1997,0,0,0,0,0,0,0,0,0,0
482116,0,2,1997,28,0,0,0,0,23,48,0,0,0
482116,1,1,1997,13,18,7,30,12,27,18,13,6,14
482117,1,1,1997,0,0,0,8,0,0,0,0,0,0
482117,2,1,1997,23,23,23,23,23,23,23,23,23,23
482118,1,1,1997,18,18,18,18,18,18,18,18,18,18
482119,1,1,1997,13,13,13,13,13,13,13,13,13,13
482119,2,1,1997,0,0,0,0,0,0,0,0,0,0
482120,1,1,1997,28,28,28,28,28,28,28,28,28,28
482121,1,1,1997,0,0,0,0,0,0,0,0,0,0
482121,2,1,1997,0,2,8,10,14,0,22,10,0,26
482122,1,1,1997,10,0,0,0,0,0,0,0,0,0
482123,1,1,1997,0,0,0,0,0,0,0,0,0,0
482124,0,1,1997,23,23,23,23,23,23,23,23,23,23
482124,1,1,1997,0,0,0,0,0,0,0,0,0,0
482125,1,1,1997,23,23,23,23,23,23,23,23,23,23
482125,2,1,1997,0,0,11,0,0,18,0,28,22,31
482126,1,1,1997,3,16,0,13,5,5,11,13,18,15
482126,2,1,1997,12,0,0,0,0,0,0,0,0,32
482126,3,1,1997,0,0,0,0,0,0,7,0,0,0
482126,4,1,1997,8,0,0,14,0,0,7,0,0,0
482127,1,1,1997,0,0,0,0,0,0,0,0,0,0
482128,1,1,1997,0,0,20,23,14,16,18,0,16,7
482128,2,1,1997,10,0,0,0,0,14,6,0,0,0
482129,1,1,1997,7,8,25,19,22,3,0,25,14,13
482130,1,1,1997,0,13,0,0,0,0,0,0,0,10
482131,1,1,1997,18,18,18,18,18,18,18,18,18,18
482131,2,1,1997,15,17,0,0,0,0,0,10,0,3
482132,1,1,1997,0,0,0,0,0,0,0,0,0,0
482132,2,1,1997,0,0,0,0,0,0,0,0,0,0
482132,3,1,1997,0,0,0,0,0,0,0,0,0,0
482133,1,1,1997,11,11,11,11,11,11,11,11,11,11
482134,1,1,1997,18,18,18,18,18,18,18,18,18,18
482135,1,1,1997,2,2,2,2,2,2,2,2,2,2
482136,1,1,1997,0,0,0,0,0,0,0,0,0,0
482136,2,1,1997,0,0,0,0,0,0,0,0,0,0
482137,1,1,1997,0,0,0,0,0,0,0,0,0,0
482137,2,1,1997,12,12,12,12,12,12,12,12,12,12
482138,0,1,1997,27,27,27,27,27,27,27,27,27,27
482138,1,1,1997,13,24,20,0,0,0,7,30,0,10
482139,1,1,1997,0,0,0,0,0,0,0,0,0,0
482140,1,1,1997,0,0,0,0,0,0,0,0,0,0
482141,1,1,1997,23,6,0,20,19,35,4,17,12,4
482142,1,1,1997,0,0,0,0,6,0,0,0,0,0
482143,1,1,1997,0,0,0,0,0,0,0,0,0,0
482143,2,1,1997,0,0,0,0,0,0,0,6,0,0
482144,1,1,1997,0,0,0,0,0,0,0,0,0,0
482144,2,1,1997,0,0,0,0,0,0,0,0,0,0
482144,3,1,1997,0,0,0,0,0,0,0,0,0,0
482145,1,1,1997,7,0,16,0,11,0,0,0,0,0
482146,1,1,1997,0,0,0,0,0,0,0,0,0,0
482146,2,1,1997,0,0,0,0,0,0,0,0,0,0
482147,1,1,1997,21,21,21,21,21,21,21,21,21,21
482148,0,1,1997,0,0,0,0,0,13,0,8,34,0
482148,1,1,1997,0,0,0,0,0,0,0,24,0,0
482149,1,1,1997,0,0,0,0,19,0,0,0,0,18
482149,2,1,1997,0,0,0,0,0,0,0,0,0,0
482150,1,1,1997,0,0,27,0,0,0,0,0,0,0
482150,2,1,1997,0,0,0,0,0,0,0,0,0,0
482151,0,1,1997,22,0,26,0,0,21,0,0,0,28
482151,1,1,1997,0,0,0,8,0,0,0,0,0,0
482152,1,1,1997,0,0,0,0,0,0,0,0,0,0
482152,2,1,1997,0,0,0,0,0,0,0,0,0,0
482153,1,1,1997,4,4,4,4,4,4,4,4,4,4
482154,1,1,1997,0,0,0,0,0,0,0,0,0,0
482154,2,1,1997,0,0,0,0,0,0,0,0,0,0
482155,1,1,1997,13,13,13,13,13,13,13,13,13,13
482156,0,1,1997,0,0,0,0,0,0,0,0,0,14
482156,1,1,1997,0,0,0,0,0,0,0,0,0,0
482157,1,1,1997,0,0,0,0,0,0,0,0,0,0
482157,2,1,1997,0,0,0,0,0,0,0,0,0,0
482158,1,1,1997,23,23,23,23,23,23,23,23,23,23
482159,1,1,1997,17,0,0,0,0,0,0,0,0,0
482159,2,1,1997,0,0,0,0,0,0,0,0,0,0
482159,3,1,1997,0,0,0,0,0,0,0,0,0,0
482159,4,1,1997,0,0,28,0,0,0,0,13,0,0
482160,1,1,1997,0,0,0,0,0,0,0,0,0,0
482160,2,1,1997,0,0,17,0,11,0,0,0,0,0
482161,1,1,1997,0,0,0,0,0,0,0,0,0,0
482161,2,1,1997,0,0,3,0,0,0,0,0,0,0
482161,3,1,1997,0,0,0,0,0,0,0,0,0,0
482162,1,1,1997,0,0,0,0,0,0,0,0,0,0
482162,2,1,1997,0,0,0,0,0,0,0,0,0,0
482163,1,1,1997,14,14,14,14,14,14,14,14,14,14
482163,2,1,1997,0,0,0,0,0,0,0,0,0,0
482164,1,1,1997,0,0,0,0,0,0,0,0,0,0
482165,0,1,1997,0,0,7,0,0,0,0,22,10,17
482165,1,1,1997,7,9,14,9,11,16,9,18,3,16
482166,1,1,1997,17,17,17,17,17,17,17,17,17,17
482167,1,1,1997,3,3,3,3,3,3,3,3,3,3
482168,1,1,1997,0,0,0,0,0,0,0,0,0,0
482168,2,1,1997,0,0,0,0,0,0,0,0,0,0
482169,1,1,1997,38,38,38,38,38,38,38,38,38,38
482170,1,1,1997,7,0,0,0,0,0,0,0,0,0
482171,1,1,1997,0,0,0,0,0,0,0,0,0,0
482171,2,1,1997,0,0,0,0,0,0,0,0,0,0
482172,1,1,1997,8,12,14,16,14,15,32,14,16,10
482173,1,1,1997,30,26,27,17,23,7,0,27,10,18
482174,1,1,1997,19,30,10,20,19,23,3,18,33,11
482175,1,1,1997,14,14,14,14,14,14,14,14,14,14
482176,1,1,1997,26,26,26,26,26,26,26,26,26,26
482177,1,1,1997,0,0,0,0,0,0,0,0,0,0
482178,1,1,1997,0,0,0,0,0,0,0,10,0,0
482178,2,1,1997,0,0,0,5,0,0,0,13,0,12
482179,1,1,1997,0,0,0,0,0,0,0,0,0,0
482179,2,1,1997,0,0,0,0,0,0,10,0,0,0
482180,0,1,1997,0,0,0,0,0,0,0,0,0,0
482180,0,2,1997,0,0,0,0,0,0,0,0,0,0
482180,0,3,1997,0,0,0,0,31,0,28,0,0,0
482180,1,1,1997,0,0,0,18,0,0,0,0,0,0
482180,2,1,1997,0,0,0,0,0,0,0,0,0,0
482181,1,1,1997,0,0,0,0,0,0,0,0,0,0
482181,2,1,1997,0,0,0,0,0,0,0,5,0,0
482182,1,1,1997,0,0,0,0,0,0,0,0,0,0
482183,1,1,1997,0,0,0,0,0,25,0,17,0,9
482183,2,1,1997,0,0,0,0,0,0,0,0,0,0
482184,1,1,1997,18,18,18,18,18,18,18,18,18,18
482185,1,1,1997,0,0,0,0,0,0,0,0,0,0
482186,1,1,1997,0,0,0,0,0,0,0,0,0,0
482187,1,1,1997,0,0,0,0,0,0,0,0,0,0
482187,2,1,1997,0,0,0,0,0,0,0,0,0,0
482188,1,1,1997,0,0,18,0,13,0,0,0,12,0
482188,2,1,1997,0,0,0,0,0,0,0,0,0,0
482189,1,1,1997,0,0,0,0,0,0,0,0,0,0
482189,2,1,1997,0,0,0,0,0,0,0,0,0,0
482189,3,1,1997,0,0,0,0,0,0,0,0,0,0
482190,1,1,1997,0,0,0,0,17,0,0,0,0,0
482190,2,1,1997,0,0,0,0,0,0,0,0,0,0
482191,1,1,1997,5,0,0,23,13,0,3,13,21,0
482192,1,1,1997,0,0,0,0,0,0,0,0,0,0
482193,1,1,1997,16,16,16,16,16,16,16,16,16,16
482193,2,1,1997,0,0,29,0,0,0,0,22,0,0
482194,1,1,1997,0,0,0,0,0,0,0,0,0,0
482194,2,1,1997,0,0,0,10,0,0,0,0,0,0
482194,3,1,1997,0,0,0,0,0,0,0,0,0,0
482194,4,1,1997,0,0,0,0,0,0,0,0,0,0
482194,5,1,1997,0,0,0,0,0,0,0,0,0,0
482194,6,1,1997,0,0,0,0,0,0,0,0,0,0
482194,7,1,1997,0,0,0,0,0,0,0,0,0,0
482195,1,1,1997,0,0,0,0,0,0,0,0,0,0
482195,2,1,1997,14,14,14,14,14,14,14,14,14,14
482196,1,1,1997,32,0,0,0,0,0,0,6,0,19
482197,1,1,1997,12,12,12,12,12,12,12,12,12,12
482198,1,1,1997,22,22,22,22,22,22,22,22,22,22
482199,0,1,1997,24,24,24,24,24,24,24,24,24,24
482199,1,1,1997,0,0,0,0,0,0,0,0,0,0
482200,0,1,1997,0,0,0,0,0,0,0,0,0,0
482200,1,1,1997,0,0,0,0,0,0,0,0,0,0
482201,1,1,1997,0,0,0,0,0,0,0,0,0,0
482202,1,1,1997,0,0,0,0,0,0,0,0,0,0
482203,1,1,1997,0,0,0,0,19,0,0,0,0,0
482203,2,1,1997,0,0,0,0,0,0,0,0,0,0
482204,1,1,1997,0,0,0,0,6,15,0,0,0,0
482204,2,1,1997,0,0,0,0,0,0,0,15,10,0
482205,1,1,1997,0,0,0,0,0,0,0,0,0,0
482205,2,1,1997,0,0,0,0,0,0,0,4,0,0
482206,1,1,1997,15,15,15,15,15,15,15,15,15,15
482207,1,1,1997,12,12,12,12,12,12,12,12,12,12