ST_CASE,VEH_NO,PER_NO,YEAR,P1,P2,P3,P4,P5,P6,P7,P8,P9,P10
482208,1,1,1997,11,0,0,21,0,17,0,16,0,46
482209,1,1,1997,17,17,17,17,17,17,17,17,17,17
482210,1,1,1997,6,5,0,0,0,0,0,0,0,0
482211,1,1,1997,10,10,10,10,10,10,10,10,10,10
482212,1,1,1997,0,13,0,0,0,0,0,0,0,0
482212,2,1,1997,0,0,0,0,0,18,0,0,8,0
482212,3,1,1997,0,0,0,0,0,0,0,0,0,0
482213,1,1,1997,0,0,0,2,0,0,0,0,0,0
482213,2,1,1997,29,0,0,0,9,0,0,0,0,0
482214,1,1,1997,0,0,0,0,0,0,0,35,6,0
482215,1,1,1997,41,13,10,16,23,0,8,19,8,6
482215,2,1,1997,0,16,20,13,6,0,9,0,0,19
482216,1,1,1997,0,0,6,0,0,0,0,0,0,0
482216,2,1,1997,9,9,9,9,9,9,9,9,9,9
482217,1,1,1997,42,16,27,18,28,0,0,0,0,17
482218,1,1,1997,0,0,0,0,0,0,0,0,0,0
482218,2,1,1997,0,0,0,0,0,0,0,0,0,0
482219,1,1,1997,4,4,4,4,4,4,4,4,4,4
482219,2,1,1997,15,0,9,0,0,33,0,19,0,8
482220,1,1,1997,0,0,0,0,0,0,0,0,0,0
482220,2,1,1997,0,0,0,0,0,0,0,0,0,0
482221,1,1,1997,0,0,0,0,0,5,0,0,0,0
482221,2,1,1997,0,0,0,0,0,0,0,0,0,0
482222,1,1,1997,9,9,9,9,9,9,9,9,9,9
482223,1,1,1997,23,28,22,13,6,8,11,11,18,12
482224,1,1,1997,0,0,0,0,0,0,0,0,0,0
482224,2,1,1997,0,0,0,0,0,0,0,0,0,0
482224,3,1,1997,0,0,0,0,0,0,0,0,0,0
482225,1,1,1997,0,0,0,0,0,0,0,0,0,0
482225,2,1,1997,0,0,0,0,0,0,0,0,0,0
482226,1,1,1997,0,0,0,0,0,0,0,0,0,0
482226,2,1,1997,0,0,0,0,0,0,0,0,0,0
482227,1,1,1997,0,0,0,0,0,0,0,0,0,0
482227,2,1,1997,0,0,0,0,0,0,0,0,0,0
482228,1,1,1997,0,0,0,0,0,0,0,0,0,0
482229,1,1,1997,0,0,0,0,0,0,0,0,0,0
482230,1,1,1997,0,0,0,0,0,0,0,0,0,0
482230,2,1,1997,0,0,0,0,0,0,12,0,0,0
482231,1,1,1997,0,0,0,0,0,0,0,0,0,0
482231,2,1,1997,0,0,0,0,0,0,0,0,4,0
482232,1,1,1997,0,0,0,19,0,0,0,0,0,13
482232,2,1,1997,0,0,0,0,7,0,0,0,6,8
482232,3,1,1997,0,0,0,0,0,0,0,0,11,0
482233,1,1,1997,0,0,0,0,0,0,0,0,0,0
482233,2,1,1997,0,0,0,0,0,0,0,0,0,0
482234,1,1,1997,0,0,0,0,0,26,0,0,0,0
482234,2,1,1997,0,0,0,0,0,0,0,0,0,0
482235,1,1,1997,23,0,0,0,0,0,0,5,0,0
482236,1,1,1997,6,6,6,6,6,6,6,6,6,6
482236,2,1,1997,0,0,0,0,0,0,0,0,0,0
482237,1,1,1997,15,0,0,34,20,32,27,37,0,0
482238,1,1,1997,0,0,0,0,0,0,0,0,0,0
482238,2,1,1997,0,21,0,0,0,0,0,0,0,21
482239,1,1,1997,0,0,0,0,0,0,0,0,0,0
482239,2,1,1997,0,0,0,0,0,0,0,0,0,0
482239,3,1,1997,0,0,0,0,0,0,0,0,0,0
482240,1,1,1997,0,0,0,0,0,0,0,0,0,0
482241,1,1,1997,0,0,10,0,0,0,0,0,0,15
482241,2,1,1997,0,0,0,0,0,0,0,0,0,0
482242,1,1,1997,0,0,0,0,7,19,0,0,0,0
482242,2,1,1997,0,0,0,0,0,0,0,25,0,0
482242,3,1,1997,17,0,0,6,24,38,0,0,0,31
482242,4,1,1997,0,0,0,0,0,7,0,0,0,0
482243,1,1,1997,0,0,0,28,0,0,0,0,16,18
482244,0,1,1997,21,0,17,0,22,0,17,0,6,7
482244,1,1,1997,14,0,0,0,0,0,0,0,0,0
482245,1,1,1997,0,0,0,0,0,11,0,24,0,0
482246,1,1,1997,0,0,0,0,0,0,0,0,0,0
482246,2,1,1997,0,0,0,0,0,0,0,0,0,0
482247,1,1,1997,0,0,0,0,0,0,0,0,0,0
482247,2,1,1997,0,0,0,12,0,0,0,9,0,0
482247,3,1,1997,0,0,0,0,0,0,0,0,0,0
482247,4,1,1997,0,0,0,0,0,0,0,0,0,0
482248,1,1,1997,0,0,0,0,0,0,7,0,0,0
482248,2,1,1997,0,0,0,0,0,0,0,0,0,0
482249,1,1,1997,0,0,0,0,0,0,0,0,0,0
482249,2,1,1997,0,0,0,0,0,0,0,0,0,0
482250,1,1,1997,12,21,18,21,18,11,10,27,9,10
482251,1,1,1997,0,0,6,22,0,0,7,16,20,17
482252,1,1,1997,0,0,21,0,0,0,0,0,0,0
482252,2,1,1997,0,0,21,0,0,0,0,0,0,0
482252,3,1,1997,0,8,0,0,0,0,0,0,0,0
482253,1,1,1997,0,0,0,0,0,0,0,0,0,0
482253,2,1,1997,0,0,0,0,0,0,0,0,0,0
482254,1,1,1997,19,0,0,0,0,0,0,0,0,0
482255,1,1,1997,9,0,20,0,0,0,0,0,0,0
482255,2,1,1997,0,0,0,0,0,0,0,0,0,0
482256,1,1,1997,20,26,12,14,20,20,21,22,33,10
482257,1,1,1997,0,0,0,0,0,0,0,0,0,0
482257,2,1,1997,19,18,0,0,0,0,0,0,0,0
482258,1,1,1997,14,14,14,14,14,14,14,14,14,14
482258,2,1,1997,8,0,16,0,17,10,8,0,0,0
482259,1,1,1997,0,0,0,0,0,0,0,0,0,0
482259,2,1,1997,10,0,17,0,30,0,11,10,0,0
482260,1,1,1997,14,14,14,14,14,14,14,14,14,14
482261,1,1,1997,0,0,0,0,0,0,0,0,0,0
482261,2,1,1997,0,0,0,0,0,0,0,0,0,0
482262,0,1,1997,0,0,0,0,0,0,0,0,0,0
482262,1,1,1997,0,0,0,0,0,0,0,0,0,0
482263,1,1,1997,0,0,0,0,0,0,0,0,0,0
482264,1,1,1997,21,21,21,21,21,21,21,21,21,21
482265,1,1,1997,46,31,19,15,36,16,0,27,35,14
482266,0,1,1997,0,0,0,0,0,0,0,0,0,8
482266,1,1,1997,0,0,0,0,0,0,0,0,0,0
482267,1,1,1997,0,0,0,0,0,0,0,0,0,0
482267,2,1,1997,0,0,0,0,0,0,0,0,0,0
482268,1,1,1997,0,4,0,0,0,0,17,0,0,0
482268,2,1,1997,0,0,0,0,0,0,19,0,9,0
482269,1,1,1997,6,0,15,9,0,0,0,10,0,0
482270,0,1,1997,19,32,40,0,9,12,0,0,0,0
482270,1,1,1997,0,0,0,20,9,8,25,0,16,0
482271,1,1,1997,11,7,0,16,0,13,25,10,16,20
482271,2,1,1997,11,0,5,0,0,0,0,0,0,0
482272,1,1,1997,20,20,20,20,20,20,20,20,20,20
482272,2,1,1997,23,23,23,23,23,23,23,23,23,23
482273,1,1,1997,0,0,0,0,0,0,0,0,0,0
482274,1,1,1997,0,23,0,33,0,0,22,0,0,9
482275,1,1,1997,0,0,0,3,0,0,0,0,9,0
482276,1,1,1997,0,0,0,0,0,0,20,0,0,0
482276,2,1,1997,21,0,5,0,0,0,23,0,0,0
482276,3,1,1997,16,0,0,0,0,0,21,0,0,0
482277,1,1,1997,14,11,17,18,36,23,9,14,17,29
482278,1,1,1997,10,22,0,0,0,22,0,23,0,0
482279,1,1,1997,21,21,21,21,21,21,21,21,21,21
482280,1,1,1997,12,0,0,0,0,0,0,0,18,0
482280,2,1,1997,14,14,0,19,9,18,25,14,18,15
482281,1,1,1997,16,23,25,16,34,0,12,14,14,0
482282,1,1,1997,25,25,25,25,25,25,25,25,25,25
482283,1,1,1997,10,0,11,0,13,11,0,20,0,16
482283,2,1,1997,0,0,0,0,0,0,0,0,0,0
482284,1,1,1997,0,0,0,0,0,19,0,0,0,0
482284,2,1,1997,0,8,0,0,0,0,0,0,0,0
482285,1,1,1997,0,0,0,0,0,0,0,0,0,0
482286,1,1,1997,9,32,11,25,14,8,11,19,18,16
482287,0,1,1997,30,0,0,11,7,19,6,0,0,31
482287,1,1,1997,0,0,0,0,0,0,0,0,0,0
482288,1,1,1997,0,0,0,0,0,0,0,0,0,0
482288,2,1,1997,0,0,0,0,0,0,0,0,0,0
482289,1,1,1997,0,7,0,18,0,0,15,0,29,0
482289,2,1,1997,0,0,0,0,0,0,0,0,3,0
482290,0,1,1997,13,18,10,16,12,11,9,29,0,20
482290,1,1,1997,0,0,0,0,0,0,0,0,0,16
482291,1,1,1997,8,35,23,14,16,13,0,11,18,10
482292,1,1,1997,0,0,0,0,0,0,0,0,0,0
482292,2,1,1997,0,0,0,0,0,0,0,0,0,0
482293,1,1,1997,0,0,0,0,0,0,0,0,0,0
482293,2,1,1997,0,0,0,7,0,0,0,0,0,0
482294,1,1,1997,0,0,0,0,0,0,0,0,0,0
482294,2,1,1997,0,0,0,0,0,0,0,0,0,0
482295,1,1,1997,0,0,0,0,0,0,0,0,0,0
482295,2,1,1997,0,0,0,0,0,0,0,0,0,0
482296,1,1,1997,17,0,0,0,6,18,0,0,0,0
482297,0,1,1997,0,0,0,15,0,0,35,0,0,0
482297,1,1,1997,0,0,13,34,12,30,17,10,7,11
482298,1,1,1997,5,0,14,0,0,0,0,0,0,0
482298,2,1,1997,0,0,0,0,12,0,0,0,0,0
482299,0,1,1997,0,0,48,33,34,17,0,17,31,30
482299,1,1,1997,0,0,0,8,11,0,0,0,0,0
482300,1,1,1997,0,0,0,0,0,0,0,0,0,0
482300,2,1,1997,0,0,2,0,0,0,0,0,0,0
482301,1,1,1997,0,0,0,0,0,0,0,0,0,11
482302,1,1,1997,0,0,0,0,0,0,0,0,0,0
482302,2,1,1997,0,0,0,0,0,0,0,0,24,0
482303,1,1,1997,0,0,0,0,0,0,0,0,0,0
482303,2,1,1997,0,0,0,0,0,0,0,0,0,0
482303,3,1,1997,0,0,0,0,0,0,0,0,0,0
482304,1,1,1997,5,13,15,10,21,28,11,25,22,0
482305,1,1,1997,19,19,19,19,19,19,19,19,19,19
482306,1,1,1997,4,15,0,0,0,0,0,0,3,0
482307,0,1,1997,0,0,0,0,0,0,0,0,0,0
482307,1,1,1997,0,0,0,0,0,23,0,0,0,0
482308,1,1,1997,0,0,0,0,0,0,0,0,0,0
482308,2,1,1997,0,0,0,0,0,0,0,0,0,0
482309,1,1,1997,20,0,0,15,0,14,24,20,0,0
482309,2,1,1997,19,19,19,19,19,19,19,19,19,19
482310,1,1,1997,20,20,20,20,20,20,20,20,20,20
482311,0,1,1997,6,6,6,6,6,6,6,6,6,6
482311,1,1,1997,0,0,0,0,0,0,0,0,0,0
482312,0,1,1997,1,1,1,1,1,1,1,1,1,1
482312,1,1,1997,0,0,0,23,19,0,0,2,0,0
482312,2,1,1997,0,0,0,0,0,0,0,0,0,0
482313,1,1,1997,0,0,0,0,0,0,0,0,0,0
482313,2,1,1997,0,0,0,0,0,0,0,0,0,0
482314,1,1,1997,0,0,0,0,0,0,0,0,0,0
482314,2,1,1997,4,4,4,4,4,4,4,4,4,4
482315,1,1,1997,20,20,20,20,20,20,20,20,20,20
482315,2,1,1997,22,22,22,22,22,22,22,22,22,22
482316,1,1,1997,14,14,14,14,14,14,14,14,14,14
482317,1,1,1997,0,0,0,0,0,0,0,0,0,0
482318,1,1,1997,0,0,0,0,0,0,0,0,0,0
482319,1,1,1997,0,0,0,0,0,0,0,0,0,0
482319,2,1,1997,5,5,5,5,5,5,5,5,5,5
482320,1,1,1997,0,0,0,0,0,0,0,0,0,0
482321,1,1,1997,8,26,14,13,0,0,4,11,0,12
482321,2,1,1997,0,0,0,0,0,0,0,0,0,0
482322,1,1,1997,8,0,0,7,20,14,14,0,18,0
482322,2,1,1997,0,0,0,16,0,0,0,0,0,0
482323,1,1,1997,0,0,0,0,0,0,0,0,0,0
482323,2,1,1997,0,0,0,0,0,0,0,0,0,0
482324,1,1,1997,0,0,0,0,0,0,0,0,15,0
482324,2,1,1997,0,0,0,0,0,0,9,0,9,20
482325,1,1,1997,0,0,0,0,0,0,0,0,0,0
482325,2,1,1997,0,0,0,0,0,0,0,0,0,0
482326,1,1,1997,10,10,10,10,10,10,10,10,10,10
482326,2,1,1997,0,6,0,0,0,0,0,0,0,0
482327,0,1,1997,0,0,26,0,0,0,7,19,0,0
482327,1,1,1997,0,0,0,0,0,0,11,22,0,7
482328,1,1,1997,11,43,13,17,17,16,23,19,22,9
482329,0,1,1997,0,0,0,0,0,0,0,0,0,0
482329,1,1,1997,0,0,0,0,0,0,0,0,0,0
482330,1,1,1997,27,27,27,27,27,27,27,27,27,27
482331,1,1,1997,19,19,19,19,19,19,19,19,19,19
482332,1,1,1997,0,0,0,0,0,0,0,0,0,0
482332,2,1,1997,0,0,0,0,0,0,0,0,0,0
482333,1,1,1997,0,0,0,0,0,0,0,0,0,0
482334,0,1,1997,0,0,0,0,0,0,16,0,0,0
482334,1,1,1997,0,0,0,0,0,0,0,0,0,0
482335,0,1,1997,0,7,0,11,0,0,0,0,0,0
482335,0,2,1997,22,0,0,0,0,0,0,0,0,0
482335,0,3,1997,0,0,0,0,0,0,0,0,0,0
482335,1,1,1997,3,5,11,0,0,0,19,11,29,0
482335,2,1,1997,0,0,0,0,0,0,0,15,0,0
482336,1,1,1997,17,17,17,17,17,17,17,17,17,17
482337,1,1,1997,22,22,14,0,6,0,24,0,0,0
482337,2,1,1997,22,0,0,17,0,0,0,0,0,0
482338,0,2,1997,0,0,0,0,32,0,0,0,36,0
482338,1,1,1997,17,17,17,17,17,17,17,17,17,17
482339,1,1,1997,25,25,25,25,25,25,25,25,25,25
482340,1,1,1997,0,0,0,0,0,0,0,0,0,0
482340,2,1,1997,0,0,0,0,0,0,0,8,0,0
482341,0,1,1997,0,0,0,0,0,9,0,0,0,0
482341,1,1,1997,0,0,0,0,0,0,0,0,0,12
482341,2,1,1997,0,0,0,0,0,0,0,0,0,0
482342,0,1,1997,0,0,9,0,0,0,0,0,0,0
482342,1,1,1997,0,0,0,0,0,0,0,0,0,0
482343,1,1,1997,0,0,12,0,0,0,0,0,23,0
482344,1,1,1997,0,0,0,0,0,25,0,20,0,0
482345,0,1,1997,11,11,11,11,11,11,11,11,11,11
482345,0,2,1997,22,7,0,29,19,31,0,0,38,16
482345,1,1,1997,17,17,17,17,17,17,17,17,17,17
482346,1,1,1997,0,0,0,0,0,0,0,0,0,0
482347,1,1,1997,0,0,0,0,0,0,0,0,18,0
482347,2,1,1997,0,0,0,0,0,0,0,0,0,0
482348,0,1,1997,19,14,0,0,0,0,13,27,0,0
482348,1,1,1997,0,0,0,0,0,0,0,0,0,0
482348,2,1,1997,0,17,0,0,0,0,0,0,0,0
482349,1,1,1997,0,0,0,0,0,0,0,0,0,0
482349,2,1,1997,17,17,17,17,17,17,17,17,17,17
482350,1,1,1997,27,27,27,27,27,27,27,27,27,27
482351,1,1,1997,11,0,0,0,0,0,0,0,32,0
482352,0,1,1997,32,32,32,32,32,32,32,32,32,32
482352,1,1,1997,15,11,6,0,0,0,0,0,7,7
482353,1,1,1997,0,0,0,0,0,0,0,0,0,0
482354,1,1,1997,0,0,0,0,0,0,0,0,0,0
482354,2,1,1997,0,10,0,0,0,16,0,0,0,0
482355,1,1,1997,0,0,0,0,0,0,0,0,0,0
482355,2,1,1997,0,0,0,0,0,0,0,0,0,0
482356,1,1,1997,0,0,0,0,0,0,0,0,0,0
482357,1,1,1997,0,0,0,0,0,0,16,0,0,0
482358,1,1,1997,0,0,0,0,0,0,0,0,0,0
482359,0,1,1997,18,18,18,18,18,18,18,18,18,18
482359,1,1,1997,0,0,0,0,0,0,0,0,0,0
482360,0,1,1997,16,16,16,16,16,16,16,16,16,16
482360,1,1,1997,0,0,0,0,0,0,0,0,0,0
482361,1,1,1997,0,0,0,0,0,0,0,0,0,0
482361,2,1,1997,0,0,0,0,0,0,0,0,0,0
482361,3,1,1997,0,0,0,0,0,0,0,0,0,0
482362,1,1,1997,0,0,0,0,0,0,0,0,0,0
482362,2,1,1997,0,0,0,0,0,0,0,0,0,0
482363,0,1,1997,9,24,0,18,37,0,24,0,16,0
482363,1,1,1997,0,0,0,0,0,0,0,0,0,0
482364,1,1,1997,0,8,0,0,0,0,0,0,0,0
482365,1,1,1997,0,0,0,15,4,0,0,0,0,6
482366,1,1,1997,0,0,0,0,0,0,0,0,0,0
482366,2,1,1997,0,0,0,0,14,0,0,0,0,0
482367,0,1,1997,0,0,0,0,0,0,28,0,0,0
482367,1,1,1997,0,0,0,0,0,0,0,0,0,0
482368,1,1,1997,0,0,0,0,15,0,0,0,0,0
482368,2,1,1997,0,0,0,0,0,0,0,0,0,0
482369,1,1,1997,20,20,20,20,20,20,20,20,20,20
482370,0,1,1997,0,24,0,0,0,0,37,30,25,0
482370,1,1,1997,0,0,0,0,0,0,0,0,0,0
482371,0,1,1997,25,25,8,22,41,33,12,16,33,25
482371,1,1,1997,0,0,0,8,0,21,14,9,19,0
482372,1,1,1997,12,5,27,0,7,18,10,28,30,3
482373,0,1,1997,0,0,39,23,0,0,0,0,0,2
482373,1,1,1997,0,7,0,0,0,0,0,0,0,0
482374,1,1,1997,24,24,24,24,24,24,24,24,24,24
482375,0,1,1997,0,14,9,0,30,16,16,0,24,0
482375,1,1,1997,12,12,12,12,12,12,12,12,12,12
482376,1,1,1997,10,0,0,0,0,0,0,0,0,0
482376,2,1,1997,0,0,0,0,0,0,0,0,0,0
482377,1,1,1997,12,0,0,0,0,0,21,0,0,0
482377,2,1,1997,0,0,0,0,0,0,0,0,0,0
482378,1,1,1997,9,17,8,8,13,10,13,21,15,0
482378,2,1,1997,0,0,0,0,0,0,0,0,0,0
482378,3,1,1997,0,0,0,0,0,0,0,0,0,0
482379,1,1,1997,0,0,0,0,0,0,0,0,0,0
482380,1,1,1997,0,0,0,0,0,0,0,0,0,0
482380,2,1,1997,0,0,0,0,0,0,0,0,0,0
482381,1,1,1997,0,0,0,0,0,0,0,0,0,0
482382,1,1,1997,0,0,0,27,0,19,22,0,0,22
482383,1,1,1997,0,0,0,0,0,0,0,0,0,0
482383,2,1,1997,0,0,0,0,0,0,0,0,0,0
482384,1,1,1997,0,0,0,0,0,0,0,0,0,0
482385,1,1,1997,15,15,15,15,15,15,15,15,15,15
482386,1,1,1997,0,0,0,0,0,0,0,0,0,0
482386,2,1,1997,0,0,0,0,0,0,0,0,0,0
482387,1,1,1997,6,0,0,0,0,0,0,0,0,0
482387,2,1,1997,0,0,0,0,0,0,0,0,0,0
482387,3,1,1997,0,0,0,0,0,0,0,0,0,0
482388,1,1,1997,22,22,17,33,27,18,11,21,13,17
482389,1,1,1997,0,0,0,0,0,0,0,0,0,0
482389,2,1,1997,0,0,0,0,0,0,0,0,0,0
482389,3,1,1997,0,0,0,18,0,0,12,0,0,0
482389,4,1,1997,0,0,0,0,0,14,0,0,0,0
482389,5,1,1997,0,0,0,0,0,0,0,0,0,0
482389,6,1,1997,0,0,0,0,0,0,0,0,0,0
482389,7,1,1997,0,0,0,0,0,0,0,0,0,0
482390,1,1,1997,22,22,22,22,22,22,22,22,22,22
482391,1,1,1997,0,0,19,0,0,10,19,0,0,0
482392,1,1,1997,0,0,0,0,0,0,0,0,0,0
482392,2,1,1997,0,0,0,0,0,0,0,0,0,0
482393,1,1,1997,7,7,7,7,7,7,7,7,7,7
482393,2,1,1997,6,0,0,0,6,0,0,7,33,23
482394,1,1,1997,16,16,16,16,16,16,16,16,16,16
482394,2,1,1997,0,0,0,0,0,0,0,0,0,0
482395,1,1,1997,0,0,0,0,0,0,0,0,0,0
482395,2,1,1997,9,9,9,9,9,9,9,9,9,9
482396,0,1,1997,0,0,0,0,0,0,0,0,0,0
482396,1,1,1997,0,0,0,0,0,0,0,0,0,0
482397,0,1,1997,0,0,16,26,0,0,21,0,16,0
482397,1,1,1997,0,0,0,0,0,0,0,0,0,0
482398,1,1,1997,3,3,3,3,3,3,3,3,3,3
482399,0,1,1997,0,29,0,0,0,28,0,17,0,0
482399,1,1,1997,0,0,0,0,0,0,0,0,0,0
482400,1,1,1997,24,24,24,24,24,24,24,24,24,24
482400,2,1,1997,14,14,14,14,14,14,14,14,14,14
482401,1,1,1997,23,17,0,13,16,9,15,0,9,16
482402,1,1,1997,11,11,11,11,11,11,11,11,11,11
482403,1,1,1997,11,21,18,19,25,26,18,23,19,40
482404,1,1,1997,25,25,25,25,25,25,25,25,25,25
482404,2,1,1997,0,0,0,0,0,0,0,0,0,0
482405,1,1,1997,0,0,0,0,0,0,0,0,0,0
482405,2,1,1997,0,0,15,0,0,0,0,0,0,0
482406,1,1,1997,0,0,0,0,0,0,0,0,0,0
482406,2,1,1997,0,0,0,0,0,0,0,0,0,0
482407,1,1,1997,12,12,12,12,12,12,12,12,12,12
482408,1,1,1997,17,0,20,0,0,31,0,22,0,0
482408,2,1,1997,11,0,0,0,0,0,0,0,0,0
482409,1,1,1997,12,0,14,11,0,10,5,26,10,12
482410,1,1,1997,20,20,20,20,20,20,20,20,20,20
482411,0,1,1997,0,0,30,27,16,11,8,8,30,7
482411,1,1,1997,25,5,0,31,0,0,0,0,0,0
482412,1,1,1997,0,0,0,0,0,0,0,0,0,0
482412,2,1,1997,0,0,0,0,0,0,0,0,0,0
482413,1,1,1997,8,8,8,8,8,8,8,8,8,8
482414,1,1,1997,20,20,20,20,20,20,20,20,20,20
482415,1,1,1997,30,20,20,16,16,24,23,12,12,23
482416,1,1,1997,11,11,11,11,11,11,11,11,11,11
482417,0,1,1997,0,0,0,0,0,0,0,0,0,0
482417,1,1,1997,0,0,0,0,0,0,0,0,0,0
482418,1,1,1997,0,32,0,0,0,26,0,0,0,4
482419,1,1,1997,0,0,0,0,0,0,0,0,0,0
482419,2,1,1997,0,0,0,0,0,0,0,0,0,0
482419,3,1,1997,0,0,0,0,0,0,0,0,0,0
482420,1,1,1997,0,11,0,0,0,18,0,0,0,19
482421,0,1,1997,7,31,0,10,0,27,0,14,27,17
482421,1,1,1997,0,0,0,26,20,0,18,10,0,0
482422,1,1,1997,10,10,10,10,10,10,10,10,10,10
482422,2,1,1997,0,0,0,0,10,11,21,0,0,0
482423,1,1,1997,23,23,23,23,23,23,23,23,23,23
482424,1,1,1997,0,0,0,0,0,0,0,0,0,0
482424,2,1,1997,0,0,0,26,0,0,0,22,0,0
482425,1,1,1997,12,12,12,12,12,12,12,12,12,12
482425,2,1,1997,0,16,0,30,0,0,0,0,0,0
482426,1,1,1997,0,0,0,0,0,0,0,0,0,0
482427,1,1,1997,0,14,0,2,3,0,0,9,16,13
482428,1,1,1997,32,32,32,32,32,32,32,32,32,32
482428,2,1,1997,9,9,9,9,9,9,9,9,9,9
482429,1,1,1997,0,0,0,0,0,0,0,0,0,0
482429,2,1,1997,0,0,0,0,0,0,0,0,0,0
482430,0,1,1997,0,0,0,0,0,0,0,0,0,0
482430,1,1,1997,0,0,0,0,0,0,0,0,0,17
482431,1,1,1997,0,0,0,0,0,0,0,0,0,0
482432,0,1,1997,0,12,0,25,0,0,0,0,0,0
482432,1,1,1997,0,0,0,0,0,0,0,0,0,0
482433,1,1,1997,17,0,24,0,19,32,14,14,16,0
482434,1,1,1997,28,28,28,28,28,28,28,28,28,28
482435,1,1,1997,15,15,15,15,15,15,15,15,15,15
482436,1,1,1997,8,8,8,8,8,8,8,8,8,8
482436,2,1,1997,0,0,0,0,0,0,6,16,0,0
482437,0,1,1997,0,0,0,0,0,0,0,0,0,0
482437,1,1,1997,0,0,0,0,0,0,24,0,0,0
482438,1,1,1997,24,0,0,24,23,12,15,0,0,20
482439,1,1,1997,10,10,10,10,10,10,10,10,10,10
482439,2,1,1997,0,0,0,0,0,0,0,0,0,0
482440,1,1,1997,23,0,0,11,0,0,0,0,0,0
482441,1,1,1997,11,11,11,11,11,11,11,11,11,11
482442,1,1,1997,22,15,0,0,0,0,0,0,0,0
482443,1,1,1997,0,0,0,0,0,0,0,0,0,0
482444,1,1,1997,18,0,0,17,0,15,15,0,0,39
482444,2,1,1997,0,0,29,6,0,0,0,0,0,22
482445,1,1,1997,0,0,0,0,0,0,0,0,0,0
482446,0,1,1997,20,20,20,20,20,20,20,20,20,20
482446,1,1,1997,0,0,0,0,0,0,0,0,0,0
482447,1,1,1997,0,0,0,0,0,0,0,0,0,0
482447,2,1,1997,22,0,0,0,0,7,0,0,0,0
482448,1,1,1997,0,0,0,0,0,0,0,0,0,0
482449,1,1,1997,16,16,16,16,16,16,16,16,16,16
482450,0,1,1997,0,0,0,0,0,0,0,0,0,0
482450,1,1,1997,0,0,7,0,0,0,0,9,0,0
482451,1,1,1997,0,0,0,32,0,0,0,0,0,0
482452,1,1,1997,0,0,0,0,0,0,0,0,0,0
482452,2,1,1997,0,0,0,0,0,0,0,0,0,0
482453,1,1,1997,7,7,7,7,7,7,7,7,7,7
482454,0,1,1997,0,0,8,0,0,22,0,0,0,26
482454,1,1,1997,0,0,0,0,0,0,0,0,0,0
482455,1,1,1997,0,0,10,0,0,0,4,0,0,14
482456,1,1,1997,0,0,14,0,0,0,0,21,18,0
482456,2,1,1997,0,17,8,15,9,0,12,0,4,11
482457,0,1,1997,41,18,40,6,20,0,12,16,18,16
482457,1,1,1997,6,15,12,15,27,0,0,12,24,0
482458,1,1,1997,17,0,8,23,20,19,25,3,11,0
482459,1,1,1997,0,0,0,0,0,0,0,0,12,0
482459,2,1,1997,21,21,21,21,21,21,21,21,21,21
482460,1,1,1997,0,26,10,13,18,19,0,13,11,7
482461,1,1,1997,0,0,0,0,0,0,0,34,0,11
482461,2,1,1997,18,0,0,0,0,0,0,0,0,0
482461,3,1,1997,0,0,0,0,13,0,9,0,18,0
482461,4,1,1997,0,0,0,0,0,0,0,0,0,0
482462,1,1,1997,15,23,15,17,11,10,30,20,7,5
482463,1,1,1997,0,0,0,0,0,0,0,0,0,0
482463,2,1,1997,0,0,0,0,0,0,0,0,0,0
482464,1,1,1997,9,9,9,9,9,9,9,9,9,9
482465,1,1,1997,0,0,0,0,0,0,0,0,0,0
482466,1,1,1997,2,2,2,2,2,2,2,2,2,2
482467,0,1,1997,20,21,16,0,4,0,15,26,0,17
482467,1,1,1997,32,0,14,0,71,3,18,7,0,0
482468,1,1,1997,0,0,24,11,0,0,0,0,0,0
482469,1,1,1997,0,0,0,0,0,0,0,0,0,0
482470,1,1,1997,0,0,0,0,0,0,0,0,0,0
482470,2,1,1997,0,0,0,0,0,0,10,0,0,0
482471,1,1,1997,0,20,18,0,0,0,0,0,10,0
482471,2,1,1997,0,0,0,0,0,0,0,0,0,0
482472,0,1,1997,33,33,33,33,33,33,33,33,33,33
482472,1,1,1997,7,7,7,7,7,7,7,7,7,7
482473,1,1,1997,0,0,0,0,10,0,0,0,0,0
482473,2,1,1997,0,0,0,0,0,0,0,0,10,0
482474,0,1,1997,0,18,0,0,19,0,0,0,0,0
482474,1,1,1997,0,0,0,0,0,0,0,0,0,0