ST_CASE,VEH_NO,PER_NO,YEAR,P1,P2,P3,P4,P5,P6,P7,P8,P9,P10
482745,2,1,1997,0,0,0,0,0,0,0,0,0,0
482746,1,1,1997,0,0,0,0,0,0,0,0,18,0
482746,2,1,1997,0,0,0,0,0,0,0,0,0,0
482747,1,1,1997,25,25,25,25,25,25,25,25,25,25
482748,1,1,1997,17,8,6,0,3,13,11,10,24,10
482749,1,1,1997,31,0,20,9,8,0,10,0,0,0
482749,2,1,1997,13,0,0,0,0,8,13,0,0,0
482750,0,1,1997,17,17,17,17,17,17,17,17,17,17
482750,1,1,1997,0,0,0,31,0,13,0,15,0,7
482750,2,1,1997,0,0,0,6,0,0,0,0,0,0
482751,1,1,1997,21,11,10,12,14,12,22,21,14,24
482752,1,1,1997,1,1,1,1,1,1,1,1,1,1
482752,2,1,1997,0,0,0,0,0,0,0,0,0,0
482753,1,1,1997,18,20,9,12,18,17,25,6,9,25
482753,2,1,1997,12,12,12,12,12,12,12,12,12,12
482754,0,1,1997,0,22,29,0,7,26,13,22,15,8
482754,1,1,1997,0,0,0,9,0,0,0,0,26,21
482755,0,1,1997,14,14,14,14,14,14,14,14,14,14
482755,1,1,1997,2,2,2,2,2,2,2,2,2,2
482756,1,1,1997,0,0,0,0,0,0,0,0,0,0
482756,2,1,1997,0,0,0,0,0,0,0,0,0,0
482757,0,1,1997,0,0,0,0,0,0,0,0,0,0
482757,1,1,1997,0,0,0,0,0,0,0,0,0,0
482758,1,1,1997,0,0,10,0,0,0,0,0,0,0
482758,2,1,1997,0,0,0,0,0,0,0,0,0,0
482759,1,1,1997,31,23,18,18,6,45,10,31,0,25
482760,1,1,1997,0,0,0,0,0,0,0,0,0,0
482760,2,1,1997,0,0,0,0,0,0,0,0,0,0
482761,1,1,1997,0,0,0,0,0,0,0,0,0,0
482762,0,1,1997,0,19,26,0,0,0,0,0,18,24
482762,1,1,1997,0,0,10,0,0,0,0,0,0,0
482763,1,1,1997,0,0,0,0,0,0,0,0,0,0
482763,2,1,1997,0,0,0,0,0,0,0,0,7,11
482764,1,1,1997,0,0,0,12,0,0,0,0,0,0
482764,2,1,1997,0,0,0,20,0,0,0,0,0,0
482765,1,1,1997,0,0,0,0,0,0,0,0,0,0
482766,1,1,1997,0,0,0,0,0,0,0,0,0,0
482766,2,1,1997,0,0,0,0,0,0,0,0,0,0
482766,3,1,1997,0,0,0,0,0,0,0,0,0,0
482767,0,1,1997,0,0,34,21,0,0,25,0,0,0
482767,1,1,1997,0,0,0,0,0,0,0,0,0,0
482768,1,1,1997,0,0,0,0,0,0,0,0,0,0
482768,2,1,1997,0,0,0,0,19,0,0,0,0,0
482769,0,1,1997,8,19,31,13,31,29,24,0,0,29
482769,1,1,1997,0,0,0,0,0,0,0,0,0,0
482770,1,1,1997,0,0,0,0,0,0,0,0,18,0
482770,2,1,1997,0,0,0,0,0,0,0,0,0,0
482770,3,1,1997,0,0,14,34,0,25,0,0,0,0
482771,1,1,1997,0,0,0,0,12,0,16,15,7,0
482771,2,1,1997,0,0,0,0,0,0,0,0,0,0
482772,1,1,1997,0,0,0,0,0,0,0,0,0,0
482773,1,1,1997,0,14,0,0,0,0,0,0,0,0
482774,1,1,1997,22,18,22,17,4,12,28,44,18,17
482775,1,1,1997,0,0,0,5,0,0,0,0,7,0
482776,1,1,1997,0,0,6,23,13,15,0,0,4,0
482777,1,1,1997,0,20,30,26,28,9,0,12,26,14
482778,1,1,1997,16,16,16,16,16,16,16,16,16,16
482779,1,1,1997,15,15,15,15,15,15,15,15,15,15
482779,2,1,1997,28,0,0,0,0,0,0,0,0,0
482780,0,1,1997,8,0,34,17,19,17,6,9,0,11
482780,1,1,1997,12,16,34,25,29,10,0,0,12,31
482781,1,1,1997,17,17,17,17,17,17,17,17,17,17
482782,1,1,1997,0,0,0,0,0,0,0,0,0,0
482782,2,1,1997,0,0,0,19,8,0,32,3,0,18
482783,1,1,1997,0,0,0,0,0,0,0,0,0,0
482783,2,1,1997,0,0,0,0,0,0,0,0,0,10
482784,0,1,1997,0,0,0,0,0,0,0,0,0,0
482784,0,2,1997,0,15,0,0,14,11,0,0,0,0
482784,1,1,1997,25,25,25,25,25,25,25,25,25,25
482785,1,1,1997,0,8,0,0,0,0,0,0,0,17
482785,2,1,1997,0,0,0,19,0,0,0,0,0,0
482786,1,1,1997,0,0,0,0,0,0,9,0,0,0
482786,2,1,1997,0,0,0,0,0,0,0,0,5,0
482787,1,1,1997,27,13,12,14,6,7,11,18,22,10
482788,1,1,1997,31,22,7,10,5,24,0,13,5,13
482788,2,1,1997,0,0,0,0,0,0,0,0,0,0
482789,1,1,1997,17,8,28,8,20,5,10,23,26,26
482790,0,1,1997,0,0,0,14,9,0,0,16,0,0
482790,1,1,1997,0,0,0,0,0,0,0,0,0,0
482791,1,1,1997,0,0,0,0,0,0,9,10,0,0
482791,2,1,1997,0,0,0,0,0,0,0,0,0,0
482792,0,1,1997,0,6,10,0,0,0,0,0,0,0
482792,0,2,1997,0,0,7,7,0,0,0,0,17,11
482792,1,1,1997,14,14,14,14,14,14,14,14,14,14
482793,1,1,1997,11,34,16,6,0,6,12,17,0,32
482794,1,1,1997,9,9,18,12,10,0,4,13,23,10
482794,2,1,1997,0,12,0,0,0,0,0,16,0,0
482795,1,1,1997,1,1,1,1,1,1,1,1,1,1
482796,1,1,1997,0,0,0,0,0,0,0,0,0,0
482796,2,1,1997,0,0,0,0,0,0,0,0,0,0
482797,1,1,1997,0,0,0,0,0,0,0,0,0,0
482798,1,1,1997,0,0,0,16,0,0,0,0,22,0
482798,2,1,1997,0,0,0,0,0,0,0,0,0,0
482799,1,1,1997,0,0,0,0,0,0,0,0,0,0
482799,2,1,1997,0,0,0,0,0,0,0,0,0,0
482800,0,1,1997,0,0,12,0,0,0,0,0,17,4
482800,1,1,1997,0,11,0,0,0,0,0,5,0,0
482801,1,1,1997,10,0,0,0,0,0,0,0,0,0
482801,2,1,1997,0,0,0,0,0,0,0,0,0,0
482802,0,1,1997,0,0,0,0,0,0,0,0,0,0
482802,1,1,1997,0,0,0,0,0,0,0,0,0,0
482803,1,1,1997,0,0,0,0,0,0,0,0,0,0
482803,2,1,1997,0,0,0,0,0,0,0,0,0,0
482804,1,1,1997,19,16,0,18,16,18,0,10,12,40
482805,1,1,1997,11,11,11,11,11,11,11,11,11,11
482805,2,1,1997,0,0,0,0,0,0,0,0,0,0
482806,1,1,1997,3,3,3,3,3,3,3,3,3,3
482807,0,1,1997,22,6,11,0,14,20,27,16,0,0
482807,1,1,1997,0,0,0,0,0,0,0,0,0,0
482808,1,1,1997,0,0,0,0,0,0,0,7,0,11
482809,1,1,1997,0,0,0,0,0,0,0,0,0,0
482809,2,1,1997,0,0,0,0,0,0,0,0,0,0
482809,3,1,1997,0,0,0,0,0,0,0,0,0,0
482810,1,1,1997,0,0,0,0,0,0,0,0,0,0
482810,2,1,1997,14,0,0,11,0,0,0,14,0,10
482811,1,1,1997,14,0,12,0,0,0,0,0,0,0
482811,2,1,1997,18,20,16,0,4,0,0,0,12,5
482812,1,1,1997,0,0,0,0,0,0,0,0,0,0
482813,1,1,1997,0,21,20,8,17,0,23,0,21,0
482813,2,1,1997,0,0,0,0,0,0,0,0,0,0
482813,3,1,1997,7,16,15,10,24,0,0,16,0,0
482814,0,1,1997,33,0,0,25,0,0,0,0,0,32
482815,1,1,1997,0,0,0,19,0,0,0,15,0,10
482815,2,1,1997,19,19,19,19,19,19,19,19,19,19
482816,0,1,1997,0,0,11,0,13,11,0,0,0,0
482816,1,1,1997,16,8,10,0,5,0,4,0,21,0
482817,1,1,1997,21,21,21,21,21,21,21,21,21,21
482818,1,1,1997,41,15,16,13,29,16,15,0,21,28
482819,1,1,1997,0,0,0,0,0,0,0,0,15,0
482819,2,1,1997,0,0,0,0,0,0,13,0,0,0
482820,1,1,1997,22,22,22,22,22,22,22,22,22,22
482821,1,1,1997,4,4,4,4,4,4,4,4,4,4
482821,2,1,1997,0,0,0,0,0,0,0,0,12,12
482822,1,1,1997,0,0,0,0,13,0,0,0,0,0
482822,2,1,1997,9,0,19,5,0,14,13,0,13,0
482822,3,1,1997,0,0,0,0,0,0,0,0,8,0
482823,1,1,1997,0,0,0,0,0,0,0,0,0,10
482823,2,1,1997,0,0,0,0,0,0,0,0,0,0
482823,3,1,1997,0,0,0,0,0,0,0,0,0,0
482824,1,1,1997,12,0,15,0,0,0,0,0,0,0
482824,2,1,1997,10,4,7,9,0,13,0,11,32,13
482825,1,1,1997,0,0,0,0,0,0,0,0,0,0
482825,2,1,1997,0,0,0,0,0,0,0,0,0,0
482826,0,1,1997,16,13,33,16,8,39,12,25,29,16
482826,1,1,1997,9,0,0,0,0,0,12,27,20,0
482827,0,1,1997,0,0,14,25,0,0,22,0,0,0
482827,1,1,1997,10,25,0,21,0,38,0,0,0,0
482828,1,1,1997,3,3,3,3,3,3,3,3,3,3
482829,1,1,1997,11,11,11,11,11,11,11,11,11,11
482830,1,1,1997,11,11,11,11,11,11,11,11,11,11
482830,2,1,1997,23,0,0,0,0,0,21,0,15,0
482831,1,1,1997,0,0,0,0,0,0,0,16,0,20
482832,1,1,1997,0,0,0,0,0,0,0,0,0,0
482832,2,1,1997,0,0,0,0,0,0,0,0,0,0
482833,1,1,1997,0,0,0,0,0,0,0,0,0,0
482833,2,1,1997,0,0,0,0,0,0,0,0,0,0
482834,1,1,1997,0,0,0,0,20,0,0,0,0,29
482835,1,1,1997,23,0,0,18,13,0,0,13,0,0
482836,1,1,1997,0,0,0,0,0,0,0,0,0,0
482836,2,1,1997,0,0,0,0,0,0,0,0,0,0
482837,1,1,1997,0,0,0,0,0,0,0,0,0,0
482838,1,1,1997,0,0,0,0,0,0,0,0,0,0
482838,2,1,1997,0,0,0,0,0,0,0,0,0,0
482839,1,1,1997,17,0,7,0,0,9,9,0,18,0
482840,1,1,1997,17,17,17,17,17,17,17,17,17,17
482841,1,1,1997,0,0,0,0,0,0,0,0,0,0
482841,2,1,1997,0,0,0,0,0,0,0,0,0,0
482841,3,1,1997,0,0,0,0,0,0,0,0,0,0
482842,1,1,1997,0,0,0,0,0,0,0,0,0,0
482842,2,1,1997,0,3,0,14,0,0,21,0,0,0
482842,3,1,1997,0,0,0,0,0,0,0,0,0,0
482843,1,1,1997,11,0,7,0,0,0,0,0,0,0
482843,2,1,1997,0,12,7,0,0,0,0,0,0,0
482844,1,1,1997,0,0,0,0,0,0,0,0,0,0
482844,2,1,1997,0,0,0,0,0,0,0,0,0,0
482845,1,1,1997,19,0,0,21,0,0,0,0,0,0
482846,1,1,1997,0,0,0,0,7,0,0,0,0,0
482847,0,1,1997,0,0,0,0,0,0,0,0,0,0
482847,1,1,1997,0,0,0,8,0,0,0,0,10,13
482848,1,1,1997,18,0,0,0,0,0,0,0,0,0
482848,2,1,1997,0,13,0,0,0,0,0,0,0,0
482849,1,1,1997,0,0,0,0,0,0,0,0,0,0
482849,2,1,1997,0,0,0,0,0,0,0,0,0,0
482850,1,1,1997,11,10,17,9,17,36,0,15,20,0
482851,0,1,1997,0,0,0,0,22,0,0,0,0,0
482851,1,1,1997,0,0,0,0,0,0,0,0,0,0
482852,1,1,1997,0,0,0,0,0,0,0,0,0,0
482852,2,1,1997,0,0,0,0,0,0,0,0,0,0
482853,1,1,1997,21,0,15,15,26,26,10,34,11,17
482854,1,1,1997,0,0,0,0,0,0,0,0,0,0
482854,2,1,1997,0,0,0,0,0,0,0,0,25,0
482855,1,1,1997,17,15,26,33,22,21,30,26,25,22
482856,2,1,1997,13,7,9,18,0,0,0,0,0,24
482857,1,1,1997,10,10,10,10,10,10,10,10,10,10
482858,0,1,1997,0,37,14,0,0,36,0,0,17,0
482858,0,2,1997,12,31,0,0,22,0,0,0,15,0
482858,0,3,1997,10,0,0,0,24,41,26,0,0,12
482858,1,1,1997,20,0,0,6,23,0,0,16,36,13
482858,3,1,1997,0,0,10,0,0,12,6,15,0,0
482859,1,1,1997,25,25,25,25,25,25,25,25,25,25
482860,1,1,1997,0,0,0,0,0,0,0,0,0,0
482860,2,1,1997,16,16,16,16,16,16,16,16,16,16
482861,1,1,1997,11,11,11,11,11,11,11,11,11,11
482862,1,1,1997,5,5,5,5,5,5,5,5,5,5
482862,2,1,1997,8,8,8,8,8,8,8,8,8,8
482863,1,1,1997,0,0,0,0,0,0,5,16,0,0
482863,2,1,1997,0,0,25,14,19,14,0,0,0,0
482864,1,1,1997,0,0,0,0,0,0,0,0,0,0
482865,1,1,1997,28,17,7,18,15,18,14,10,26,11
482866,1,1,1997,0,21,9,16,0,0,0,0,0,0
482867,1,1,1997,16,0,0,0,0,0,24,0,0,0
482867,2,1,1997,0,0,0,0,0,0,0,23,0,9
482868,1,1,1997,12,0,0,0,11,0,0,14,0,0
482869,1,1,1997,1,1,1,1,1,1,1,1,1,1
482870,1,1,1997,0,0,0,22,27,0,0,14,0,0
482871,1,1,1997,0,18,0,13,18,16,20,0,12,34
482871,2,1,1997,0,0,0,0,0,0,0,0,0,0
482872,1,1,1997,0,0,0,18,0,0,0,0,26,0
482872,2,1,1997,0,0,8,0,0,0,0,0,0,0
482873,1,1,1997,0,0,0,0,0,0,0,0,0,0
482874,1,1,1997,0,0,0,0,0,0,0,0,19,0
482874,2,1,1997,0,0,0,0,0,0,0,0,0,0
482874,3,1,1997,0,0,0,0,18,0,0,0,17,0
482874,4,1,1997,18,0,0,0,0,0,0,0,0,0
482875,1,1,1997,0,21,0,0,0,0,0,0,0,0
482875,2,1,1997,0,0,0,0,0,0,0,0,0,0
482876,1,1,1997,0,0,0,21,0,0,0,0,0,0
482876,2,1,1997,0,0,0,10,0,0,0,0,0,14
482877,1,1,1997,0,0,0,0,0,0,0,0,0,0
482878,1,1,1997,0,16,0,0,13,19,0,0,0,0
482879,1,1,1997,0,0,0,0,0,0,0,0,0,0
482879,2,1,1997,0,0,0,0,0,0,0,0,0,0
482880,1,1,1997,23,23,23,23,23,23,23,23,23,23
482881,0,1,1997,0,0,0,0,0,0,0,0,0,0
482881,1,1,1997,0,0,0,0,0,0,0,0,0,0
482882,0,1,1997,0,0,0,0,0,0,0,0,0,0
482882,1,1,1997,0,0,0,0,0,0,0,0,0,0
482883,1,1,1997,0,0,0,0,0,0,21,0,0,0
482883,2,1,1997,0,0,0,0,0,0,14,0,0,0
482884,1,1,1997,0,0,0,0,0,0,0,0,0,0
482884,2,1,1997,0,0,0,0,0,0,0,0,0,0
482885,0,1,1997,22,22,22,22,22,22,22,22,22,22
482885,1,1,1997,0,0,9,0,0,0,0,0,9,0
482886,1,1,1997,0,0,0,0,0,0,0,0,0,0
482886,2,1,1997,0,0,0,0,0,0,0,0,0,0
482887,1,1,1997,0,0,0,0,0,0,0,0,0,0
482887,2,1,1997,0,0,15,0,0,21,10,0,0,10
482888,1,1,1997,0,0,0,0,0,0,0,0,0,0
482888,2,1,1997,0,0,0,0,0,0,0,0,0,0
482888,3,1,1997,0,0,0,0,0,0,0,0,0,0
482889,1,1,1997,14,14,12,19,23,13,39,24,34,15
482890,1,1,1997,0,0,0,0,0,0,0,0,0,0
482891,1,1,1997,18,18,18,18,18,18,18,18,18,18
482892,1,1,1997,10,0,0,0,0,0,0,0,0,0
482892,2,1,1997,23,23,23,23,23,23,23,23,23,23
482893,1,1,1997,0,0,0,17,0,18,0,0,0,0
482894,0,1,1997,3,3,3,3,3,3,3,3,3,3
482894,1,1,1997,0,0,0,0,9,0,0,0,0,0
482895,1,1,1997,0,0,0,0,0,0,0,0,0,0
482895,2,1,1997,0,0,0,0,0,0,0,0,0,0
482896,1,1,1997,16,16,16,16,16,16,16,16,16,16
482896,2,1,1997,0,0,0,0,0,0,0,0,0,0
482897,1,1,1997,9,9,9,9,9,9,9,9,9,9
482898,1,1,1997,22,16,12,13,25,20,11,0,16,20
482899,0,1,1997,14,0,0,21,0,28,0,0,0,27
482899,1,1,1997,7,7,7,7,7,7,7,7,7,7
482900,1,1,1997,19,0,0,16,0,28,13,25,0,0
482901,1,1,1997,0,0,0,0,0,0,0,0,0,0
482901,2,1,1997,0,0,0,0,0,0,0,0,0,0
482902,0,1,1997,0,0,17,20,0,0,0,0,11,0
482902,1,1,1997,0,0,0,0,0,0,0,0,0,0
482902,2,1,1997,0,0,0,0,0,0,14,15,0,33
482903,1,1,1997,0,0,0,0,0,0,0,0,0,0
482903,2,1,1997,0,0,0,0,0,0,0,0,0,0
482904,1,1,1997,0,0,0,0,0,0,0,0,0,0
482904,2,1,1997,0,0,0,0,0,0,0,0,0,0
482904,3,1,1997,0,0,0,0,0,0,0,0,0,0
482905,1,1,1997,4,9,15,0,10,0,12,0,0,0
482906,1,1,1997,0,0,0,0,0,0,0,0,0,0
482906,2,1,1997,0,0,0,0,0,0,0,0,0,0
482906,3,1,1997,0,0,0,0,0,0,0,0,0,0
482907,1,1,1997,0,0,0,0,0,0,0,0,0,0
482908,1,1,1997,11,11,11,11,11,11,11,11,11,11
482909,1,1,1997,8,24,0,7,0,0,6,0,40,9
482910,1,1,1997,18,18,18,18,18,18,18,18,18,18
482911,1,1,1997,25,25,25,25,25,25,25,25,25,25
482912,0,1,1997,28,15,18,17,38,24,25,14,19,16
482912,1,1,1997,0,0,0,0,0,0,0,0,0,0
482913,1,1,1997,0,0,0,0,0,0,0,0,0,0
482914,1,1,1997,16,0,0,0,0,0,0,0,0,0
482914,2,1,1997,0,0,0,0,0,0,0,0,0,0
482915,1,1,1997,0,0,0,0,0,0,0,0,0,0
482915,2,1,1997,0,0,0,0,0,0,0,0,0,0
482916,1,1,1997,0,0,0,0,0,0,0,0,0,16
482917,1,1,1997,0,0,0,0,0,0,0,0,0,7
482918,1,1,1997,0,0,0,0,0,0,0,0,0,0
482918,2,1,1997,0,16,0,0,12,0,0,0,0,0
482919,0,1,1997,0,20,0,7,0,17,0,0,29,12
482919,1,1,1997,0,0,0,0,0,0,25,15,14,0
482920,1,1,1997,0,7,0,0,0,0,0,0,0,0
482920,2,1,1997,0,0,0,0,0,0,0,13,0,0
482921,1,1,1997,0,0,0,0,32,0,0,14,0,19
482921,2,1,1997,17,0,0,0,0,0,0,0,0,0
482922,1,1,1997,0,0,0,0,0,0,0,0,0,0
482922,2,1,1997,0,25,37,0,0,0,24,0,0,0
482922,3,1,1997,0,0,0,0,0,0,0,0,0,0
482923,0,1,1997,0,0,0,6,27,0,36,12,0,0
482923,1,1,1997,0,0,0,19,0,0,0,0,0,0
482924,1,1,1997,0,0,0,0,0,0,0,0,0,0
482924,2,1,1997,0,0,0,0,18,0,0,0,0,0
482925,1,1,1997,15,20,12,18,31,7,9,24,17,16
482926,1,1,1997,32,13,25,18,33,10,26,9,22,30
482927,0,1,1997,11,15,22,0,24,31,14,0,24,0
482927,1,1,1997,16,0,3,10,7,2,16,18,13,0
482928,1,1,1997,9,0,0,0,0,0,0,0,0,0
482928,2,1,1997,0,0,0,0,0,0,0,0,13,0
482928,3,1,1997,0,0,0,17,0,0,0,4,8,0
482929,1,1,1997,0,0,0,0,0,0,0,0,0,0
482929,2,1,1997,0,0,0,0,0,0,0,0,0,0
482930,1,1,1997,14,14,14,14,14,14,14,14,14,14
482930,2,1,1997,0,0,0,0,0,0,0,0,0,0
482931,1,1,1997,0,0,0,0,0,0,0,0,0,16
482932,0,1,1997,0,16,16,3,0,20,0,0,27,0
482932,0,2,1997,10,0,0,0,0,0,0,13,0,12
482932,1,1,1997,0,0,0,0,0,0,0,0,0,0
482933,0,1,1997,0,0,0,0,16,0,0,9,22,0
482933,1,1,1997,0,17,0,0,5,5,0,0,0,0
482934,1,1,1997,24,24,24,24,24,24,24,24,24,24
482935,1,1,1997,9,0,0,0,0,0,0,0,0,0
482935,2,1,1997,0,0,0,0,0,0,0,0,0,0
482935,3,1,1997,0,0,0,0,0,0,0,0,0,0
482936,1,1,1997,16,16,16,16,16,16,16,16,16,16
482936,2,1,1997,9,0,0,31,15,0,13,18,0,2
482937,1,1,1997,0,0,0,0,0,0,0,0,0,0
482937,2,1,1997,0,0,0,0,0,0,0,0,32,0
482937,3,1,1997,0,0,0,0,0,0,0,0,0,0
482937,4,1,1997,0,0,0,0,0,0,0,0,0,0
482937,5,1,1997,0,0,0,0,0,0,0,0,0,0
482937,6,1,1997,0,0,0,0,0,0,0,0,0,0
482937,7,1,1997,0,0,0,0,0,0,0,0,0,0
482938,1,1,1997,0,0,0,0,0,3,0,0,0,0
482939,0,1,1997,16,17,12,9,19,34,0,0,35,31
482939,0,2,1997,30,0,8,0,36,18,0,0,17,0
482939,1,1,1997,0,0,0,0,0,0,8,5,0,0
482940,1,1,1997,0,0,0,0,0,0,0,20,0,27
482941,1,1,1997,0,0,0,0,0,0,0,0,0,0
482942,0,1,1997,0,0,0,0,0,0,0,22,12,0
482942,1,1,1997,0,0,0,0,0,0,0,0,0,0
482943,1,1,1997,0,0,0,0,0,0,0,0,0,0
482943,2,1,1997,11,10,0,19,19,3,18,14,19,14
482944,1,1,1997,23,23,23,23,23,23,23,23,23,23
482944,2,1,1997,0,0,0,0,0,0,0,0,0,0
482945,1,1,1997,2,0,18,23,20,0,16,15,18,0
482946,1,1,1997,0,0,0,0,0,0,0,0,0,0
482946,2,1,1997,17,17,17,17,17,17,17,17,17,17
482947,1,1,1997,17,17,17,17,17,17,17,17,17,17
482947,2,1,1997,0,0,0,0,0,0,0,0,0,0
482948,1,1,1997,0,0,0,0,0,0,0,0,0,0
482948,2,1,1997,0,0,0,0,0,0,0,0,0,0
482949,0,1,1997,17,0,0,0,0,28,0,0,0,0
482949,1,1,1997,0,0,0,20,0,0,0,0,0,0
482950,0,1,1997,18,11,22,0,0,0,0,33,18,10
482950,1,1,1997,0,0,16,0,14,0,0,15,0,0
482950,2,1,1997,9,0,0,0,0,0,0,0,0,0
482951,1,1,1997,21,21,21,21,21,21,21,21,21,21
482952,1,1,1997,26,26,26,26,26,26,26,26,26,26
482953,1,1,1997,16,16,16,16,16,16,16,16,16,16
482954,1,1,1997,0,0,0,0,0,0,0,0,0,0
482954,2,1,1997,0,0,0,17,10,0,0,0,0,0
482954,3,1,1997,0,0,0,0,0,0,0,0,0,0
482955,1,1,1997,0,0,0,0,0,0,25,0,0,0
482956,1,1,1997,25,19,9,30,19,14,25,0,16,20
482957,0,1,1997,0,0,0,0,0,0,0,0,0,0
482957,1,1,1997,21,21,21,21,21,21,21,21,21,21
482958,1,1,1997,0,0,0,0,0,11,0,0,11,0
482959,0,1,1997,0,0,0,0,0,0,0,0,0,0
482959,1,1,1997,14,14,14,14,14,14,14,14,14,14
482960,0,1,1997,0,0,0,0,0,0,0,0,0,0
482960,0,2,1997,0,17,0,0,0,0,0,0,0,3
482960,0,3,1997,0,0,0,0,0,0,0,0,0,0
482960,0,4,1997,0,0,0,0,0,0,0,0,0,0
482960,1,1,1997,0,0,0,14,22,28,0,15,8,0
482961,1,1,1997,24,24,24,24,24,24,24,24,24,24
482961,2,1,1997,17,17,17,17,17,17,17,17,17,17
482962,0,1,1997,8,0,0,49,23,11,42,20,0,0
482962,1,1,1997,0,0,0,0,0,0,0,0,0,0
482963,1,1,1997,0,0,0,0,0,0,0,0,0,0
482963,2,1,1997,0,0,0,0,0,0,7,0,0,0
482964,1,1,1997,0,0,0,0,0,32,10,0,19,28
482965,1,1,1997,0,0,0,0,0,0,0,0,0,0
482966,0,1,1997,0,0,0,0,0,0,0,0,15,0
482966,1,1,1997,0,0,0,0,0,0,0,0,0,0
482967,0,1,1997,24,24,24,24,24,24,24,24,24,24
482967,1,1,1997,0,0,8,0,0,0,0,0,0,0
482968,1,1,1997,0,0,0,0,7,0,0,0,0,7
482969,0,1,1997,9,20,20,4,2,20,26,28,12,16
482969,1,1,1997,13,19,14,13,17,25,26,9,21,8
482970,1,1,1997,0,0,0,0,0,0,0,0,0,0
482970,2,1,1997,0,0,0,0,0,0,0,0,0,0
482971,0,1,1997,25,25,25,25,25,25,25,25,25,25
482971,1,1,1997,0,0,0,0,0,0,0,0,0,0
482972,1,1,1997,0,0,0,0,0,0,0,0,0,0
482972,2,1,1997,0,0,0,0,0,0,0,0,0,0
482973,0,1,1997,25,0,0,0,0,0,13,0,0,0
482973,1,1,1997,14,14,14,14,14,14,14,14,14,14
482974,1,1,1997,0,0,0,0,8,0,0,0,0,0
482974,2,1,1997,0,0,0,0,0,0,0,0,0,0
482975,1,1,1997,0,0,0,0,0,0,0,0,0,0
482975,2,1,1997,0,0,0,0,0,0,0,0,0,0
482976,0,1,1997,0,0,0,0,0,12,0,0,0,0
482976,0,2,1997,0,36,0,32,12,0,0,0,0,22
482976,1,1,1997,6,0,6,14,0,0,0,0,0,0
482977,0,1,1997,0,0,0,25,23,19,0,0,12,0
482977,1,1,1997,0,0,21,0,0,0,0,0,0,0
482978,0,1,1997,0,18,21,17,12,21,0,15,24,32
482978,1,1,1997,0,0,0,0,0,0,0,0,0,0
482979,1,1,1997,0,0,0,0,0,0,0,0,0,0
482979,2,1,1997,6,0,0,0,13,0,0,0,0,0
482980,0,1,1997,0,0,0,0,0,0,0,0,0,0
482980,1,1,1997,19,13,6,0,14,24,7,0,0,0
482980,2,1,1997,17,0,8,0,12,0,0,0,10,0
482981,1,1,1997,23,23,23,23,23,23,23,23,23,23
482982,1,1,1997,29,29,29,29,29,29,29,29,29,29
482982,2,1,1997,0,0,0,17,10,0,0,8,21,6
482983,0,1,1997,21,26,9,41,23,0,12,0,15,24
482983,1,1,1997,0,14,0,0,10,0,0,0,0,0
482984,1,1,1997,0,12,0,0,0,0,0,0,0,0
482984,2,1,1997,0,0,0,0,0,0,0,0,0,0
482985,0,1,1997,0,0,0,0,0,0,0,0,0,0
482985,1,1,1997,0,0,0,0,0,0,0,0,0,0
482986,0,1,1997,0,0,8,0,0,0,0,0,0,0
482986,1,1,1997,0,0,0,0,0,0,0,0,0,0
482987,1,1,1997,0,0,0,0,11,0,0,26,0,0
482987,2,1,1997,0,0,0,0,0,0,0,0,0,0
482988,0,1,1997,0,0,0,0,0,0,0,0,17,8
482988,1,1,1997,0,0,0,0,0,0,0,0,0,0
482989,0,1,1997,0,11,0,39,0,6,19,0,0,18
482989,1,1,1997,0,0,0,0,0,0,0,0,0,0
482990,1,1,1997,5,5,5,5,5,5,5,5,5,5
482990,2,1,1997,0,0,11,11,0,0,0,0,0,0
482991,1,1,1997,0,12,0,0,0,0,0,0,0,25
482992,0,1,1997,0,0,0,0,0,0,0,0,0,0
482992,1,1,1997,0,0,0,0,0,0,0,0,0,0
482993,1,1,1997,0,19,0,0,0,0,0,0,0,0
482993,2,1,1997,0,0,0,0,0,0,0,0,0,5
482994,1,1,1997,0,22,0,13,0,22,0,0,0,0
482995,1,1,1997,10,0,0,0,9,0,0,0,24,0
482996,1,1,1997,0,12,0,23,9,3,0,27,17,18
482997,1,1,1997,9,9,9,9,9,9,9,9,9,9
482997,2,1,1997,0,0,0,0,0,0,0,0,0,0
482998,0,1,1997,34,21,32,0,0,0,19,30,21,0