ST_CASE,VEH_NO,PER_NO,YEAR,P1,P2,P3,P4,P5,P6,P7,P8,P9,P10
482998,1,1,1997,0,0,0,25,0,0,0,0,0,22
482999,0,1,1997,0,0,0,0,0,6,15,26,0,26
482999,1,1,1997,0,0,0,0,0,0,0,0,0,0
482999,2,1,1997,0,0,0,0,0,0,19,0,0,0
483000,1,1,1997,0,8,0,19,0,0,5,0,0,0
483001,1,1,1997,4,0,34,28,21,0,0,16,0,0
483001,2,1,1997,0,0,0,0,0,0,0,0,0,0
483002,1,1,1997,0,0,0,0,0,0,0,0,0,0
483002,2,1,1997,0,0,0,0,0,0,0,0,0,0
483003,1,1,1997,26,26,26,26,26,26,26,26,26,26
483004,1,1,1997,0,0,0,0,0,0,0,0,0,0
483004,2,1,1997,0,0,18,0,5,20,0,0,0,0
483005,0,1,1997,51,0,29,16,0,0,43,0,38,31
483005,1,1,1997,0,0,0,0,0,0,0,0,0,0
483006,1,1,1997,0,0,15,0,12,19,0,0,0,0
483006,2,1,1997,0,0,15,0,0,0,0,0,0,0
483007,0,1,1997,20,17,37,0,11,9,12,0,0,0
483007,0,2,1997,0,16,22,0,16,15,0,17,12,0
483007,1,1,1997,0,0,10,45,12,13,0,0,0,13
483008,0,1,1997,0,50,0,0,31,0,0,32,0,0
483008,1,1,1997,0,0,0,0,0,0,0,0,0,0
483009,1,1,1997,15,14,0,32,0,0,0,0,13,0
483010,1,1,1997,0,0,0,0,0,0,0,0,0,0
483011,1,1,1997,0,0,0,0,0,0,0,0,0,13
483011,2,1,1997,0,0,0,0,0,0,0,0,0,0
483012,1,1,1997,0,0,0,0,6,0,0,0,0,0
483012,2,1,1997,0,0,16,0,0,0,0,0,0,0
483013,1,1,1997,0,0,0,0,0,0,0,0,0,0
483013,2,1,1997,0,0,0,0,0,0,0,0,0,0
483014,1,1,1997,1,1,1,1,1,1,1,1,1,1
483015,0,1,1997,30,30,30,30,30,30,30,30,30,30
483015,1,1,1997,0,0,0,16,0,0,0,18,0,5
483016,0,1,1997,26,0,0,0,0,0,0,12,0,44
483016,1,1,1997,0,0,0,0,0,0,0,0,0,0
483017,1,1,1997,16,14,17,13,14,35,34,11,31,9
483018,0,1,1997,0,0,0,0,0,0,0,0,0,0
483018,0,2,1997,0,0,0,0,0,0,0,44,0,0
483018,1,1,1997,0,0,0,0,0,0,0,0,0,0
483019,1,1,1997,22,22,22,22,22,22,22,22,22,22
483020,1,1,1997,0,16,9,36,0,0,21,34,24,0
483020,2,1,1997,0,0,0,0,0,0,0,10,13,0
483021,1,1,1997,0,0,20,0,0,0,16,19,0,17
483021,2,1,1997,0,0,0,0,0,0,0,11,0,0
483022,0,1,1997,0,0,0,0,0,0,0,0,0,0
483022,1,1,1997,0,0,0,0,0,0,0,0,0,0
483023,1,1,1997,0,0,0,0,0,0,0,0,10,0
483023,2,1,1997,0,0,0,0,0,0,0,0,0,0
483024,0,1,1997,0,0,0,0,0,15,0,0,0,0
483024,1,1,1997,0,0,0,0,0,0,0,0,0,0
483025,0,1,1997,0,39,10,0,28,21,0,0,22,0
483025,1,1,1997,0,0,0,0,0,0,0,0,0,0
483026,1,1,1997,0,0,0,0,10,0,0,0,0,8
483026,2,1,1997,12,13,0,0,0,31,0,24,0,0
483027,1,1,1997,0,0,0,0,0,0,0,0,0,0
483027,2,1,1997,0,0,0,0,0,0,0,0,0,0
483028,1,1,1997,0,0,0,0,0,0,0,0,0,0
483028,2,1,1997,0,0,0,0,0,0,0,0,0,0
483029,1,1,1997,0,0,0,0,0,0,0,0,0,0
483029,2,1,1997,0,0,0,0,0,0,0,0,0,0
483030,0,1,1997,8,14,0,33,4,22,18,20,9,18
483030,1,1,1997,3,15,16,0,10,0,12,0,20,14
483031,1,1,1997,0,0,0,0,0,9,0,0,0,0
483032,1,1,1997,0,0,40,19,0,0,0,0,0,0
483032,2,1,1997,0,0,0,0,0,0,3,0,0,0
483033,0,1,1997,33,5,41,11,17,18,20,25,6,18
483033,1,1,1997,0,15,0,0,0,0,0,0,17,0
483034,1,1,1997,0,12,0,0,0,0,0,0,0,6
483035,1,1,1997,0,0,0,0,0,0,0,0,0,0
483036,1,1,1997,25,23,19,35,24,20,23,17,23,19
483037,1,1,1997,0,0,0,0,0,0,0,0,0,0
483037,2,1,1997,0,0,0,0,0,0,0,0,0,0
483038,1,1,1997,13,13,13,13,13,13,13,13,13,13
483039,1,1,1997,0,0,0,0,6,0,0,0,0,13
483039,2,1,1997,0,0,7,0,0,0,0,0,0,0
483040,1,1,1997,21,0,46,0,9,0,39,0,0,0
483041,1,1,1997,0,0,0,0,0,0,0,0,11,0
483041,2,1,1997,0,0,0,0,0,0,0,0,0,0
483041,3,1,1997,0,0,0,0,0,0,0,0,0,0
483042,0,1,1997,0,0,0,0,0,0,0,0,0,0
483042,1,1,1997,0,0,0,0,0,0,0,0,0,0
483043,1,1,1997,0,0,0,0,0,0,0,0,0,0
483043,2,1,1997,0,0,0,0,0,0,0,0,0,0
483044,0,1,1997,0,0,11,24,0,0,0,0,15,0
483044,1,1,1997,0,0,0,0,0,0,0,0,0,0
483045,1,1,1997,19,0,0,0,15,10,10,0,0,23
483046,1,1,1997,0,0,0,0,0,0,0,0,0,0
483046,2,1,1997,0,0,13,0,0,0,0,0,28,0
483046,3,1,1997,0,0,0,0,0,14,0,0,0,22
483047,1,1,1997,24,24,24,24,24,24,24,24,24,24
483048,1,1,1997,14,14,14,14,14,14,14,14,14,14
483049,1,1,1997,0,0,0,0,0,0,0,0,38,0
483049,2,1,1997,0,0,0,0,0,0,0,0,0,0
483050,1,1,1997,0,0,0,0,0,0,0,0,0,0
483050,2,1,1997,25,25,25,25,25,25,25,25,25,25
483051,1,1,1997,13,0,0,0,8,17,11,0,32,0
483052,1,1,1997,19,21,16,17,10,26,19,19,14,21
483053,1,1,1997,0,0,0,0,0,0,0,0,0,0
483054,1,1,1997,0,0,0,0,0,0,0,0,0,0
483054,2,1,1997,0,0,0,0,0,0,0,0,0,14
483055,0,1,1997,0,0,0,0,0,0,35,0,0,0
483055,1,1,1997,0,0,0,0,0,0,0,0,0,0
483055,2,1,1997,0,0,0,0,0,0,0,11,0,0
483056,1,1,1997,23,19,9,7,12,24,0,6,10,5
483056,2,1,1997,0,0,0,0,13,19,11,0,0,0
483057,0,1,1997,0,11,0,18,0,0,0,8,0,30
483057,1,1,1997,17,17,17,17,17,17,17,17,17,17
483058,1,1,1997,0,0,0,0,9,0,0,0,17,7
483059,1,1,1997,0,0,0,0,0,0,14,16,5,6
483060,1,1,1997,0,0,0,0,0,0,0,0,0,0
483060,2,1,1997,0,0,0,0,0,0,0,0,0,6
483060,3,1,1997,0,0,0,0,0,0,0,0,0,0
483061,1,1,1997,0,0,0,0,0,0,0,0,0,0
483062,0,1,1997,0,0,0,0,0,0,0,0,0,0
483062,1,1,1997,0,0,0,0,0,7,0,0,0,0
483063,1,1,1997,14,0,0,0,0,16,0,14,0,0
483063,2,1,1997,0,7,0,0,0,0,0,0,0,0
483064,0,1,1997,11,0,36,35,0,44,36,14,0,17
483064,1,1,1997,0,0,0,0,0,0,0,0,0,0
483065,1,1,1997,17,17,17,17,17,17,17,17,17,17
483066,1,1,1997,0,9,0,0,0,0,0,0,0,0
483066,2,1,1997,23,0,0,0,0,0,0,0,0,0
483067,1,1,1997,0,0,0,0,0,0,0,0,0,11
483068,1,1,1997,32,32,32,32,32,32,32,32,32,32
483069,1,1,1997,0,0,0,0,0,0,0,0,0,0
483069,2,1,1997,0,0,0,0,0,0,0,0,0,0
483070,1,1,1997,5,0,18,0,0,0,0,0,0,0
483071,1,1,1997,0,0,0,10,0,0,0,0,0,0
483072,0,1,1997,0,0,0,0,0,0,0,0,4,0
483072,1,1,1997,0,31,0,0,0,0,0,0,0,0
483073,1,1,1997,0,0,0,0,0,0,0,0,0,0
483073,2,1,1997,0,0,0,0,14,0,0,0,0,0
483074,1,1,1997,26,26,26,26,26,26,26,26,26,26
483075,1,1,1997,0,0,0,0,0,0,0,0,12,0
483075,2,1,1997,0,0,6,25,0,0,0,0,4,0
483076,0,1,1997,0,0,0,0,0,0,0,0,0,0
483076,0,2,1997,0,0,0,0,0,0,0,0,0,0
483076,1,1,1997,0,0,0,0,18,9,0,16,12,0
483077,1,1,1997,0,0,0,0,0,0,0,0,0,0
483077,2,1,1997,13,26,11,21,18,18,3,14,6,16
483078,1,1,1997,0,0,0,0,0,0,0,0,0,0
483079,1,1,1997,0,0,0,0,0,0,0,0,0,20
483079,2,1,1997,0,0,0,0,0,3,0,0,0,0
483080,1,1,1997,0,0,0,0,0,0,22,0,19,0
483081,0,1,1997,0,0,0,0,0,0,0,26,0,0
483081,1,1,1997,8,0,0,0,0,0,0,0,0,0
483082,1,1,1997,25,23,0,20,0,21,0,27,12,0
483083,1,1,1997,0,0,0,0,0,0,0,0,0,0
483084,0,1,1997,0,13,5,17,30,5,0,0,0,12
483084,0,2,1997,18,0,0,0,7,0,0,0,5,0
483084,1,1,1997,7,18,0,10,34,15,0,26,0,19
483085,1,1,1997,0,0,0,0,0,18,0,0,0,0
483085,2,1,1997,0,0,0,0,0,0,0,0,0,0
483085,3,1,1997,0,0,0,0,0,0,5,0,0,0
483085,4,1,1997,0,0,0,0,0,0,0,0,0,0
483086,0,1,1997,0,0,0,0,0,0,0,0,0,0
483086,1,1,1997,0,0,0,0,0,0,0,0,0,0
483087,0,1,1997,38,0,43,0,0,34,20,0,0,0
483087,1,1,1997,0,0,0,0,0,0,0,0,0,0
483087,2,1,1997,0,0,0,0,0,0,0,0,0,0
483088,1,1,1997,0,16,0,0,15,0,0,0,0,0
483088,2,1,1997,0,0,0,0,9,0,0,0,0,0
483088,3,1,1997,0,0,0,0,0,0,0,0,0,0
490001,1,1,1997,24,24,24,24,24,24,24,24,24,24
490002,0,1,1997,0,0,0,0,0,0,0,0,0,0
490002,1,1,1997,0,0,0,0,0,0,0,0,0,0
490002,2,1,1997,0,0,0,0,0,0,0,0,0,0
490003,1,1,1997,7,7,7,7,7,7,7,7,7,7
490003,2,1,1997,0,0,0,0,0,0,0,0,0,0
490004,1,1,1997,0,0,0,0,0,0,0,0,0,9
490004,2,1,1997,0,0,0,0,0,0,0,0,0,0
490004,3,1,1997,15,0,0,0,0,0,0,0,0,0
490004,4,1,1997,0,0,0,0,0,0,0,0,0,0
490005,1,1,1997,0,0,0,0,0,0,0,0,0,0
490006,1,1,1997,0,0,0,0,0,0,0,0,0,0
490007,0,1,1997,0,0,0,0,0,0,0,0,0,0
490007,1,1,1997,0,0,0,0,0,0,0,0,0,0
490008,1,1,1997,0,0,0,0,0,0,0,0,0,0
490009,1,1,1997,0,0,0,0,0,0,0,0,0,0
490010,1,1,1997,0,0,0,0,0,0,0,0,0,0
490011,1,1,1997,0,0,0,0,0,0,0,0,0,0
490012,0,1,1997,0,0,0,0,0,0,0,0,0,0
490012,1,1,1997,0,0,0,0,0,0,0,0,0,0
490013,1,1,1997,29,29,29,29,29,29,29,29,29,29
490013,2,1,1997,0,0,0,0,0,0,0,0,0,0
490014,1,1,1997,8,8,8,8,8,8,8,8,8,8
490014,2,1,1997,0,0,0,0,0,0,0,0,0,0
490014,3,1,1997,0,0,0,0,0,0,0,0,0,0
490014,4,1,1997,0,0,0,0,0,0,0,0,0,0
490015,1,1,1997,0,0,0,0,0,0,0,0,0,0
490015,2,1,1997,0,0,0,0,0,0,0,0,0,0
490016,1,1,1997,0,0,0,0,0,0,0,0,0,0
490016,2,1,1997,0,0,0,0,0,0,0,0,0,0
490017,1,1,1997,4,4,4,4,4,4,4,4,4,4
490018,1,1,1997,0,0,0,0,0,0,0,0,0,0
490019,1,1,1997,0,0,0,0,0,0,0,0,0,0
490020,1,1,1997,0,0,0,0,0,0,0,0,0,0
490020,2,1,1997,0,0,0,0,0,0,0,0,0,0
490021,1,1,1997,0,0,0,0,0,0,0,0,0,0
490021,2,1,1997,0,0,0,0,0,0,0,0,0,0
490022,1,1,1997,0,0,0,0,0,0,0,0,0,0
490023,1,1,1997,3,3,3,3,3,3,3,3,3,3
490024,1,1,1997,0,0,0,0,12,0,0,18,0,0
490025,1,1,1997,0,0,0,0,0,0,0,0,0,0
490026,1,1,1997,0,0,0,0,0,0,0,0,0,0
490026,2,1,1997,0,0,0,0,0,0,0,0,18,0
490027,1,1,1997,0,0,0,0,0,0,0,0,0,0
490027,2,1,1997,0,0,0,0,0,0,0,0,0,0
490028,1,1,1997,0,0,0,0,0,0,0,0,0,0
490028,2,1,1997,0,0,0,0,0,0,0,0,0,0
490029,1,1,1997,17,17,17,17,17,17,17,17,17,17
490030,1,1,1997,0,0,0,0,0,0,0,0,0,0
490031,1,1,1997,30,30,30,30,30,30,30,30,30,30
490031,2,1,1997,0,0,0,0,0,0,0,0,0,0
490032,1,1,1997,17,17,17,17,17,17,17,17,17,17
490033,1,1,1997,19,0,0,27,0,18,23,0,0,0
490034,1,1,1997,0,0,0,0,0,0,0,0,0,0
490035,1,1,1997,0,0,0,0,0,0,0,0,0,0
490035,2,1,1997,0,0,0,0,0,0,0,0,0,0
490036,1,1,1997,0,0,0,0,0,0,0,0,0,0
490036,2,1,1997,0,0,0,0,0,0,0,0,0,0
490037,0,1,1997,0,0,0,0,0,0,0,0,0,0
490037,1,1,1997,0,0,0,0,0,0,0,0,0,0
490038,1,1,1997,0,0,0,0,0,0,0,0,0,0
490039,1,1,1997,0,0,0,0,0,0,0,0,0,0
490040,1,1,1997,0,0,0,0,0,0,0,0,0,0
490040,2,1,1997,0,0,0,0,0,0,0,0,0,0
490041,1,1,1997,0,0,0,0,0,0,0,0,0,0
490041,2,1,1997,0,0,0,0,0,0,0,0,0,0
490042,1,1,1997,0,0,0,6,0,0,0,0,0,0
490042,2,1,1997,0,0,0,0,0,0,0,0,0,0
490042,3,1,1997,0,0,0,0,0,0,0,0,0,0
490043,1,1,1997,0,0,0,0,0,0,0,0,0,0
490043,2,1,1997,0,0,0,0,0,0,0,0,0,0
490044,1,1,1997,0,0,0,0,0,0,0,0,0,0
490045,1,1,1997,0,0,0,0,0,0,0,0,0,0
490045,2,1,1997,0,0,0,0,0,0,0,0,0,0
490046,1,1,1997,0,0,0,0,0,0,0,0,0,0
490046,2,1,1997,0,0,0,0,0,0,0,0,0,0
490047,1,1,1997,0,0,0,0,0,0,0,0,0,0
490047,2,1,1997,0,0,0,0,0,0,0,0,0,0
490048,1,1,1997,0,0,0,0,0,0,0,0,0,0
490049,1,1,1997,6,6,6,6,6,6,6,6,6,6
490049,2,1,1997,0,0,0,0,0,0,0,0,0,0
490050,1,1,1997,0,0,0,0,0,0,0,0,0,0
490050,2,1,1997,0,0,0,0,0,0,0,0,0,0
490051,1,1,1997,0,0,0,0,0,0,0,0,0,0
490052,1,1,1997,0,0,0,0,0,0,0,0,0,0
490052,2,1,1997,0,0,0,0,0,0,0,0,0,0
490053,1,1,1997,0,0,0,0,0,0,0,0,0,0
490054,1,1,1997,0,0,0,0,0,0,0,0,0,0
490055,1,1,1997,0,0,0,0,0,0,0,0,0,0
490055,2,1,1997,0,0,0,0,0,0,0,0,0,0
490056,1,1,1997,12,12,12,12,12,12,12,12,12,12
490057,1,1,1997,0,0,0,0,0,0,0,0,0,0
490057,2,1,1997,0,0,0,0,0,0,0,0,0,0
490058,1,1,1997,0,0,0,0,0,0,0,0,0,0
490059,0,1,1997,0,0,0,0,0,0,0,0,0,0
490059,1,1,1997,0,0,0,0,0,0,0,0,0,0
490060,1,1,1997,0,0,0,0,0,0,0,0,0,0
490061,1,1,1997,0,0,0,0,0,0,0,0,0,0
490061,2,1,1997,0,0,0,0,0,0,0,0,0,0
490062,1,1,1997,16,16,16,16,16,16,16,16,16,16
490062,2,1,1997,0,0,0,0,0,0,0,0,0,0
490062,3,1,1997,0,0,0,0,0,0,0,0,0,0
490063,1,1,1997,0,0,0,0,0,0,0,0,0,0
490064,1,1,1997,7,7,7,7,7,7,7,7,7,7
490065,1,1,1997,0,0,0,0,0,0,0,0,0,0
490065,2,1,1997,0,0,0,0,0,0,0,0,0,0
490066,1,1,1997,0,0,0,0,0,0,0,0,0,0
490066,2,1,1997,0,0,0,0,0,0,0,0,0,0
490067,0,1,1997,0,0,0,0,0,0,0,0,0,0
490067,1,1,1997,0,0,0,0,0,0,0,0,0,0
490068,1,1,1997,0,0,0,0,0,0,0,0,0,0
490070,1,1,1997,19,19,19,19,19,19,19,19,19,19
490071,1,1,1997,11,11,11,11,11,11,11,11,11,11
490072,0,1,1997,0,0,0,0,0,0,0,0,0,0
490072,1,1,1997,0,0,0,0,0,0,0,0,0,0
490073,1,1,1997,0,0,0,0,0,0,0,0,0,0
490074,1,1,1997,22,22,22,22,22,22,22,22,22,22
490075,1,1,1997,14,0,0,0,0,9,0,0,0,0
490076,1,1,1997,0,0,0,0,0,0,0,0,0,0
490077,1,1,1997,0,0,0,0,0,0,0,0,0,0
490078,1,1,1997,0,0,0,0,0,0,0,0,0,0
490079,1,1,1997,9,9,9,9,9,9,9,9,9,9
490080,1,1,1997,20,20,20,20,20,20,20,20,20,20
490080,2,1,1997,0,0,0,0,0,0,0,0,0,0
490081,1,1,1997,0,0,0,0,0,0,0,0,0,0
490081,2,1,1997,0,0,0,0,0,0,0,0,0,0
490082,1,1,1997,0,0,0,0,0,0,0,0,0,0
490083,1,1,1997,0,0,0,0,0,0,0,0,0,0
490083,2,1,1997,0,0,0,0,0,0,0,0,0,0
490084,0,1,1997,0,0,0,0,9,0,20,24,0,0
490084,1,1,1997,0,0,0,0,0,26,0,0,0,0
490085,1,1,1997,19,0,0,0,0,0,0,0,0,0
490086,1,1,1997,0,0,0,0,0,0,0,0,0,0
490087,1,1,1997,0,0,0,0,0,0,0,0,0,0
490087,2,1,1997,0,0,0,0,0,0,0,0,0,0
490088,1,1,1997,0,0,0,0,0,0,0,0,0,0
490088,2,1,1997,0,0,0,0,0,0,0,0,0,0
490089,1,1,1997,0,0,0,0,0,0,0,0,0,0
490089,2,1,1997,0,0,0,0,0,0,0,0,0,0
490089,3,1,1997,0,0,0,0,0,0,0,0,0,0
490090,1,1,1997,0,0,0,0,0,0,0,0,0,0
490091,1,1,1997,0,0,0,0,0,0,0,0,0,0
490091,2,1,1997,0,0,0,0,0,0,0,0,0,0
490092,1,1,1997,0,0,0,0,0,0,0,0,0,0
490093,0,1,1997,0,0,0,0,0,0,0,11,0,0
490093,1,1,1997,0,0,0,0,0,0,0,0,0,0
490094,1,1,1997,0,0,0,0,0,0,0,0,0,0
490094,2,1,1997,0,0,0,0,0,0,0,0,0,0
490094,3,1,1997,0,0,0,0,0,0,0,0,0,0
490095,1,1,1997,6,6,6,6,6,6,6,6,6,6
490095,2,1,1997,0,0,0,0,0,0,0,0,0,0
490096,1,1,1997,0,0,0,0,0,0,0,0,0,0
490096,2,1,1997,0,0,0,0,0,0,0,0,0,0
490097,1,1,1997,0,0,0,0,0,0,0,0,0,0
490097,2,1,1997,0,0,0,0,0,19,0,0,0,0
490098,1,1,1997,0,0,0,0,0,0,0,0,0,0
490098,2,1,1997,0,0,0,0,0,0,0,0,0,0
490099,1,1,1997,0,0,0,0,0,0,0,0,0,0
490099,2,1,1997,16,16,16,16,16,16,16,16,16,16
490100,1,1,1997,0,0,0,0,0,0,0,0,0,0
490100,2,1,1997,0,0,0,0,0,0,0,0,0,0
490101,1,1,1997,0,0,0,0,0,0,0,0,0,0
490102,1,1,1997,0,0,0,0,0,0,0,0,0,0
490103,1,1,1997,0,0,0,0,0,0,0,0,0,0
490104,1,1,1997,0,0,0,0,0,0,0,0,0,0
490104,2,1,1997,0,0,0,0,0,0,0,0,0,0
490105,1,1,1997,0,0,0,0,0,0,0,0,0,0
490105,2,1,1997,0,0,0,0,0,0,0,0,0,0
490105,3,1,1997,0,0,0,0,0,0,0,0,0,0
490106,1,1,1997,0,0,0,0,0,0,0,0,0,0
490106,2,1,1997,0,0,0,0,0,0,0,0,0,0
490107,1,1,1997,0,0,0,0,0,0,0,0,0,0
490107,2,1,1997,0,0,0,0,0,0,0,0,0,0
490107,3,1,1997,0,0,0,0,0,0,0,0,11,0
490108,1,1,1997,0,0,0,0,0,0,0,0,0,0
490109,0,1,1997,0,0,0,0,0,0,0,0,0,0
490109,1,1,1997,0,0,0,0,0,0,0,0,0,0
490110,1,1,1997,0,0,0,0,0,0,0,0,0,0
490110,2,1,1997,0,0,0,0,0,0,0,0,0,0
490111,1,1,1997,0,0,0,0,0,0,0,0,0,0
490111,2,1,1997,0,0,0,0,0,0,0,0,0,0
490112,1,1,1997,0,0,0,0,0,0,0,0,0,0
490113,1,1,1997,0,0,0,0,0,0,0,0,10,14
490113,2,1,1997,0,0,0,0,0,0,0,0,0,0
490114,1,1,1997,0,0,0,0,0,0,0,0,0,0
490114,2,1,1997,0,0,0,0,0,0,0,0,0,0
490115,1,1,1997,0,0,0,0,0,0,0,0,0,0
490116,0,1,1997,0,0,0,0,0,0,0,0,0,0
490116,1,1,1997,0,0,0,0,0,0,0,0,0,0
490117,1,1,1997,0,0,0,0,0,0,0,11,0,0
490118,0,1,1997,0,0,0,0,0,0,0,0,0,0
490118,1,1,1997,0,0,0,0,0,0,0,0,0,0
490119,1,1,1997,0,0,22,0,0,0,0,0,0,0
490119,2,1,1997,0,0,0,0,0,0,0,0,0,0
490120,1,1,1997,0,0,0,0,0,0,0,0,0,0
490121,1,1,1997,0,0,0,0,0,0,0,0,0,0
490122,1,1,1997,13,13,13,13,13,13,13,13,13,13
490123,1,1,1997,0,0,0,0,0,0,0,0,0,0
490123,2,1,1997,0,0,0,0,0,0,0,0,0,0
490124,1,1,1997,0,0,0,0,0,0,0,0,0,0
490125,1,1,1997,0,0,0,0,0,0,0,0,0,0
490125,2,1,1997,0,0,0,0,0,0,0,0,0,0
490126,1,1,1997,20,20,20,20,20,20,20,20,20,20
490126,2,1,1997,0,0,0,0,0,0,0,0,0,0
490127,0,1,1997,0,0,20,0,0,0,0,12,23,19
490127,1,1,1997,6,6,6,6,6,6,6,6,6,6
490128,1,1,1997,0,0,0,0,0,0,0,0,0,0
490129,0,1,1997,0,0,0,0,0,0,0,0,0,0
490129,1,1,1997,0,0,0,0,0,0,0,0,0,0
490130,1,1,1997,0,0,0,0,0,0,0,0,0,0
490131,1,1,1997,9,9,9,9,9,9,9,9,9,9
490132,1,1,1997,2,2,2,2,2,2,2,2,2,2
490132,2,1,1997,0,0,0,0,0,0,0,0,0,0
490132,3,1,1997,15,15,15,15,15,15,15,15,15,15
490133,1,1,1997,0,10,0,0,0,20,0,17,0,7
490134,0,1,1997,0,0,0,0,0,0,0,0,0,0
490134,1,1,1997,0,0,0,0,0,0,0,0,0,0
490135,1,1,1997,0,0,0,0,0,0,0,0,0,0
490136,1,1,1997,0,0,0,0,0,0,0,0,0,0
490136,2,1,1997,0,0,0,0,0,0,0,0,0,0
490137,1,1,1997,0,0,0,0,0,0,0,0,0,0
490138,0,1,1997,0,0,0,0,0,0,0,0,0,0
490138,1,1,1997,0,0,0,0,0,0,0,0,0,0
490140,1,1,1997,0,0,0,0,0,0,0,0,0,0
490140,2,1,1997,0,0,0,0,0,0,0,0,0,0
490141,1,1,1997,0,0,0,0,0,0,0,0,0,0
490142,1,1,1997,24,24,24,24,24,24,24,24,24,24
490142,2,1,1997,0,0,0,0,0,0,0,0,0,0
490144,0,1,1997,0,0,0,0,0,0,0,0,0,0
490144,1,1,1997,0,0,0,0,0,0,0,0,0,0
490145,1,1,1997,2,2,2,2,2,2,2,2,2,2
490145,2,1,1997,11,11,11,11,11,11,11,11,11,11
490145,3,1,1997,0,0,0,0,0,0,0,0,0,0
490146,1,1,1997,0,0,0,0,0,0,0,0,0,0
490146,2,1,1997,0,0,0,0,0,0,0,0,0,0
490147,1,1,1997,0,0,0,0,0,0,0,0,0,0
490147,2,1,1997,0,0,0,0,0,0,0,0,0,0
490148,1,1,1997,0,0,0,0,0,0,0,0,0,0
490148,2,1,1997,0,0,0,0,0,0,0,0,0,0
490148,3,1,1997,0,0,0,0,0,0,0,0,0,0
490149,1,1,1997,0,0,0,0,0,0,0,0,0,0
490149,2,1,1997,0,0,0,0,0,0,0,0,0,0
490150,0,1,1997,0,0,0,0,0,0,0,0,0,0
490150,1,1,1997,0,0,0,0,0,0,0,0,0,0
490151,1,1,1997,0,0,0,0,0,0,0,0,0,0
490152,1,1,1997,33,20,9,15,0,10,22,0,0,0
490153,1,1,1997,25,25,25,25,25,25,25,25,25,25
490154,1,1,1997,18,18,18,18,18,18,18,18,18,18
490155,1,1,1997,0,0,0,0,0,0,0,0,0,0
490156,0,1,1997,25,25,25,25,25,25,25,25,25,25
490156,1,1,1997,0,0,0,0,0,0,0,0,0,0
490157,0,1,1997,0,0,0,0,0,0,0,0,0,0
490157,1,1,1997,0,0,0,0,0,0,0,0,0,0
490158,1,1,1997,0,0,0,0,0,0,0,0,0,0
490159,1,1,1997,0,13,0,0,0,0,0,0,0,0
490160,1,1,1997,0,0,0,0,0,0,0,0,0,0
490160,2,1,1997,0,0,0,0,0,0,0,0,0,0
490160,3,1,1997,0,0,0,0,0,0,0,0,0,0
490161,1,1,1997,0,0,0,0,0,0,0,0,0,0
490162,0,1,1997,0,0,0,0,0,0,0,0,0,0
490162,1,1,1997,0,0,0,0,0,0,0,0,0,0
490163,0,1,1997,23,23,23,23,23,23,23,23,23,23
490163,1,1,1997,0,0,0,0,0,0,0,0,0,0
490164,0,1,1997,0,0,0,0,0,0,0,0,0,0
490164,1,1,1997,0,0,0,0,0,0,0,0,0,0
490165,1,1,1997,2,2,2,2,2,2,2,2,2,2
490166,0,1,1997,31,31,31,31,31,31,31,31,31,31
490166,1,1,1997,0,0,0,0,0,0,0,0,0,0
490167,1,1,1997,30,30,30,30,30,30,30,30,30,30
490167,2,1,1997,0,0,0,0,0,0,0,0,0,0
490168,1,1,1997,5,5,5,5,5,5,5,5,5,5
490168,2,1,1997,0,0,0,0,0,0,0,0,0,0
490169,1,1,1997,0,0,0,0,0,0,0,0,0,0
490170,1,1,1997,0,0,0,0,0,0,0,0,0,0
490171,1,1,1997,0,0,0,0,6,0,0,0,0,0
490172,1,1,1997,0,0,0,0,0,0,0,0,0,0
490172,2,1,1997,0,0,0,0,0,0,0,0,0,0
490173,1,1,1997,0,0,0,0,0,0,0,0,0,0
490173,2,1,1997,0,0,0,0,0,0,0,0,0,0
490174,1,1,1997,0,0,0,0,0,0,0,0,0,0
490175,0,1,1997,0,0,0,30,0,0,0,0,0,0
490175,1,1,1997,0,0,0,0,0,0,0,0,0,0
490176,0,1,1997,23,23,23,23,23,23,23,23,23,23
490176,1,1,1997,0,0,0,0,0,0,0,0,0,0
490176,2,1,1997,0,0,0,0,0,0,0,0,0,0
490177,1,1,1997,0,0,0,0,0,0,0,0,0,0
490177,2,1,1997,0,0,0,0,0,0,0,0,0,0
490178,1,1,1997,0,0,0,0,0,0,0,0,0,0
490179,1,1,1997,0,0,0,0,0,0,0,0,0,0
490180,1,1,1997,0,0,0,0,0,0,0,0,0,0
490180,2,1,1997,0,0,0,0,0,0,0,0,0,0
490181,1,1,1997,0,0,0,0,0,0,0,0,0,0
490182,1,1,1997,0,0,0,0,0,0,0,0,0,0
490182,2,1,1997,0,0,0,0,0,0,0,0,0,0
490183,1,1,1997,0,10,0,0,0,0,0,0,17,0
490184,1,1,1997,0,0,0,0,0,0,0,0,0,0
490185,1,1,1997,0,0,0,0,0,0,0,0,0,0
490186,0,1,1997,0,0,0,0,0,0,0,0,0,0
490186,1,1,1997,0,0,0,0,0,0,0,0,0,0
490187,0,1,1997,0,0,0,0,0,0,0,0,0,0
490187,1,1,1997,0,0,0,0,0,0,0,0,0,0
490188,0,1,1997,0,0,0,0,0,0,0,0,0,0
490188,1,1,1997,0,0,0,0,0,0,0,0,0,0
490189,1,1,1997,5,5,5,5,5,5,5,5,5,5