ST_CASE,VEH_NO,PER_NO,YEAR,P1,P2,P3,P4,P5,P6,P7,P8,P9,P10
510071,1,1,1997,23,23,23,23,23,23,23,23,23,23
510072,1,1,1997,0,0,0,0,0,0,0,0,0,0
510073,0,1,1997,0,0,0,0,0,0,0,0,0,0
510073,0,2,1997,0,0,0,0,0,0,26,0,14,0
510073,1,1,1997,0,0,0,0,0,0,0,0,0,0
510075,1,1,1997,0,0,0,0,0,0,0,0,0,11
510075,2,1,1997,0,6,0,0,0,0,0,0,0,0
510075,3,1,1997,0,0,0,0,0,6,0,0,0,0
510076,1,1,1997,19,19,19,19,19,19,19,19,19,19
510077,1,1,1997,8,8,8,8,8,8,8,8,8,8
510077,2,1,1997,0,0,0,0,0,0,0,0,0,0
510078,1,1,1997,15,15,15,15,15,15,15,15,15,15
510078,2,1,1997,0,0,0,0,0,0,0,0,0,17
510079,1,1,1997,23,23,23,23,23,23,23,23,23,23
510080,1,1,1997,0,0,0,0,0,0,0,0,0,0
510081,1,1,1997,11,17,7,8,0,13,8,14,13,2
510081,2,1,1997,0,0,0,0,0,0,0,0,0,7
510082,1,1,1997,26,26,26,26,26,26,26,26,26,26
510082,2,1,1997,0,0,0,0,0,0,0,0,0,0
510082,3,1,1997,0,14,0,0,0,0,0,0,0,0
510083,1,1,1997,0,0,0,0,0,0,0,0,0,0
510083,2,1,1997,0,0,0,0,0,0,0,0,0,0
510084,1,1,1997,0,0,0,0,0,0,0,0,0,0
510085,1,1,1997,0,0,0,0,0,0,0,0,0,0
510085,2,1,1997,0,0,0,0,0,0,0,0,0,0
510086,0,1,1997,35,35,35,35,35,35,35,35,35,35
510086,1,1,1997,17,0,0,0,13,0,0,12,0,0
510087,1,1,1997,20,20,20,20,20,20,20,20,20,20
510088,1,1,1997,0,0,0,33,0,0,0,0,0,0
510088,2,1,1997,0,0,0,0,0,0,0,0,0,0
510089,1,1,1997,0,0,0,0,0,0,0,0,0,0
510089,2,1,1997,17,18,8,23,28,13,20,0,29,21
510090,1,1,1997,0,0,0,0,0,0,0,0,0,0
510091,1,1,1997,39,39,39,39,39,39,39,39,39,39
510092,1,1,1997,13,14,6,16,19,16,19,18,15,17
510093,1,1,1997,0,18,0,14,0,0,0,0,17,0
510094,1,1,1997,16,16,16,16,16,16,16,16,16,16
510094,2,1,1997,0,0,0,0,0,0,0,0,0,0
510095,1,1,1997,0,0,0,0,0,0,0,0,0,0
510095,2,1,1997,0,0,0,0,0,0,0,0,0,0
510096,1,1,1997,0,0,9,0,0,0,0,0,0,0
510096,2,1,1997,0,0,0,0,0,0,0,0,0,0
510097,1,1,1997,0,0,0,0,0,0,0,0,0,0
510098,1,1,1997,17,17,17,17,17,17,17,17,17,17
510099,0,1,1997,0,0,0,0,0,0,0,0,0,0
510099,1,1,1997,0,0,0,0,0,0,0,0,0,0
510100,1,1,1997,0,0,0,0,0,0,0,0,0,0
510100,2,1,1997,0,0,0,0,0,0,0,0,0,0
510101,1,1,1997,0,0,0,0,0,0,0,0,0,0
510101,2,1,1997,0,0,18,0,0,0,0,0,0,0
510102,1,1,1997,6,12,20,14,16,9,0,14,37,23
510103,1,1,1997,0,0,0,0,0,0,0,0,0,0
510103,2,1,1997,0,0,0,0,0,0,0,0,0,0
510104,1,1,1997,0,0,0,0,0,0,0,0,0,0
510104,2,1,1997,0,0,0,0,0,0,0,0,0,0
510105,1,1,1997,0,0,0,0,0,0,0,0,0,0
510105,2,1,1997,0,0,0,0,0,0,0,0,0,0
510106,0,1,1997,0,0,0,0,0,0,0,0,0,0
510106,1,1,1997,19,0,0,0,0,0,0,0,0,0
510107,1,1,1997,14,14,14,14,14,14,14,14,14,14
510108,1,1,1997,0,11,12,9,22,16,16,27,10,27
510108,2,1,1997,0,0,0,0,0,0,0,0,0,0
510109,1,1,1997,11,17,8,0,8,0,17,22,4,10
510110,1,1,1997,14,14,14,14,14,14,14,14,14,14
510111,0,1,1997,0,0,0,0,0,0,0,0,0,0
510111,1,1,1997,7,5,0,0,0,7,9,24,0,6
510112,1,1,1997,0,0,0,0,0,0,0,0,0,0
510113,1,1,1997,0,0,0,0,0,0,0,0,0,0
510114,1,1,1997,0,0,0,0,0,0,0,0,0,0
510114,2,1,1997,0,0,0,0,0,0,0,0,0,0
510115,1,1,1997,0,0,0,0,0,0,0,0,0,0
510115,2,1,1997,0,0,0,0,0,0,0,0,0,0
510116,1,1,1997,0,0,0,0,0,0,0,0,0,0
510116,2,1,1997,0,0,0,0,0,0,0,0,0,0
510117,1,1,1997,21,21,21,21,21,21,21,21,21,21
510118,1,1,1997,0,10,0,0,0,0,0,0,0,0
510118,2,1,1997,0,0,0,0,0,0,0,0,0,0
510118,3,1,1997,0,0,0,0,0,0,0,0,0,0
510118,4,1,1997,0,0,0,0,0,0,0,0,0,0
510119,0,1,1997,28,28,28,28,28,28,28,28,28,28
510119,1,1,1997,17,0,10,14,25,9,18,33,16,29
510120,1,1,1997,0,0,0,0,0,0,0,0,0,0
510120,2,1,1997,0,0,0,0,0,0,0,0,0,0
510120,3,1,1997,0,0,0,0,0,0,0,0,0,0
510121,1,1,1997,0,0,0,0,0,0,0,0,0,0
510121,2,1,1997,0,0,0,0,0,0,0,0,0,0
510122,1,1,1997,4,6,0,15,22,5,0,15,16,0
510123,1,1,1997,19,19,19,19,19,19,19,19,19,19
510124,0,1,1997,2,2,2,2,2,2,2,2,2,2
510124,1,1,1997,10,17,28,19,26,17,0,23,17,11
510125,1,1,1997,0,0,0,0,0,0,0,0,0,0
510125,2,1,1997,0,0,0,0,0,0,0,0,0,0
510126,1,1,1997,0,0,0,0,0,0,0,0,0,0
510126,2,1,1997,0,0,0,0,0,0,0,0,0,0
510127,1,1,1997,0,0,0,0,0,0,0,0,0,0
510127,2,1,1997,0,0,0,0,0,0,0,0,0,0
510128,1,1,1997,24,24,24,24,24,24,24,24,24,24
510129,1,1,1997,0,0,0,0,0,0,0,0,0,0
510129,2,1,1997,0,0,0,0,0,0,0,0,0,0
510129,3,1,1997,0,0,0,0,0,0,0,0,0,0
510130,1,1,1997,25,25,25,25,25,25,25,25,25,25
510131,1,1,1997,0,0,0,0,0,0,0,0,18,0
510131,2,1,1997,0,0,0,0,0,0,0,0,0,0
510132,1,1,1997,19,19,19,19,19,19,19,19,19,19
510133,0,1,1997,0,41,0,0,0,0,0,0,0,0
510133,1,1,1997,0,12,11,0,24,0,0,27,0,0
510134,1,1,1997,43,43,43,43,43,43,43,43,43,43
510135,1,1,1997,0,0,0,0,0,0,0,0,0,0
510136,1,1,1997,6,14,12,9,0,10,24,0,20,20
510136,2,1,1997,0,0,0,0,0,0,0,0,0,0
510137,1,1,1997,0,0,0,0,0,0,0,0,0,0
510137,2,1,1997,0,0,0,0,0,0,0,0,0,0
510137,3,1,1997,0,0,0,0,0,0,0,0,0,0
510138,1,1,1997,0,0,0,0,0,0,0,0,0,0
510139,0,1,1997,0,0,0,0,0,0,0,0,0,0
510139,1,1,1997,3,10,8,29,16,27,8,0,6,11
510139,2,1,1997,0,0,0,0,0,0,0,0,0,0
510140,0,1,1997,0,0,0,0,0,0,0,0,0,0
510140,1,1,1997,0,0,0,0,0,0,0,0,0,0
510141,1,1,1997,19,0,31,24,19,21,0,20,12,8
510142,1,1,1997,0,0,0,0,0,0,0,0,0,0
510142,2,1,1997,0,0,0,0,0,0,0,0,0,0
510142,3,1,1997,0,0,0,0,0,0,0,0,0,0
510143,1,1,1997,0,0,0,0,0,0,0,0,0,28
510144,1,1,1997,13,13,13,13,13,13,13,13,13,13
510145,1,1,1997,0,0,0,0,0,0,0,0,0,0
510146,0,1,1997,36,36,36,36,36,36,36,36,36,36
510146,1,1,1997,0,0,0,0,0,0,0,0,0,0
510147,1,1,1997,0,0,0,0,0,0,0,0,0,0
510147,2,1,1997,0,0,0,0,0,0,0,0,0,0
510148,1,1,1997,0,0,0,0,0,0,0,0,0,0
510148,2,1,1997,0,0,0,0,0,0,0,0,0,0
510149,1,1,1997,11,11,11,11,11,11,11,11,11,11
510150,1,1,1997,0,0,0,0,0,0,0,0,0,0
510150,2,1,1997,0,0,0,0,0,0,0,0,0,0
510150,3,1,1997,0,0,0,0,0,0,0,0,0,0
510151,1,1,1997,0,4,0,0,19,0,0,0,0,0
510151,2,1,1997,0,0,0,0,0,0,0,0,0,0
510152,1,1,1997,1,1,1,1,1,1,1,1,1,1
510153,1,1,1997,0,0,0,13,0,0,0,0,0,0
510153,2,1,1997,0,0,0,0,0,0,0,0,0,0
510154,1,1,1997,0,0,0,0,0,0,0,0,0,0
510154,2,1,1997,0,0,0,0,0,0,0,0,0,0
510155,1,1,1997,0,0,0,0,0,0,0,0,0,0
510156,1,1,1997,0,0,0,0,0,0,0,0,0,0
510156,2,1,1997,0,0,0,0,0,0,0,0,0,0
510157,1,1,1997,14,14,14,14,14,14,14,14,14,14
510158,1,1,1997,0,0,0,0,0,0,0,0,0,0
510158,2,1,1997,0,0,0,0,0,0,0,0,0,0
510159,1,1,1997,0,0,0,0,0,0,0,0,0,0
510159,2,1,1997,0,0,0,13,0,0,0,0,0,0
510160,1,1,1997,0,0,0,0,0,0,0,0,0,0
510160,2,1,1997,0,0,0,0,0,0,0,0,0,0
510160,3,1,1997,0,0,0,0,0,0,0,0,0,0
510161,1,1,1997,14,7,8,17,2,21,6,13,12,14
510162,1,1,1997,0,0,0,0,0,0,0,0,0,0
510162,2,1,1997,0,0,0,0,0,0,0,0,0,0
510163,1,1,1997,0,0,0,0,0,0,0,0,0,0
510164,1,1,1997,11,0,0,0,8,15,0,9,3,4
510164,2,1,1997,1,1,1,1,1,1,1,1,1,1
510165,1,1,1997,16,16,16,16,16,16,16,16,16,16
510165,2,1,1997,0,3,0,0,0,0,0,0,0,0
510166,1,1,1997,0,0,0,0,0,0,0,0,0,0
510166,2,1,1997,0,0,0,0,0,0,0,0,0,0
510167,1,1,1997,0,0,0,0,0,20,0,0,0,24
510167,2,1,1997,0,0,0,0,0,0,0,0,0,0
510167,3,1,1997,0,0,0,0,0,0,0,0,0,0
510168,1,1,1997,21,21,21,21,21,21,21,21,21,21
510169,1,1,1997,0,0,0,9,0,0,0,0,0,0
510170,1,1,1997,0,0,0,0,0,0,0,0,0,0
510170,2,1,1997,0,0,0,0,0,0,0,0,0,0
510171,1,1,1997,21,21,21,21,21,21,21,21,21,21
510172,1,1,1997,7,20,20,7,12,16,5,8,6,8
510173,1,1,1997,0,0,0,0,17,0,0,24,0,9
510174,1,1,1997,36,36,36,36,36,36,36,36,36,36
510174,2,1,1997,0,0,0,0,0,0,0,0,0,0
510175,1,1,1997,0,0,0,0,0,0,0,0,0,4
510176,1,1,1997,0,27,0,17,0,17,0,8,9,0
510177,1,1,1997,12,12,12,12,12,12,12,12,12,12
510178,0,1,1997,29,29,29,29,29,29,29,29,29,29
510178,1,1,1997,0,0,4,0,0,0,0,0,0,0
510179,0,1,1997,0,0,0,0,0,0,0,0,0,0
510179,1,1,1997,0,0,0,0,0,0,0,0,0,0
510180,1,1,1997,0,0,0,0,0,0,0,0,0,0
510181,1,1,1997,0,0,0,0,0,0,0,0,0,0
510181,2,1,1997,0,0,0,0,0,0,0,0,0,0
510182,1,1,1997,0,0,0,13,0,10,0,0,0,0
510183,1,1,1997,0,0,0,0,0,0,0,0,0,0
510184,1,1,1997,0,0,0,0,0,0,0,0,0,0
510184,2,1,1997,0,0,0,0,0,0,0,0,0,0
510185,1,1,1997,0,0,0,0,0,0,0,0,0,0
510186,0,1,1997,0,0,0,0,0,0,0,0,0,0
510186,1,1,1997,0,0,0,0,0,0,0,0,0,0
510187,1,1,1997,29,29,29,29,29,29,29,29,29,29
510187,2,1,1997,0,0,0,0,0,0,0,0,0,0
510188,1,1,1997,0,0,0,0,0,0,0,0,0,0
510188,2,1,1997,0,0,0,0,0,0,0,0,0,0
510189,1,1,1997,0,0,0,0,0,0,0,0,0,0
510190,1,1,1997,28,28,28,28,28,28,28,28,28,28
510191,1,1,1997,15,15,15,15,15,15,15,15,15,15
510192,1,1,1997,0,0,0,0,0,0,0,0,0,0
510192,2,1,1997,0,0,0,0,0,0,0,0,0,0
510193,0,1,1997,0,0,0,0,0,0,0,0,0,0
510193,1,1,1997,0,0,0,0,0,0,0,0,0,0
510194,1,1,1997,0,0,0,0,0,0,0,0,0,0
510195,1,1,1997,0,0,24,4,10,14,0,0,9,0
510196,1,1,1997,12,17,8,13,17,23,8,15,9,15
510196,2,1,1997,0,0,0,0,0,0,0,0,0,0
510197,1,1,1997,0,0,0,0,0,0,0,0,0,0
510197,2,1,1997,0,0,0,0,0,0,0,0,0,0
510198,1,1,1997,0,0,0,0,0,0,0,0,0,0
510198,2,1,1997,0,0,0,0,0,0,0,0,0,0
510199,1,1,1997,0,0,0,0,0,0,0,0,0,0
510199,2,1,1997,0,0,0,0,0,0,0,0,0,0
510200,1,1,1997,0,0,0,0,0,0,0,0,0,0
510200,2,1,1997,13,0,0,0,0,0,0,0,0,0
510200,3,1,1997,0,0,0,0,0,0,0,0,0,0
510201,1,1,1997,0,0,0,0,0,0,0,0,0,0
510201,2,1,1997,0,0,0,0,0,0,0,0,0,0
510201,3,1,1997,0,0,0,0,0,0,0,0,0,0
510202,1,1,1997,0,0,0,0,0,0,0,0,0,0
510203,1,1,1997,29,29,29,29,29,29,29,29,29,29
510204,1,1,1997,0,0,0,0,0,0,0,0,0,0
510205,0,1,1997,0,0,0,0,0,0,0,0,0,0
510205,1,1,1997,0,0,0,0,0,0,0,0,0,0
510206,1,1,1997,0,0,0,0,0,0,0,0,0,0
510207,1,1,1997,0,0,0,0,0,0,0,0,0,0
510207,2,1,1997,0,0,0,0,0,0,0,0,0,0
510208,1,1,1997,0,0,0,0,0,0,0,0,0,0
510208,2,1,1997,0,0,0,0,0,0,0,0,0,0
510209,1,1,1997,0,0,0,0,0,0,0,0,0,0
510209,2,1,1997,0,0,0,0,0,0,0,0,0,0
510209,3,1,1997,0,0,0,0,0,0,0,0,0,0
510210,1,1,1997,0,0,0,0,0,0,0,0,0,0
510211,1,1,1997,29,9,10,21,15,18,16,0,27,13
510212,1,1,1997,0,0,0,0,0,0,9,0,0,0
510212,2,1,1997,0,20,0,13,35,19,6,8,15,10
510213,1,1,1997,0,0,0,0,0,0,0,0,0,0
510213,2,1,1997,0,0,0,0,0,0,0,24,0,0
510214,1,1,1997,0,0,0,0,0,0,0,0,0,0
510214,2,1,1997,0,0,0,0,0,0,0,0,0,0
510215,0,1,1997,0,0,0,0,0,0,0,0,0,0
510216,1,1,1997,0,0,0,0,13,0,0,0,0,0
510216,2,1,1997,0,0,0,0,0,0,0,0,0,0
510217,1,1,1997,14,14,14,14,14,14,14,14,14,14
510218,1,1,1997,0,0,0,0,0,0,0,0,0,0
510218,2,1,1997,0,0,0,0,0,0,0,0,0,0
510219,1,1,1997,0,0,0,0,0,0,0,0,0,0
510220,0,1,1997,0,0,0,0,0,0,0,0,0,0
510220,1,1,1997,0,0,0,0,0,0,0,0,0,0
510221,1,1,1997,12,12,12,12,12,12,12,12,12,12
510222,1,1,1997,0,0,0,0,0,0,0,0,0,0
510222,2,1,1997,0,0,0,0,0,0,0,0,0,0
510223,1,1,1997,0,0,0,0,0,0,0,0,0,0
510224,1,1,1997,0,0,0,0,0,0,0,0,0,0
510224,2,1,1997,0,0,0,0,0,0,0,0,0,0
510225,1,1,1997,0,0,0,0,0,0,9,0,0,0
510225,2,1,1997,0,0,0,0,0,0,0,0,0,0
510225,3,1,1997,0,0,0,0,0,0,0,0,0,0
510226,1,1,1997,0,0,0,0,0,0,0,0,0,0
510226,2,1,1997,0,0,0,0,0,0,0,0,0,0
510227,1,1,1997,0,0,0,0,0,0,0,0,0,0
510227,2,1,1997,0,0,16,0,14,0,0,0,0,0
510229,1,1,1997,0,0,0,0,0,0,0,0,0,0
510229,2,1,1997,0,0,0,0,0,0,0,0,0,0
510230,0,1,1997,20,20,20,20,20,20,20,20,20,20
510230,1,1,1997,0,0,0,0,0,0,0,0,0,0
510231,0,1,1997,15,15,15,15,15,15,15,15,15,15
510231,0,2,1997,5,14,36,0,32,21,0,22,20,25
510231,0,3,1997,14,3,32,26,4,32,29,17,24,30
510231,0,4,1997,30,22,15,24,7,0,0,35,28,42
510231,0,5,1997,25,10,0,0,6,0,0,12,24,0
510231,0,6,1997,20,16,21,43,30,13,20,20,17,15
510231,0,7,1997,35,8,21,0,30,36,16,24,11,0
510231,0,8,1997,22,25,0,8,0,0,0,11,0,0
510231,0,9,1997,0,14,38,0,20,0,0,16,30,0
510231,1,1,1997,0,0,0,0,0,0,0,0,0,0
510232,1,1,1997,0,0,0,0,0,0,0,0,0,0
510232,2,1,1997,0,0,0,0,0,0,0,0,0,0
510232,3,1,1997,0,0,0,0,0,0,0,0,0,0
510233,1,1,1997,0,0,0,0,0,0,0,0,0,0
510233,2,1,1997,0,0,0,0,0,0,0,0,0,0
510234,1,1,1997,0,0,0,0,0,0,0,0,0,0
510235,1,1,1997,0,0,0,0,0,0,0,0,0,0
510236,1,1,1997,0,0,0,0,0,0,0,0,0,0
510237,1,1,1997,0,0,0,0,0,0,0,0,0,0
510237,2,1,1997,0,0,7,0,13,0,0,0,0,0
510238,1,1,1997,15,0,0,0,0,0,0,0,0,0
510239,1,1,1997,0,0,0,0,0,0,0,0,0,0
510239,2,1,1997,0,0,0,0,0,0,0,0,0,0
510240,1,1,1997,23,23,23,23,23,23,23,23,23,23
510241,1,1,1997,0,0,0,0,0,0,0,0,0,0
510241,2,1,1997,0,0,0,0,0,0,0,0,0,0
510242,1,1,1997,11,42,14,33,27,23,39,20,13,14
510242,2,1,1997,0,0,0,0,0,0,0,0,0,0
510243,1,1,1997,9,9,9,9,9,9,9,9,9,9
510244,1,1,1997,19,19,19,19,19,19,19,19,19,19
510244,2,1,1997,0,0,0,0,0,0,0,0,0,0
510245,1,1,1997,15,15,15,15,15,15,15,15,15,15
510246,1,1,1997,15,15,15,15,15,15,15,15,15,15
510247,1,1,1997,0,0,0,0,0,0,0,0,0,0
510247,2,1,1997,0,0,0,0,0,0,0,0,0,0
510248,0,1,1997,0,0,0,0,0,0,0,0,0,0
510248,1,1,1997,0,0,0,17,0,0,0,0,0,0
510249,1,1,1997,0,0,0,0,0,0,0,0,0,0
510250,1,1,1997,0,0,0,0,0,12,0,0,0,0
510250,2,1,1997,0,0,0,0,0,0,0,0,0,0
510251,1,1,1997,31,12,10,30,15,21,13,3,5,9
510252,1,1,1997,0,0,0,0,0,0,0,0,0,0
510253,1,1,1997,0,0,0,0,0,0,0,0,0,0
510254,0,1,1997,14,14,14,14,14,14,14,14,14,14
510254,1,1,1997,0,0,0,0,0,0,0,0,0,0
510255,1,1,1997,0,0,0,0,0,0,0,0,0,0
510255,2,1,1997,0,0,0,0,0,0,0,0,0,0
510256,1,1,1997,0,0,9,0,0,0,13,0,0,0
510257,1,1,1997,0,0,0,0,0,0,0,0,0,0
510258,1,1,1997,0,0,0,0,0,0,0,0,0,0
510258,2,1,1997,0,0,0,0,0,0,0,0,0,0
510258,3,1,1997,0,0,0,0,0,0,0,0,0,0
510259,1,1,1997,0,0,0,0,0,0,0,0,13,0
510260,1,1,1997,0,0,0,0,0,0,0,0,0,0
510261,1,1,1997,0,0,0,0,0,0,0,0,0,0
510261,2,1,1997,0,0,0,0,0,0,0,0,0,0
510262,1,1,1997,0,0,0,0,0,0,0,0,0,0
510262,2,1,1997,0,0,0,0,0,0,0,0,0,0
510263,1,1,1997,0,0,0,0,0,0,0,0,0,0
510264,1,1,1997,0,0,0,0,0,0,0,0,0,0
510264,2,1,1997,0,0,0,0,0,0,0,0,0,0
510265,1,1,1997,24,24,24,24,24,24,24,24,24,24
510265,2,1,1997,0,0,0,0,0,0,0,0,0,0
510265,3,1,1997,0,0,0,0,0,0,0,0,0,0
510266,1,1,1997,0,0,0,0,0,0,0,0,0,0
510266,2,1,1997,0,0,0,0,0,0,0,0,0,0
510266,3,1,1997,0,0,0,0,0,0,0,0,0,0
510267,1,1,1997,29,15,36,18,27,15,23,14,20,19
510267,2,1,1997,0,0,0,0,0,0,0,0,0,0
510268,1,1,1997,0,0,0,0,0,0,0,0,0,0
510268,2,1,1997,0,0,0,0,0,0,0,0,0,0
510269,1,1,1997,0,0,0,0,0,0,27,0,0,0
510270,0,1,1997,0,0,0,0,0,0,0,0,0,0
510270,1,1,1997,8,0,0,6,10,9,12,7,18,22
510271,1,1,1997,0,0,0,0,0,0,0,0,23,0
510272,1,1,1997,12,12,12,12,12,12,12,12,12,12
510272,2,1,1997,0,0,0,0,0,0,0,0,0,0
510273,0,1,1997,24,24,24,24,24,24,24,24,24,24
510273,1,1,1997,0,0,18,0,18,12,0,17,12,0
510274,1,1,1997,0,0,0,0,0,0,0,0,0,0
510274,2,1,1997,0,0,0,0,0,0,0,0,0,0
510275,1,1,1997,0,0,0,0,0,0,0,0,0,0
510276,1,1,1997,0,0,0,0,0,0,0,0,0,0
510276,2,1,1997,0,0,0,0,0,0,0,0,0,0
510277,1,1,1997,0,0,0,0,0,0,0,0,0,0
510277,2,1,1997,0,0,0,0,0,0,0,0,0,0
510278,1,1,1997,0,0,0,0,0,0,0,0,0,0
510279,0,1,1997,0,0,0,0,0,0,0,0,0,0
510279,1,1,1997,0,0,0,0,0,0,0,0,0,0
510280,1,1,1997,26,26,26,26,26,26,26,26,26,26
510281,1,1,1997,0,18,8,16,0,0,0,0,0,0
510282,1,1,1997,0,0,0,0,0,0,0,0,0,0
510282,2,1,1997,0,0,0,0,0,0,0,0,0,0
510283,1,1,1997,0,0,0,0,0,0,0,0,0,0
510283,2,1,1997,0,0,0,0,0,0,0,0,0,0
510284,0,1,1997,0,0,0,0,0,0,0,0,0,0
510284,1,1,1997,0,0,0,0,0,0,0,0,0,0
510285,0,1,1997,0,0,0,0,0,0,0,0,0,0
510285,1,1,1997,0,0,0,0,0,0,0,0,0,0
510286,1,1,1997,25,0,0,0,8,0,0,0,0,0
510286,2,1,1997,0,17,0,0,0,0,13,14,0,0
510287,1,1,1997,0,0,0,0,0,0,0,0,0,0
510287,2,1,1997,0,0,0,0,0,0,28,0,0,0
510287,3,1,1997,0,0,0,0,0,0,0,0,0,0
510288,0,1,1997,0,0,0,0,0,0,0,0,0,0
510288,1,1,1997,0,0,0,0,0,0,0,0,0,0
510289,1,1,1997,0,0,0,0,0,0,0,0,0,0
510289,2,1,1997,0,0,0,0,0,0,0,0,0,0
510290,1,1,1997,0,0,0,0,0,0,0,0,0,0
510291,0,1,1997,17,17,17,17,17,17,17,17,17,17
510291,1,1,1997,0,0,0,0,0,0,0,0,0,0
510292,1,1,1997,8,22,13,6,18,9,13,8,28,7
510292,2,1,1997,0,0,0,0,0,0,0,0,0,0
510293,1,1,1997,0,0,0,0,0,0,0,0,0,0
510293,2,1,1997,0,0,0,0,0,0,0,0,7,18
510294,1,1,1997,0,0,0,0,0,0,0,0,0,0
510294,2,1,1997,0,0,0,0,0,0,0,0,0,0
510295,1,1,1997,0,0,0,0,0,0,0,0,0,0
510295,2,1,1997,0,0,0,0,0,0,0,0,0,0
510296,1,1,1997,0,0,0,0,0,0,0,0,0,0
510297,1,1,1997,40,40,40,40,40,40,40,40,40,40
510298,1,1,1997,0,0,0,0,0,0,0,0,0,0
510298,2,1,1997,0,0,0,0,0,0,0,0,0,0
510298,3,1,1997,0,0,0,0,0,0,0,0,0,0
510299,1,1,1997,0,0,0,0,0,0,0,0,0,0
510299,2,1,1997,0,0,0,0,0,0,0,0,0,0
510300,1,1,1997,0,0,0,0,0,0,0,0,0,0
510300,2,1,1997,0,0,0,0,0,0,0,0,0,0
510301,1,1,1997,0,0,0,0,0,0,0,0,0,0
510301,2,1,1997,0,0,0,0,0,0,0,9,0,0
510302,1,1,1997,0,0,0,0,0,0,0,0,0,0
510303,1,1,1997,0,0,0,0,0,0,0,0,0,0
510303,2,1,1997,0,0,0,0,0,0,0,0,0,0
510304,1,1,1997,0,0,0,0,0,0,0,0,0,0
510305,1,1,1997,0,0,0,0,11,0,16,0,17,17
510305,2,1,1997,0,0,0,0,0,0,0,0,0,0
510305,3,1,1997,0,0,0,0,0,0,0,0,0,0
510306,1,1,1997,38,38,38,38,38,38,38,38,38,38
510307,0,1,1997,0,4,0,0,0,0,58,18,34,44
510307,1,1,1997,0,0,0,0,0,0,0,0,0,0
510308,0,1,1997,0,0,0,0,0,0,0,0,0,0
510308,1,1,1997,13,0,0,3,11,0,12,8,0,8
510309,1,1,1997,0,0,0,0,0,0,0,0,0,0
510310,1,1,1997,0,0,0,0,0,0,0,0,0,0
510310,2,1,1997,0,0,0,0,0,0,0,0,0,0
510311,1,1,1997,11,0,0,0,0,21,0,12,0,14
510312,1,1,1997,0,0,0,0,0,0,0,0,0,0
510312,2,1,1997,0,0,0,0,0,0,0,0,0,0
510313,1,1,1997,25,25,25,25,25,25,25,25,25,25
510314,0,1,1997,43,43,43,43,43,43,43,43,43,43
510314,1,1,1997,0,0,0,0,0,0,0,0,0,0
510315,1,1,1997,11,11,11,11,11,11,11,11,11,11
510316,1,1,1997,0,0,0,0,0,0,0,0,0,0
510316,2,1,1997,0,0,0,0,0,0,0,0,0,0
510317,1,1,1997,0,0,0,0,0,0,0,0,0,0
510317,2,1,1997,0,0,0,0,0,0,0,0,0,0
510318,1,1,1997,0,0,0,0,0,0,0,0,0,0
510319,1,1,1997,0,0,0,0,0,0,0,0,0,0
510319,2,1,1997,0,0,0,0,0,0,0,0,0,0
510320,1,1,1997,0,0,0,0,5,0,0,0,0,0
510321,1,1,1997,0,0,0,0,0,0,0,0,0,0
510322,1,1,1997,28,28,28,28,28,28,28,28,28,28
510322,2,1,1997,0,0,0,0,0,0,0,0,0,0
510323,1,1,1997,0,0,12,10,8,33,0,23,23,17
510324,1,1,1997,16,16,16,16,16,16,16,16,16,16
510325,1,1,1997,18,18,18,18,18,18,18,18,18,18
510326,1,1,1997,0,0,0,0,0,0,0,0,0,0
510326,2,1,1997,0,0,0,0,0,0,0,0,0,0
510327,0,1,1997,0,0,0,0,0,0,0,0,0,0
510327,1,1,1997,0,0,0,0,0,0,0,0,0,0
510328,1,1,1997,0,0,0,0,0,0,0,0,0,0
510329,1,1,1997,0,0,0,0,0,0,0,0,0,0
510329,2,1,1997,0,0,0,0,0,0,0,0,0,0
510329,3,1,1997,0,0,0,0,0,0,0,0,0,0
510329,4,1,1997,0,0,0,0,0,0,0,0,0,0
510330,1,1,1997,0,0,0,0,0,0,0,0,0,0
510331,1,1,1997,0,0,0,0,0,0,0,0,0,0
510331,2,1,1997,0,0,0,0,0,0,0,0,0,0
510332,1,1,1997,35,0,0,0,14,0,0,0,0,0
510333,1,1,1997,9,9,9,9,9,9,9,9,9,9
510333,2,1,1997,0,0,0,0,0,0,0,0,0,0
510334,1,1,1997,21,21,21,21,21,21,21,21,21,21
510335,1,1,1997,0,0,0,0,0,0,0,0,0,0
510336,1,1,1997,0,0,18,0,0,0,0,0,7,0
510337,1,1,1997,0,0,0,0,0,0,0,0,0,0
510338,1,1,1997,14,14,14,14,14,14,14,14,14,14
510339,1,1,1997,25,25,25,25,25,25,25,25,25,25
510340,1,1,1997,24,7,9,22,19,7,6,13,22,7
510340,2,1,1997,0,0,0,0,0,0,0,0,0,0
510341,1,1,1997,25,25,25,25,25,25,25,25,25,25