ST_CASE,VEH_NO,PER_NO,YEAR,P1,P2,P3,P4,P5,P6,P7,P8,P9,P10
530009,1,1,1997,7,7,7,7,7,7,7,7,7,7
530010,0,1,1997,0,0,0,0,0,0,0,0,0,0
530010,1,1,1997,25,15,0,0,21,0,0,9,5,12
530011,1,1,1997,12,12,12,12,12,12,12,12,12,12
530012,0,1,1997,21,21,21,21,21,21,21,21,21,21
530012,1,1,1997,0,0,0,0,0,0,0,0,0,0
530014,1,1,1997,7,17,0,18,0,22,16,21,18,12
530014,2,1,1997,0,8,0,0,0,0,3,0,0,15
530014,3,1,1997,0,0,0,0,15,0,0,0,0,7
530015,1,1,1997,17,17,17,17,17,17,17,17,17,17
530016,1,1,1997,0,0,0,0,0,0,0,0,0,17
530016,2,1,1997,0,0,8,0,0,0,0,0,0,0
530017,0,1,1997,0,0,0,0,0,0,0,0,0,0
530017,1,1,1997,15,15,15,15,15,15,15,15,15,15
530018,1,1,1997,20,20,20,20,20,20,20,20,20,20
530019,1,1,1997,19,19,19,19,19,19,19,19,19,19
530020,1,1,1997,14,14,14,14,14,14,14,14,14,14
530021,1,1,1997,0,0,0,0,0,0,0,0,0,0
530021,2,1,1997,0,0,0,0,0,0,0,0,0,0
530022,0,1,1997,0,0,0,13,21,0,0,0,33,31
530022,1,1,1997,0,0,0,0,0,0,0,0,0,0
530023,1,1,1997,17,17,17,17,17,17,17,17,17,17
530023,2,1,1997,0,0,0,0,0,0,0,0,0,0
530024,0,1,1997,0,0,0,0,0,0,0,0,0,30
530024,0,2,1997,0,0,0,0,0,0,0,0,0,0
530024,0,3,1997,0,0,0,0,0,0,0,0,0,0
530024,0,4,1997,0,0,0,0,0,0,0,0,0,0
530024,1,1,1997,0,0,0,0,0,0,0,0,27,0
530025,0,1,1997,17,17,17,17,17,17,17,17,17,17
530025,1,1,1997,0,0,0,0,0,0,0,0,0,0
530026,1,1,1997,26,26,26,26,26,26,26,26,26,26
530026,2,1,1997,0,0,0,0,0,0,0,0,0,0
530027,1,1,1997,0,0,0,0,0,0,0,0,0,0
530027,2,1,1997,0,0,0,0,8,0,0,0,0,0
530028,1,1,1997,18,18,18,18,18,18,18,18,18,18
530029,1,1,1997,0,0,0,0,0,0,0,0,0,0
530030,1,1,1997,0,0,0,0,0,0,0,0,2,0
530030,2,1,1997,0,0,0,0,0,0,0,0,0,0
530031,1,1,1997,0,0,0,0,0,0,0,0,0,0
530031,2,1,1997,0,0,0,0,0,0,0,0,0,0
530032,1,1,1997,0,0,0,0,0,0,0,0,0,0
530032,2,1,1997,0,0,0,0,0,0,0,0,0,0
530033,1,1,1997,0,0,0,0,0,15,0,0,0,0
530033,2,1,1997,0,0,0,0,0,0,0,0,0,0
530034,1,1,1997,0,0,0,0,0,0,0,0,0,0
530035,1,1,1997,18,18,18,18,18,18,18,18,18,18
530036,1,1,1997,0,0,0,0,0,0,0,0,0,0
530036,2,1,1997,0,0,0,0,0,0,0,0,0,0
530037,1,1,1997,21,0,0,0,0,0,0,0,0,0
530037,2,1,1997,0,0,0,0,0,0,0,0,0,0
530038,1,1,1997,15,15,15,15,15,15,15,15,15,15
530039,1,1,1997,0,0,0,0,0,0,0,0,0,0
530039,2,1,1997,0,0,0,0,0,0,0,0,0,0
530040,1,1,1997,0,0,0,0,0,0,0,0,0,0
530040,2,1,1997,0,0,0,0,0,0,0,0,0,0
530041,1,1,1997,0,0,0,0,0,0,0,0,0,0
530041,2,1,1997,0,0,0,0,0,0,0,0,0,0
530042,1,1,1997,0,0,0,0,0,0,0,0,0,0
530043,1,1,1997,19,19,19,19,19,19,19,19,19,19
530043,2,1,1997,0,0,0,0,0,0,0,0,0,0
530044,1,1,1997,0,0,0,0,0,0,0,0,0,0
530044,2,1,1997,0,0,0,0,0,0,0,0,0,0
530045,1,1,1997,0,0,0,0,0,0,0,0,0,0
530045,2,1,1997,0,0,0,0,0,0,0,0,0,0
530046,1,1,1997,0,0,0,0,0,0,0,0,0,0
530047,1,1,1997,0,0,0,0,0,0,0,0,0,0
530047,2,1,1997,0,0,0,0,0,0,0,0,0,0
530048,0,1,1997,0,0,0,0,0,0,0,0,0,0
530048,1,1,1997,0,0,0,0,0,0,0,0,0,0
530049,1,1,1997,0,0,0,0,0,0,0,0,0,0
530049,2,1,1997,0,0,0,0,0,0,0,0,0,0
530049,3,1,1997,0,0,0,0,0,0,4,0,0,0
530050,1,1,1997,21,19,24,23,25,18,27,15,17,24
530051,1,1,1997,0,0,0,0,0,0,0,0,0,0
530051,2,1,1997,0,0,0,0,0,0,0,0,0,0
530052,1,1,1997,0,0,0,0,0,0,0,0,0,0
530053,1,1,1997,0,0,0,0,0,0,0,0,0,0
530053,2,1,1997,0,0,0,0,0,0,0,0,0,0
530054,1,1,1997,0,0,0,0,0,0,0,0,0,0
530054,2,1,1997,0,0,0,0,0,0,0,10,0,0
530055,0,1,1997,0,0,0,0,0,0,0,0,0,0
530055,1,1,1997,0,0,0,0,0,0,0,0,0,0
530056,1,1,1997,0,0,0,0,0,0,0,0,0,0
530056,2,1,1997,0,0,0,0,0,0,0,0,0,0
530056,3,1,1997,0,0,0,0,0,0,0,0,0,0
530057,1,1,1997,18,18,18,18,18,18,18,18,18,18
530058,1,1,1997,0,0,0,0,0,0,0,0,0,0
530059,0,1,1997,0,0,0,0,0,0,0,0,0,0
530059,1,1,1997,0,0,0,0,0,0,0,0,0,0
530059,2,1,1997,0,0,0,0,0,0,0,0,0,0
530060,1,1,1997,0,0,0,0,0,0,0,0,0,0
530061,1,1,1997,15,28,15,9,13,22,33,25,14,17
530061,2,1,1997,0,0,0,0,0,0,0,0,0,0
530062,1,1,1997,0,0,0,0,0,0,0,0,0,0
530062,2,1,1997,0,0,0,0,0,0,0,0,0,0
530063,1,1,1997,0,0,0,0,0,0,0,0,0,0
530063,2,1,1997,0,0,0,0,0,0,0,0,0,0
530064,1,1,1997,0,0,0,0,0,0,0,0,0,0
530065,1,1,1997,0,0,0,0,0,0,0,0,0,0
530066,1,1,1997,0,0,0,0,0,0,0,0,0,0
530066,2,1,1997,0,0,0,0,0,0,0,0,0,0
530066,3,1,1997,0,12,0,0,0,0,0,0,0,0
530067,1,1,1997,0,0,0,0,0,0,0,0,0,0
530067,2,1,1997,0,0,0,0,0,0,0,0,0,0
530068,1,1,1997,0,0,0,0,0,0,0,0,0,0
530069,1,1,1997,0,0,0,0,0,0,0,0,0,0
530070,1,1,1997,0,0,0,0,0,0,0,0,0,0
530071,1,1,1997,0,0,0,0,0,0,23,0,15,0
530072,1,1,1997,0,0,0,0,0,0,0,0,0,0
530072,2,1,1997,0,0,0,0,0,0,0,0,0,0
530073,1,1,1997,0,0,0,0,0,0,0,0,0,0
530073,2,1,1997,0,0,0,0,0,0,0,0,0,0
530073,3,1,1997,0,0,0,0,0,0,0,0,0,0
530074,1,1,1997,13,13,13,13,13,13,13,13,13,13
530075,1,1,1997,22,22,22,22,22,22,22,22,22,22
530076,1,1,1997,12,12,12,12,12,12,12,12,12,12
530076,2,1,1997,0,0,0,0,0,0,0,0,0,0
530076,3,1,1997,0,0,0,0,0,0,14,0,0,0
530076,4,1,1997,0,0,0,0,0,0,0,0,0,0
530077,1,1,1997,0,0,0,0,0,0,0,0,0,0
530078,1,1,1997,17,17,17,17,17,17,17,17,17,17
530079,1,1,1997,0,0,0,0,0,0,0,0,0,0
530080,1,1,1997,23,23,23,23,23,23,23,23,23,23
530081,1,1,1997,19,19,19,19,19,19,19,19,19,19
530082,1,1,1997,3,15,0,0,0,0,0,0,0,0
530082,2,1,1997,20,20,20,20,20,20,20,20,20,20
530083,0,1,1997,25,25,25,25,25,25,25,25,25,25
530083,1,1,1997,0,0,0,0,0,0,0,0,0,0
530084,1,1,1997,0,0,0,0,0,0,0,0,0,0
530084,2,1,1997,0,0,0,0,0,0,0,0,0,0
530085,1,1,1997,14,14,14,14,14,14,14,14,14,14
530085,2,1,1997,0,0,0,0,0,0,0,0,0,0
530086,1,1,1997,0,0,0,0,0,0,0,0,0,0
530086,2,1,1997,0,0,0,0,0,0,0,0,0,0
530087,1,1,1997,0,0,0,0,0,0,0,0,0,0
530088,1,1,1997,0,0,0,0,0,0,0,0,0,0
530089,1,1,1997,12,12,12,12,12,12,12,12,12,12
530090,1,1,1997,17,17,17,17,17,17,17,17,17,17
530090,2,1,1997,0,0,0,0,0,0,0,0,0,0
530091,0,1,1997,0,0,0,0,0,0,0,0,0,0
530091,1,1,1997,19,19,19,19,19,19,19,19,19,19
530092,1,4,1997,0,11,24,27,0,14,30,13,0,0
530093,1,1,1997,16,16,16,16,16,16,16,16,16,16
530094,0,1,1997,0,0,0,0,0,0,0,0,0,0
530094,1,1,1997,0,0,0,0,0,0,0,0,0,0
530095,1,1,1997,0,0,0,0,0,0,0,0,0,0
530095,2,1,1997,0,0,0,0,0,0,0,0,0,0
530096,1,1,1997,26,26,26,26,26,26,26,26,26,26
530097,1,1,1997,0,0,0,0,0,0,0,0,0,0
530098,1,1,1997,25,25,25,25,25,25,25,25,25,25
530099,1,1,1997,0,0,0,0,0,0,0,0,0,0
530100,1,1,1997,21,21,21,21,21,21,21,21,21,21
530100,2,1,1997,0,0,0,0,0,0,0,0,0,0
530100,3,1,1997,0,0,0,0,0,0,3,0,0,0
530101,1,1,1997,33,33,33,33,33,33,33,33,33,33
530101,2,1,1997,0,0,0,0,15,0,0,0,0,0
530101,3,1,1997,0,0,0,0,0,0,0,0,0,0
530102,1,1,1997,0,0,0,0,5,0,0,0,0,0
530103,1,1,1997,0,0,0,0,0,0,0,0,0,0
530103,2,1,1997,0,0,0,0,0,0,0,0,0,0
530104,1,1,1997,0,0,0,0,0,0,0,0,0,0
530104,2,1,1997,0,0,0,0,0,0,0,0,0,0
530105,1,1,1997,0,0,0,0,0,0,0,0,0,0
530106,1,1,1997,26,26,26,26,26,26,26,26,26,26
530106,2,1,1997,0,0,0,23,0,0,0,0,0,0
530107,1,1,1997,0,0,0,0,0,0,0,0,0,0
530107,2,1,1997,0,0,0,0,0,0,0,0,0,0
530108,1,1,1997,18,18,18,18,18,18,18,18,18,18
530109,1,1,1997,0,0,0,0,0,0,0,0,0,0
530109,2,1,1997,0,0,0,0,0,0,0,0,0,0
530110,1,1,1997,0,0,0,0,0,0,0,0,0,0
530110,2,1,1997,0,0,0,0,0,0,0,0,0,0
530111,1,1,1997,16,16,16,16,16,16,16,16,16,16
530111,2,1,1997,0,0,0,0,0,0,0,0,0,0
530112,1,1,1997,24,24,24,24,24,24,24,24,24,24
530113,0,1,1997,0,0,0,0,0,0,0,0,0,0
530113,1,1,1997,0,0,0,0,0,0,0,0,0,0
530114,1,1,1997,0,0,0,0,0,0,0,0,0,0
530115,1,1,1997,23,23,23,23,23,23,23,23,23,23
530116,1,1,1997,21,21,21,21,21,21,21,21,21,21
530116,2,1,1997,6,6,6,6,6,6,6,6,6,6
530117,1,1,1997,0,0,0,0,0,0,0,0,0,0
530117,2,1,1997,0,0,0,0,0,0,0,0,0,0
530118,1,1,1997,0,0,0,0,0,0,0,0,0,0
530119,1,1,1997,13,13,13,13,13,13,13,13,13,13
530119,2,1,1997,0,0,0,0,0,0,0,0,0,0
530120,1,1,1997,0,0,0,0,0,8,0,19,0,9
530120,2,1,1997,0,0,0,0,0,0,0,0,0,0
530121,1,1,1997,0,0,0,0,0,0,0,0,0,0
530121,2,1,1997,0,0,0,0,0,0,0,0,0,0
530122,1,1,1997,0,0,0,0,0,0,0,0,0,0
530123,1,1,1997,0,0,0,0,0,0,0,0,0,0
530123,2,1,1997,0,0,0,0,0,0,0,0,0,5
530124,0,1,1997,10,27,38,23,22,18,24,15,28,18
530124,1,1,1997,0,0,0,0,0,0,0,0,0,0
530125,1,1,1997,0,0,0,0,0,0,0,0,0,0
530125,2,1,1997,0,0,0,0,0,0,0,0,0,0
530126,1,1,1997,24,24,24,24,24,24,24,24,24,24
530126,2,1,1997,0,0,0,0,11,0,0,0,0,0
530126,3,1,1997,0,9,10,0,0,0,0,28,0,0
530127,1,1,1997,23,23,23,23,23,23,23,23,23,23
530128,1,1,1997,5,5,5,5,5,5,5,5,5,5
530128,2,1,1997,0,0,0,0,0,0,0,0,0,0
530129,1,1,1997,0,0,0,0,0,0,0,0,0,0
530129,2,1,1997,0,0,0,0,0,0,0,0,0,23
530130,0,1,1997,12,12,12,12,12,12,12,12,12,12
530130,1,1,1997,19,19,19,19,19,19,19,19,19,19
530131,0,1,1997,0,0,0,0,0,8,0,0,0,0
530131,1,1,1997,0,0,0,0,0,0,0,0,0,0
530132,1,1,1997,0,0,0,0,0,0,0,0,0,0
530132,2,1,1997,0,0,0,0,0,0,0,0,0,0
530133,1,1,1997,22,22,22,22,22,22,22,22,22,22
530134,0,1,1997,44,0,0,0,0,0,0,0,0,0
530134,1,1,1997,0,0,0,0,0,0,0,0,0,0
530135,0,1,1997,0,8,0,0,0,0,0,0,0,0
530135,1,1,1997,0,0,0,0,0,0,0,11,0,0
530136,1,1,1997,17,17,17,17,17,17,17,17,17,17
530137,1,1,1997,15,15,15,15,15,15,15,15,15,15
530138,1,1,1997,24,24,24,24,24,24,24,24,24,24
530139,0,1,1997,31,25,30,17,10,22,35,17,10,13
530139,1,1,1997,0,0,0,0,0,0,0,0,0,0
530140,0,1,1997,0,0,0,0,0,0,0,0,0,0
530140,1,1,1997,0,0,0,0,0,0,0,0,0,0
530141,1,1,1997,0,0,0,0,0,0,0,0,0,0
530141,2,1,1997,0,0,0,0,0,0,0,0,0,0
530142,1,1,1997,11,0,0,25,27,0,22,18,25,0
530143,1,1,1997,0,0,0,0,0,0,0,0,0,0
530144,1,1,1997,15,15,15,15,15,15,15,15,15,15
530145,1,1,1997,0,0,6,0,0,0,0,0,0,0
530145,2,1,1997,0,0,0,0,0,0,0,0,0,0
530145,3,1,1997,0,0,0,0,0,0,0,0,0,0
530145,4,1,1997,0,0,0,0,0,0,0,0,0,0
530145,5,1,1997,0,0,0,0,0,0,0,0,0,0
530146,1,1,1997,0,0,0,0,0,0,0,0,0,0
530147,0,1,1997,0,0,0,0,0,0,0,0,0,0
530147,1,1,1997,0,0,0,0,0,0,0,0,0,0
530148,1,1,1997,13,13,13,13,13,13,13,13,13,13
530149,1,1,1997,0,0,0,0,0,0,0,0,0,0
530150,1,1,1997,0,0,0,0,0,0,0,0,0,0
530150,2,1,1997,0,0,0,0,0,0,0,0,0,0
530151,1,1,1997,0,0,0,0,0,22,0,0,0,0
530152,1,1,1997,0,0,0,0,0,0,0,0,0,0
530152,2,1,1997,0,0,0,0,5,0,0,0,0,0
530153,1,1,1997,0,0,0,0,0,0,0,0,0,0
530153,2,1,1997,0,0,0,0,0,0,0,0,0,0
530154,0,1,1997,0,0,0,0,0,0,0,0,0,0
530154,0,2,1997,0,0,34,0,0,0,22,0,25,0
530154,1,1,1997,0,0,0,0,0,0,0,0,0,0
530155,1,1,1997,0,0,0,0,0,0,0,0,10,0
530156,1,1,1997,5,5,5,5,5,5,5,5,5,5
530157,1,1,1997,11,0,0,0,0,0,4,0,0,6
530158,1,1,1997,6,0,0,0,0,0,0,0,0,0
530158,2,1,1997,14,14,14,14,14,14,14,14,14,14
530159,0,1,1997,0,0,0,0,0,0,0,0,0,0
530159,0,2,1997,0,0,0,0,0,0,0,0,0,0
530159,0,3,1997,0,0,0,0,0,26,0,10,0,0
530159,1,1,1997,17,17,17,17,17,17,17,17,17,17
530160,1,1,1997,0,0,0,0,0,0,0,0,0,0
530161,1,1,1997,0,0,0,0,0,0,0,0,0,0
530162,1,1,1997,0,0,0,0,18,0,0,0,0,0
530162,2,1,1997,0,0,0,0,0,0,0,0,0,0
530163,1,1,1997,0,0,0,0,0,0,0,0,0,0
530163,2,1,1997,0,0,0,7,0,0,0,0,0,0
530164,1,1,1997,10,10,10,10,10,10,10,10,10,10
530165,1,1,1997,0,0,0,0,0,0,0,0,0,0
530165,2,1,1997,0,0,0,0,0,0,0,0,0,0
530165,3,1,1997,0,0,0,0,0,0,0,0,0,0
530166,0,1,1997,42,42,42,42,42,42,42,42,42,42
530166,1,1,1997,0,13,0,0,0,0,0,6,0,0
530167,1,1,1997,0,14,0,0,0,12,0,7,0,0
530168,1,1,1997,0,0,0,0,0,0,0,0,0,0
530168,2,1,1997,0,0,0,0,0,0,0,0,6,0
530170,0,1,1997,35,35,35,35,35,35,35,35,35,35
530170,1,1,1997,0,0,0,0,0,0,0,0,0,0
530171,1,1,1997,0,0,0,0,0,0,0,0,0,0
530171,2,1,1997,12,0,0,0,0,0,0,0,0,0
530172,1,1,1997,20,20,20,20,20,20,20,20,20,20
530173,0,1,1997,0,0,0,0,0,0,0,0,0,0
530173,1,1,1997,0,0,0,19,0,0,0,0,0,0
530174,1,1,1997,28,28,28,28,28,28,28,28,28,28
530175,1,1,1997,0,0,0,0,0,0,0,0,0,0
530176,1,1,1997,18,18,18,18,18,18,18,18,18,18
530177,1,1,1997,0,0,0,0,18,0,0,0,0,0
530177,2,1,1997,0,0,0,0,0,0,0,0,0,0
530178,1,1,1997,18,18,18,18,18,18,18,18,18,18
530179,1,1,1997,17,17,17,17,17,17,17,17,17,17
530179,2,1,1997,0,0,0,0,0,0,0,0,0,0
530180,1,1,1997,0,0,0,0,0,0,0,0,0,0
530180,2,1,1997,0,0,10,0,0,0,0,0,0,0
530181,1,1,1997,0,0,0,0,0,0,0,0,0,0
530182,1,1,1997,0,0,0,0,0,0,0,0,0,0
530182,2,1,1997,0,0,0,0,0,0,0,0,0,0
530183,1,1,1997,0,0,0,0,0,0,0,0,0,0
530184,1,1,1997,0,0,0,0,0,0,0,0,0,0
530184,2,1,1997,0,0,0,0,0,0,0,0,0,0
530185,1,1,1997,0,0,0,0,0,0,0,0,0,0
530185,2,1,1997,0,0,0,0,0,0,0,0,0,0
530186,1,1,1997,0,0,0,0,0,0,0,0,0,0
530186,2,1,1997,0,0,0,0,0,0,0,0,0,0
530187,1,1,1997,0,0,0,0,0,0,0,0,0,0
530187,2,1,1997,0,0,0,0,0,0,0,0,0,0
530188,1,1,1997,21,0,0,0,0,11,0,0,0,0
530189,1,1,1997,19,19,19,19,19,19,19,19,19,19
530190,1,1,1997,23,23,23,23,23,23,23,23,23,23
530191,0,1,1997,18,18,18,18,18,18,18,18,18,18
530191,1,1,1997,0,0,0,0,0,0,0,0,0,0
530192,1,1,1997,0,0,0,0,0,0,0,0,0,0
530193,0,1,1997,0,0,0,0,0,0,0,0,0,0
530193,1,1,1997,0,23,11,19,8,0,15,0,26,15
530194,1,1,1997,0,0,0,0,0,0,0,0,0,0
530195,0,1,1997,0,0,0,0,0,0,0,0,0,0
530195,1,1,1997,0,0,0,0,0,0,0,0,0,0
530196,1,1,1997,0,0,0,0,0,0,0,0,0,0
530196,2,1,1997,0,0,0,0,0,0,0,0,0,0
530197,1,1,1997,0,0,0,0,0,0,0,0,0,0
530198,1,1,1997,0,0,0,0,0,0,0,0,0,0
530198,2,1,1997,0,0,0,0,0,0,0,0,0,0
530199,1,1,1997,0,0,0,0,0,0,0,0,0,0
530200,0,1,1997,0,0,0,0,0,0,0,0,30,0
530200,1,1,1997,0,0,0,0,0,0,0,0,0,0
530201,1,1,1997,0,0,0,0,0,0,0,0,0,0
530202,1,1,1997,10,10,10,10,10,10,10,10,10,10
530203,1,1,1997,0,0,0,20,0,0,0,0,0,0
530203,2,1,1997,0,0,0,0,0,0,0,15,0,0
530203,3,1,1997,14,0,0,0,0,0,0,0,0,0
530204,1,1,1997,0,4,0,0,0,0,0,0,0,0
530205,1,1,1997,16,16,16,16,16,16,16,16,16,16
530205,2,1,1997,0,0,0,0,0,0,0,0,13,0
530206,1,1,1997,0,0,0,0,0,0,0,17,0,0
530207,1,1,1997,28,19,21,23,11,29,16,13,18,30
530208,1,1,1997,19,19,19,19,19,19,19,19,19,19
530209,1,1,1997,13,24,0,15,12,21,16,27,15,6
530210,1,1,1997,0,0,0,0,0,0,0,0,0,0
530211,1,1,1997,0,0,0,13,0,0,0,0,0,0
530212,1,1,1997,0,0,0,0,0,0,0,0,0,0
530213,1,1,1997,14,14,14,14,14,14,14,14,14,14
530214,1,1,1997,0,0,0,0,0,0,0,0,0,0
530214,2,1,1997,0,0,0,0,0,0,0,0,0,0
530215,1,1,1997,28,24,22,26,15,20,23,23,8,7
530216,1,1,1997,0,0,0,0,0,0,0,0,0,0
530216,2,1,1997,20,20,20,20,20,20,20,20,20,20
530217,1,1,1997,0,0,0,0,0,0,0,0,0,0
530217,2,1,1997,0,0,0,0,0,0,0,0,0,0
530218,1,1,1997,9,9,9,9,9,9,9,9,9,9
530219,1,1,1997,32,32,32,32,32,32,32,32,32,32
530219,2,1,1997,0,0,0,0,0,0,0,0,0,0
530220,1,1,1997,0,0,0,0,0,0,0,0,0,0
530221,1,1,1997,0,0,0,0,0,0,0,0,0,0
530222,0,1,1997,0,0,0,0,0,0,0,0,0,0
530222,1,1,1997,0,0,0,0,0,0,0,0,0,0
530223,1,1,1997,23,23,23,23,23,23,23,23,23,23
530223,2,1,1997,0,0,0,0,0,0,0,0,0,0
530223,3,1,1997,0,0,0,0,0,0,0,0,0,0
530225,1,1,1997,9,9,9,9,9,9,9,9,9,9
530225,2,1,1997,17,0,0,0,0,0,9,0,14,0
530226,1,1,1997,0,0,0,0,0,0,0,0,0,0
530226,2,1,1997,0,0,0,0,0,0,0,0,0,0
530227,1,1,1997,0,0,0,0,0,0,0,0,0,0
530228,1,1,1997,0,0,0,0,0,0,0,0,0,0
530228,2,1,1997,0,0,0,0,0,0,0,0,0,0
530229,1,1,1997,0,0,0,0,0,0,0,0,0,0
530229,2,1,1997,9,9,9,9,9,9,9,9,9,9
530230,1,1,1997,9,9,9,9,9,9,9,9,9,9
530230,2,1,1997,0,0,0,0,0,0,0,0,0,0
530231,1,1,1997,15,15,15,15,15,15,15,15,15,15
530232,1,1,1997,0,0,0,0,0,0,0,0,0,0
530232,2,1,1997,0,0,0,0,0,0,0,0,0,0
530233,1,1,1997,0,0,0,0,0,0,0,0,0,0
530234,1,1,1997,0,0,0,0,0,0,0,0,0,0
530235,1,1,1997,11,11,11,11,11,11,11,11,11,11
530236,1,1,1997,0,0,0,0,0,0,0,0,0,0
530236,2,1,1997,0,0,0,0,0,0,0,0,0,0
530237,1,1,1997,21,21,21,21,21,21,21,21,21,21
530238,1,1,1997,0,0,0,0,0,8,0,0,0,0
530239,1,1,1997,0,0,0,0,0,0,0,0,0,0
530239,2,1,1997,0,0,0,0,0,0,0,0,0,0
530240,1,1,1997,8,8,8,8,8,8,8,8,8,8
530241,1,1,1997,13,17,0,18,24,12,19,17,3,14
530241,2,1,1997,0,0,0,0,0,0,0,0,0,0
530242,1,1,1997,0,0,0,13,0,0,16,0,0,0
530242,2,1,1997,6,6,6,6,6,6,6,6,6,6
530243,1,1,1997,0,0,0,0,0,0,0,7,0,0
530243,2,1,1997,0,0,0,0,0,0,0,0,0,5
530244,1,1,1997,26,26,26,26,26,26,26,26,26,26
530244,2,1,1997,0,0,0,0,0,0,0,0,0,0
530245,0,1,1997,0,0,0,0,0,0,0,0,0,0
530245,0,2,1997,0,0,20,20,8,10,18,0,0,5
530245,1,1,1997,34,34,34,34,34,34,34,34,34,34
530246,1,1,1997,0,0,0,0,0,0,0,0,0,0
530246,2,1,1997,0,0,0,0,0,0,0,0,0,0
530246,3,1,1997,0,0,0,0,0,0,0,0,0,0
530247,1,1,1997,24,24,24,24,24,24,24,24,24,24
530247,2,1,1997,0,0,0,0,0,0,0,0,0,0
530247,3,1,1997,9,0,0,0,0,0,0,0,0,0
530248,1,1,1997,7,7,7,7,7,7,7,7,7,7
530249,1,1,1997,13,13,13,13,13,13,13,13,13,13
530250,1,1,1997,0,0,0,0,0,0,0,0,0,0
530250,2,1,1997,0,0,0,0,0,0,0,0,0,0
530251,1,1,1997,0,0,0,0,0,0,0,0,0,0
530252,0,1,1997,32,32,32,32,32,32,32,32,32,32
530252,1,1,1997,6,14,10,12,13,7,16,9,4,5
530253,1,1,1997,11,12,21,9,6,20,15,10,5,20
530253,2,1,1997,0,0,0,0,0,0,0,0,0,0
530254,1,1,1997,0,0,0,0,0,0,0,0,0,0
530254,2,1,1997,0,0,0,0,0,0,0,0,0,0
530255,1,1,1997,0,0,0,0,0,0,0,0,0,0
530255,2,1,1997,0,0,0,30,10,3,11,0,9,0
530256,1,1,1997,0,0,0,0,0,0,0,0,0,0
530257,1,1,1997,0,0,0,0,0,0,0,0,0,0
530257,2,1,1997,0,0,0,0,0,0,0,0,0,0
530258,1,1,1997,0,0,0,25,0,0,0,0,0,0
530259,0,1,1997,0,0,0,0,0,0,0,0,0,0
530259,0,2,1997,11,0,0,0,0,0,0,0,0,4
530259,1,1,1997,0,0,0,0,0,0,0,0,0,0
530260,1,1,1997,0,0,0,0,0,0,23,0,0,0
530261,1,1,1997,19,0,0,0,0,0,22,0,0,0
530262,1,1,1997,0,0,0,0,0,0,0,0,0,0
530263,1,1,1997,0,0,0,0,0,0,0,0,0,0
530263,2,1,1997,0,0,0,9,13,0,0,0,0,0
530264,1,1,1997,18,18,18,18,18,18,18,18,18,18
530265,1,1,1997,30,30,30,30,30,30,30,30,30,30
530266,1,1,1997,0,0,0,0,0,0,0,0,0,0
530266,2,1,1997,0,0,11,0,0,0,0,0,0,0
530267,1,1,1997,0,0,0,0,0,0,0,0,0,0
530267,2,1,1997,0,0,0,0,0,0,0,0,0,0
530267,3,1,1997,0,0,0,0,0,0,0,0,0,0
530268,1,1,1997,0,0,0,0,0,0,0,0,0,0
530269,1,1,1997,0,0,0,0,0,0,0,0,0,0
530270,1,1,1997,7,7,7,7,7,7,7,7,7,7
530271,1,1,1997,0,0,0,0,0,0,0,0,0,0
530272,1,1,1997,2,2,2,2,2,2,2,2,2,2
530272,2,1,1997,0,0,0,0,20,0,0,0,0,0
530273,1,1,1997,0,16,0,17,0,15,19,2,2,0
530273,2,1,1997,0,0,0,0,0,0,0,0,0,0
530274,1,1,1997,0,0,0,0,0,0,0,0,0,0
530274,2,1,1997,0,0,0,0,0,0,0,0,0,0
530275,1,1,1997,0,0,0,0,0,0,0,0,0,0
530276,0,1,1997,0,0,0,0,0,0,0,0,0,0
530276,1,1,1997,26,26,26,26,26,26,26,26,26,26
530277,1,1,1997,11,9,0,18,0,0,0,0,0,16
530278,1,1,1997,6,6,6,6,6,6,6,6,6,6
530278,2,1,1997,9,26,6,4,20,8,16,24,18,16
530279,1,1,1997,22,22,22,22,22,22,22,22,22,22
530280,1,1,1997,0,0,0,0,0,0,0,0,0,0
530280,2,1,1997,0,0,0,0,0,17,0,0,0,0
530281,0,1,1997,5,5,5,5,5,5,5,5,5,5
530281,1,1,1997,0,0,0,0,0,0,0,0,0,0
530282,1,1,1997,3,3,3,3,3,3,3,3,3,3
530283,1,1,1997,12,12,12,12,12,12,12,12,12,12
530284,1,1,1997,20,20,20,20,20,20,20,20,20,20
530285,1,1,1997,0,0,0,0,0,0,0,0,0,0
530286,1,1,1997,0,0,0,0,0,0,0,0,0,0
530286,2,1,1997,0,14,6,20,0,16,25,0,0,16
530287,1,1,1997,0,0,0,0,0,0,0,0,0,0