ST_CASE,VEH_NO,PER_NO,YEAR,P1,P2,P3,P4,P5,P6,P7,P8,P9,P10
530565,1,1,1997,0,0,0,0,0,0,0,0,0,0
530565,2,1,1997,0,0,0,0,0,0,0,0,0,0
530566,1,1,1997,3,3,3,3,3,3,3,3,3,3
530566,2,1,1997,0,0,0,0,0,0,0,0,0,29
530567,1,1,1997,0,0,0,0,0,0,0,0,0,0
530567,2,1,1997,2,2,2,2,2,2,2,2,2,2
530568,0,1,1997,22,22,22,22,22,22,22,22,22,22
530568,0,2,1997,16,11,22,15,14,23,30,24,25,0
530568,1,1,1997,0,0,0,0,0,0,0,0,0,0
530569,1,1,1997,0,0,0,0,0,0,0,0,0,0
530570,0,1,1997,32,32,32,32,32,32,32,32,32,32
530570,1,1,1997,0,0,0,14,0,0,0,0,0,0
530571,1,1,1997,0,0,0,0,0,0,0,0,0,0
530571,2,1,1997,0,0,0,0,0,0,0,0,0,0
530572,1,1,1997,0,0,0,0,0,0,14,0,0,0
530572,2,1,1997,0,0,0,0,0,0,0,18,0,0
530572,3,1,1997,0,0,0,0,0,0,0,0,0,0
530573,1,1,1997,19,19,19,19,19,19,19,19,19,19
530573,2,1,1997,0,0,0,0,0,0,0,0,0,0
530574,0,1,1997,20,20,20,20,20,20,20,20,20,20
530574,1,1,1997,38,2,0,0,0,0,13,12,0,0
530575,1,1,1997,0,0,0,0,0,0,0,0,0,0
530575,2,1,1997,0,0,0,0,0,0,0,0,5,0
530576,1,1,1997,0,0,0,0,0,0,0,0,0,0
530576,2,1,1997,0,0,0,0,0,0,0,0,0,0
530577,1,1,1997,0,20,20,0,0,0,0,0,0,0
530578,1,1,1997,17,17,17,17,17,17,17,17,17,17
530579,1,1,1997,15,15,15,15,15,15,15,15,15,15
530579,2,1,1997,0,0,0,0,0,0,0,0,0,0
530580,1,1,1997,0,0,39,0,0,0,0,0,0,0
530581,1,1,1997,0,0,24,0,0,0,0,0,0,0
530582,0,1,1997,0,19,0,0,0,0,0,0,0,0
530582,1,1,1997,0,0,0,0,0,0,0,0,0,0
530583,1,1,1997,0,0,0,0,0,0,0,0,0,0
530584,1,1,1997,0,0,0,0,0,0,0,0,0,0
530585,1,1,1997,0,0,0,0,0,0,0,0,0,0
530585,2,1,1997,0,0,0,0,0,0,0,0,0,0
530585,3,1,1997,0,0,0,0,0,0,0,0,0,0
530585,4,1,1997,0,0,0,0,0,0,0,0,0,0
530586,1,1,1997,0,0,0,0,0,0,0,0,0,0
530586,2,1,1997,0,0,0,0,0,0,0,0,0,0
530586,3,1,1997,0,0,0,0,0,0,0,0,0,0
530587,1,1,1997,7,7,7,7,7,7,7,7,7,7
530587,2,1,1997,0,0,0,0,0,0,0,0,0,0
530588,1,1,1997,0,0,0,0,0,16,0,0,0,0
530589,0,1,1997,0,0,9,0,0,0,39,0,0,0
530589,1,1,1997,0,0,0,0,0,0,0,0,0,0
530590,1,1,1997,17,17,17,17,17,17,17,17,17,17
530590,2,1,1997,0,0,0,0,0,0,0,0,0,0
530591,1,1,1997,0,0,0,0,0,0,0,13,0,0
530591,2,1,1997,0,0,0,0,0,0,0,0,0,0
530592,1,1,1997,20,20,20,20,20,20,20,20,20,20
530595,1,1,1997,11,11,11,11,11,11,11,11,11,11
540001,1,1,1997,0,20,0,0,17,8,0,13,0,0
540002,1,1,1997,20,20,20,20,20,20,20,20,20,20
540003,1,1,1997,0,0,0,0,0,0,0,0,0,0
540003,2,1,1997,0,0,0,0,0,0,0,0,0,0
540004,1,1,1997,0,0,0,0,0,0,0,0,0,0
540004,2,1,1997,0,12,0,0,0,0,0,0,0,0
540005,1,1,1997,0,0,0,0,0,0,0,0,0,0
540005,2,1,1997,0,0,0,0,0,0,0,0,0,0
540006,1,1,1997,0,0,0,0,0,0,0,0,0,0
540006,2,1,1997,0,0,0,0,0,0,0,0,0,0
540007,1,1,1997,0,0,0,0,0,0,0,0,0,0
540008,1,1,1997,7,7,7,7,7,7,7,7,7,7
540009,1,1,1997,31,31,31,31,31,31,31,31,31,31
540010,1,1,1997,37,37,37,37,37,37,37,37,37,37
540011,1,1,1997,11,11,11,11,11,11,11,11,11,11
540012,1,1,1997,19,19,19,19,19,19,19,19,19,19
540013,1,1,1997,0,0,0,0,0,0,0,0,0,0
540013,2,1,1997,0,0,0,0,0,0,0,0,0,0
540014,1,1,1997,32,32,32,32,32,32,32,32,32,32
540014,2,1,1997,0,0,0,0,0,0,0,0,0,0
540015,1,1,1997,0,0,0,0,0,0,0,0,0,0
540016,1,1,1997,0,0,0,0,0,0,0,0,0,0
540017,1,1,1997,0,0,0,0,0,0,0,0,0,0
540018,0,1,1997,31,31,31,31,31,31,31,31,31,31
540018,1,1,1997,0,0,0,0,0,0,0,0,0,0
540019,1,1,1997,0,0,0,0,0,0,0,0,0,0
540020,1,1,1997,0,0,0,0,0,0,0,0,0,0
540020,2,1,1997,0,0,0,0,0,0,0,0,0,0
540021,1,1,1997,0,0,0,0,0,0,0,0,0,0
540021,2,1,1997,0,0,0,0,0,0,0,0,0,0
540021,3,1,1997,0,0,0,0,0,0,0,0,0,0
540022,1,1,1997,14,14,14,14,14,14,14,14,14,14
540023,1,1,1997,0,0,0,0,0,0,0,0,0,0
540023,2,1,1997,0,0,0,0,0,0,0,0,0,0
540024,1,1,1997,0,0,2,0,0,0,0,0,0,0
540024,2,1,1997,0,0,0,0,0,0,0,0,0,0
540025,0,1,1997,0,0,0,0,0,0,0,0,0,0
540025,1,1,1997,0,0,0,0,0,0,0,0,0,0
540026,1,1,1997,0,0,0,0,0,0,0,0,0,0
540026,2,1,1997,0,0,0,0,0,0,0,0,0,0
540027,1,1,1997,0,0,0,0,0,0,0,0,0,0
540028,1,1,1997,20,18,17,24,8,14,0,31,16,13
540029,1,1,1997,24,24,24,24,24,24,24,24,24,24
540029,2,1,1997,0,0,0,0,0,0,0,0,0,0
540030,1,1,1997,0,0,0,0,0,0,0,0,0,0
540030,2,1,1997,0,0,0,0,0,0,0,0,0,0
540031,1,1,1997,0,0,0,0,0,0,0,0,0,0
540032,1,1,1997,0,0,0,0,0,0,0,0,0,0
540032,2,1,1997,0,0,0,0,0,0,0,0,0,0
540033,1,1,1997,26,26,26,26,26,26,26,26,26,26
540033,2,1,1997,0,0,0,0,0,0,0,0,0,0
540034,0,1,1997,38,38,38,38,38,38,38,38,38,38
540034,1,1,1997,4,0,31,0,0,13,0,0,22,0
540035,1,1,1997,18,18,18,18,18,18,18,18,18,18
540036,1,1,1997,0,0,0,0,0,0,0,0,0,0
540036,2,1,1997,0,0,0,0,0,0,0,0,0,0
540037,1,1,1997,0,0,0,0,0,0,0,0,0,0
540037,2,1,1997,0,0,0,0,0,0,0,0,0,0
540037,3,1,1997,0,0,0,0,0,0,0,0,0,0
540038,1,1,1997,0,0,0,0,0,0,0,0,0,0
540038,2,1,1997,0,0,0,0,0,0,0,0,0,0
540039,1,1,1997,0,0,0,0,0,0,0,0,0,0
540040,1,1,1997,21,21,21,21,21,21,21,21,21,21
540041,1,1,1997,27,27,27,27,27,27,27,27,27,27
540041,2,1,1997,0,0,0,0,0,0,0,0,0,0
540042,1,1,1997,36,36,36,36,36,36,36,36,36,36
540043,1,1,1997,12,12,12,12,12,12,12,12,12,12
540044,1,1,1997,0,0,8,0,0,0,0,0,0,0
540045,1,1,1997,2,2,2,2,2,2,2,2,2,2
540045,2,1,1997,0,0,0,0,0,0,0,0,0,0
540046,1,1,1997,0,0,0,0,0,0,0,0,0,0
540046,2,1,1997,0,0,0,0,0,0,0,0,0,0
540046,3,1,1997,0,0,0,0,0,0,0,0,0,0
540047,1,1,1997,0,0,0,0,0,0,0,0,0,0
540048,1,1,1997,27,27,27,27,27,27,27,27,27,27
540049,1,1,1997,0,0,0,0,0,0,0,0,0,0
540050,1,1,1997,0,0,0,0,0,0,0,0,0,0
540051,1,1,1997,21,21,21,21,21,21,21,21,21,21
540052,1,1,1997,16,16,16,16,16,16,16,16,16,16
540053,0,1,1997,0,0,0,0,0,0,0,0,0,0
540053,1,1,1997,0,0,0,0,0,0,0,0,0,0
540054,1,1,1997,23,23,23,23,23,23,23,23,23,23
540055,1,1,1997,0,0,0,0,0,0,0,13,0,0
540055,2,1,1997,0,0,0,0,0,0,0,0,0,0
540056,1,1,1997,0,0,0,0,0,0,0,0,0,0
540057,1,1,1997,0,0,0,0,0,0,0,0,0,0
540057,2,1,1997,27,27,27,27,27,27,27,27,27,27
540058,1,1,1997,13,13,13,13,13,13,13,13,13,13
540059,0,1,1997,22,22,22,22,22,22,22,22,22,22
540059,1,1,1997,2,2,2,2,2,2,2,2,2,2
540060,1,1,1997,0,0,0,0,0,0,0,0,0,0
540060,2,1,1997,0,0,0,0,0,0,0,0,0,0
540061,1,1,1997,23,23,23,23,23,23,23,23,23,23
540062,1,1,1997,0,0,0,0,0,0,0,0,0,0
540063,1,1,1997,0,0,0,0,0,0,0,0,0,0
540064,1,1,1997,0,0,0,0,0,0,0,0,0,0
540064,2,1,1997,0,13,0,0,0,0,0,0,0,0
540065,1,1,1997,4,4,4,4,4,4,4,4,4,4
540066,1,1,1997,10,10,10,10,10,10,10,10,10,10
540067,1,1,1997,22,22,22,22,22,22,22,22,22,22
540068,1,1,1997,3,3,3,3,3,3,3,3,3,3
540069,0,1,1997,0,0,0,0,0,0,0,0,0,0
540069,1,1,1997,0,0,10,0,0,0,0,0,0,0
540070,1,1,1997,27,27,27,27,27,27,27,27,27,27
540071,1,1,1997,0,0,0,0,0,0,0,0,0,0
540071,2,1,1997,0,0,0,0,0,0,0,0,0,0
540072,1,1,1997,0,0,0,0,0,0,0,0,0,0
540072,2,1,1997,18,18,18,18,18,18,18,18,18,18
540073,0,1,1997,17,17,17,17,17,17,17,17,17,17
540073,1,1,1997,0,0,13,3,0,0,0,0,0,0
540074,1,1,1997,0,0,0,0,0,0,0,0,0,0
540074,2,1,1997,0,0,0,0,0,0,0,0,0,0
540075,1,1,1997,0,0,0,0,0,0,0,0,0,0
540076,0,1,1997,24,24,24,24,24,24,24,24,24,24
540076,1,1,1997,7,7,7,7,7,7,7,7,7,7
540077,1,1,1997,0,9,19,5,13,0,0,0,0,39
540078,1,1,1997,0,0,0,0,0,0,0,0,0,0
540078,2,1,1997,0,0,0,0,0,0,0,0,0,0
540079,1,1,1997,19,19,19,19,19,19,19,19,19,19
540080,1,1,1997,0,9,0,0,0,0,0,0,16,0
540080,2,1,1997,0,0,0,0,0,0,0,0,0,0
540082,1,1,1997,31,31,31,31,31,31,31,31,31,31
540083,1,1,1997,0,0,0,0,0,0,0,0,0,0
540084,1,1,1997,0,0,0,0,0,0,0,0,0,0
540085,1,1,1997,0,0,0,0,0,0,0,0,0,0
540086,1,2,1997,0,0,0,28,23,0,19,15,0,13
540087,1,1,1997,14,14,14,14,14,14,14,14,14,14
540088,1,1,1997,0,0,0,0,0,0,0,0,0,0
540088,2,1,1997,14,14,14,14,14,14,14,14,14,14
540088,3,1,1997,0,0,0,0,0,0,0,0,0,0
540089,0,1,1997,24,24,24,24,24,24,24,24,24,24
540090,1,1,1997,16,16,16,16,16,16,16,16,16,16
540090,2,1,1997,0,0,0,0,0,0,0,0,0,0
540090,3,1,1997,0,0,0,0,0,0,0,0,0,0
540091,1,1,1997,0,0,0,0,0,0,0,0,0,0
540091,2,1,1997,7,0,0,0,0,0,14,0,0,0
540092,1,1,1997,0,0,0,0,0,0,0,0,0,0
540092,2,1,1997,0,0,0,0,0,0,0,0,0,0
540092,3,1,1997,0,0,0,0,0,0,0,0,0,0
540093,1,1,1997,0,0,0,0,0,0,0,0,0,0
540094,1,1,1997,8,8,8,8,8,8,8,8,8,8
540094,2,1,1997,0,0,0,0,0,0,0,0,0,0
540095,1,1,1997,0,0,0,0,0,0,0,0,0,0
540096,1,1,1997,26,26,26,26,26,26,26,26,26,26
540097,1,1,1997,18,18,18,18,18,18,18,18,18,18
540098,1,1,1997,15,15,15,15,15,15,15,15,15,15
540099,1,1,1997,0,0,0,0,0,0,0,0,0,0
540099,2,1,1997,0,0,0,0,0,0,0,0,0,0
540100,1,1,1997,17,17,17,17,17,17,17,17,17,17
540101,1,1,1997,0,0,0,0,0,0,0,0,0,0
540101,2,1,1997,0,0,0,0,0,0,0,0,0,0
540102,1,1,1997,0,0,0,0,0,0,0,0,0,0
540103,1,1,1997,10,10,10,10,10,10,10,10,10,10
540103,2,1,1997,0,0,0,0,0,0,0,0,0,0
540104,1,1,1997,28,28,28,28,28,28,28,28,28,28
540105,1,1,1997,14,14,14,14,14,14,14,14,14,14
540106,1,1,1997,0,0,0,0,0,0,0,0,0,0
540107,1,1,1997,0,0,0,0,0,0,0,0,0,0
540108,1,1,1997,0,0,0,0,0,0,0,0,0,0
540109,1,1,1997,0,0,0,0,0,0,0,0,0,0
540110,1,1,1997,0,0,0,0,0,0,0,0,0,0
540110,2,1,1997,9,0,0,0,0,0,0,16,0,0
540110,3,1,1997,0,0,0,0,0,16,0,0,0,0
540111,1,1,1997,16,16,16,16,16,16,16,16,16,16
540111,2,1,1997,0,0,0,0,0,0,0,0,0,0
540112,1,1,1997,0,0,0,0,0,0,0,0,0,0
540113,1,1,1997,0,0,0,0,0,0,0,0,0,0
540113,2,1,1997,0,0,0,0,0,0,0,0,0,0
540114,1,1,1997,0,0,0,0,0,0,0,0,0,0
540115,0,1,1997,23,23,23,23,23,23,23,23,23,23
540115,1,1,1997,0,0,0,0,0,0,0,0,0,0
540116,1,1,1997,0,0,0,0,0,0,0,0,0,0
540116,2,1,1997,0,0,0,0,0,0,0,0,0,0
540117,1,1,1997,0,0,0,0,0,0,0,0,0,0
540117,2,1,1997,0,0,0,0,0,0,0,0,0,0
540118,0,1,1997,27,13,34,0,34,0,10,0,23,35
540118,0,2,1997,7,7,7,7,7,7,7,7,7,7
540118,1,1,1997,13,13,13,13,13,13,13,13,13,13
540119,1,1,1997,0,0,0,0,0,0,0,0,0,0
540119,2,1,1997,0,0,0,0,0,0,0,0,0,0
540120,1,1,1997,17,18,20,14,12,15,15,12,0,6
540120,2,1,1997,0,0,0,0,0,0,0,0,0,0
540121,1,1,1997,0,0,0,0,0,0,0,0,0,0
540121,2,1,1997,0,0,0,0,0,0,0,0,0,0
540121,3,1,1997,0,0,0,0,0,0,0,0,0,0
540122,0,1,1997,31,31,31,31,31,31,31,31,31,31
540122,1,1,1997,17,17,17,17,17,17,17,17,17,17
540123,1,1,1997,0,0,0,0,0,0,0,0,0,0
540123,2,1,1997,0,0,0,0,0,0,0,0,0,0
540124,1,1,1997,0,0,0,0,0,0,0,0,0,0
540124,2,1,1997,0,0,0,0,9,0,0,0,0,0
540125,1,1,1997,0,0,0,11,0,0,0,0,0,0
540125,2,1,1997,12,12,12,12,12,12,12,12,12,12
540125,3,1,1997,0,0,0,0,0,0,0,15,0,0
540126,1,1,1997,0,0,0,0,0,0,0,0,0,0
540126,2,1,1997,0,0,0,0,0,0,0,0,0,0
540127,1,1,1997,0,0,0,0,0,0,0,0,0,0
540128,1,1,1997,0,0,0,0,0,0,0,0,0,0
540128,2,1,1997,0,0,0,0,0,0,0,0,0,0
540129,1,1,1997,0,0,0,0,0,0,0,0,0,0
540130,1,1,1997,0,0,0,0,0,0,0,20,0,0
540130,2,1,1997,0,0,0,0,0,0,0,0,0,0
540131,1,1,1997,14,14,14,14,14,14,14,14,14,14
540132,1,1,1997,0,0,0,0,0,0,0,0,0,0
540132,2,1,1997,0,0,0,0,0,0,0,0,0,0
540132,3,1,1997,0,0,0,0,0,0,0,0,0,0
540132,4,1,1997,0,0,0,0,0,0,0,0,0,0
540132,5,1,1997,0,0,0,0,0,0,0,0,0,0
540132,6,1,1997,0,0,0,0,0,0,0,0,0,0
540132,7,1,1997,0,0,0,0,0,0,0,0,0,0
540133,1,1,1997,0,0,0,0,0,0,0,0,0,0
540134,1,1,1997,9,9,9,9,9,9,9,9,9,9
540135,1,1,1997,21,21,21,21,21,21,21,21,21,21
540135,2,1,1997,0,0,0,0,0,0,0,0,0,0
540136,1,1,1997,0,0,0,0,0,0,0,0,0,0
540137,1,1,1997,0,0,0,0,0,0,0,0,0,0
540137,2,1,1997,0,0,0,0,0,0,0,0,0,0
540138,1,1,1997,0,0,0,0,0,0,0,0,0,0
540138,2,1,1997,7,25,6,11,24,16,9,9,29,19
540139,1,1,1997,0,0,0,0,0,0,0,0,0,0
540139,2,1,1997,0,0,0,0,0,0,0,0,0,0
540140,1,1,1997,0,0,0,0,0,0,0,0,0,0
540140,2,1,1997,0,0,0,0,0,0,0,0,0,0
540141,1,1,1997,0,0,0,0,0,0,0,0,0,0
540141,2,1,1997,0,0,0,0,0,0,0,0,0,0
540142,1,1,1997,17,17,17,17,17,17,17,17,17,17
540143,1,1,1997,0,0,0,0,0,18,0,0,0,6
540144,1,1,1997,20,20,20,20,20,20,20,20,20,20
540145,1,1,1997,7,7,7,7,7,7,7,7,7,7
540146,1,1,1997,0,0,0,0,0,0,0,0,0,0
540146,2,1,1997,0,0,0,0,0,0,0,0,0,0
540147,1,1,1997,0,0,0,0,0,0,0,0,0,0
540147,2,1,1997,0,0,0,0,0,0,0,0,0,13
540148,1,1,1997,0,0,0,0,0,0,0,0,0,0
540148,2,1,1997,0,0,0,0,0,0,0,0,0,0
540149,1,1,1997,0,0,0,0,0,0,0,0,0,0
540149,2,1,1997,0,0,0,0,0,0,0,0,0,0
540150,1,1,1997,20,20,20,20,20,20,20,20,20,20
540151,1,1,1997,0,0,0,0,0,0,0,0,0,0
540151,2,1,1997,21,21,21,21,21,21,21,21,21,21
540152,1,1,1997,0,0,0,0,0,0,0,0,0,0
540152,2,1,1997,0,0,0,0,0,0,0,0,0,0
540152,3,1,1997,12,12,12,12,12,12,12,12,12,12
540153,0,1,1997,0,0,0,0,0,0,0,0,0,0
540153,1,1,1997,0,0,0,0,0,0,0,0,0,0
540154,1,1,1997,0,0,0,0,0,0,0,0,0,0
540155,1,1,1997,0,0,0,0,0,0,0,0,0,0
540155,2,1,1997,0,0,0,0,0,0,0,0,0,0
540156,1,1,1997,0,0,0,0,0,0,0,0,0,0
540156,2,1,1997,0,0,0,0,0,0,0,0,0,0
540157,1,1,1997,0,0,0,0,0,0,0,0,15,0
540157,2,1,1997,6,0,0,0,0,0,0,0,0,0
540158,1,1,1997,5,7,7,24,17,10,11,19,35,19
540159,1,1,1997,0,0,0,0,0,0,0,0,0,0
540159,2,1,1997,0,0,0,0,0,0,0,0,0,0
540160,0,1,1997,16,16,16,16,16,16,16,16,16,16
540160,1,1,1997,0,0,0,0,0,0,0,0,0,0
540161,1,1,1997,0,0,0,0,0,0,0,0,0,0
540161,2,1,1997,0,0,0,0,0,0,0,0,0,0
540162,0,1,1997,17,17,17,17,17,17,17,17,17,17
540162,1,1,1997,17,17,17,17,17,17,17,17,17,17
540163,1,1,1997,4,4,4,4,4,4,4,4,4,4
540164,1,1,1997,0,0,0,0,0,0,0,0,0,0
540164,2,1,1997,0,0,0,0,0,0,0,0,0,0
540165,1,1,1997,14,14,14,14,14,14,14,14,14,14
540166,1,1,1997,0,0,27,0,0,0,0,0,0,0
540167,1,1,1997,0,0,0,0,0,0,0,0,0,0
540167,2,1,1997,0,0,0,0,0,0,0,0,0,0
540168,1,1,1997,0,0,0,0,0,0,0,0,0,0
540168,2,1,1997,0,0,0,0,0,0,0,0,0,0
540168,3,1,1997,0,0,0,0,0,0,0,0,0,0
540168,4,1,1997,0,0,0,0,0,0,0,0,2,0
540169,1,1,1997,0,0,0,0,0,0,0,0,0,0
540169,2,1,1997,7,0,8,14,0,3,0,12,7,14
540170,1,1,1997,19,19,19,19,19,19,19,19,19,19
540171,1,1,1997,26,26,26,26,26,26,26,26,26,26
540172,1,1,1997,0,0,0,0,0,0,0,0,0,0
540173,1,1,1997,20,20,20,20,20,20,20,20,20,20
540174,1,1,1997,23,23,23,23,23,23,23,23,23,23
540175,1,1,1997,15,15,15,15,15,15,15,15,15,15
540176,1,1,1997,0,0,0,0,0,0,0,0,0,0
540176,2,1,1997,0,0,0,0,0,0,0,0,0,0
540177,1,1,1997,15,15,15,15,15,15,15,15,15,15
540178,1,1,1997,30,30,30,30,30,30,30,30,30,30
540179,1,1,1997,20,20,20,20,20,20,20,20,20,20
540180,1,1,1997,0,0,0,0,0,0,0,0,0,0
540180,2,1,1997,0,0,0,0,0,0,0,0,0,0
540181,1,1,1997,21,21,21,21,21,21,21,21,21,21
540182,1,1,1997,0,0,0,0,0,0,0,0,0,0
540182,2,1,1997,0,0,0,0,0,0,0,0,0,0
540183,1,1,1997,0,0,0,0,0,0,0,0,0,0
540183,2,1,1997,0,0,0,0,0,0,0,0,0,0
540184,1,1,1997,30,30,30,30,30,30,30,30,30,30
540185,0,1,1997,0,0,0,0,0,0,0,0,0,0
540185,1,1,1997,0,0,0,0,0,0,0,0,0,0
540186,1,1,1997,0,0,0,0,0,0,0,0,0,0
540187,1,1,1997,0,0,0,0,0,0,0,0,0,0
540187,2,1,1997,0,0,0,0,0,0,0,0,0,0
540188,1,1,1997,21,21,21,21,21,21,21,21,21,21
540189,1,1,1997,13,0,13,0,10,9,7,4,17,4
540190,1,1,1997,0,0,0,0,0,0,0,0,0,0
540190,2,1,1997,0,0,0,0,0,0,0,0,0,0
540190,3,1,1997,0,0,0,0,0,0,0,0,0,0
540191,1,1,1997,0,0,0,0,0,0,0,0,0,0
540191,2,1,1997,0,0,0,0,0,0,0,0,0,0
540192,1,1,1997,0,0,0,0,0,25,0,0,0,0
540192,2,1,1997,7,0,0,0,0,0,0,0,0,0
540192,3,1,1997,0,0,0,0,0,0,0,0,0,0
540193,1,1,1997,0,0,0,0,0,0,0,0,0,0
540193,2,1,1997,0,0,0,0,0,0,0,0,0,0
540194,1,1,1997,0,0,0,0,0,0,0,0,0,0
540194,2,1,1997,0,0,0,0,0,0,0,0,0,0
540194,3,1,1997,0,0,0,0,0,0,0,0,8,0
540194,4,1,1997,10,18,13,0,11,0,20,13,0,20
540195,0,1,1997,26,31,0,0,0,19,16,37,0,17
540195,1,1,1997,0,0,0,17,0,22,0,0,0,0
540196,1,1,1997,19,19,19,19,19,19,19,19,19,19
540196,2,1,1997,0,0,0,0,0,0,0,0,0,0
540197,1,1,1997,0,0,0,0,0,0,0,0,0,0
540197,2,1,1997,0,0,0,0,0,0,0,0,0,0
540198,1,1,1997,0,0,0,0,0,0,0,0,0,0
540198,2,1,1997,0,0,0,0,0,0,0,0,0,0
540198,3,1,1997,0,0,0,0,0,0,0,0,0,0
540199,1,1,1997,0,0,0,0,0,0,0,0,0,0
540199,2,1,1997,31,0,0,0,0,0,0,15,0,0
540199,3,1,1997,0,0,0,0,0,0,0,0,0,0
540200,1,1,1997,31,31,31,31,31,31,31,31,31,31
540201,1,1,1997,0,0,0,0,0,0,0,0,0,0
540202,1,1,1997,8,8,8,8,8,8,8,8,8,8
540203,1,1,1997,0,0,0,0,0,0,0,0,0,0
540204,0,1,1997,0,0,0,0,0,0,0,0,0,0
540204,1,1,1997,0,0,0,0,0,0,0,0,0,0
540205,1,1,1997,0,0,0,0,0,0,0,0,0,0
540206,1,1,1997,0,0,0,0,0,0,0,0,0,0
540206,2,1,1997,0,0,0,0,0,0,0,0,0,0
540206,3,1,1997,0,0,0,0,0,0,0,0,0,0
540207,1,1,1997,0,0,0,0,0,0,0,0,0,0
540208,1,1,1997,0,0,0,0,0,0,0,0,0,0
540208,2,1,1997,25,0,0,0,0,0,0,0,0,0
540209,1,1,1997,18,18,18,18,18,18,18,18,18,18
540210,1,1,1997,0,0,0,0,0,0,0,0,0,0
540210,2,1,1997,0,0,0,0,0,0,0,0,0,0
540211,1,1,1997,0,0,0,0,0,0,0,0,0,0
540211,2,1,1997,0,0,0,0,0,0,0,0,0,0
540212,1,1,1997,0,0,12,0,0,0,0,0,0,0
540213,1,1,1997,0,0,0,0,0,0,0,0,0,0
540214,1,1,1997,26,26,26,26,26,26,26,26,26,26
540215,1,1,1997,0,0,0,0,0,0,0,0,0,0
540216,1,1,1997,23,23,23,23,23,23,23,23,23,23
540217,1,1,1997,13,13,13,13,13,13,13,13,13,13
540218,1,1,1997,15,15,15,15,15,15,15,15,15,15
540219,1,1,1997,17,6,20,18,24,22,15,28,13,32
540220,1,1,1997,5,5,5,5,5,5,5,5,5,5
540220,2,1,1997,0,0,0,0,0,0,0,0,0,0
540221,1,1,1997,16,17,37,22,24,17,25,20,8,31
540222,1,1,1997,0,0,0,0,0,0,0,0,0,0
540222,2,1,1997,0,0,0,0,0,0,0,0,0,0
540223,1,1,1997,18,18,18,18,18,18,18,18,18,18
540224,1,1,1997,0,0,0,0,0,0,0,0,0,0
540225,1,1,1997,0,0,0,0,0,0,0,0,0,0
540225,2,1,1997,0,0,0,0,0,0,10,0,0,0
540226,1,1,1997,0,0,0,0,24,0,0,0,0,0
540227,1,1,1997,0,0,0,0,0,0,0,0,0,0
540227,2,1,1997,0,0,0,0,0,0,0,0,0,0
540228,1,1,1997,0,0,17,0,0,0,0,15,0,0
540228,2,1,1997,0,0,0,0,0,0,0,0,0,0
540228,3,1,1997,0,0,0,0,0,0,0,0,0,0
540228,4,1,1997,0,0,0,0,0,0,0,0,13,0
540228,5,1,1997,0,0,0,0,0,0,0,0,8,0
540228,6,1,1997,0,0,0,0,0,0,0,0,0,0
540228,7,1,1997,0,12,0,0,0,0,0,0,0,0
540228,8,1,1997,0,0,0,0,0,0,0,0,0,0
540228,9,1,1997,0,0,0,0,0,0,0,0,0,0
540228,10,1,1997,0,0,0,0,0,0,0,0,0,0
540229,1,1,1997,0,0,0,0,0,0,0,0,0,7
540229,2,1,1997,0,0,0,21,0,0,0,0,0,0
540230,1,1,1997,0,0,0,0,0,0,0,0,0,0
540230,2,1,1997,0,0,0,0,0,0,0,0,0,0
540231,1,1,1997,0,0,0,0,0,0,0,0,0,0
540231,2,1,1997,0,0,0,0,0,0,0,0,0,0
540231,3,1,1997,0,0,0,0,0,0,0,0,0,0
540232,1,1,1997,11,0,0,0,0,28,0,0,0,0
540233,1,1,1997,16,16,16,16,16,16,16,16,16,16
540233,2,1,1997,0,0,0,0,0,0,0,0,0,0
540234,1,1,1997,0,0,0,0,0,0,0,0,0,0
540235,1,1,1997,20,22,33,13,14,26,0,0,25,34
540236,1,1,1997,0,0,0,0,0,0,0,0,0,0
540237,1,1,1997,0,0,0,0,0,0,0,0,0,0
540238,1,1,1997,21,21,21,21,21,21,21,21,21,21
540238,2,1,1997,0,0,0,0,0,0,0,0,0,0
540239,1,1,1997,0,0,0,0,0,0,0,0,0,0
540240,1,1,1997,0,0,0,0,0,0,0,0,0,0
540241,0,1,1997,0,0,0,0,0,0,0,0,0,0
540241,1,1,1997,0,0,0,0,0,0,0,0,0,0
540242,1,1,1997,0,0,0,0,0,0,0,0,0,0
540242,2,1,1997,0,0,0,0,0,0,0,0,0,0
540243,1,1,1997,0,0,0,0,15,0,0,0,18,11
540243,2,1,1997,0,0,0,0,0,0,0,0,0,0
540244,1,1,1997,0,0,0,0,0,0,0,0,0,0
540245,1,1,1997,5,0,0,0,0,0,0,0,0,0