ST_CASE,VEH_NO,PER_NO,YEAR,P1,P2,P3,P4,P5,P6,P7,P8,P9,P10
540246,1,1,1997,0,0,0,0,0,0,0,0,0,0
540246,2,1,1997,0,0,0,0,0,0,0,0,0,0
540247,1,1,1997,0,0,0,0,20,0,23,11,0,0
540247,2,1,1997,27,14,13,5,27,19,30,25,26,24
540247,3,1,1997,0,0,0,0,0,0,0,0,0,0
540248,0,1,1997,21,21,21,21,21,21,21,21,21,21
540248,1,1,1997,0,0,0,0,0,0,0,12,0,0
540249,1,1,1997,0,0,0,0,0,0,0,0,0,0
540249,2,1,1997,0,0,0,0,0,0,0,0,0,0
540249,3,1,1997,0,0,0,0,0,0,0,0,0,0
540249,4,1,1997,0,0,0,0,0,0,0,0,0,0
540250,1,1,1997,23,23,23,23,23,23,23,23,23,23
540251,1,1,1997,15,15,15,15,15,15,15,15,15,15
540252,1,1,1997,0,0,0,0,0,0,0,0,0,0
540253,1,1,1997,28,28,28,28,28,28,28,28,28,28
540254,1,1,1997,5,0,0,0,0,0,0,0,0,0
540255,1,1,1997,0,0,0,0,0,0,0,0,0,0
540255,2,1,1997,0,0,0,0,0,0,0,0,0,0
540256,1,1,1997,0,0,0,0,0,0,0,0,0,0
540257,1,1,1997,0,0,0,0,0,0,0,0,0,0
540257,2,1,1997,0,0,0,0,0,0,0,0,0,0
540258,1,1,1997,0,0,0,0,0,0,0,0,0,0
540259,0,1,1997,0,0,0,0,0,0,0,0,0,0
540259,1,1,1997,0,0,0,0,0,0,0,0,0,0
540260,1,1,1997,0,0,0,0,0,0,0,8,0,0
540261,1,1,1997,21,0,0,0,0,0,0,10,0,0
540262,1,1,1997,15,15,15,15,15,15,15,15,15,15
540263,1,1,1997,0,0,11,0,0,0,0,0,0,0
540263,2,1,1997,0,0,0,0,0,0,0,0,0,18
540264,1,1,1997,14,14,14,14,14,14,14,14,14,14
540265,1,1,1997,0,0,14,0,0,0,0,0,0,12
540265,2,1,1997,10,0,0,0,0,0,0,0,0,0
540266,1,1,1997,19,19,19,19,19,19,19,19,19,19
540267,1,1,1997,0,0,0,0,0,0,0,0,0,0
540267,2,1,1997,0,0,0,0,0,0,0,0,0,0
540268,1,1,1997,18,18,18,18,18,18,18,18,18,18
540269,1,1,1997,0,0,0,0,0,0,0,0,0,0
540270,1,1,1997,11,11,11,11,11,11,11,11,11,11
540271,0,1,1997,0,0,0,0,0,0,0,0,0,0
540271,1,1,1997,0,0,0,0,0,0,0,0,0,0
540272,1,1,1997,0,0,0,0,0,0,0,0,0,0
540272,2,1,1997,0,0,0,0,0,0,0,0,0,0
540273,1,1,1997,13,0,0,0,0,0,0,0,0,0
540273,2,1,1997,0,0,0,0,0,2,0,0,0,0
540274,1,1,1997,0,0,0,0,0,0,0,0,0,0
540274,2,1,1997,0,0,0,0,0,0,0,0,0,0
540275,1,1,1997,0,0,0,0,17,0,0,0,0,0
540275,2,1,1997,12,12,12,12,12,12,12,12,12,12
540276,1,1,1997,4,4,4,4,4,4,4,4,4,4
540277,1,1,1997,21,21,21,21,21,21,21,21,21,21
540278,1,1,1997,15,15,15,15,15,15,15,15,15,15
540279,1,1,1997,0,0,0,0,0,0,0,0,0,0
540280,1,1,1997,0,0,0,0,0,0,0,0,0,0
540281,1,1,1997,0,0,0,0,0,0,0,0,0,0
540281,2,1,1997,32,32,32,32,32,32,32,32,32,32
540282,1,1,1997,0,0,0,0,0,0,0,0,0,0
540283,1,1,1997,0,0,0,0,0,0,0,0,0,0
540284,1,1,1997,16,0,0,0,0,13,0,0,0,0
540284,2,1,1997,0,0,0,0,0,0,0,0,0,0
540285,1,1,1997,0,0,0,0,0,0,0,0,0,0
540285,2,1,1997,0,0,0,0,0,0,0,0,0,0
540286,1,1,1997,0,0,0,0,0,0,0,0,0,0
540287,1,1,1997,0,0,0,0,0,0,0,0,0,0
540288,1,1,1997,22,22,22,22,22,22,22,22,22,22
540289,0,1,1997,32,32,32,32,32,32,32,32,32,32
540289,1,1,1997,0,0,0,0,0,0,0,0,0,0
540290,1,1,1997,0,0,0,0,0,0,0,0,0,0
540291,1,1,1997,0,0,0,0,0,0,0,0,0,0
540292,1,1,1997,0,0,0,0,0,0,0,0,0,0
540292,2,1,1997,0,0,0,0,0,0,0,0,0,0
540293,0,1,1997,0,0,0,0,0,0,0,0,0,0
540293,1,1,1997,0,0,0,0,0,0,0,0,0,0
540294,1,1,1997,0,0,0,0,0,0,0,0,0,0
540294,2,1,1997,0,0,0,0,0,0,0,0,0,0
540295,1,1,1997,0,0,0,0,0,0,0,0,0,0
540296,1,1,1997,14,14,14,14,14,14,14,14,14,14
540297,1,1,1997,0,0,0,0,0,0,0,0,0,0
540297,2,1,1997,0,0,0,0,0,0,0,0,0,0
540298,1,1,1997,9,9,9,9,9,9,9,9,9,9
540299,1,1,1997,0,0,0,0,0,0,18,0,0,0
540299,2,1,1997,0,0,0,0,0,0,0,0,0,0
540300,1,1,1997,0,0,0,0,0,0,0,0,0,0
540300,2,1,1997,0,0,0,0,0,0,9,0,0,0
540301,1,1,1997,0,7,0,0,0,0,0,0,0,0
540301,2,1,1997,0,0,0,0,0,0,0,0,0,0
540302,1,1,1997,0,0,0,0,0,0,0,0,0,0
540302,2,1,1997,0,0,0,0,0,0,0,0,0,0
540303,1,1,1997,0,0,0,0,0,0,0,0,0,0
540303,2,1,1997,0,0,0,0,0,0,0,0,0,0
540304,1,1,1997,0,0,0,0,0,0,0,0,0,0
540304,2,1,1997,0,0,0,0,0,0,0,0,0,0
540305,1,1,1997,0,0,0,0,11,0,0,0,0,0
540306,1,1,1997,0,0,0,0,0,0,0,0,0,0
540307,1,1,1997,0,0,0,0,0,0,0,0,0,0
540307,2,1,1997,0,0,0,0,0,0,0,0,0,0
540308,1,1,1997,0,0,0,0,0,0,0,0,0,0
540308,2,1,1997,0,0,0,0,0,0,0,0,0,0
540309,1,1,1997,0,0,0,0,0,0,0,0,0,9
540309,2,1,1997,0,9,10,20,20,18,24,23,2,26
540310,1,1,1997,0,0,0,0,0,0,0,0,0,0
540310,2,1,1997,0,0,0,0,0,0,0,0,0,0
540311,1,1,1997,0,0,0,0,0,0,0,0,0,0
540311,2,1,1997,0,0,0,5,0,0,0,0,0,0
540312,1,1,1997,0,10,0,0,0,0,0,0,0,0
540313,1,1,1997,0,0,0,0,0,0,0,0,0,0
540314,1,1,1997,0,0,0,0,0,0,0,0,0,0
540315,1,1,1997,27,27,27,27,27,27,27,27,27,27
540316,1,1,1997,15,15,15,15,15,15,15,15,15,15
540317,1,1,1997,0,0,0,0,0,0,0,0,0,0
540317,2,1,1997,0,0,0,0,0,0,0,0,0,0
540318,1,1,1997,7,7,7,7,7,7,7,7,7,7
540319,1,1,1997,0,0,0,0,0,0,0,0,0,0
540320,1,1,1997,0,0,0,0,0,0,0,0,0,0
540320,2,1,1997,0,0,0,0,0,0,0,0,0,0
540320,3,1,1997,0,0,0,0,0,0,0,0,0,0
540321,1,1,1997,12,12,12,12,12,12,12,12,12,12
540321,2,1,1997,0,0,0,0,0,0,0,0,0,0
540322,0,1,1997,0,0,0,0,0,0,0,0,0,0
540322,1,1,1997,0,0,0,0,0,0,0,0,0,0
540323,1,1,1997,0,0,0,0,0,0,0,0,0,0
540323,2,1,1997,0,0,0,0,0,0,0,0,0,0
540324,1,1,1997,0,0,0,0,22,0,0,0,0,0
540324,2,1,1997,0,0,0,0,0,0,0,0,0,0
540324,3,1,1997,0,0,0,0,0,0,0,0,0,0
540325,1,1,1997,33,33,33,33,33,33,33,33,33,33
540326,1,1,1997,0,0,0,0,0,0,0,0,0,0
540326,2,1,1997,0,0,0,0,0,0,0,0,0,0
540327,1,1,1997,0,0,0,0,0,0,0,0,0,0
540327,2,1,1997,0,0,0,0,0,0,0,0,0,0
540328,1,1,1997,0,0,0,0,0,0,0,0,0,0
540328,2,1,1997,0,0,0,0,0,0,0,0,0,0
540329,1,1,1997,0,0,0,0,0,0,0,0,0,0
540330,1,1,1997,0,0,0,0,0,0,0,0,0,0
540330,2,1,1997,0,0,0,0,0,0,0,0,0,0
540331,1,1,1997,17,17,17,17,17,17,17,17,17,17
540332,1,1,1997,0,0,15,0,0,0,0,0,0,0
540332,2,1,1997,0,0,0,0,0,0,0,0,0,0
540333,1,1,1997,18,18,18,18,18,18,18,18,18,18
540333,2,1,1997,18,0,18,0,0,0,0,0,0,8
540334,1,1,1997,0,0,0,0,0,0,0,0,0,0
540334,2,1,1997,0,0,0,0,0,0,0,0,0,0
540335,1,1,1997,0,0,0,0,0,0,0,0,0,0
540335,2,1,1997,0,0,0,0,0,0,0,0,0,0
540336,0,1,1997,30,30,30,30,30,30,30,30,30,30
540336,1,1,1997,0,0,17,24,16,0,9,4,23,0
540337,1,1,1997,0,0,0,0,0,0,0,0,0,0
540338,1,1,1997,11,21,0,0,0,0,0,0,0,0
540339,1,1,1997,0,0,0,0,0,0,0,0,0,0
540340,1,1,1997,15,15,15,15,15,15,15,15,15,15
540340,2,1,1997,0,0,0,0,0,0,0,0,0,0
540341,1,1,1997,14,14,14,14,14,14,14,14,14,14
540341,2,1,1997,0,0,0,0,0,0,0,0,0,0
540342,1,1,1997,0,0,0,0,0,0,0,0,0,0
540342,2,1,1997,0,0,0,0,0,0,0,0,0,0
540343,1,1,1997,25,25,25,25,25,25,25,25,25,25
540343,2,1,1997,0,0,0,0,0,0,0,0,0,0
540344,1,1,1997,0,0,0,0,0,8,0,0,0,0
540344,2,1,1997,0,0,0,0,0,0,0,0,0,0
550001,1,1,1997,14,14,14,14,14,14,14,14,14,14
550002,0,1,1997,0,0,0,0,0,0,0,0,0,0
550002,1,1,1997,0,0,0,0,0,0,0,0,0,0
550003,0,1,1997,0,0,0,0,0,0,0,0,0,0
550003,1,1,1997,0,0,0,0,0,0,0,0,0,0
550004,1,1,1997,0,0,0,0,0,0,0,0,0,0
550004,2,1,1997,20,20,20,20,20,20,20,20,20,20
550005,1,1,1997,0,0,0,0,0,0,0,0,0,0
550005,2,1,1997,0,0,0,0,0,0,0,0,0,0
550006,1,1,1997,0,0,0,0,0,0,0,0,0,0
550007,1,1,1997,0,8,0,0,0,0,0,0,0,12
550007,2,1,1997,0,0,0,0,0,0,0,0,0,0
550008,1,1,1997,9,9,9,9,9,9,9,9,9,9
550008,2,1,1997,0,0,0,0,4,0,0,0,0,0
550009,1,1,1997,0,0,0,0,0,0,0,0,0,0
550009,2,1,1997,0,0,0,0,0,0,0,0,0,0
550010,1,1,1997,0,0,0,0,0,0,0,0,0,0
550010,2,1,1997,0,0,0,0,0,0,0,0,0,0
550011,1,1,1997,0,0,0,0,0,0,0,0,0,0
550011,2,1,1997,0,0,0,0,0,0,0,0,0,0
550012,1,1,1997,0,0,0,0,0,0,0,0,0,0
550012,2,1,1997,0,0,0,0,0,0,0,0,0,0
550013,1,1,1997,0,0,0,0,0,0,0,0,0,0
550013,2,1,1997,0,0,0,0,0,0,0,0,0,0
550014,1,1,1997,0,0,0,0,0,0,0,0,0,0
550014,2,1,1997,0,0,0,0,0,0,0,0,0,0
550014,3,1,1997,0,0,0,0,0,0,0,0,0,0
550015,1,1,1997,0,0,0,0,0,0,0,0,0,0
550015,2,1,1997,0,0,0,7,0,0,0,0,0,0
550016,1,1,1997,0,0,0,0,0,0,0,0,0,0
550016,2,1,1997,0,0,0,0,0,0,0,0,0,0
550017,1,1,1997,0,10,22,0,0,11,0,0,24,0
550018,0,1,1997,28,28,28,28,28,28,28,28,28,28
550018,1,1,1997,0,0,0,0,0,0,0,0,0,0
550019,1,1,1997,0,0,12,0,0,0,0,0,0,0
550019,2,1,1997,0,0,0,0,0,0,0,0,0,0
550020,1,1,1997,0,0,0,0,0,27,27,15,0,41
550021,1,1,1997,0,0,0,0,0,0,0,0,0,0
550022,1,1,1997,26,26,26,26,26,26,26,26,26,26
550022,2,1,1997,16,16,16,16,16,16,16,16,16,16
550023,1,1,1997,0,0,0,0,0,0,0,0,0,0
550024,1,1,1997,21,21,21,21,21,21,21,21,21,21
550024,2,1,1997,0,0,0,0,0,0,0,0,0,0
550025,1,1,1997,9,0,0,0,0,0,0,0,0,0
550025,2,1,1997,0,0,0,0,0,0,0,0,0,0
550026,1,1,1997,0,0,0,0,0,0,0,0,0,0
550026,2,1,1997,0,0,0,0,0,0,0,0,0,0
550027,0,1,1997,17,17,17,17,17,17,17,17,17,17
550027,1,1,1997,0,0,0,0,0,0,0,0,0,0
550028,0,1,1997,0,0,18,25,0,0,0,11,0,0
550028,1,1,1997,0,0,24,0,0,0,0,0,0,0
550029,1,1,1997,1,1,1,1,1,1,1,1,1,1
550029,2,1,1997,0,0,0,0,0,0,0,0,0,0
550030,1,1,1997,0,0,0,0,0,0,0,0,0,0
550030,2,1,1997,0,0,0,0,0,0,0,0,0,0
550031,1,1,1997,0,0,0,0,0,0,0,0,0,0
550031,2,1,1997,0,0,0,0,0,0,0,0,0,0
550032,1,1,1997,0,0,0,0,0,0,0,0,0,0
550032,2,1,1997,0,0,0,0,0,0,0,0,0,0
550033,1,1,1997,0,0,0,0,0,0,0,0,0,0
550033,2,1,1997,0,0,0,0,0,0,0,0,0,0
550034,1,1,1997,0,0,0,0,0,0,0,0,0,0
550034,2,1,1997,0,0,0,0,0,0,0,0,0,0
550035,1,1,1997,0,0,0,0,0,0,0,0,0,0
550035,2,1,1997,0,0,0,0,0,0,0,0,0,0
550036,1,1,1997,0,0,0,0,0,0,0,0,0,0
550036,2,1,1997,0,0,0,0,0,0,0,0,0,0
550037,1,1,1997,0,0,0,0,0,0,0,0,0,0
550038,1,1,1997,0,0,0,0,0,0,0,0,0,0
550038,2,1,1997,0,0,0,0,0,0,0,0,0,0
550039,1,1,1997,0,0,0,0,0,0,0,0,0,0
550039,2,1,1997,0,0,0,0,0,0,0,0,0,0
550040,0,1,1997,0,0,0,0,0,0,0,0,0,0
550040,1,1,1997,0,0,0,0,0,0,0,0,0,0
550041,0,1,1997,22,22,22,22,22,22,22,22,22,22
550041,1,1,1997,0,0,0,0,0,0,0,0,0,0
550042,1,1,1997,0,0,0,0,0,0,0,0,0,0
550042,2,1,1997,0,0,0,0,0,0,0,0,0,0
550043,1,1,1997,20,20,20,20,20,20,20,20,20,20
550044,1,1,1997,15,15,15,15,15,15,15,15,15,15
550044,2,1,1997,0,0,0,0,0,0,0,0,0,0
550045,1,1,1997,0,0,0,0,0,0,0,0,0,0
550046,1,1,1997,22,22,22,22,22,22,22,22,22,22
550047,1,1,1997,0,0,0,0,0,0,0,0,0,0
550047,2,1,1997,0,0,0,0,0,0,0,0,0,0
550048,1,1,1997,0,0,0,0,0,0,0,0,0,0
550049,1,1,1997,0,0,0,0,0,0,0,0,0,0
550049,2,1,1997,0,0,0,0,0,0,0,0,0,0
550050,1,1,1997,0,0,0,0,0,0,0,0,0,0
550051,1,1,1997,0,0,0,0,0,0,0,0,0,0
550051,2,1,1997,0,0,0,0,2,0,0,0,0,0
550051,3,1,1997,0,0,0,0,0,0,0,0,0,0
550051,4,1,1997,0,0,0,0,0,0,0,0,0,0
550052,1,1,1997,0,0,0,0,0,0,0,0,0,0
550052,2,1,1997,0,0,0,0,0,0,0,0,0,0
550053,1,1,1997,0,0,0,0,0,0,0,0,0,0
550053,2,1,1997,0,0,0,0,0,0,0,0,0,0
550054,1,1,1997,3,3,3,3,3,3,3,3,3,3
550054,2,1,1997,0,0,0,0,0,0,0,0,0,0
550055,1,1,1997,0,0,0,0,0,0,0,0,0,0
550055,2,1,1997,17,17,17,17,17,17,17,17,17,17
550056,1,1,1997,4,4,4,4,4,4,4,4,4,4
550057,1,1,1997,0,0,0,0,0,0,0,0,0,0
550057,2,1,1997,0,0,0,0,0,0,0,0,0,12
550058,1,1,1997,17,17,17,17,17,17,17,17,17,17
550059,1,1,1997,0,0,0,0,0,0,0,0,0,0
550059,2,1,1997,0,0,0,0,0,0,0,0,0,0
550060,1,1,1997,0,0,0,0,0,0,0,0,0,0
550060,2,1,1997,0,0,0,0,0,0,0,0,0,0
550060,3,1,1997,0,0,0,0,0,0,0,0,0,0
550061,1,1,1997,0,0,0,0,0,0,0,0,0,0
550061,2,1,1997,0,0,0,0,0,0,0,0,0,0
550062,1,1,1997,0,0,0,0,0,0,0,0,0,0
550062,2,1,1997,0,0,0,0,0,0,0,0,0,0
550063,0,1,1997,0,0,0,0,0,0,0,0,0,0
550063,1,1,1997,0,0,0,0,0,0,0,0,0,0
550064,1,1,1997,0,0,0,0,0,0,0,0,0,0
550064,2,1,1997,0,0,0,0,0,0,0,0,0,0
550065,1,1,1997,0,25,0,0,0,0,0,0,0,0
550065,2,1,1997,0,0,0,0,0,0,0,0,6,0
550066,1,1,1997,17,17,17,17,17,17,17,17,17,17
550067,0,1,1997,0,0,0,0,0,0,0,0,0,0
550067,1,1,1997,0,0,0,0,0,0,0,0,0,0
550068,0,1,1997,0,0,0,0,0,0,0,0,0,0
550068,1,1,1997,17,17,17,17,17,17,17,17,17,17
550069,0,1,1997,0,0,0,0,0,0,0,0,0,0
550069,1,1,1997,0,0,0,0,0,0,0,0,0,0
550070,1,1,1997,0,0,0,0,0,0,0,0,0,0
550070,2,1,1997,0,0,0,0,0,0,0,0,0,0
550071,1,1,1997,28,28,28,28,28,28,28,28,28,28
550071,2,1,1997,0,0,0,0,0,0,0,0,0,0
550072,0,1,1997,0,0,0,0,0,0,0,0,0,0
550072,1,1,1997,0,0,0,0,0,0,0,0,0,0
550073,1,1,1997,0,0,0,0,0,0,0,0,0,0
550073,2,1,1997,24,24,24,24,24,24,24,24,24,24
550074,1,1,1997,0,0,0,0,0,0,0,0,0,0
550075,1,1,1997,0,0,0,0,0,0,0,0,0,0
550075,2,1,1997,0,0,0,0,0,0,0,0,0,0
550076,1,1,1997,0,0,0,0,0,0,0,0,0,0
550076,2,1,1997,0,0,0,0,0,0,0,0,0,0
550077,1,1,1997,0,0,0,0,0,0,0,0,0,0
550077,2,1,1997,0,0,0,0,0,0,0,0,0,0
550078,1,1,1997,0,0,0,0,0,0,0,0,0,0
550078,2,1,1997,0,0,0,0,0,0,0,0,0,0
550079,0,1,1997,17,0,16,19,22,16,19,43,26,17
550079,1,1,1997,13,17,0,0,3,0,0,0,0,0
550080,1,1,1997,0,0,0,0,9,24,14,0,0,0
550081,0,1,1997,26,0,0,0,0,0,0,0,0,0
550081,1,1,1997,0,0,0,0,0,0,0,0,0,0
550082,1,1,1997,0,0,0,0,0,0,0,0,0,0
550082,2,1,1997,0,0,0,0,0,0,0,0,0,0
550083,1,1,1997,17,17,17,17,17,17,17,17,17,17
550084,1,1,1997,9,9,9,9,9,9,9,9,9,9
550085,1,1,1997,0,0,0,0,0,0,0,0,0,0
550085,2,1,1997,0,0,0,0,0,0,0,0,0,0
550086,1,1,1997,19,19,19,19,19,19,19,19,19,19
550086,2,1,1997,0,0,0,0,0,0,0,0,0,0
550087,1,1,1997,19,19,19,19,19,19,19,19,19,19
550088,1,1,1997,0,0,0,0,0,0,0,0,0,0
550088,2,1,1997,24,24,24,24,24,24,24,24,24,24
550089,1,1,1997,0,0,0,0,0,0,0,0,0,0
550090,0,1,1997,18,18,18,18,18,18,18,18,18,18
550090,1,1,1997,0,0,0,0,0,15,0,0,0,0
550091,1,1,1997,0,0,0,0,0,0,0,0,0,0
550091,2,1,1997,0,0,0,0,0,0,0,0,0,0
550091,3,1,1997,0,0,0,0,0,0,0,0,0,0
550092,1,1,1997,0,0,0,0,0,0,0,0,0,0
550093,1,1,1997,0,0,0,0,0,0,0,0,0,0
550093,2,1,1997,0,0,0,0,0,0,0,0,0,0
550094,1,1,1997,0,0,0,0,0,0,0,0,0,0
550095,1,1,1997,20,20,20,20,20,20,20,20,20,20
550096,1,1,1997,0,0,0,0,0,0,0,0,0,0
550096,2,1,1997,0,0,0,0,0,0,0,0,0,0
550097,1,1,1997,0,0,0,0,0,0,0,0,0,0
550097,2,1,1997,0,0,0,0,0,0,0,0,0,0
550098,1,1,1997,29,29,29,29,29,29,29,29,29,29
550099,1,1,1997,0,0,0,0,0,0,0,0,0,0
550099,2,1,1997,0,0,0,0,0,0,0,0,0,0
550100,1,1,1997,17,17,17,17,17,17,17,17,17,17
550101,1,1,1997,0,0,0,0,0,0,0,0,0,0
550102,0,1,1997,0,0,0,0,0,0,0,0,0,22
550102,1,1,1997,0,0,0,0,0,0,0,0,0,0
550103,1,1,1997,0,0,0,0,0,0,0,0,0,0
550104,1,1,1997,0,0,0,0,0,0,0,0,0,0
550105,1,1,1997,0,0,0,0,0,0,0,0,0,0
550105,2,1,1997,0,0,0,0,0,0,0,0,0,0
550106,1,1,1997,0,0,0,0,0,0,0,0,0,0
550106,2,1,1997,0,0,0,0,0,0,0,0,0,0
550108,1,1,1997,0,0,0,6,0,16,0,0,0,0
550109,1,1,1997,12,12,12,12,12,12,12,12,12,12
550110,1,1,1997,0,0,0,0,0,0,0,0,0,0
550110,2,1,1997,0,0,0,0,0,0,0,0,0,0
550111,1,1,1997,5,5,5,5,5,5,5,5,5,5
550112,1,1,1997,0,0,0,0,0,0,0,0,0,0
550112,2,1,1997,0,0,0,0,0,0,0,0,0,0
550113,1,1,1997,0,0,0,0,0,0,0,0,0,0
550113,2,1,1997,0,0,0,0,0,0,0,0,0,0
550114,1,1,1997,0,0,0,0,0,0,0,0,0,0
550115,1,1,1997,25,25,25,25,25,25,25,25,25,25
550116,1,1,1997,0,0,0,0,0,0,0,0,0,0
550116,2,1,1997,0,0,0,0,0,0,0,0,0,0
550117,1,1,1997,21,21,21,21,21,21,21,21,21,21
550118,1,1,1997,0,0,0,0,0,0,0,0,0,0
550118,2,1,1997,26,26,26,26,26,26,26,26,26,26
550119,1,1,1997,0,0,0,0,0,0,0,0,0,0
550119,2,1,1997,22,22,22,22,22,22,22,22,22,22
550120,0,1,1997,21,21,21,21,21,21,21,21,21,21
550120,1,1,1997,0,0,0,0,0,0,0,0,0,0
550121,1,1,1997,9,9,9,9,9,9,9,9,9,9
550121,2,1,1997,0,0,0,0,0,0,0,0,0,0
550122,1,1,1997,35,35,35,35,35,35,35,35,35,35
550123,1,1,1997,0,0,0,0,0,0,0,0,0,0
550123,2,1,1997,0,0,0,0,0,0,0,0,0,0
550124,1,1,1997,22,22,22,22,22,22,22,22,22,22
550125,1,1,1997,18,18,18,18,18,18,18,18,18,18
550125,2,1,1997,0,0,0,0,0,0,0,0,0,0
550125,3,1,1997,0,0,0,0,0,0,0,0,0,0
550125,4,1,1997,0,0,0,14,0,0,0,0,0,0
550126,1,1,1997,9,9,9,9,9,9,9,9,9,9
550127,1,1,1997,0,0,0,0,0,0,0,0,0,0
550127,2,1,1997,20,20,20,20,20,20,20,20,20,20
550128,1,1,1997,0,0,0,0,0,0,0,0,0,0
550129,1,1,1997,0,0,0,0,0,0,0,0,0,0
550129,2,1,1997,0,0,0,0,0,0,0,0,0,0
550130,1,1,1997,24,24,24,24,24,24,24,24,24,24
550131,1,1,1997,5,5,5,5,5,5,5,5,5,5
550131,2,1,1997,0,0,0,0,0,0,0,0,0,0
550132,1,1,1997,28,28,28,28,28,28,28,28,28,28
550133,1,1,1997,0,0,0,0,0,0,0,0,0,0
550134,0,1,1997,20,20,20,20,20,20,20,20,20,20
550134,1,1,1997,0,0,0,0,0,16,0,0,23,0
550135,1,1,1997,20,20,20,20,20,20,20,20,20,20
550136,1,1,1997,0,0,0,0,0,0,0,0,0,0
550136,2,1,1997,0,0,0,0,0,0,0,0,0,0
550137,1,1,1997,35,35,35,35,35,35,35,35,35,35
550138,1,1,1997,0,0,0,13,0,8,0,0,0,0
550138,2,1,1997,0,0,0,0,0,0,0,0,0,0
550139,1,1,1997,26,26,26,26,26,26,26,26,26,26
550140,1,1,1997,9,9,9,9,9,9,9,9,9,9
550141,1,1,1997,0,0,0,0,0,0,0,0,0,0
550141,2,1,1997,2,2,2,2,2,2,2,2,2,2
550142,1,1,1997,11,11,11,11,11,11,11,11,11,11
550142,2,1,1997,0,0,0,0,0,0,0,0,0,0
550143,1,1,1997,0,0,0,0,0,0,0,0,0,0
550144,1,1,1997,21,29,20,6,17,21,28,17,20,13
550145,1,1,1997,0,0,0,0,0,0,0,0,0,0
550145,2,1,1997,0,0,0,0,0,0,0,0,0,0
550146,1,1,1997,0,0,0,0,0,0,0,0,0,0
550146,2,1,1997,0,0,0,0,0,0,0,0,0,0
550147,1,1,1997,0,0,0,0,0,0,0,0,0,0
550147,2,1,1997,0,0,0,0,0,0,0,0,0,0
550148,1,1,1997,14,14,14,14,14,14,14,14,14,14
550149,1,1,1997,0,0,0,0,0,0,0,0,0,0
550149,2,1,1997,22,22,22,22,22,22,22,22,22,22
550150,1,1,1997,0,0,0,0,0,0,0,0,0,0
550150,2,1,1997,0,0,0,0,0,0,0,0,0,0
550150,3,1,1997,0,0,0,0,0,0,0,0,0,0
550151,1,1,1997,20,20,20,20,20,20,20,20,20,20
550152,1,1,1997,0,0,0,0,0,0,0,0,0,0
550153,0,1,1997,0,0,0,0,0,0,0,0,0,0
550153,1,1,1997,18,18,18,18,18,18,18,18,18,18
550154,1,1,1997,0,0,0,0,0,0,0,0,0,0
550154,2,1,1997,0,0,0,0,0,0,0,0,0,0
550155,1,1,1997,13,13,13,13,13,13,13,13,13,13
550156,1,1,1997,0,0,0,0,0,0,0,0,0,0
550156,2,1,1997,0,0,0,0,0,0,0,0,0,0
550156,3,1,1997,0,0,0,0,0,0,0,0,0,0
550157,1,1,1997,0,0,0,0,0,0,0,0,0,0
550157,2,1,1997,0,0,0,0,0,0,0,0,0,0
550158,1,1,1997,3,3,3,3,3,3,3,3,3,3
550159,1,1,1997,0,0,0,0,0,0,0,0,0,0
550159,2,1,1997,0,0,0,31,0,0,0,0,0,0
550160,1,1,1997,0,0,0,0,0,0,0,0,0,0
550161,1,1,1997,22,22,22,22,22,22,22,22,22,22
550162,1,1,1997,0,0,0,0,0,0,0,0,0,0
550163,1,1,1997,0,0,0,0,0,0,0,0,0,0
550163,2,1,1997,0,0,0,0,0,0,0,0,0,0
550164,1,1,1997,26,26,26,26,26,26,26,26,26,26
550164,2,1,1997,12,12,12,12,12,12,12,12,12,12
550165,1,1,1997,25,0,0,0,0,20,0,15,0,0
550166,1,1,1997,15,15,15,15,15,15,15,15,15,15
550166,2,1,1997,0,0,0,0,0,0,0,0,0,0
550167,1,1,1997,0,0,0,0,0,0,0,0,0,0
550167,2,1,1997,0,0,0,0,0,0,0,0,10,0
550168,1,1,1997,23,23,23,23,23,23,23,23,23,23
550169,1,1,1997,0,0,0,0,0,0,0,0,7,0
550169,2,1,1997,0,0,0,22,0,0,0,0,0,28
550170,1,1,1997,0,0,0,0,0,0,0,0,0,0
550170,2,1,1997,0,0,0,0,0,0,0,0,0,0
550170,3,1,1997,0,0,0,0,0,0,0,0,0,0
550171,1,1,1997,0,0,0,0,0,0,0,0,0,0
550171,2,1,1997,0,0,0,0,0,0,0,0,0,0
550172,1,1,1997,12,12,12,12,12,12,12,12,12,12
550173,1,1,1997,0,0,0,0,0,0,0,0,0,0
550174,1,1,1997,0,0,0,0,0,0,0,0,0,0
550174,2,1,1997,0,0,0,0,0,0,0,0,0,0
550175,1,1,1997,12,0,0,9,0,14,0,0,0,0
550176,1,1,1997,0,0,0,0,0,0,0,0,0,0
550176,2,1,1997,14,14,14,14,14,14,14,14,14,14