ST_CASE,VEH_NO,PER_NO,YEAR,P1,P2,P3,P4,P5,P6,P7,P8,P9,P10
550177,1,1,1997,20,20,20,20,20,20,20,20,20,20
550177,2,1,1997,0,0,0,0,0,0,0,0,0,0
550178,0,1,1997,0,0,0,0,0,0,0,0,0,0
550178,1,1,1997,0,0,0,0,0,0,0,0,0,0
550179,1,1,1997,12,12,12,12,12,12,12,12,12,12
550180,1,1,1997,21,21,21,21,21,21,21,21,21,21
550181,1,1,1997,26,26,26,26,26,26,26,26,26,26
550181,2,1,1997,22,6,13,7,8,16,0,7,16,0
550182,1,1,1997,0,0,0,0,0,0,0,0,0,0
550182,2,1,1997,0,0,0,0,0,0,0,0,0,0
550183,1,1,1997,5,5,5,5,5,5,5,5,5,5
550184,1,1,1997,23,23,23,23,23,23,23,23,23,23
550185,1,1,1997,0,0,0,0,0,0,0,0,0,0
550185,2,1,1997,0,0,0,0,0,0,0,0,0,0
550186,1,1,1997,18,18,18,18,18,18,18,18,18,18
550187,1,1,1997,0,0,0,0,0,0,0,0,0,7
550187,2,1,1997,0,0,0,0,0,0,0,0,0,0
550188,1,1,1997,0,0,0,0,0,0,0,0,0,0
550189,1,1,1997,15,15,15,15,15,15,15,15,15,15
550190,1,1,1997,0,0,0,0,0,0,0,0,0,0
550191,1,1,1997,38,38,38,38,38,38,38,38,38,38
550192,1,1,1997,15,15,15,15,15,15,15,15,15,15
550193,1,1,1997,12,12,12,12,12,12,12,12,12,12
550194,1,1,1997,0,0,0,0,0,0,0,0,0,0
550195,1,1,1997,0,0,0,0,0,0,0,0,0,0
550196,1,1,1997,8,8,8,8,8,8,8,8,8,8
550196,2,1,1997,0,0,0,0,0,0,0,0,0,0
550197,1,1,1997,15,15,15,15,15,15,15,15,15,15
550197,2,1,1997,0,0,0,0,0,0,0,0,0,0
550198,1,1,1997,0,0,0,0,0,0,0,0,0,0
550198,2,1,1997,0,0,0,0,0,0,0,0,0,0
550199,1,1,1997,7,7,7,7,7,7,7,7,7,7
550200,1,1,1997,26,26,26,26,26,26,26,26,26,26
550201,1,1,1997,0,0,0,0,0,0,0,0,0,0
550201,2,1,1997,0,0,0,0,0,0,0,0,0,0
550202,1,1,1997,0,0,0,0,0,0,0,0,0,0
550203,1,1,1997,0,0,0,0,0,0,0,0,0,0
550203,2,1,1997,14,14,14,14,14,14,14,14,14,14
550204,1,1,1997,22,22,22,22,22,22,22,22,22,22
550205,1,1,1997,0,0,0,0,0,0,0,0,0,0
550205,2,1,1997,0,0,0,4,0,0,0,0,2,0
550206,1,1,1997,0,0,0,0,0,0,0,0,0,0
550207,1,1,1997,15,15,15,15,15,15,15,15,15,15
550208,1,1,1997,0,0,0,0,0,0,0,0,7,0
550209,1,1,1997,24,14,0,20,0,9,11,32,12,21
550210,1,1,1997,0,0,0,0,0,0,0,0,0,0
550211,1,1,1997,0,0,0,0,0,0,0,0,0,0
550212,1,1,1997,0,0,0,0,0,0,0,0,0,0
550212,2,1,1997,0,0,0,0,0,0,0,0,0,0
550213,1,1,1997,6,6,6,6,6,6,6,6,6,6
550215,1,1,1997,0,0,0,0,0,0,0,0,0,0
550216,1,1,1997,0,0,0,0,0,0,0,0,0,0
550216,2,1,1997,0,0,0,0,0,0,0,0,0,0
550216,3,1,1997,0,0,0,0,0,0,0,0,0,0
550217,1,1,1997,0,0,0,0,0,0,0,0,0,0
550217,2,1,1997,0,0,0,0,0,0,0,0,0,0
550218,1,1,1997,0,0,0,0,0,0,0,0,0,0
550218,2,1,1997,15,0,0,0,0,0,0,0,0,0
550219,1,1,1997,0,0,0,0,0,0,0,0,0,0
550219,2,1,1997,0,0,0,0,0,0,0,0,0,0
550220,1,1,1997,25,25,25,25,25,25,25,25,25,25
550221,1,1,1997,11,0,0,0,0,0,0,0,0,0
550221,2,1,1997,17,23,16,0,0,0,0,0,0,0
550222,1,1,1997,0,0,0,0,0,0,0,0,0,0
550222,2,1,1997,0,0,0,0,0,0,0,0,0,0
550223,1,1,1997,0,0,0,0,0,0,0,0,0,0
550223,2,1,1997,34,34,34,34,34,34,34,34,34,34
550224,1,1,1997,22,22,22,22,22,22,22,22,22,22
550225,1,1,1997,22,22,22,22,22,22,22,22,22,22
550226,0,1,1997,0,0,0,0,0,0,0,0,0,0
550226,1,1,1997,0,0,0,0,0,0,0,0,0,0
550227,1,1,1997,14,14,14,14,14,14,14,14,14,14
550228,1,1,1997,0,0,0,0,0,0,0,0,0,0
550228,2,1,1997,0,0,0,0,0,0,0,0,0,0
550229,1,1,1997,0,0,0,0,0,0,0,0,0,0
550230,1,1,1997,14,14,14,14,14,14,14,14,14,14
550230,2,1,1997,0,0,0,0,0,0,0,0,0,0
550231,1,1,1997,2,2,2,2,2,2,2,2,2,2
550232,1,1,1997,8,8,8,8,8,8,8,8,8,8
550233,1,1,1997,0,0,0,0,0,0,0,0,0,0
550233,2,1,1997,0,0,0,0,0,0,22,0,0,0
550234,1,1,1997,6,6,6,6,6,6,6,6,6,6
550235,1,1,1997,0,0,0,0,0,0,0,0,0,0
550235,2,1,1997,0,0,0,0,0,0,0,0,0,0
550236,1,1,1997,12,12,12,12,12,12,12,12,12,12
550237,1,1,1997,15,15,15,15,15,15,15,15,15,15
550238,1,1,1997,16,16,16,16,16,16,16,16,16,16
550238,2,1,1997,0,0,0,0,0,0,0,0,0,0
550239,1,1,1997,11,11,11,11,11,11,11,11,11,11
550240,1,1,1997,0,0,0,0,0,0,0,0,0,0
550240,2,1,1997,0,0,0,0,0,0,0,0,0,0
550241,1,1,1997,0,0,0,0,0,0,0,0,0,0
550241,2,1,1997,0,0,0,0,0,0,0,0,0,2
550242,1,1,1997,22,22,22,22,22,22,22,22,22,22
550243,1,1,1997,0,0,0,0,0,0,0,0,0,0
550243,2,1,1997,0,0,0,0,0,0,0,0,0,0
550243,3,1,1997,0,0,0,0,0,0,0,0,0,0
550243,4,1,1997,0,0,0,0,0,0,0,0,0,0
550243,5,1,1997,0,0,0,0,0,0,0,0,0,0
550244,1,1,1997,17,17,17,17,17,17,17,17,17,17
550245,1,1,1997,15,15,15,15,15,15,15,15,15,15
550246,1,1,1997,19,19,19,19,19,19,19,19,19,19
550247,1,1,1997,24,24,24,24,24,24,24,24,24,24
550248,1,1,1997,0,0,0,0,0,0,0,0,0,0
550249,1,1,1997,0,0,0,0,0,0,0,0,0,0
550249,2,1,1997,0,0,20,0,0,0,0,0,0,0
550250,1,1,1997,17,17,17,17,17,17,17,17,17,17
550251,1,1,1997,0,0,0,0,0,0,0,18,0,0
550251,2,1,1997,0,0,0,0,0,0,0,0,0,0
550252,1,1,1997,0,0,0,0,0,0,0,0,0,0
550253,1,1,1997,0,0,0,0,0,0,0,0,0,0
550253,2,1,1997,0,0,0,0,0,0,0,0,0,0
550254,1,1,1997,0,0,0,0,0,0,0,0,0,0
550255,1,1,1997,8,8,8,8,8,8,8,8,8,8
550255,2,1,1997,16,16,16,16,16,16,16,16,16,16
550256,1,1,1997,1,1,1,1,1,1,1,1,1,1
550256,2,1,1997,0,0,0,0,0,0,0,0,0,0
550256,3,1,1997,24,0,23,23,0,0,7,0,0,0
550257,1,1,1997,0,0,0,0,0,0,0,0,0,0
550257,2,1,1997,0,0,0,0,0,0,0,0,0,0
550258,1,1,1997,0,0,0,0,0,0,0,0,0,0
550259,1,1,1997,0,0,0,0,0,0,0,0,0,0
550259,2,1,1997,0,0,0,0,0,0,0,0,0,0
550260,1,1,1997,0,0,0,0,0,0,0,0,0,0
550260,2,1,1997,0,0,0,0,0,0,0,0,0,0
550260,3,1,1997,0,0,0,0,0,0,0,0,0,0
550261,1,1,1997,0,0,0,0,0,0,0,0,0,0
550261,2,1,1997,0,0,0,0,0,0,0,0,0,0
550262,1,1,1997,0,0,0,0,0,0,0,0,0,0
550262,2,1,1997,0,0,0,0,0,0,0,0,0,0
550263,1,1,1997,13,13,13,13,13,13,13,13,13,13
550263,2,1,1997,0,0,0,0,0,0,0,0,0,0
550264,0,1,1997,0,0,0,0,0,0,0,0,0,0
550264,1,1,1997,0,0,0,0,0,0,0,0,0,0
550265,0,1,1997,0,0,0,0,0,0,0,0,0,0
550265,1,1,1997,0,0,0,0,0,0,0,0,0,0
550266,1,1,1997,0,0,0,0,0,0,0,0,0,0
550266,2,1,1997,0,0,0,0,0,0,0,0,0,0
550267,1,1,1997,0,0,0,0,0,0,0,0,0,0
550268,1,1,1997,0,0,0,0,0,0,0,0,0,0
550269,1,1,1997,3,3,3,3,3,3,3,3,3,3
550270,1,1,1997,7,7,7,7,7,7,7,7,7,7
550271,1,1,1997,15,15,15,15,15,15,15,15,15,15
550272,1,1,1997,0,0,0,0,0,0,0,0,0,0
550273,1,1,1997,0,0,0,0,0,0,0,0,0,0
550273,2,1,1997,15,15,15,15,15,15,15,15,15,15
550274,1,1,1997,0,0,0,0,0,0,0,0,0,0
550274,2,1,1997,0,0,0,0,0,0,0,0,0,0
550274,3,1,1997,0,0,0,0,0,0,0,0,0,0
550275,1,1,1997,20,20,20,20,20,20,20,20,20,20
550275,2,1,1997,0,0,0,0,0,0,0,0,0,0
550276,1,1,1997,0,0,0,0,0,0,0,0,0,0
550276,2,1,1997,0,0,0,0,0,0,0,0,0,0
550276,3,1,1997,0,0,0,0,0,0,0,0,0,0
550276,4,1,1997,0,0,0,0,0,0,0,0,0,0
550277,1,1,1997,0,0,0,0,0,0,0,0,0,0
550277,2,1,1997,0,0,0,0,0,0,0,0,0,0
550277,3,1,1997,0,0,0,0,0,0,0,0,0,0
550277,4,1,1997,0,0,0,0,0,0,0,15,13,0
550278,1,1,1997,0,0,0,0,0,0,0,0,0,0
550278,2,1,1997,0,0,0,0,0,0,0,0,0,0
550278,3,1,1997,0,0,0,0,0,10,0,0,0,0
550279,1,1,1997,21,21,21,21,21,21,21,21,21,21
550279,2,1,1997,0,22,0,0,0,0,0,0,0,0
550280,0,1,1997,0,0,0,0,0,0,0,0,0,0
550280,1,1,1997,0,0,20,0,0,0,0,0,0,0
550281,0,1,1997,29,29,29,29,29,29,29,29,29,29
550281,1,1,1997,0,0,0,0,0,0,0,0,0,0
550282,0,1,1997,25,25,25,25,25,25,25,25,25,25
550282,1,1,1997,0,0,0,0,0,0,0,0,0,0
550282,2,1,1997,0,0,0,0,0,0,0,0,0,0
550283,1,1,1997,5,5,5,5,5,5,5,5,5,5
550283,2,1,1997,0,0,0,19,13,0,18,0,16,0
550284,1,1,1997,0,20,8,0,0,0,0,4,0,0
550285,1,1,1997,0,0,0,0,0,0,0,0,0,0
550286,1,1,1997,17,17,17,17,17,17,17,17,17,17
550286,2,1,1997,0,0,0,0,0,0,0,0,0,0
550287,1,1,1997,9,9,9,9,9,9,9,9,9,9
550288,0,1,1997,0,0,0,0,0,0,0,0,0,0
550288,1,1,1997,8,0,0,0,0,0,0,0,0,0
550289,1,1,1997,0,0,0,0,0,0,0,0,0,0
550289,2,1,1997,12,12,12,12,12,12,12,12,12,12
550290,1,1,1997,14,14,14,14,14,14,14,14,14,14
550290,2,1,1997,0,0,0,0,0,0,0,0,0,0
550290,3,1,1997,0,0,0,0,0,0,0,0,0,0
550290,4,1,1997,0,0,0,0,0,0,0,0,0,0
550291,1,1,1997,13,13,13,13,13,13,13,13,13,13
550292,1,1,1997,0,0,0,0,0,0,0,0,0,0
550292,2,1,1997,0,0,0,0,0,0,0,0,0,0
550293,1,1,1997,0,0,0,0,0,0,0,0,0,0
550293,2,1,1997,0,0,0,0,0,0,0,0,0,0
550294,1,1,1997,9,9,9,9,9,9,9,9,9,9
550294,2,1,1997,0,0,0,0,0,0,0,0,0,0
550295,1,1,1997,0,0,0,0,0,0,0,0,0,0
550296,1,1,1997,23,23,23,23,23,23,23,23,23,23
550297,1,1,1997,0,0,0,0,0,0,0,0,0,0
550298,1,1,1997,18,18,18,18,18,18,18,18,18,18
550299,1,1,1997,0,0,0,0,0,0,0,0,0,0
550299,2,1,1997,0,0,0,0,0,0,0,0,0,0
550300,1,1,1997,20,20,20,20,20,20,20,20,20,20
550301,1,1,1997,15,15,15,15,15,15,15,15,15,15
550302,1,1,1997,18,18,18,18,18,18,18,18,18,18
550303,1,1,1997,12,12,12,12,12,12,12,12,12,12
550304,1,1,1997,7,7,7,7,7,7,7,7,7,7
550305,1,1,1997,0,0,0,0,0,0,0,0,0,0
550306,1,1,1997,0,15,0,0,0,0,9,0,0,23
550307,0,1,1997,0,0,0,0,0,0,0,0,0,0
550307,1,1,1997,0,0,0,0,0,0,0,0,0,0
550308,1,1,1997,12,12,12,12,12,12,12,12,12,12
550309,0,1,1997,0,0,0,0,0,0,0,0,0,0
550309,0,2,1997,0,0,0,0,0,0,0,0,0,0
550309,0,3,1997,13,0,0,0,0,0,0,20,0,0
550309,1,1,1997,0,0,0,0,0,0,0,0,0,0
550310,0,1,1997,20,20,20,20,20,20,20,20,20,20
550310,2,1,1997,0,0,0,0,0,0,0,0,0,0
550311,1,1,1997,0,0,0,0,0,0,0,0,0,0
550311,2,1,1997,16,0,0,0,0,0,0,0,0,0
550312,1,1,1997,29,29,29,29,29,29,29,29,29,29
550313,0,1,1997,0,0,0,0,0,0,0,0,0,0
550313,1,1,1997,0,0,0,0,0,0,0,0,0,0
550314,1,1,1997,0,0,0,0,0,0,0,0,0,0
550315,1,1,1997,0,0,0,0,0,0,0,0,0,0
550315,2,1,1997,0,0,0,0,0,0,0,0,0,0
550316,1,1,1997,1,1,1,1,1,1,1,1,1,1
550316,2,1,1997,0,0,0,0,0,0,0,0,0,0
550317,1,1,1997,0,19,0,0,0,0,0,11,0,0
550317,2,1,1997,0,0,0,0,0,0,0,0,0,0
550318,1,1,1997,0,0,0,0,0,0,0,0,0,0
550319,0,1,1997,14,14,14,14,14,14,14,14,14,14
550319,1,1,1997,10,13,33,0,39,29,0,0,0,0
550320,1,1,1997,0,0,0,0,0,0,0,0,0,0
550321,1,1,1997,29,29,29,29,29,29,29,29,29,29
550322,1,1,1997,28,28,28,28,28,28,28,28,28,28
550322,2,1,1997,0,0,0,0,0,0,0,0,0,0
550323,0,1,1997,0,0,0,0,0,0,0,0,0,0
550323,1,1,1997,25,12,23,12,3,22,13,8,4,13
550324,0,1,1997,0,0,0,0,0,0,0,0,0,0
550324,1,1,1997,0,0,0,0,0,0,0,0,0,0
550325,1,1,1997,0,0,0,0,0,0,0,0,0,0
550325,2,1,1997,0,0,0,0,0,0,8,0,0,0
550326,1,1,1997,21,21,21,21,21,21,21,21,21,21
550327,1,1,1997,18,18,18,18,18,18,18,18,18,18
550328,1,1,1997,0,0,0,0,0,0,0,0,0,0
550328,2,1,1997,20,20,20,20,20,20,20,20,20,20
550329,1,1,1997,4,4,4,4,4,4,4,4,4,4
550330,1,1,1997,0,0,0,0,0,0,0,0,0,0
550331,1,1,1997,0,0,0,0,0,0,0,0,0,0
550332,1,1,1997,0,11,11,0,0,0,0,0,0,11
550332,2,1,1997,0,0,0,0,0,0,25,0,0,0
550333,0,1,1997,0,0,0,0,0,0,0,0,0,0
550333,1,1,1997,25,25,25,25,25,25,25,25,25,25
550334,1,1,1997,20,20,20,20,20,20,20,20,20,20
550335,1,1,1997,22,22,22,22,22,22,22,22,22,22
550335,2,1,1997,29,0,14,0,12,0,0,0,0,0
550336,1,1,1997,21,21,21,21,21,21,21,21,21,21
550337,1,1,1997,20,20,20,20,20,20,20,20,20,20
550338,1,1,1997,14,14,14,14,14,14,14,14,14,14
550339,1,1,1997,0,0,0,0,0,0,0,0,0,0
550339,2,1,1997,0,0,0,0,0,0,0,0,0,0
550339,3,1,1997,0,0,0,0,0,0,0,0,0,0
550340,1,1,1997,28,28,28,28,28,28,28,28,28,28
550341,1,1,1997,3,3,3,3,3,3,3,3,3,3
550341,2,1,1997,0,0,0,0,0,22,0,0,0,0
550342,1,1,1997,0,0,0,0,0,0,0,0,0,0
550343,1,1,1997,22,22,22,22,22,22,22,22,22,22
550344,1,1,1997,0,0,0,0,0,0,0,0,0,0
550345,1,1,1997,0,0,0,0,0,0,0,0,0,0
550345,2,1,1997,0,0,0,0,0,0,0,0,0,0
550346,1,1,1997,0,0,0,0,0,0,0,0,0,0
550346,2,1,1997,0,0,0,0,0,0,0,0,0,0
550347,1,1,1997,0,0,0,0,0,0,0,0,0,0
550347,2,1,1997,0,0,27,0,0,0,0,0,0,0
550348,1,1,1997,0,0,0,0,0,0,0,0,0,0
550348,2,1,1997,0,0,0,0,0,0,0,0,0,0
550349,1,1,1997,0,0,0,0,0,0,0,0,0,0
550350,0,1,1997,0,0,0,0,0,0,0,0,0,0
550350,1,1,1997,0,0,0,0,0,0,0,0,0,0
550351,1,1,1997,16,16,16,16,16,16,16,16,16,16
550352,1,1,1997,15,15,15,15,15,15,15,15,15,15
550353,1,1,1997,12,12,12,12,12,12,12,12,12,12
550354,1,1,1997,3,3,3,3,3,3,3,3,3,3
550355,1,1,1997,0,0,0,0,0,0,0,0,0,0
550355,2,1,1997,0,0,0,0,0,0,0,0,0,0
550356,1,1,1997,7,7,7,7,7,7,7,7,7,7
550357,1,1,1997,0,0,0,0,0,0,0,0,0,0
550357,2,1,1997,0,0,0,0,0,0,0,0,0,0
550357,3,1,1997,0,0,0,0,0,0,0,0,0,0
550358,0,1,1997,0,0,0,0,0,0,0,0,0,0
550358,1,1,1997,6,6,6,6,6,6,6,6,6,6
550359,0,1,1997,3,3,3,3,3,3,3,3,3,3
550359,1,1,1997,3,3,3,3,3,3,3,3,3,3
550360,1,1,1997,9,9,9,9,9,9,9,9,9,9
550361,1,1,1997,0,0,0,0,0,0,0,0,0,0
550361,2,1,1997,0,0,0,0,0,0,0,0,0,0
550362,0,1,1997,0,0,0,0,0,14,0,0,0,0
550362,0,2,1997,8,0,0,0,0,0,16,0,0,0
550362,1,1,1997,0,0,0,0,0,0,0,0,0,0
550363,1,1,1997,0,0,0,0,0,0,0,0,0,0
550363,2,1,1997,10,10,10,10,10,10,10,10,10,10
550364,1,1,1997,0,0,0,0,0,0,0,0,0,0
550364,2,1,1997,0,0,0,0,0,28,0,0,17,0
550365,1,1,1997,26,26,26,26,26,26,26,26,26,26
550366,1,1,1997,0,0,0,0,0,0,0,0,0,0
550366,2,1,1997,0,0,0,0,0,0,0,0,0,0
550367,1,1,1997,25,25,25,25,25,25,25,25,25,25
550368,1,1,1997,0,0,0,0,0,0,0,0,0,0
550368,2,1,1997,0,0,0,0,0,0,0,0,0,0
550369,1,1,1997,0,0,0,0,0,0,0,0,0,0
550370,1,1,1997,12,12,12,12,12,12,12,12,12,12
550371,1,1,1997,0,0,0,0,0,0,0,0,0,0
550372,1,1,1997,0,0,0,0,0,0,0,0,0,0
550372,2,1,1997,0,0,0,0,0,0,0,0,0,0
550373,1,1,1997,15,15,15,15,15,15,15,15,15,15
550374,1,1,1997,0,0,0,0,0,0,0,0,0,0
550374,2,1,1997,0,0,0,0,0,0,0,0,0,0
550375,1,1,1997,0,0,0,0,0,0,0,0,0,0
550376,1,1,1997,16,16,16,16,16,16,16,16,16,16
550377,1,1,1997,0,0,0,0,0,0,0,0,0,0
550378,1,1,1997,0,0,0,0,0,0,0,0,0,0
550379,1,1,1997,0,0,9,15,9,0,0,0,0,0
550380,1,1,1997,0,0,0,0,0,0,0,0,0,0
550380,2,1,1997,0,0,0,0,0,0,0,0,0,0
550381,1,1,1997,11,11,11,11,11,11,11,11,11,11
550381,2,1,1997,0,0,0,0,0,0,0,0,0,0
550382,1,1,1997,0,0,0,0,0,0,0,0,0,0
550382,2,1,1997,0,0,0,0,0,0,0,0,0,0
550383,1,1,1997,0,0,0,0,0,0,0,0,0,0
550384,1,1,1997,0,0,0,0,0,0,0,0,0,0
550385,1,1,1997,4,4,4,4,4,4,4,4,4,4
550386,1,1,1997,0,0,0,0,0,0,0,0,0,0
550386,2,1,1997,0,0,0,0,0,0,0,0,0,0
550387,1,1,1997,13,13,13,13,13,13,13,13,13,13
550388,1,1,1997,0,0,0,0,0,0,0,0,0,0
550389,1,1,1997,15,15,15,15,15,15,15,15,15,15
550390,0,1,1997,0,0,0,0,0,0,0,0,0,0
550390,1,1,1997,0,0,0,0,0,0,0,0,0,0
550391,1,1,1997,12,12,12,12,12,12,12,12,12,12
550392,1,1,1997,19,19,19,19,19,19,19,19,19,19
550393,1,1,1997,0,26,0,0,0,0,8,0,0,9
550393,2,1,1997,22,22,22,22,22,22,22,22,22,22
550394,1,1,1997,0,0,11,0,0,0,0,0,0,0
550394,2,1,1997,0,0,0,0,0,0,0,0,0,0
550394,3,1,1997,0,0,0,0,0,0,0,0,0,0
550394,4,1,1997,0,0,0,0,0,0,0,0,0,0
550395,1,1,1997,0,0,0,0,24,0,0,0,0,0
550396,1,1,1997,0,0,0,0,0,0,0,0,0,0
550396,2,1,1997,0,0,0,0,0,0,0,0,0,0
550397,1,1,1997,0,16,0,0,0,0,5,0,0,0
550398,1,1,1997,18,18,18,18,18,18,18,18,18,18
550399,1,1,1997,0,0,0,0,0,0,0,0,0,0
550399,2,1,1997,0,0,0,0,0,0,0,0,0,0
550400,1,1,1997,0,0,0,0,0,0,0,0,0,0
550400,2,1,1997,0,0,0,0,0,0,0,0,0,0
550401,1,1,1997,12,12,12,12,12,12,12,12,12,12
550401,2,1,1997,9,9,9,9,9,9,9,9,9,9
550402,1,1,1997,0,0,0,0,0,0,0,0,0,0
550402,2,1,1997,2,2,2,2,2,2,2,2,2,2
550403,1,1,1997,0,0,0,0,0,0,0,0,0,0
550403,2,1,1997,0,0,0,0,0,0,0,0,0,0
550403,3,1,1997,0,0,0,0,0,0,0,24,0,0
550403,4,1,1997,0,0,0,0,0,0,0,0,0,0
550404,1,1,1997,0,0,0,0,0,0,12,0,0,0
550404,2,1,1997,0,0,0,6,0,0,0,0,0,0
550405,1,1,1997,0,0,0,0,0,0,0,0,0,0
550405,2,1,1997,0,0,0,0,0,0,0,0,0,0
550406,1,1,1997,28,28,28,28,28,28,28,28,28,28
550407,1,1,1997,0,0,0,0,0,0,0,0,0,0
550407,2,1,1997,0,0,18,0,0,0,0,19,0,0
550408,0,1,1997,0,0,0,0,0,0,0,0,0,0
550408,1,1,1997,0,0,0,0,0,0,0,0,0,0
550409,1,1,1997,18,18,18,18,18,18,18,18,18,18
550410,1,1,1997,0,0,0,0,0,0,13,0,0,0
550411,1,1,1997,0,0,0,0,0,0,0,0,0,0
550412,1,1,1997,0,0,0,0,0,0,0,0,0,0
550412,2,1,1997,0,0,0,0,0,0,0,0,0,0
550413,1,1,1997,23,23,23,23,23,23,23,23,23,23
550413,2,1,1997,0,0,0,0,0,0,0,0,0,0
550414,0,1,1997,14,14,14,14,14,14,14,14,14,14
550414,1,1,1997,20,20,20,20,20,20,20,20,20,20
550415,1,1,1997,27,27,27,27,27,27,27,27,27,27
550415,2,1,1997,0,0,0,0,0,0,0,0,0,0
550416,1,1,1997,23,23,23,23,23,23,23,23,23,23
550416,2,1,1997,17,17,17,17,17,17,17,17,17,17
550417,1,1,1997,0,0,0,0,0,0,0,0,0,0
550418,1,1,1997,0,0,0,0,0,0,0,0,0,0
550418,2,1,1997,4,4,4,4,4,4,4,4,4,4
550419,1,1,1997,0,0,0,0,0,0,0,0,0,0
550419,2,1,1997,0,0,0,0,0,0,0,0,0,0
550420,1,1,1997,0,9,0,0,0,0,0,0,0,0
550421,1,1,1997,0,0,0,0,0,0,0,0,0,0
550421,2,1,1997,0,0,0,0,0,0,0,0,0,0
550422,1,1,1997,15,15,15,15,15,15,15,15,15,15
550422,2,1,1997,5,0,15,0,0,0,0,0,0,0
550423,1,1,1997,20,20,20,20,20,20,20,20,20,20
550423,2,1,1997,0,0,0,0,0,0,0,0,0,0
550424,1,1,1997,20,20,20,20,20,20,20,20,20,20
550425,1,1,1997,0,0,0,14,0,14,0,0,0,0
550425,2,1,1997,0,0,0,0,0,0,0,0,0,0
550426,1,1,1997,0,0,0,0,0,0,0,0,0,0
550427,0,1,1997,17,17,17,17,17,17,17,17,17,17
550427,1,1,1997,17,16,0,17,0,0,14,12,14,14
550428,1,1,1997,17,17,17,17,17,17,17,17,17,17
550429,1,1,1997,0,0,0,0,0,0,0,0,0,0
550429,2,1,1997,0,0,0,0,0,0,0,0,0,0
550430,1,1,1997,0,0,0,0,0,0,0,0,0,0
550430,2,1,1997,0,0,0,0,0,0,0,0,0,0
550431,1,1,1997,10,0,0,17,0,0,0,0,0,10
550432,1,1,1997,12,12,12,12,12,12,12,12,12,12
550433,1,1,1997,32,32,32,32,32,32,32,32,32,32
550434,1,1,1997,0,0,0,0,0,0,0,0,0,0
550434,2,1,1997,0,0,0,0,0,0,0,0,0,0
550435,0,1,1997,21,21,21,21,21,21,21,21,21,21
550435,1,1,1997,0,0,0,0,0,0,0,0,0,0
550436,1,1,1997,0,0,18,0,0,0,25,0,0,0
550437,1,1,1997,0,0,0,0,0,0,0,0,0,0
550437,2,1,1997,0,0,0,0,0,0,0,0,0,0
550438,1,1,1997,0,0,0,0,0,0,0,0,0,0
550439,0,1,1997,17,17,17,17,17,17,17,17,17,17
550439,1,1,1997,0,0,0,0,0,0,0,0,0,0
550440,1,1,1997,24,24,24,24,24,24,24,24,24,24
550441,1,1,1997,0,0,0,0,0,0,0,0,0,0
550441,2,1,1997,0,0,0,0,0,0,0,0,0,0
550441,3,1,1997,0,0,0,0,0,0,0,0,0,0
550441,4,1,1997,0,0,0,0,0,0,0,0,0,0
550442,1,1,1997,19,19,19,19,19,19,19,19,19,19
550443,1,1,1997,25,25,25,25,25,25,25,25,25,25
550444,1,1,1997,8,8,8,8,8,8,8,8,8,8
550444,2,1,1997,0,0,0,0,0,0,0,0,0,0
550445,1,1,1997,10,0,0,0,20,0,7,0,19,11
550445,2,1,1997,11,0,19,13,26,0,0,17,0,5
550446,0,1,1997,30,30,30,30,30,30,30,30,30,30
550446,1,1,1997,0,0,0,0,0,0,0,0,0,0
550447,1,1,1997,0,0,0,0,0,0,0,0,0,0
550447,2,1,1997,0,0,0,0,0,0,0,0,0,0
550448,1,1,1997,19,19,19,19,19,19,19,19,19,19
550448,2,1,1997,0,0,0,0,0,0,0,0,0,0
550449,1,1,1997,0,0,0,0,0,0,0,0,0,0
550450,1,1,1997,0,0,0,0,0,0,0,0,0,0
550451,0,1,1997,0,0,0,0,0,0,0,0,0,0
550451,1,1,1997,0,0,0,0,0,0,0,0,0,0
550452,1,1,1997,0,0,0,0,0,0,0,0,0,0
550452,2,1,1997,0,0,0,4,0,0,0,0,0,0
550453,1,1,1997,0,0,18,0,0,0,0,0,0,0
550453,2,1,1997,0,19,0,0,0,0,0,18,25,0
550454,1,1,1997,16,16,16,16,16,16,16,16,16,16
550455,1,1,1997,22,22,22,22,22,22,22,22,22,22
550456,1,1,1997,36,36,36,36,36,36,36,36,36,36
550457,0,1,1997,1,1,1,1,1,1,1,1,1,1
550457,1,1,1997,4,32,14,0,5,20,0,0,0,52
550458,1,1,1997,37,37,37,37,37,37,37,37,37,37