ST_CASE,VEH_NO,PER_NO,YEAR,P1,P2,P3,P4,P5,P6,P7,P8,P9,P10
550459,1,1,1997,0,0,0,0,0,0,0,0,0,0
550459,2,1,1997,0,0,0,0,0,0,0,0,0,0
550460,1,1,1997,10,10,10,10,10,10,10,10,10,10
550461,1,1,1997,21,21,21,21,21,21,21,21,21,21
550462,1,1,1997,0,0,0,0,4,0,0,0,0,0
550462,2,1,1997,0,0,0,0,0,0,0,0,0,0
550463,0,1,1997,16,20,9,22,9,24,6,13,44,20
550463,1,1,1997,12,12,12,12,12,12,12,12,12,12
550463,2,1,1997,3,3,3,3,3,3,3,3,3,3
550464,1,1,1997,0,0,0,0,0,0,0,0,0,0
550464,2,1,1997,0,0,0,0,0,0,0,0,0,0
550465,1,1,1997,0,0,0,0,0,0,0,0,0,0
550465,2,1,1997,0,0,0,0,0,0,0,0,0,0
550466,1,1,1997,0,28,0,0,0,0,0,0,0,0
550466,2,1,1997,0,0,0,0,0,0,0,0,0,0
550467,1,1,1997,15,15,15,15,15,15,15,15,15,15
550468,1,1,1997,0,0,0,0,0,0,0,0,0,0
550468,2,1,1997,0,0,0,0,0,0,0,0,0,0
550469,0,1,1997,0,0,0,0,0,0,0,0,0,0
550469,1,1,1997,0,0,0,0,0,0,0,0,0,0
550470,1,1,1997,19,19,19,19,19,19,19,19,19,19
550471,1,1,1997,0,0,0,0,0,0,0,0,0,0
550471,2,1,1997,0,0,0,0,0,0,0,0,0,0
550472,1,1,1997,0,0,0,0,0,0,0,0,0,0
550472,2,1,1997,0,0,0,0,0,0,0,0,0,0
550473,0,1,1997,34,34,34,34,34,34,34,34,34,34
550473,1,1,1997,0,0,0,0,0,0,0,0,0,0
550474,0,1,1997,18,18,18,18,18,18,18,18,18,18
550474,1,1,1997,0,0,0,12,0,0,0,0,0,0
550475,1,1,1997,13,13,13,13,13,13,13,13,13,13
550476,1,1,1997,25,25,25,25,25,25,25,25,25,25
550477,1,1,1997,26,26,26,26,26,26,26,26,26,26
550477,2,1,1997,0,0,0,0,0,0,0,0,0,0
550478,1,1,1997,11,11,11,11,11,11,11,11,11,11
550479,0,1,1997,0,0,0,0,0,0,0,0,0,0
550479,1,1,1997,0,0,0,0,0,0,0,0,0,0
550480,1,1,1997,22,22,22,22,22,22,22,22,22,22
550481,1,1,1997,20,20,20,20,20,20,20,20,20,20
550482,1,1,1997,0,0,0,0,0,0,0,11,0,0
550482,2,1,1997,21,21,21,21,21,21,21,21,21,21
550483,1,1,1997,25,25,25,25,25,25,25,25,25,25
550484,1,1,1997,0,0,0,0,0,0,0,0,0,0
550484,2,1,1997,0,0,0,0,0,0,0,0,0,0
550485,0,1,1997,0,0,0,0,0,0,32,0,0,0
550485,1,1,1997,0,0,0,0,0,0,0,0,0,0
550486,1,1,1997,0,0,0,0,0,0,0,0,0,0
550487,1,1,1997,0,0,0,0,0,0,0,0,0,0
550487,2,1,1997,0,0,0,0,0,0,0,0,0,0
550488,0,1,1997,13,13,13,13,13,13,13,13,13,13
550488,1,1,1997,0,0,0,0,0,0,0,0,0,0
550489,1,1,1997,24,24,24,24,24,24,24,24,24,24
550490,1,1,1997,6,6,6,6,6,6,6,6,6,6
550491,1,1,1997,0,0,0,0,0,0,0,0,0,0
550491,2,1,1997,0,0,0,0,0,0,0,0,0,0
550492,1,1,1997,23,23,23,23,23,23,23,23,23,23
550493,1,1,1997,0,0,0,0,0,0,0,0,0,0
550493,2,1,1997,0,0,0,0,0,0,0,0,0,0
550494,1,1,1997,0,0,0,0,0,0,0,0,0,0
550494,2,1,1997,0,0,0,0,0,0,0,0,0,0
550495,1,1,1997,20,20,20,20,20,20,20,20,20,20
550496,1,1,1997,0,0,0,0,0,0,0,0,0,0
550497,1,1,1997,16,16,16,16,16,16,16,16,16,16
550498,1,1,1997,0,0,0,0,0,0,0,0,0,0
550498,2,1,1997,0,0,0,0,0,0,13,0,0,15
550499,1,1,1997,0,0,0,0,0,0,0,0,0,0
550499,2,1,1997,0,0,0,0,0,0,0,0,0,0
550500,1,1,1997,0,0,0,0,0,0,21,0,0,0
550501,1,1,1997,5,0,0,16,0,0,11,0,23,16
550502,1,1,1997,0,0,0,0,0,0,0,0,0,0
550502,2,1,1997,0,15,0,0,0,0,0,0,0,0
550503,1,1,1997,19,19,19,19,19,19,19,19,19,19
550503,2,1,1997,15,15,15,15,15,15,15,15,15,15
550504,1,1,1997,0,0,0,0,0,0,0,0,0,0
550505,1,1,1997,0,0,0,0,0,0,0,0,0,0
550505,2,1,1997,5,5,5,5,5,5,5,5,5,5
550506,0,1,1997,0,0,0,0,0,0,0,0,0,0
550506,1,1,1997,0,0,0,0,0,0,0,0,0,0
550507,1,1,1997,28,28,28,28,28,28,28,28,28,28
550508,1,1,1997,35,35,35,35,35,35,35,35,35,35
550509,1,1,1997,0,0,0,0,0,0,0,0,0,0
550509,2,1,1997,0,0,0,0,0,0,0,0,0,0
550510,1,1,1997,0,0,0,0,0,0,0,0,0,0
550511,1,1,1997,0,0,0,0,0,0,0,0,0,0
550511,2,1,1997,0,0,0,0,0,0,0,0,0,0
550512,1,1,1997,0,0,0,0,0,0,0,0,0,0
550513,1,1,1997,18,18,18,18,18,18,18,18,18,18
550514,1,1,1997,15,15,15,15,15,15,15,15,15,15
550515,0,1,1997,0,0,0,0,0,0,0,0,0,0
550515,1,1,1997,0,0,0,0,0,0,0,0,0,0
550516,1,1,1997,0,0,0,0,0,0,0,0,0,0
550516,2,1,1997,0,0,0,0,0,0,0,0,0,0
550517,0,1,1997,20,20,20,20,20,20,20,20,20,20
550517,1,1,1997,7,7,7,7,7,7,7,7,7,7
550518,1,1,1997,14,14,14,14,14,14,14,14,14,14
550519,1,1,1997,0,0,0,0,0,0,0,0,0,0
550519,2,1,1997,0,20,0,12,9,0,0,0,0,0
550520,1,1,1997,0,0,0,0,0,0,0,0,0,0
550521,1,1,1997,14,14,14,14,14,14,14,14,14,14
550522,1,1,1997,0,0,0,0,0,0,0,0,0,0
550522,2,1,1997,0,0,0,0,0,0,0,0,0,0
550523,1,1,1997,0,0,0,0,0,0,0,0,0,0
550523,2,1,1997,0,0,0,0,0,0,0,0,0,0
550523,3,1,1997,0,0,0,0,0,0,0,0,0,0
550524,1,1,1997,0,0,0,0,0,0,0,0,0,0
550525,1,1,1997,15,15,15,15,15,15,15,15,15,15
550526,1,1,1997,0,0,0,0,0,0,0,0,0,0
550526,2,1,1997,0,0,0,0,0,0,0,0,0,0
550527,1,1,1997,0,0,0,0,0,0,0,0,0,0
550528,1,1,1997,0,0,0,0,0,0,0,0,0,0
550528,2,1,1997,0,0,0,0,0,0,0,0,0,0
550529,1,1,1997,0,0,0,0,0,0,0,0,0,0
550529,2,1,1997,0,0,0,0,0,0,0,0,0,15
550530,0,1,1997,18,18,18,18,18,18,18,18,18,18
550530,1,1,1997,0,0,0,0,0,0,0,0,0,0
550531,1,1,1997,0,0,0,0,0,0,0,0,0,0
550532,1,1,1997,27,27,27,27,27,27,27,27,27,27
550533,1,1,1997,21,21,21,21,21,21,21,21,21,21
550533,2,1,1997,0,0,0,0,0,0,0,0,0,0
550533,3,1,1997,0,0,0,0,0,0,0,0,0,0
550534,1,2,1997,16,0,13,0,17,20,27,23,16,21
550535,1,1,1997,0,0,0,0,0,0,0,0,0,0
550535,2,1,1997,0,0,0,0,0,0,0,0,0,0
550536,1,1,1997,0,0,0,0,0,0,0,0,0,0
550536,2,1,1997,2,2,2,2,2,2,2,2,2,2
550537,1,1,1997,0,0,0,0,0,0,0,0,0,0
550537,2,1,1997,6,6,6,6,6,6,6,6,6,6
550538,1,1,1997,0,0,0,0,0,0,0,0,0,0
550538,2,1,1997,0,0,0,0,0,0,0,0,0,0
550539,1,1,1997,12,12,12,12,12,12,12,12,12,12
550540,1,1,1997,23,23,23,23,23,23,23,23,23,23
550540,2,1,1997,0,0,0,0,0,0,0,0,0,0
550541,1,1,1997,19,19,19,19,19,19,19,19,19,19
550541,2,1,1997,0,0,0,0,0,0,0,0,0,0
550542,1,1,1997,0,0,0,0,0,0,0,0,0,0
550543,1,1,1997,7,7,7,7,7,7,7,7,7,7
550544,1,1,1997,0,0,0,0,0,0,0,0,0,0
550544,2,1,1997,0,0,0,0,0,0,9,0,0,0
550545,1,1,1997,0,0,0,0,0,0,0,0,0,0
550546,1,1,1997,0,0,0,0,0,0,0,0,0,0
550546,2,1,1997,0,6,0,0,0,0,0,0,0,0
550547,1,1,1997,14,14,14,14,14,14,14,14,14,14
550548,0,1,1997,0,0,0,0,0,0,0,0,0,0
550548,0,2,1997,0,0,0,0,8,0,0,24,0,0
550548,1,1,1997,0,0,0,0,0,0,0,0,0,0
550549,1,1,1997,0,0,0,0,0,0,0,0,0,0
550549,2,1,1997,0,0,0,0,0,0,0,0,0,0
550550,1,1,1997,7,7,7,7,7,7,7,7,7,7
550550,2,1,1997,0,0,0,0,0,0,0,0,0,0
550551,1,1,1997,0,0,0,0,0,0,0,0,0,0
550552,1,1,1997,18,18,18,18,18,18,18,18,18,18
550553,1,1,1997,0,0,0,0,0,0,0,0,0,0
550553,2,1,1997,0,9,0,0,0,0,0,0,0,0
550554,1,1,1997,0,0,0,0,0,0,0,0,0,0
550554,2,1,1997,0,0,0,0,0,0,0,0,0,0
550554,3,1,1997,0,0,0,0,0,0,0,0,0,0
550555,1,1,1997,0,0,0,0,0,0,0,0,0,0
550556,0,1,1997,32,30,0,0,0,0,0,0,0,0
550556,1,1,1997,0,0,0,0,0,0,0,0,0,0
550557,1,1,1997,0,0,0,0,0,0,0,0,0,0
550557,2,1,1997,0,0,0,0,0,0,0,0,0,0
550558,0,1,1997,0,0,0,0,0,0,0,0,0,0
550558,1,1,1997,0,0,0,0,0,11,0,0,0,0
550559,1,1,1997,5,5,5,5,5,5,5,5,5,5
550560,1,1,1997,0,0,0,0,0,0,0,0,0,0
550561,1,1,1997,0,24,0,30,5,20,0,0,0,29
550562,1,1,1997,31,31,31,31,31,31,31,31,31,31
550562,2,1,1997,0,0,0,0,0,0,0,0,0,0
550563,1,1,1997,0,0,0,0,0,0,0,0,0,0
550564,1,1,1997,22,22,22,22,22,22,22,22,22,22
550565,1,1,1997,0,0,0,0,0,0,0,0,0,0
550565,2,1,1997,4,4,4,4,4,4,4,4,4,4
550565,3,1,1997,0,0,0,0,0,0,0,0,0,0
550566,1,1,1997,17,17,17,17,17,17,17,17,17,17
550566,2,1,1997,0,0,8,0,0,0,0,0,0,0
550567,1,1,1997,18,18,18,18,18,18,18,18,18,18
550568,1,1,1997,0,0,0,0,0,0,0,0,0,0
550568,2,1,1997,0,0,0,0,0,0,0,0,0,0
550569,1,1,1997,2,2,2,2,2,2,2,2,2,2
550570,1,1,1997,0,0,12,0,0,0,0,0,0,23
550570,2,1,1997,0,0,0,0,0,0,0,0,0,0
550571,1,1,1997,11,11,11,11,11,11,11,11,11,11
550572,1,1,1997,0,0,0,0,0,0,0,0,0,0
550572,2,1,1997,0,0,0,0,0,0,0,0,0,0
550573,1,1,1997,0,0,0,0,0,0,0,0,0,0
550574,1,1,1997,12,12,12,12,12,12,12,12,12,12
550574,2,1,1997,22,22,22,22,22,22,22,22,22,22
550575,1,1,1997,0,0,0,0,0,0,0,0,0,0
550575,2,1,1997,0,0,0,0,0,0,0,0,0,0
550576,1,1,1997,0,0,0,0,0,0,0,0,0,0
550576,2,1,1997,0,0,0,0,0,0,0,0,0,0
550577,0,1,1997,0,0,0,0,0,0,0,0,0,0
550577,1,1,1997,0,0,0,0,0,0,0,0,0,0
550578,1,1,1997,0,0,0,0,0,0,0,0,0,0
550578,2,1,1997,0,0,0,0,0,0,0,0,0,0
550579,1,1,1997,10,10,10,10,10,10,10,10,10,10
550580,1,1,1997,36,36,36,36,36,36,36,36,36,36
550581,1,1,1997,0,0,0,0,0,0,0,0,0,0
550581,2,1,1997,0,11,0,0,0,0,0,0,0,0
550582,0,1,1997,11,20,5,17,23,0,43,18,32,30
550582,1,1,1997,0,0,0,0,0,0,0,0,0,0
550583,1,1,1997,0,0,0,0,0,0,0,0,0,0
550583,2,1,1997,0,0,0,0,0,0,0,0,0,0
550584,1,1,1997,24,24,24,24,24,24,24,24,24,24
550584,2,1,1997,18,0,0,0,0,0,0,0,0,0
550585,1,1,1997,0,0,0,0,0,0,0,0,0,0
550585,2,1,1997,0,0,0,0,0,0,0,0,0,0
550586,1,1,1997,0,0,0,0,0,0,0,0,0,0
550587,1,1,1997,0,0,0,0,0,0,0,0,0,0
550587,2,1,1997,0,0,0,0,0,0,0,0,0,0
550588,1,1,1997,22,22,22,22,22,22,22,22,22,22
550589,1,1,1997,0,0,0,0,0,0,0,0,0,0
550590,1,1,1997,0,14,0,0,0,0,0,0,0,0
550590,2,1,1997,0,0,0,0,0,0,0,0,0,0
550591,1,1,1997,0,0,0,0,0,0,0,0,0,0
550591,2,1,1997,0,0,0,0,0,0,0,0,0,0
550592,0,1,1997,0,0,0,0,0,0,0,0,0,0
550592,1,1,1997,0,0,0,0,0,0,0,0,0,0
550593,1,1,1997,14,0,6,0,6,16,0,19,5,0
550594,1,1,1997,11,11,11,11,11,11,11,11,11,11
550595,1,1,1997,11,11,11,11,11,11,11,11,11,11
550596,1,1,1997,25,25,25,25,25,25,25,25,25,25
550597,0,1,1997,14,14,14,14,14,14,14,14,14,14
550598,1,1,1997,22,22,22,22,22,22,22,22,22,22
550599,0,1,1997,33,33,33,33,33,33,33,33,33,33
550599,1,1,1997,0,0,0,0,0,0,0,0,0,0
550600,1,1,1997,25,25,25,25,25,25,25,25,25,25
550600,2,1,1997,0,0,0,0,0,0,0,0,0,0
550601,1,1,1997,0,0,0,0,0,0,0,0,0,0
550601,2,1,1997,0,0,0,0,0,0,0,0,0,0
550602,1,1,1997,9,0,0,0,0,0,0,0,0,0
550602,2,1,1997,0,0,0,0,0,0,0,0,0,0
550603,1,1,1997,0,0,0,0,0,0,0,0,0,0
550603,2,1,1997,16,16,16,16,16,16,16,16,16,16
550604,1,1,1997,0,0,0,0,0,0,0,0,0,0
550605,1,1,1997,27,27,27,27,27,27,27,27,27,27
550606,1,1,1997,0,0,0,0,0,25,0,0,18,0
550607,1,1,1997,8,8,8,8,8,8,8,8,8,8
550608,0,1,1997,0,0,0,0,0,0,0,0,0,0
550608,1,1,1997,0,0,13,0,0,0,0,0,0,0
550609,1,1,1997,0,0,0,0,0,0,0,0,0,0
550609,2,1,1997,0,0,0,0,0,0,0,0,0,0
550610,1,1,1997,0,0,0,0,0,0,0,0,0,0
550610,2,1,1997,0,0,0,12,0,0,6,0,0,0
550611,1,1,1997,0,0,0,0,0,0,0,0,0,0
550611,2,1,1997,0,0,0,0,0,0,0,0,0,0
550611,3,1,1997,0,0,0,0,0,0,0,0,0,0
550612,1,1,1997,0,0,0,0,0,0,0,0,0,0
550612,2,1,1997,0,0,0,0,0,0,0,0,0,0
550613,1,1,1997,0,0,0,0,0,0,0,0,0,0
550614,1,1,1997,0,0,0,0,0,0,0,0,0,0
550614,2,1,1997,0,0,0,0,0,0,0,0,0,0
550615,1,1,1997,0,0,0,0,0,0,0,0,0,0
550615,2,1,1997,0,0,0,0,0,0,0,0,0,0
550616,1,1,1997,0,0,0,0,0,0,0,0,0,0
550617,1,1,1997,23,23,23,23,23,23,23,23,23,23
550618,1,1,1997,10,10,10,10,10,10,10,10,10,10
550619,1,1,1997,4,4,4,4,4,4,4,4,4,4
550620,1,1,1997,28,28,28,28,28,28,28,28,28,28
550621,1,1,1997,17,18,22,11,5,7,11,12,4,21
550621,2,1,1997,0,0,0,0,0,0,0,0,0,0
550622,1,1,1997,0,0,0,0,0,0,0,0,0,0
550622,2,1,1997,0,0,0,0,0,0,0,0,0,0
550622,3,1,1997,0,0,0,0,0,0,0,0,0,0
550622,4,1,1997,0,0,0,0,0,0,0,0,0,0
550623,1,1,1997,0,0,0,0,0,0,0,0,0,0
550623,2,1,1997,0,0,0,0,0,0,0,0,0,0
550624,1,1,1997,0,0,0,0,0,0,0,0,0,0
550624,2,1,1997,0,0,0,0,0,0,0,0,0,0
550625,1,1,1997,20,20,20,20,20,20,20,20,20,20
550626,1,1,1997,0,0,0,0,0,0,0,0,0,0
550626,2,1,1997,0,0,0,0,0,0,0,0,0,0
550627,1,1,1997,14,0,21,17,0,31,29,11,17,0
550627,2,1,1997,0,0,0,0,0,0,0,0,0,0
550628,1,1,1997,0,0,0,0,0,0,0,0,0,0
550628,2,1,1997,0,0,0,0,0,0,0,0,0,14
550629,1,1,1997,0,12,0,0,0,0,0,0,0,0
550630,1,1,1997,44,44,44,44,44,44,44,44,44,44
550631,1,1,1997,0,0,0,0,3,0,0,0,0,0
550631,2,1,1997,0,0,0,0,0,0,0,0,0,0
550631,3,1,1997,0,0,0,0,0,0,0,0,0,0
550631,4,1,1997,0,0,0,0,0,0,0,0,0,0
550632,0,1,1997,0,0,0,0,0,0,0,0,0,0
550632,1,1,1997,0,0,0,0,0,0,0,0,0,0
550633,1,1,1997,0,0,0,0,0,0,0,0,0,0
550634,1,1,1997,14,14,14,14,14,14,14,14,14,14
550635,1,1,1997,0,0,0,0,0,0,0,0,0,0
550635,2,1,1997,0,0,0,0,0,0,0,0,0,0
550636,1,1,1997,32,32,32,32,32,32,32,32,32,32
550637,1,1,1997,13,13,13,13,13,13,13,13,13,13
560001,1,1,1997,0,0,0,0,0,0,0,0,0,0
560001,2,1,1997,0,0,0,0,0,0,0,0,0,0
560002,1,1,1997,0,0,0,0,0,0,0,0,0,30
560002,2,1,1997,0,0,0,0,0,0,0,0,0,0
560003,1,1,1997,0,0,0,0,0,0,0,0,0,0
560003,2,1,1997,0,0,0,0,0,0,0,0,0,0
560004,1,1,1997,21,21,21,21,21,21,21,21,21,21
560005,1,1,1997,0,0,0,0,0,0,0,0,0,0
560006,1,1,1997,0,0,0,0,0,0,0,0,0,0
560007,1,1,1997,0,0,0,0,0,0,0,0,0,0
560008,1,1,1997,0,0,0,0,0,0,0,0,0,0
560009,1,1,1997,0,0,0,0,0,0,0,0,0,0
560009,2,1,1997,7,0,0,0,0,15,0,0,0,0
560010,1,1,1997,0,21,0,0,0,0,0,0,0,0
560011,1,1,1997,25,25,25,25,25,25,25,25,25,25
560012,1,1,1997,29,29,29,29,29,29,29,29,29,29
560013,0,1,1997,0,0,0,0,0,0,0,5,0,0
560013,0,2,1997,0,0,0,0,0,0,0,0,0,0
560013,1,1,1997,0,0,0,0,0,0,0,0,0,0
560013,2,1,1997,0,0,0,0,0,0,0,0,14,0
560014,1,1,1997,0,0,0,0,0,0,0,0,0,0
560015,1,1,1997,0,0,0,0,0,0,0,0,0,0
560016,1,1,1997,0,0,0,0,0,0,0,0,0,0
560017,1,1,1997,29,29,29,29,29,29,29,29,29,29
560017,2,1,1997,0,0,0,0,0,0,0,0,0,0
560018,1,1,1997,8,8,8,8,8,8,8,8,8,8
560019,1,1,1997,0,0,0,0,0,0,0,0,0,0
560020,1,1,1997,21,21,21,21,21,21,21,21,21,21
560020,2,1,1997,8,8,8,8,8,8,8,8,8,8
560021,1,1,1997,0,0,0,0,0,0,0,0,0,0
560022,1,1,1997,0,0,0,0,0,0,0,0,0,0
560023,1,1,1997,0,0,0,0,0,0,0,0,0,0
560024,1,1,1997,0,0,0,0,0,0,0,0,0,0
560025,1,1,1997,0,0,0,0,0,0,0,0,0,0
560025,2,1,1997,0,0,0,0,0,0,0,0,0,0
560026,1,1,1997,0,0,0,0,0,0,0,0,0,0
560026,2,1,1997,0,0,0,0,0,0,0,0,0,0
560027,1,1,1997,3,3,3,3,3,3,3,3,3,3
560027,2,1,1997,13,13,13,13,13,13,13,13,13,13
560028,1,1,1997,9,9,9,9,9,9,9,9,9,9
560029,1,1,1997,0,0,0,0,0,0,0,0,0,0
560030,1,1,1997,0,0,0,0,0,0,0,0,0,0
560031,1,1,1997,0,0,0,0,0,0,0,0,0,0
560032,1,1,1997,0,0,0,0,0,0,0,0,0,0
560033,1,1,1997,13,13,13,13,13,13,13,13,13,13
560034,1,1,1997,16,16,16,16,16,16,16,16,16,16
560035,1,1,1997,26,26,26,26,26,26,26,26,26,26
560036,1,1,1997,20,20,20,20,20,20,20,20,20,20
560036,2,1,1997,0,0,0,0,0,0,0,0,0,0
560037,1,1,1997,0,0,0,0,0,0,0,0,0,0
560038,1,1,1997,11,11,11,11,11,11,11,11,11,11
560039,1,1,1997,6,6,6,6,6,6,6,6,6,6
560040,1,1,1997,0,0,0,0,0,0,0,0,0,0
560041,0,1,1997,0,0,0,0,0,0,0,0,0,0
560041,0,2,1997,0,0,0,0,0,0,0,0,0,0
560041,1,1,1997,0,0,0,0,0,0,0,0,0,0
560041,2,1,1997,0,0,0,0,0,0,0,0,0,0
560042,1,1,1997,0,0,0,0,21,17,25,0,0,0
560043,1,1,1997,0,0,0,0,0,0,0,0,0,0
560044,1,1,1997,0,0,0,0,0,0,0,0,0,0
560045,1,1,1997,20,0,0,0,0,0,0,0,0,0
560045,2,1,1997,0,0,0,0,0,0,0,0,0,0
560046,1,1,1997,0,0,0,0,0,0,0,0,0,0
560046,2,1,1997,0,0,0,0,0,0,0,0,0,0
560047,1,1,1997,0,0,0,0,0,0,0,0,0,0
560047,2,1,1997,0,0,0,0,0,0,0,0,0,0
560048,1,1,1997,0,0,0,0,0,0,0,0,0,0
560048,2,1,1997,7,0,0,0,0,0,0,0,0,0
560049,1,1,1997,11,11,11,11,11,11,11,11,11,11
560050,1,1,1997,0,0,0,0,0,0,0,0,0,0
560052,1,1,1997,0,0,0,0,0,0,0,0,0,0
560052,2,1,1997,0,0,0,0,0,0,0,0,0,0
560052,3,1,1997,0,0,0,0,0,0,0,0,0,0
560053,1,1,1997,0,0,0,0,0,0,0,0,0,0
560054,1,1,1997,0,0,0,0,0,0,0,0,0,0
560055,1,1,1997,20,20,20,20,20,20,20,20,20,20
560056,1,1,1997,0,0,0,0,0,0,0,0,0,0
560056,2,1,1997,0,0,0,0,0,0,0,0,0,0
560057,1,1,1997,0,0,0,0,0,0,0,0,0,0
560058,1,1,1997,22,22,22,22,22,22,22,22,22,22
560059,1,1,1997,19,0,0,0,0,0,0,0,0,0
560060,1,1,1997,0,0,0,0,0,0,0,0,0,0
560061,0,1,1997,20,20,20,20,20,20,20,20,20,20
560061,1,1,1997,0,0,0,0,0,0,0,0,0,0
560062,1,1,1997,26,26,26,26,26,26,26,26,26,26
560063,1,1,1997,0,0,0,0,0,0,0,0,0,0
560064,1,1,1997,0,0,0,0,0,0,0,0,0,0
560065,1,1,1997,20,20,20,20,20,20,20,20,20,20
560066,1,1,1997,0,0,0,0,0,0,0,0,0,0
560067,1,1,1997,13,13,13,13,13,13,13,13,13,13
560068,1,1,1997,0,0,0,0,0,0,0,0,0,0
560069,1,1,1997,0,0,0,0,0,0,0,0,0,0
560070,1,1,1997,0,0,0,0,0,0,0,0,0,0
560071,1,1,1997,0,0,0,0,0,11,0,0,0,0
560072,1,1,1997,0,0,0,0,0,0,0,0,0,0
560072,2,1,1997,0,0,0,0,0,0,0,0,0,0
560073,1,1,1997,0,0,0,0,0,0,0,0,0,0
560074,1,1,1997,0,0,0,5,0,0,0,0,0,0
560075,1,1,1997,0,0,0,0,0,0,0,0,0,0
560076,1,1,1997,0,0,0,0,0,0,12,0,0,0
560076,2,1,1997,0,0,0,0,0,0,0,0,0,0
560077,1,1,1997,0,0,0,0,0,0,0,0,0,0
560078,1,1,1997,0,0,0,0,0,0,0,0,0,0
560079,1,1,1997,0,0,0,0,0,0,0,0,0,0
560080,1,1,1997,9,9,9,9,9,9,9,9,9,9
560081,1,1,1997,0,0,0,0,0,0,0,0,0,0
560082,1,1,1997,0,0,0,0,0,0,0,0,0,0
560082,2,1,1997,0,0,0,0,0,0,0,0,0,0
560083,1,1,1997,0,0,0,0,0,0,0,0,0,0
560084,1,1,1997,0,0,0,0,0,0,0,0,0,0
560084,2,1,1997,0,0,0,0,0,10,0,0,0,0
560085,1,1,1997,0,0,0,0,0,0,0,0,0,0
560086,1,1,1997,0,0,0,0,0,0,0,0,0,0
560087,1,1,1997,0,23,0,0,0,0,19,0,0,0
560088,1,1,1997,0,0,0,4,0,0,0,0,0,0
560088,2,1,1997,0,0,0,0,0,0,0,0,0,0
560089,1,1,1997,1,1,1,1,1,1,1,1,1,1
560090,1,1,1997,0,0,0,0,15,22,0,0,0,0
560091,1,1,1997,26,26,26,26,26,26,26,26,26,26
560092,1,1,1997,0,8,11,0,21,0,0,0,9,0
560093,1,1,1997,0,0,0,0,0,0,0,0,0,0
560093,2,1,1997,0,0,0,0,0,0,0,0,0,0
560094,0,1,1997,23,23,23,23,23,23,23,23,23,23
560094,1,1,1997,0,0,13,0,0,15,12,0,0,0
560095,0,1,1997,14,23,12,27,0,0,38,21,18,19
560095,1,1,1997,0,0,0,0,0,0,0,0,0,0
560096,1,1,1997,0,0,0,0,0,0,0,0,0,0
560097,1,1,1997,0,0,0,0,0,0,0,0,0,0
560098,1,1,1997,0,0,0,0,0,0,0,0,0,0
560099,1,1,1997,0,0,0,0,0,0,0,0,0,0
560099,2,1,1997,0,0,0,0,0,0,0,0,0,0
560099,3,1,1997,0,0,0,0,0,0,0,0,0,0
560100,0,1,1997,29,29,29,29,29,29,29,29,29,29
560100,1,1,1997,0,0,0,0,0,0,0,0,0,18
560101,1,1,1997,26,26,26,26,26,26,26,26,26,26
560102,1,1,1997,18,18,18,18,18,18,18,18,18,18
560103,1,1,1997,0,0,0,0,0,0,0,0,0,0
560104,0,1,1997,0,5,0,0,0,0,0,0,0,0
560104,1,1,1997,0,0,0,0,0,0,0,0,0,0
560105,1,1,1997,6,6,6,6,6,6,6,6,6,6
560106,1,1,1997,0,0,0,0,0,0,0,0,0,0
560107,1,1,1997,22,28,22,28,3,23,19,11,20,14
560107,2,1,1997,0,0,0,0,0,9,0,0,0,0
560108,1,1,1997,8,37,19,19,10,15,14,21,10,13
560109,1,1,1997,0,0,0,0,0,0,0,0,0,0
560109,2,1,1997,0,0,0,0,0,0,0,0,0,0
560110,0,1,1997,0,0,0,0,0,0,0,0,0,0
560110,1,1,1997,0,0,0,0,0,0,0,0,0,0
560110,2,1,1997,0,0,0,0,0,0,0,0,0,0
560111,1,1,1997,0,0,0,0,21,0,0,0,0,14
560111,2,1,1997,0,0,0,0,0,0,0,0,0,0
560112,1,1,1997,0,0,0,0,0,0,0,0,0,0
560112,2,1,1997,0,0,0,0,0,0,0,0,0,0
560113,1,1,1997,14,0,0,0,0,0,0,0,0,0
560113,2,1,1997,19,19,19,19,19,19,19,19,19,19
560113,3,1,1997,0,0,0,0,0,0,0,0,0,0
560114,1,1,1997,0,0,0,15,0,0,0,0,10,0
560114,2,1,1997,0,0,0,0,0,0,0,0,0,0
560114,3,1,1997,0,0,0,0,0,0,0,0,0,0
560115,0,1,1997,41,41,41,41,41,41,41,41,41,41
560115,1,1,1997,0,0,0,0,0,0,0,0,0,0
560116,1,1,1997,21,21,21,21,21,21,21,21,21,21
560117,1,1,1997,0,0,0,0,0,0,0,0,0,0
560118,1,1,1997,0,0,0,0,0,0,0,0,0,21