ST_CASE,VEH_NO,PER_NO,YEAR,P1,P2,P3,P4,P5,P6,P7,P8,P9,P10
60001,0,1,1997,0,0,0,0,0,0,0,0,0,0
60001,1,1,1997,0,0,0,0,0,0,0,0,0,0
60002,1,1,1997,0,0,0,0,0,0,0,0,0,0
60002,2,1,1997,2,2,2,2,2,2,2,2,2,2
60003,1,1,1997,0,0,0,0,0,0,0,0,0,0
60004,1,1,1997,4,4,4,4,4,4,4,4,4,4
60005,1,1,1997,4,4,4,4,4,4,4,4,4,4
60006,0,1,1997,28,6,15,11,9,11,27,37,6,31
60006,1,1,1997,0,0,0,9,0,0,0,0,0,0
60007,1,1,1997,0,0,12,0,0,0,0,0,0,0
60007,2,1,1997,0,0,0,0,0,0,0,0,0,0
60008,1,1,1997,0,0,0,0,0,0,0,0,0,0
60009,0,1,1997,39,39,39,39,39,39,39,39,39,39
60009,1,1,1997,0,0,0,0,0,0,0,0,0,0
60010,1,1,1997,0,0,0,0,0,0,0,0,0,0
60010,2,1,1997,0,0,0,0,0,0,0,0,0,0
60010,3,1,1997,0,0,0,0,0,0,0,0,0,0
60011,0,1,1997,0,0,0,0,0,0,0,0,0,0
60011,1,1,1997,0,0,0,0,0,13,0,0,0,0
60012,1,1,1997,0,0,0,0,0,0,0,0,0,0
60013,1,1,1997,0,0,0,0,0,0,0,0,0,0
60013,2,1,1997,0,0,0,0,0,0,0,0,0,0
60014,1,1,1997,15,15,15,15,15,15,15,15,15,15
60014,2,1,1997,0,5,0,11,0,0,0,0,0,0
60015,1,1,1997,20,20,20,20,20,20,20,20,20,20
60015,2,1,1997,0,0,0,0,0,0,0,0,0,0
60016,0,1,1997,27,27,27,27,27,27,27,27,27,27
60016,1,1,1997,0,0,0,0,0,0,0,0,0,0
60017,0,1,1997,29,29,29,29,29,29,29,29,29,29
60017,1,1,1997,0,0,0,0,0,0,0,0,0,0
60018,1,1,1997,0,0,13,0,0,0,0,0,0,0
60019,1,1,1997,0,0,0,0,0,0,0,0,0,0
60019,2,1,1997,0,0,0,0,0,0,0,0,0,0
60020,0,1,1997,0,0,0,0,0,0,0,0,0,0
60020,1,1,1997,0,0,0,0,0,0,0,0,0,0
60021,1,1,1997,0,0,0,0,0,0,0,0,0,0
60021,2,1,1997,0,0,0,0,0,0,0,0,0,0
60021,3,1,1997,0,0,0,0,0,0,0,0,0,0
60021,4,1,1997,0,0,0,0,0,0,0,0,0,0
60022,1,1,1997,0,0,0,0,0,0,0,0,0,0
60022,2,1,1997,0,0,0,0,0,0,0,0,0,0
60022,3,1,1997,0,0,0,0,0,0,0,0,0,10
60023,0,1,1997,8,8,8,8,8,8,8,8,8,8
60023,1,1,1997,0,0,0,0,0,0,0,0,0,0
60024,1,1,1997,0,0,0,0,0,0,0,0,0,0
60025,1,1,1997,0,0,0,0,0,0,0,0,0,0
60025,2,1,1997,0,0,0,0,0,0,0,0,0,0
60026,0,1,1997,18,18,18,18,18,18,18,18,18,18
60026,1,1,1997,0,0,0,0,0,0,0,0,0,0
60027,1,1,1997,0,0,0,0,0,0,0,0,0,0
60027,2,1,1997,0,0,0,0,0,0,0,0,0,0
60028,1,1,1997,0,0,0,0,0,0,0,0,0,0
60029,1,1,1997,0,0,0,0,0,0,0,0,0,0
60029,2,1,1997,0,0,0,0,0,0,0,0,0,0
60029,3,1,1997,0,0,0,0,0,0,0,0,0,0
60030,0,1,1997,0,0,0,0,0,0,0,0,0,0
60030,1,1,1997,0,0,0,0,0,0,0,0,0,0
60031,0,1,1997,0,0,0,0,0,0,0,0,0,0
60031,1,1,1997,0,0,0,0,0,0,0,0,0,0
60032,0,1,1997,0,0,0,0,0,0,0,0,0,0
60032,1,1,1997,0,0,0,0,0,0,0,0,0,0
60033,1,1,1997,0,0,0,0,0,0,0,0,0,0
60033,2,1,1997,0,0,0,0,0,0,0,0,0,0
60033,3,1,1997,0,0,0,0,0,0,0,0,0,0
60034,1,1,1997,0,0,0,0,0,0,0,0,0,0
60034,2,1,1997,7,0,0,0,0,0,0,0,0,0
60035,1,1,1997,0,0,0,0,0,0,0,0,0,0
60036,0,1,1997,0,0,0,0,0,0,0,0,0,0
60036,1,1,1997,0,0,0,0,0,0,0,0,0,0
60037,1,1,1997,0,0,0,0,0,0,0,0,0,0
60038,1,1,1997,0,0,0,0,0,0,0,0,0,0
60038,2,1,1997,0,0,0,0,19,0,0,12,0,4
60039,0,1,1997,0,0,0,0,0,0,0,0,0,0
60039,1,1,1997,10,10,10,10,10,10,10,10,10,10
60040,0,1,1997,0,0,0,0,0,0,0,0,0,0
60040,1,1,1997,0,0,0,0,0,0,0,0,0,0
60040,2,1,1997,0,0,0,0,0,0,0,0,0,0
60041,1,1,1997,0,0,0,0,0,0,0,0,0,0
60042,0,1,1997,0,0,0,0,0,0,0,0,0,0
60042,1,1,1997,0,0,0,0,0,0,0,0,0,0
60043,0,1,1997,28,28,28,28,28,28,28,28,28,28
60043,1,1,1997,0,0,0,0,0,0,0,0,0,0
60044,1,1,1997,0,0,0,0,0,0,0,0,0,0
60044,2,1,1997,0,0,0,0,0,0,0,0,0,0
60044,3,1,1997,0,0,0,0,0,0,0,0,0,0
60045,1,1,1997,0,0,0,0,0,0,0,0,0,0
60045,2,1,1997,2,2,2,2,2,2,2,2,2,2
60046,1,1,1997,0,0,0,0,0,0,0,0,0,0
60046,2,1,1997,0,20,0,0,0,0,0,0,0,0
60047,0,1,1997,0,0,0,0,0,0,0,0,0,0
60047,1,1,1997,0,0,0,0,0,0,0,0,0,0
60048,1,1,1997,30,30,30,30,30,30,30,30,30,30
60048,2,1,1997,0,0,0,0,0,0,0,0,0,0
60049,0,1,1997,25,25,25,25,25,25,25,25,25,25
60049,1,1,1997,10,10,10,10,10,10,10,10,10,10
60050,0,1,1997,21,21,21,21,21,21,21,21,21,21
60050,1,1,1997,0,0,0,0,0,0,0,0,0,0
60051,1,1,1997,16,16,16,16,16,16,16,16,16,16
60052,1,1,1997,27,27,27,27,27,27,27,27,27,27
60052,2,1,1997,11,11,11,11,11,11,11,11,11,11
60053,1,1,1997,10,10,10,10,10,10,10,10,10,10
60054,0,1,1997,3,3,3,3,3,3,3,3,3,3
60054,1,1,1997,14,14,14,14,14,14,14,14,14,14
60055,1,1,1997,0,0,0,0,0,0,0,0,0,0
60055,2,1,1997,0,0,0,0,0,0,0,0,0,0
60056,0,1,1997,0,0,0,0,0,0,0,0,0,0
60056,1,1,1997,0,0,0,0,0,0,0,0,0,0
60057,1,1,1997,0,0,0,0,0,0,0,0,0,0
60057,2,1,1997,0,0,0,0,0,0,0,0,0,0
60058,1,1,1997,0,0,0,0,0,0,0,0,0,0
60059,1,1,1997,30,30,30,30,30,30,30,30,30,30
60060,1,1,1997,0,0,0,0,0,0,0,0,0,0
60060,2,1,1997,0,0,0,0,0,0,0,0,0,0
60060,3,1,1997,0,0,0,0,0,0,0,0,0,0
60061,1,1,1997,5,5,5,5,5,5,5,5,5,5
60061,2,1,1997,10,10,10,10,10,10,10,10,10,10
60062,1,1,1997,0,0,0,0,0,0,0,0,0,0
60062,2,1,1997,10,0,0,0,0,0,0,0,0,0
60062,3,1,1997,0,0,0,0,0,0,0,0,0,0
60062,4,1,1997,0,0,11,0,0,0,0,0,0,0
60063,1,1,1997,0,0,0,0,0,14,0,0,0,0
60064,1,1,1997,19,19,19,19,19,19,19,19,19,19
60064,2,1,1997,0,0,0,0,0,0,0,0,0,0
60064,3,1,1997,0,0,0,0,0,0,0,0,0,0
60065,1,1,1997,16,17,0,40,0,0,0,0,23,11
60066,0,1,1997,0,0,0,0,0,0,0,0,0,0
60066,1,1,1997,0,0,0,0,0,0,0,0,0,0
60067,1,1,1997,24,24,24,24,24,24,24,24,24,24
60068,1,1,1997,0,0,0,0,0,0,0,0,0,0
60069,1,1,1997,0,0,0,0,0,0,0,0,0,0
60070,1,1,1997,0,0,0,0,0,0,0,0,0,0
60071,1,1,1997,0,0,0,0,0,0,0,0,0,0
60071,2,1,1997,0,0,0,0,0,0,0,0,0,10
60072,0,1,1997,0,0,0,0,0,0,0,0,0,0
60072,1,1,1997,0,3,0,0,0,13,14,13,0,29
60073,0,1,1997,0,0,0,0,0,0,0,0,0,0
60073,1,1,1997,0,0,0,0,0,0,0,0,0,0
60074,0,1,1997,0,0,0,0,0,0,0,0,0,0
60074,1,1,1997,0,0,0,0,0,0,0,0,0,0
60075,1,1,1997,0,0,0,0,0,0,0,0,0,0
60075,2,1,1997,0,0,0,0,0,0,0,0,0,0
60076,0,1,1997,0,0,0,0,0,0,0,0,0,0
60076,1,1,1997,0,0,0,0,0,0,0,0,0,9
60077,1,1,1997,0,0,0,0,0,0,0,0,0,0
60077,2,1,1997,0,0,0,0,0,0,4,0,0,0
60078,1,1,1997,12,12,12,12,12,12,12,12,12,12
60079,1,1,1997,22,22,22,22,22,22,22,22,22,22
60080,0,1,1997,0,0,0,0,0,0,0,0,0,0
60080,0,2,1997,0,0,15,0,0,0,0,0,0,0
60080,1,1,1997,0,0,0,0,0,0,0,0,0,0
60081,1,1,1997,0,0,0,0,0,0,0,0,0,0
60081,2,1,1997,0,0,0,0,0,0,0,0,0,0
60081,3,1,1997,0,0,0,0,0,0,0,0,0,0
60082,1,1,1997,17,17,17,17,17,17,17,17,17,17
60082,2,1,1997,0,0,0,0,0,0,0,0,0,0
60083,0,1,1997,22,22,22,22,22,22,22,22,22,22
60083,1,1,1997,20,20,20,20,20,20,20,20,20,20
60084,1,1,1997,0,0,0,0,0,0,0,0,0,0
60085,1,1,1997,0,0,0,0,0,0,0,0,0,0
60086,0,1,1997,0,0,0,0,17,0,0,0,0,0
60086,1,1,1997,0,0,0,0,0,0,0,0,0,0
60087,0,1,1997,0,0,0,0,0,0,0,0,0,0
60087,1,1,1997,0,0,0,0,0,0,0,0,0,0
60088,0,1,1997,0,0,0,0,0,0,0,0,0,0
60088,1,1,1997,0,0,0,0,0,0,0,0,0,0
60089,0,1,1997,0,0,0,0,0,0,0,0,0,0
60089,1,1,1997,0,0,0,0,0,0,0,0,0,4
60090,0,1,1997,0,0,0,0,0,0,0,0,0,0
60090,1,1,1997,0,0,0,0,0,0,0,0,0,0
60091,0,1,1997,0,0,0,0,0,0,0,0,0,0
60091,1,1,1997,0,0,0,0,0,0,0,0,0,0
60092,1,1,1997,24,24,24,24,24,24,24,24,24,24
60093,1,1,1997,0,0,0,0,0,13,0,0,0,0
60093,2,1,1997,0,0,0,0,0,0,0,0,0,0
60094,1,1,1997,0,0,0,0,0,0,0,0,0,0
60094,2,1,1997,0,0,0,0,0,0,0,0,0,0
60094,3,1,1997,0,0,0,0,0,0,0,0,0,0
60095,0,1,1997,4,4,4,4,4,4,4,4,4,4
60095,1,1,1997,0,0,0,0,0,0,0,0,0,0
60096,0,1,1997,21,21,21,21,21,21,21,21,21,21
60096,1,1,1997,0,0,21,0,0,0,0,0,0,0
60097,1,1,1997,19,19,19,19,19,19,19,19,19,19
60097,2,1,1997,0,0,0,0,0,0,0,0,0,0
60097,3,1,1997,0,0,0,0,0,0,0,0,0,0
60097,4,1,1997,0,0,0,0,0,0,0,0,0,0
60098,1,1,1997,0,0,0,0,0,0,0,0,0,0
60098,2,1,1997,0,0,0,0,0,0,0,0,0,0
60099,1,1,1997,0,0,0,16,0,0,0,13,0,0
60099,2,1,1997,0,0,0,0,0,0,0,0,0,0
60100,1,1,1997,0,0,0,0,0,0,0,0,0,0
60100,2,1,1997,0,0,0,0,0,0,0,0,0,0
60101,1,1,1997,0,0,0,0,0,0,0,0,0,0
60102,1,1,1997,0,0,0,0,0,0,0,0,0,0
60102,2,1,1997,4,4,4,4,4,4,4,4,4,4
60103,0,1,1997,0,0,0,0,0,0,0,0,0,0
60103,1,1,1997,0,0,0,0,0,0,0,0,0,0
60104,1,1,1997,0,0,0,0,0,0,0,0,0,0
60105,1,1,1997,0,0,0,0,0,0,0,0,0,0
60106,1,1,1997,0,0,0,0,0,0,0,12,0,0
60107,0,1,1997,0,0,0,0,0,0,0,0,0,0
60107,1,1,1997,0,0,0,0,0,0,0,0,0,0
60108,1,1,1997,0,0,0,0,0,7,0,0,0,0
60109,1,1,1997,2,2,2,2,2,2,2,2,2,2
60109,2,1,1997,0,0,0,0,0,0,0,0,9,0
60110,1,1,1997,0,0,0,0,0,0,0,0,0,0
60111,0,1,1997,0,0,0,0,0,0,0,0,0,0
60111,1,1,1997,0,0,0,0,0,0,0,0,0,0
60111,2,1,1997,0,0,0,0,0,0,0,0,0,0
60112,1,1,1997,0,0,0,0,0,0,0,0,0,0
60112,2,1,1997,0,0,0,0,0,0,0,0,0,0
60113,1,1,1997,24,24,24,24,24,24,24,24,24,24
60114,1,1,1997,0,0,0,0,0,0,0,0,0,0
60115,0,1,1997,23,23,23,23,23,23,23,23,23,23
60115,1,1,1997,0,23,0,0,11,0,0,0,0,0
60116,1,1,1997,0,0,0,0,0,0,0,0,0,0
60116,2,1,1997,0,0,0,0,0,0,0,0,0,0
60117,1,1,1997,21,21,21,21,21,21,21,21,21,21
60118,1,1,1997,10,10,10,10,10,10,10,10,10,10
60119,1,1,1997,15,15,15,15,15,15,15,15,15,15
60120,0,1,1997,0,0,0,0,0,0,17,0,0,0
60120,1,1,1997,13,13,13,13,13,13,13,13,13,13
60121,1,1,1997,0,0,0,0,0,0,18,0,0,0
60121,2,1,1997,0,0,0,0,0,0,0,0,0,0
60122,1,1,1997,0,0,0,0,0,0,0,0,0,0
60123,1,1,1997,0,0,0,0,0,0,0,0,0,0
60124,1,1,1997,0,13,18,0,0,0,0,0,0,0
60124,2,1,1997,0,0,0,0,0,0,0,0,0,0
60125,1,1,1997,0,0,0,0,0,0,0,0,0,0
60125,2,1,1997,0,0,0,0,0,0,0,0,0,0
60126,1,1,1997,7,7,7,7,7,7,7,7,7,7
60127,1,1,1997,0,0,0,0,0,0,0,0,0,0
60127,2,1,1997,0,0,0,0,0,0,0,0,0,0
60128,1,1,1997,24,24,24,24,24,24,24,24,24,24
60129,1,1,1997,8,8,8,8,8,8,8,8,8,8
60130,1,1,1997,0,0,0,0,0,0,0,0,0,0
60131,1,1,1997,0,0,0,0,0,0,0,0,0,0
60131,2,1,1997,0,0,0,0,0,0,0,0,0,0
60132,1,1,1997,7,7,7,7,7,7,7,7,7,7
60132,2,1,1997,0,0,0,0,0,0,0,0,0,0
60133,1,1,1997,0,0,0,0,0,0,0,0,0,0
60134,1,1,1997,0,0,0,0,0,0,0,0,0,0
60135,1,1,1997,0,0,0,0,0,0,0,0,0,0
60136,1,1,1997,0,0,0,0,0,0,0,0,0,0
60137,1,1,1997,0,0,0,0,0,0,0,0,0,0
60138,0,1,1997,0,0,0,0,0,0,0,0,0,0
60138,1,1,1997,0,0,0,0,0,0,0,0,0,0
60139,1,1,1997,0,0,0,0,0,0,0,0,0,0
60139,2,1,1997,0,0,0,0,0,0,0,0,0,0
60139,3,1,1997,0,0,0,0,0,0,0,0,0,0
60140,1,1,1997,9,9,9,9,9,9,9,9,9,9
60141,1,1,1997,30,30,30,30,30,30,30,30,30,30
60142,1,1,1997,0,0,0,0,0,0,0,0,15,0
60142,2,1,1997,0,0,17,0,18,0,0,0,0,0
60143,1,1,1997,0,0,0,0,0,0,0,0,0,0
60143,2,1,1997,0,0,0,0,0,0,0,0,0,0
60144,1,1,1997,0,0,0,0,0,0,0,0,0,0
60144,2,1,1997,0,0,0,0,0,0,0,0,0,0
60145,1,1,1997,14,14,14,14,14,14,14,14,14,14
60146,0,1,1997,0,0,0,0,0,0,0,0,0,0
60146,1,1,1997,0,0,0,0,0,0,0,0,0,0
60147,1,1,1997,0,0,0,0,0,0,0,0,0,0
60147,2,1,1997,0,0,0,0,0,0,0,0,0,0
60148,1,1,1997,29,29,29,29,29,29,29,29,29,29
60148,2,1,1997,0,0,0,0,0,0,0,0,0,0
60148,3,1,1997,0,0,0,0,0,0,0,0,0,0
60149,1,1,1997,20,20,20,20,20,20,20,20,20,20
60150,1,1,1997,10,10,10,10,10,10,10,10,10,10
60151,1,1,1997,0,0,0,0,0,0,0,0,0,0
60151,2,1,1997,0,0,0,0,0,0,0,0,0,0
60152,1,1,1997,0,0,0,0,0,0,0,0,0,0
60153,1,1,1997,0,0,0,0,0,0,0,0,0,0
60154,0,1,1997,16,16,16,16,16,16,16,16,16,16
60154,0,2,1997,0,15,0,0,20,24,0,0,8,0
60154,1,1,1997,0,0,0,0,0,0,0,0,0,0
60155,1,1,1997,0,0,0,0,0,0,0,0,0,0
60155,2,1,1997,0,0,0,0,0,0,0,0,0,0
60155,3,1,1997,0,0,0,0,0,0,0,0,0,0
60155,4,1,1997,0,0,0,0,0,0,0,0,0,0
60155,5,1,1997,0,0,0,0,0,0,0,0,0,0
60156,0,1,1997,0,0,0,0,0,0,0,0,0,0
60156,1,1,1997,0,0,0,0,0,0,0,0,0,0
60157,1,1,1997,0,0,0,0,0,0,0,0,0,0
60157,2,1,1997,0,11,0,0,0,0,0,17,0,0
60157,3,1,1997,0,0,0,0,0,0,0,0,0,0
60158,0,1,1997,0,0,0,0,0,0,0,0,0,0
60158,1,1,1997,0,0,0,0,0,0,0,0,0,0
60159,0,1,1997,0,0,0,0,0,0,0,0,0,0
60159,1,1,1997,0,0,0,0,0,0,0,0,0,0
60160,1,1,1997,0,0,0,0,0,0,0,0,0,0
60160,2,1,1997,0,0,0,0,0,0,0,0,0,0
60161,1,1,1997,10,10,10,10,10,10,10,10,10,10
60162,1,1,1997,11,0,6,0,0,0,0,0,0,0
60163,0,1,1997,0,0,0,0,0,0,0,0,0,0
60163,1,1,1997,0,0,0,0,0,0,0,0,0,0
60164,1,1,1997,0,0,0,0,0,0,0,0,0,0
60165,1,1,1997,25,25,25,25,25,25,25,25,25,25
60165,2,1,1997,0,0,0,0,0,0,0,0,0,0
60165,3,1,1997,21,21,21,21,21,21,21,21,21,21
60166,0,1,1997,0,0,0,0,0,0,0,0,0,0
60166,1,1,1997,0,0,0,0,0,0,0,0,0,0
60167,1,1,1997,0,0,0,0,0,0,0,0,0,0
60168,1,1,1997,20,20,20,20,20,20,20,20,20,20
60169,0,1,1997,24,24,24,24,24,24,24,24,24,24
60169,1,1,1997,0,0,0,0,0,0,0,0,0,0
60170,1,1,1997,0,0,0,0,0,0,0,0,0,0
60171,0,1,1997,0,0,0,0,10,0,0,0,0,0
60171,1,1,1997,0,0,0,0,0,0,0,0,0,0
60172,1,1,1997,0,0,0,0,0,0,0,0,0,0
60173,0,1,1997,0,0,0,0,0,0,0,0,0,0
60173,1,1,1997,0,0,0,0,0,0,0,0,0,0
60174,1,1,1997,0,0,0,0,0,0,0,0,0,0
60175,1,1,1997,12,12,12,12,12,12,12,12,12,12
60175,2,1,1997,0,0,0,0,0,0,0,0,0,0
60176,1,1,1997,0,0,0,0,0,9,0,10,0,0
60177,0,1,1997,0,0,0,0,0,0,0,0,0,0
60177,1,1,1997,23,23,23,23,23,23,23,23,23,23
60177,3,1,1997,0,0,0,0,0,0,0,0,0,0
60178,1,1,1997,11,11,11,11,11,11,11,11,11,11
60179,1,1,1997,17,17,17,17,17,17,17,17,17,17
60179,2,1,1997,0,0,0,0,0,0,0,0,0,0
60180,1,1,1997,13,13,13,13,13,13,13,13,13,13
60180,2,1,1997,0,0,0,0,0,0,0,0,0,0
60181,1,1,1997,0,0,0,0,0,0,0,0,0,0
60181,2,1,1997,0,0,13,0,0,0,0,0,0,0
60182,1,1,1997,21,21,21,21,21,21,21,21,21,21
60182,2,1,1997,0,0,0,0,0,0,0,0,0,0
60183,0,1,1997,2,2,2,2,2,2,2,2,2,2
60183,1,1,1997,9,4,0,0,0,12,0,0,0,0
60184,1,1,1997,0,0,0,0,0,0,0,0,0,0
60185,1,1,1997,21,21,21,21,21,21,21,21,21,21
60186,1,1,1997,19,19,19,19,19,19,19,19,19,19
60187,0,1,1997,0,0,0,0,0,0,0,0,0,0
60187,0,2,1997,0,0,0,0,0,0,0,0,0,0
60187,1,1,1997,0,0,0,0,0,0,0,0,0,0
60188,1,1,1997,0,0,0,0,0,0,0,0,0,0
60189,1,1,1997,0,0,0,0,0,0,0,0,0,0
60189,2,1,1997,0,0,0,0,0,0,0,0,0,0
60190,1,1,1997,28,28,28,28,28,28,28,28,28,28
60190,2,1,1997,0,0,18,0,0,0,0,0,0,0
60190,3,1,1997,0,0,0,0,0,0,0,17,0,0
60190,4,1,1997,0,0,0,0,0,0,0,0,0,0
60191,1,1,1997,0,0,0,0,0,0,0,0,0,0
60192,0,1,1997,14,14,14,14,14,14,14,14,14,14
60192,1,1,1997,4,4,4,4,4,4,4,4,4,4
60192,2,1,1997,0,0,0,0,0,0,0,0,0,0
60193,0,1,1997,12,12,12,12,12,12,12,12,12,12
60193,1,1,1997,0,0,11,0,28,0,29,21,0,7
60194,1,1,1997,0,0,0,0,0,0,0,0,0,0
60194,2,1,1997,0,0,0,0,0,0,0,0,0,0
60195,0,1,1997,0,0,0,0,0,0,0,0,0,0
60195,1,1,1997,0,0,0,0,0,0,0,0,0,0
60196,0,1,1997,41,28,25,29,19,32,7,17,15,15
60196,1,1,1997,0,0,0,0,0,0,0,0,0,0
60197,0,1,1997,0,0,0,0,0,0,0,0,0,0
60197,1,1,1997,0,0,0,0,0,0,0,0,0,0
60198,0,1,1997,0,0,0,0,0,0,0,0,0,0
60198,1,1,1997,0,0,0,0,0,0,0,0,0,0
60199,1,1,1997,0,0,0,0,0,0,0,0,0,0
60199,2,1,1997,0,0,0,0,0,0,0,0,0,0
60200,0,1,1997,39,39,39,39,39,39,39,39,39,39
60200,1,1,1997,0,0,0,0,0,0,0,0,0,0
60200,2,1,1997,0,0,0,0,0,0,0,0,0,0
60200,3,1,1997,0,0,0,0,0,0,0,0,0,0
60200,4,1,1997,0,0,0,0,0,0,0,0,0,0
60201,1,1,1997,7,0,6,0,15,14,0,14,0,17
60201,2,1,1997,0,0,0,0,0,0,0,0,0,0
60202,1,1,1997,0,0,0,0,0,0,0,0,13,14
60203,1,1,1997,0,0,0,0,0,0,0,0,0,0
60204,1,1,1997,0,0,0,0,0,0,0,0,0,0
60204,2,1,1997,0,0,0,0,0,0,0,0,0,0
60204,3,1,1997,0,0,0,0,0,0,0,0,0,0
60205,0,1,1997,0,0,0,0,0,0,0,0,0,0
60206,1,1,1997,0,0,0,0,0,0,0,0,0,0
60206,2,1,1997,0,0,0,0,0,0,0,0,0,0
60207,1,1,1997,0,0,0,0,0,0,0,0,0,0
60207,2,1,1997,0,0,0,0,0,0,0,0,0,0
60208,1,1,1997,0,0,0,0,0,0,0,0,0,0
60209,1,1,1997,13,13,13,13,13,13,13,13,13,13
60210,0,1,1997,0,0,0,0,0,0,0,0,10,0
60210,1,1,1997,10,17,12,28,29,23,15,0,7,9
60211,1,1,1997,0,0,0,0,0,0,0,0,0,0
60211,2,1,1997,0,0,0,0,0,0,0,0,0,0
60212,0,1,1997,0,0,0,0,0,0,0,0,0,0
60212,1,1,1997,0,0,0,0,0,0,0,0,0,0
60213,0,1,1997,0,0,0,0,0,0,0,0,0,0
60213,1,1,1997,0,0,0,0,0,0,0,0,0,0
60214,1,1,1997,9,9,9,9,9,9,9,9,9,9
60215,0,1,1997,0,0,0,0,0,0,0,0,0,0
60215,1,1,1997,0,0,0,0,0,0,0,0,0,0
60216,1,1,1997,7,7,7,7,7,7,7,7,7,7
60217,0,1,1997,2,2,2,2,2,2,2,2,2,2
60217,1,1,1997,0,0,10,0,0,0,0,0,0,0
60218,1,1,1997,0,0,0,0,0,0,0,0,0,0
60219,1,1,1997,15,15,15,15,15,15,15,15,15,15
60219,2,1,1997,0,0,0,0,0,0,0,0,0,0
60220,1,1,1997,1,1,1,1,1,1,1,1,1,1
60220,2,1,1997,0,0,0,0,0,0,0,0,0,0
60221,1,1,1997,0,0,0,0,0,0,0,0,0,0
60222,1,1,1997,0,18,0,0,0,19,3,0,0,0
60223,1,1,1997,0,8,0,0,0,0,0,0,0,0
60223,2,1,1997,0,0,0,0,0,0,0,0,0,0
60224,1,1,1997,23,23,23,23,23,23,23,23,23,23
60225,1,1,1997,0,0,0,0,0,0,0,0,0,0
60226,1,1,1997,0,0,0,0,0,0,0,0,0,0
60226,2,1,1997,0,0,0,0,0,0,0,0,0,0
60227,0,1,1997,0,0,0,0,0,0,0,0,0,0
60227,1,1,1997,0,0,0,0,0,0,0,0,0,0
60228,0,1,1997,0,0,0,0,0,0,0,0,0,0
60228,1,1,1997,23,10,23,24,22,14,9,0,14,16
60229,1,1,1997,0,0,0,0,0,0,0,0,0,0
60229,2,1,1997,0,0,0,0,0,0,0,0,0,0
60230,0,1,1997,0,0,0,0,0,0,0,0,0,0
60230,1,1,1997,0,0,0,0,0,0,0,0,0,0
60231,1,1,1997,0,0,0,0,0,0,0,0,0,0
60231,2,1,1997,0,0,0,0,0,0,0,0,0,0
60232,1,1,1997,20,20,20,20,20,20,20,20,20,20
60233,1,1,1997,0,0,0,18,0,0,0,0,0,0
60234,0,1,1997,0,0,0,0,0,0,0,0,0,0
60234,1,1,1997,0,0,0,0,0,0,0,0,0,0
60235,0,1,1997,0,0,0,0,0,0,0,0,0,0
60235,1,1,1997,0,0,0,19,0,0,0,0,0,0
60236,1,1,1997,0,0,0,0,0,0,0,0,0,23
60236,2,1,1997,0,0,0,0,0,0,0,0,0,0
60237,1,1,1997,17,17,17,17,17,17,17,17,17,17
60238,1,1,1997,17,0,0,17,0,0,0,0,0,0
60239,1,1,1997,0,0,0,0,0,0,0,0,0,0
60239,2,1,1997,0,0,0,0,0,0,0,0,0,0
60240,0,1,1997,0,0,0,0,0,0,0,0,0,0
60240,1,1,1997,0,0,0,0,0,0,0,0,0,0
60241,1,1,1997,0,0,0,0,0,0,0,0,0,0
60242,1,1,1997,9,19,25,33,24,19,0,0,37,24
60243,1,1,1997,0,0,0,0,0,0,0,0,0,0
60244,1,1,1997,0,0,0,0,0,0,0,0,0,0
60245,1,1,1997,0,0,0,0,0,0,0,0,0,0
60246,1,1,1997,0,0,0,0,0,0,0,0,0,0
60247,1,1,1997,27,27,27,27,27,27,27,27,27,27
60248,1,1,1997,13,13,13,13,13,13,13,13,13,13
60249,1,1,1997,0,0,0,0,0,0,0,0,0,0
60250,0,1,1997,0,0,0,0,0,0,0,0,0,0
60250,1,1,1997,0,0,0,0,0,0,0,0,0,0
60251,1,1,1997,15,15,15,15,15,15,15,15,15,15
60252,0,1,1997,2,2,2,2,2,2,2,2,2,2
60252,1,1,1997,0,0,0,0,0,0,0,0,0,0
60252,2,1,1997,0,0,0,0,0,0,0,0,0,0
60253,0,1,1997,14,14,14,14,14,14,14,14,14,14
60253,1,1,1997,13,0,0,0,0,0,0,0,0,0