ST_CASE,VEH_NO,PER_NO,YEAR,P1,P2,P3,P4,P5,P6,P7,P8,P9,P10
60254,1,1,1997,0,0,0,0,0,0,0,0,0,0
60254,2,1,1997,0,0,0,0,5,0,0,0,0,0
60255,0,1,1997,0,0,0,0,0,0,0,0,0,0
60255,1,1,1997,0,0,0,0,0,0,0,0,0,0
60256,1,1,1997,0,0,0,0,0,0,0,0,0,0
60257,1,1,1997,9,9,9,9,9,9,9,9,9,9
60258,0,1,1997,0,0,0,0,0,0,0,0,0,0
60258,1,1,1997,0,0,0,0,0,0,0,0,0,0
60259,1,1,1997,0,0,0,0,0,0,0,0,0,0
60260,0,1,1997,0,0,0,0,0,0,0,0,0,0
60260,1,1,1997,0,0,0,0,0,0,0,0,0,0
60261,1,1,1997,0,0,0,0,0,0,0,0,0,0
60261,2,1,1997,0,0,0,0,0,0,0,0,0,0
60262,1,1,1997,0,0,0,0,0,0,0,0,0,0
60262,2,1,1997,0,0,0,0,0,0,0,0,0,0
60263,0,1,1997,0,0,0,0,0,0,0,0,0,0
60263,0,2,1997,0,0,0,19,0,0,0,0,0,0
60263,0,3,1997,0,0,0,0,0,0,19,0,28,0
60263,0,4,1997,0,0,0,0,0,0,19,0,0,0
60263,1,1,1997,0,0,0,0,0,0,0,0,0,0
60263,2,1,1997,0,0,0,0,0,0,0,0,0,0
60264,1,1,1997,16,16,16,16,16,16,16,16,16,16
60265,0,1,1997,14,14,14,14,14,14,14,14,14,14
60265,1,1,1997,0,0,0,0,0,0,0,0,0,0
60266,1,1,1997,22,22,22,22,22,22,22,22,22,22
60267,0,1,1997,0,0,0,0,0,0,0,0,0,0
60267,1,1,1997,0,0,0,0,0,0,0,0,0,0
60268,1,1,1997,18,18,18,18,18,18,18,18,18,18
60269,1,1,1997,31,31,31,31,31,31,31,31,31,31
60270,1,1,1997,0,0,0,0,0,0,0,0,0,0
60270,2,1,1997,0,0,0,0,0,0,0,0,0,0
60271,1,1,1997,3,3,3,3,3,3,3,3,3,3
60272,1,1,1997,12,12,12,12,12,12,12,12,12,12
60272,2,1,1997,0,0,0,0,0,0,0,0,0,0
60272,3,1,1997,0,0,0,0,0,0,0,0,0,0
60273,1,1,1997,27,27,27,27,27,27,27,27,27,27
60273,2,1,1997,0,0,0,0,0,0,0,0,0,0
60274,1,1,1997,0,0,0,0,0,0,0,0,0,0
60274,2,1,1997,0,0,0,0,0,0,0,0,0,0
60275,1,1,1997,0,0,0,0,0,0,0,0,0,0
60276,1,1,1997,9,9,9,9,9,9,9,9,9,9
60277,0,1,1997,0,0,0,0,0,0,0,0,0,0
60277,1,1,1997,0,0,0,0,0,0,4,0,0,0
60278,0,1,1997,0,0,0,0,0,0,0,0,0,0
60278,1,1,1997,0,0,0,0,0,0,0,0,0,0
60279,1,1,1997,0,0,0,0,0,0,0,0,0,0
60279,2,1,1997,0,0,0,0,0,0,0,0,0,0
60280,1,1,1997,0,0,0,0,0,0,0,0,0,0
60281,1,1,1997,18,18,18,18,18,18,18,18,18,18
60282,0,1,1997,0,0,0,0,0,0,0,0,0,0
60282,1,1,1997,0,0,0,0,0,0,0,0,0,0
60283,0,1,1997,0,0,0,0,0,0,0,0,0,0
60283,1,1,1997,0,0,0,0,0,0,0,0,0,0
60284,0,1,1997,0,0,0,0,0,0,0,0,0,0
60284,1,1,1997,0,0,0,0,0,0,0,0,0,0
60285,1,1,1997,0,0,0,0,0,0,0,0,0,0
60286,1,1,1997,0,0,0,0,0,0,0,0,0,0
60287,1,1,1997,13,13,13,13,13,13,13,13,13,13
60287,2,1,1997,0,0,0,0,0,0,0,0,0,0
60288,1,1,1997,0,0,0,0,0,0,0,0,0,0
60288,2,1,1997,0,0,0,0,0,0,0,0,0,0
60289,1,1,1997,14,14,14,14,14,14,14,14,14,14
60290,0,1,1997,0,0,0,0,0,0,0,0,0,0
60290,1,1,1997,0,0,0,0,0,0,0,0,0,0
60291,1,1,1997,1,1,1,1,1,1,1,1,1,1
60292,1,1,1997,0,0,0,0,0,0,0,0,0,0
60292,2,1,1997,0,0,0,0,0,0,0,0,0,0
60293,0,1,1997,0,0,0,0,0,0,0,0,0,0
60293,1,1,1997,0,0,0,0,0,0,0,0,0,0
60294,1,1,1997,23,0,0,0,0,0,0,0,4,0
60294,2,1,1997,2,2,2,2,2,2,2,2,2,2
60295,1,1,1997,21,5,38,30,6,16,6,9,7,39
60295,2,1,1997,0,0,0,0,0,0,0,0,0,0
60296,1,1,1997,0,0,0,0,0,0,0,0,0,0
60296,2,1,1997,0,0,0,0,0,0,0,0,0,0
60297,1,1,1997,0,0,0,0,0,0,0,0,0,0
60297,2,1,1997,0,0,0,0,0,0,0,0,0,0
60298,1,1,1997,25,25,25,25,25,25,25,25,25,25
60298,2,1,1997,0,0,0,0,0,0,0,0,0,0
60298,3,1,1997,6,6,6,6,6,6,6,6,6,6
60299,1,1,1997,0,0,0,0,0,0,0,0,0,0
60299,2,1,1997,0,0,0,0,0,0,0,0,0,0
60300,1,1,1997,28,28,28,28,28,28,28,28,28,28
60300,2,1,1997,12,12,12,12,12,12,12,12,12,12
60301,1,1,1997,0,0,0,0,0,0,0,0,0,0
60301,2,1,1997,0,0,0,0,0,0,0,24,0,0
60301,3,1,1997,0,0,0,0,0,0,0,0,0,0
60301,4,1,1997,0,0,0,0,0,0,0,0,0,0
60301,5,1,1997,0,0,0,0,0,0,0,0,0,0
60302,0,1,1997,35,35,35,35,35,35,35,35,35,35
60302,1,1,1997,0,0,0,0,0,0,0,0,0,0
60302,2,1,1997,0,0,13,0,0,0,0,0,0,0
60302,3,1,1997,11,0,0,0,0,0,0,0,0,0
60303,0,1,1997,0,0,0,0,0,0,0,0,0,0
60303,1,1,1997,0,0,0,0,0,0,0,0,0,0
60304,0,1,1997,0,0,0,0,0,0,0,0,0,0
60304,1,1,1997,0,0,0,0,0,0,0,0,0,15
60305,0,1,1997,0,0,0,0,0,0,0,0,0,0
60305,1,1,1997,0,0,0,0,0,0,0,0,0,0
60306,1,1,1997,0,0,0,0,0,0,0,0,0,0
60307,1,1,1997,0,0,0,0,0,0,0,0,0,0
60308,0,1,1997,16,16,16,16,16,16,16,16,16,16
60308,1,1,1997,0,0,0,0,0,0,16,0,0,0
60309,0,1,1997,0,0,0,0,0,0,0,0,0,0
60309,1,1,1997,0,0,0,0,0,0,0,0,0,0
60310,0,1,1997,0,0,0,0,0,0,0,0,0,0
60310,1,1,1997,0,0,0,0,0,0,0,0,0,0
60311,1,1,1997,4,4,4,4,4,4,4,4,4,4
60312,0,1,1997,26,28,0,17,43,36,17,0,24,17
60312,1,1,1997,0,0,0,0,0,0,0,0,0,0
60313,1,1,1997,0,0,0,0,0,0,0,0,0,0
60314,1,1,1997,0,0,0,0,0,0,0,0,0,0
60315,1,1,1997,0,0,0,0,0,0,0,0,0,0
60316,1,1,1997,10,10,10,10,10,10,10,10,10,10
60317,1,1,1997,0,0,0,0,0,0,0,11,0,0
60318,0,1,1997,21,21,21,21,21,21,21,21,21,21
60318,1,1,1997,0,0,0,6,0,0,20,0,0,0
60319,1,1,1997,0,0,0,0,0,0,0,0,0,0
60320,1,1,1997,26,26,26,26,26,26,26,26,26,26
60321,1,1,1997,0,0,0,0,0,0,0,0,0,0
60322,1,1,1997,0,0,0,0,0,0,0,0,0,0
60322,2,1,1997,0,0,0,0,0,0,0,0,0,0
60323,0,1,1997,0,0,0,0,0,0,0,0,0,0
60323,1,1,1997,0,0,0,0,0,0,0,0,0,0
60324,1,1,1997,0,0,0,0,0,0,0,0,0,0
60325,1,1,1997,0,0,0,0,0,0,0,0,0,0
60325,2,1,1997,2,2,2,2,2,2,2,2,2,2
60326,1,1,1997,0,0,0,0,0,0,0,0,0,0
60327,1,1,1997,0,0,0,0,0,0,0,0,0,0
60327,2,1,1997,0,0,0,0,0,0,0,0,0,0
60328,1,1,1997,0,0,0,0,0,0,0,0,0,0
60328,2,1,1997,0,0,0,0,0,0,0,0,0,0
60329,1,1,1997,23,23,23,23,23,23,23,23,23,23
60330,1,1,1997,0,0,0,0,0,0,0,0,0,0
60330,2,1,1997,0,0,0,0,0,0,0,0,0,0
60330,3,1,1997,0,0,19,19,0,17,0,0,0,11
60331,0,1,1997,0,0,0,0,0,0,0,0,0,0
60331,0,2,1997,0,0,0,0,0,0,0,0,0,0
60331,1,1,1997,0,0,0,0,0,0,0,0,0,0
60332,1,1,1997,0,0,0,0,0,0,0,0,0,0
60332,2,1,1997,3,3,3,3,3,3,3,3,3,3
60333,0,1,1997,0,0,0,0,0,0,0,0,0,0
60333,1,1,1997,0,0,0,0,0,0,0,0,0,0
60334,1,1,1997,0,0,0,0,17,0,0,0,0,0
60334,2,1,1997,0,0,0,0,0,0,0,0,0,0
60335,0,1,1997,26,26,26,26,26,26,26,26,26,26
60335,1,1,1997,0,0,0,0,0,0,0,0,0,0
60336,1,1,1997,15,15,15,15,15,15,15,15,15,15
60336,2,1,1997,0,0,0,0,0,0,0,0,0,0
60337,0,1,1997,22,22,22,22,22,22,22,22,22,22
60337,1,1,1997,0,0,0,0,0,0,0,0,0,0
60337,2,1,1997,0,0,0,0,0,0,0,0,0,0
60338,0,1,1997,0,0,0,0,0,0,0,0,0,0
60338,1,1,1997,11,0,0,0,0,0,0,0,0,0
60339,1,1,1997,0,0,0,0,0,0,0,0,0,0
60339,2,1,1997,0,0,0,0,0,0,0,0,0,0
60339,3,1,1997,0,0,0,0,0,0,0,0,0,0
60340,1,1,1997,0,0,0,0,0,0,0,0,0,0
60340,2,1,1997,0,0,0,0,26,0,0,0,0,0
60340,3,1,1997,0,0,0,0,0,0,0,0,0,0
60341,1,1,1997,0,0,0,0,0,0,0,0,0,0
60341,2,1,1997,0,0,0,0,0,0,0,0,12,0
60342,1,1,1997,0,0,0,0,0,0,0,0,0,0
60342,2,1,1997,0,0,0,0,0,0,0,0,0,0
60343,0,1,1997,0,0,0,0,0,0,0,0,0,0
60343,0,2,1997,0,0,0,0,0,0,0,0,0,0
60343,1,1,1997,0,0,0,0,0,0,0,0,0,0
60343,2,1,1997,0,0,0,0,0,0,0,0,0,0
60344,1,1,1997,0,0,0,0,0,0,0,0,0,0
60344,2,1,1997,0,0,0,0,0,0,0,0,0,0
60344,3,1,1997,0,0,0,0,0,0,0,0,0,0
60344,4,1,1997,0,3,0,0,0,0,0,0,0,0
60345,0,1,1997,36,36,36,36,36,36,36,36,36,36
60345,1,1,1997,0,0,0,0,0,0,0,0,0,0
60346,1,1,1997,0,0,0,0,0,0,0,0,0,0
60347,1,1,1997,0,0,0,0,0,0,0,0,0,0
60348,1,1,1997,0,0,0,0,0,0,0,0,0,0
60349,0,1,1997,0,0,0,0,0,0,0,0,0,0
60349,1,1,1997,0,0,0,0,0,0,0,0,0,0
60350,1,1,1997,0,0,0,0,0,0,0,0,0,0
60350,2,1,1997,0,0,0,0,0,0,0,0,0,0
60351,1,1,1997,0,0,0,0,0,0,0,0,0,0
60351,2,1,1997,0,0,0,0,0,0,0,0,0,0
60352,1,1,1997,0,0,0,0,0,0,0,0,0,0
60352,2,1,1997,0,0,0,0,0,0,0,0,0,0
60353,1,1,1997,0,0,0,0,0,0,0,0,0,0
60353,2,1,1997,0,0,0,0,0,0,0,0,0,0
60354,1,1,1997,0,0,0,0,0,0,0,0,0,0
60355,1,1,1997,8,8,8,8,8,8,8,8,8,8
60356,0,1,1997,23,23,23,23,23,23,23,23,23,23
60356,1,1,1997,0,0,0,0,0,15,0,0,0,0
60357,1,1,1997,0,0,0,0,0,0,0,0,0,0
60358,0,1,1997,0,0,0,0,0,0,0,0,0,0
60358,1,1,1997,0,0,0,0,0,0,0,0,0,0
60359,0,1,1997,34,34,34,34,34,34,34,34,34,34
60359,1,1,1997,0,0,0,0,0,0,0,0,19,0
60360,0,1,1997,27,27,27,27,27,27,27,27,27,27
60360,1,1,1997,0,0,0,0,0,0,0,0,0,0
60362,0,1,1997,0,0,0,0,0,0,0,0,0,0
60362,1,1,1997,0,0,0,0,0,0,0,0,0,0
60363,1,1,1997,0,0,0,0,0,0,0,0,0,0
60364,1,1,1997,0,0,0,0,0,0,0,0,0,0
60365,1,1,1997,0,0,0,0,0,0,0,0,0,0
60366,0,1,1997,0,0,0,0,0,0,0,0,0,0
60366,1,1,1997,0,0,0,0,0,0,0,0,0,0
60367,1,1,1997,0,0,0,0,0,0,0,0,0,0
60368,1,1,1997,0,0,0,0,0,0,0,0,0,0
60368,2,1,1997,0,0,0,0,0,0,0,0,0,0
60368,3,1,1997,0,0,0,0,0,0,0,0,0,0
60368,4,1,1997,0,0,0,0,0,0,0,0,0,0
60368,5,1,1997,0,0,0,0,0,0,0,0,0,0
60369,1,1,1997,0,0,0,0,0,0,0,0,0,0
60369,2,1,1997,0,0,0,0,0,0,0,0,0,0
60369,3,1,1997,0,0,0,0,0,0,0,0,0,0
60370,1,1,1997,0,0,0,0,0,0,0,17,0,0
60370,2,1,1997,0,0,0,0,0,0,0,0,0,0
60370,3,1,1997,0,0,0,0,0,0,0,0,0,0
60371,1,1,1997,0,0,0,0,0,0,0,0,0,0
60372,1,1,1997,0,0,0,0,0,0,0,0,0,0
60372,2,1,1997,0,0,0,0,0,0,0,0,0,0
60373,1,1,1997,0,0,0,0,0,0,0,0,0,0
60373,2,1,1997,0,0,0,0,0,0,0,0,0,0
60374,1,1,1997,0,0,0,0,0,0,0,0,0,0
60375,1,1,1997,0,0,0,0,0,0,0,0,0,0
60376,1,1,1997,0,0,0,0,0,0,0,0,0,0
60376,2,1,1997,0,0,0,0,0,0,0,0,0,0
60376,3,1,1997,0,0,0,0,0,0,0,0,0,0
60377,1,1,1997,0,0,0,0,0,0,0,0,0,0
60377,2,1,1997,0,0,0,0,0,0,0,0,0,0
60378,0,1,1997,0,0,0,0,0,0,0,0,0,0
60378,1,1,1997,0,0,0,0,0,0,0,0,0,0
60379,0,1,1997,0,0,0,0,0,0,0,0,0,0
60379,1,1,1997,15,15,15,15,15,15,15,15,15,15
60380,0,1,1997,0,0,0,0,0,0,0,0,0,0
60380,1,1,1997,0,0,0,0,0,0,0,0,0,0
60381,1,1,1997,0,0,0,0,0,0,0,0,0,0
60381,2,1,1997,0,0,0,0,0,0,0,0,0,0
60382,1,1,1997,0,0,0,0,0,0,0,0,0,0
60382,2,1,1997,0,0,0,0,0,0,0,0,0,0
60383,1,1,1997,0,0,0,0,0,0,0,0,0,0
60383,2,1,1997,0,0,0,0,0,0,0,0,0,0
60383,3,1,1997,1,1,1,1,1,1,1,1,1,1
60383,4,1,1997,0,0,0,0,0,0,0,0,0,0
60384,1,1,1997,0,0,0,0,0,0,0,0,0,0
60384,2,1,1997,0,0,0,0,0,0,0,0,0,0
60385,1,1,1997,0,0,0,0,0,0,0,0,0,0
60386,1,1,1997,0,0,0,0,0,0,0,0,0,0
60387,1,1,1997,11,11,11,11,11,11,11,11,11,11
60388,0,1,1997,0,0,0,0,0,0,0,0,0,0
60388,1,1,1997,0,0,0,0,0,0,0,0,0,0
60389,1,1,1997,0,0,0,0,0,0,0,0,0,0
60389,2,1,1997,0,0,0,0,0,0,0,0,0,0
60390,1,1,1997,0,0,0,0,0,0,0,0,0,0
60390,2,1,1997,0,0,0,0,0,0,0,0,0,0
60391,1,1,1997,0,0,0,0,0,0,0,0,0,0
60391,2,1,1997,0,0,0,0,0,0,0,0,0,0
60392,1,1,1997,28,7,0,18,26,0,2,0,14,19
60393,1,1,1997,0,28,4,0,0,0,0,0,0,0
60394,1,1,1997,13,13,13,13,13,13,13,13,13,13
60395,1,1,1997,2,2,2,2,2,2,2,2,2,2
60396,1,1,1997,0,0,0,0,0,0,0,0,0,0
60396,2,1,1997,0,0,0,0,0,0,0,0,0,0
60397,1,1,1997,0,0,0,0,0,0,0,0,0,0
60398,0,1,1997,0,0,0,0,0,0,0,0,3,0
60398,1,1,1997,0,0,0,0,0,0,0,0,0,0
60398,2,1,1997,0,0,0,0,0,0,0,0,0,0
60399,1,1,1997,0,0,0,0,0,12,13,0,0,0
60400,0,1,1997,0,0,0,0,0,0,0,0,0,0
60400,1,1,1997,0,0,0,0,0,0,0,0,0,0
60401,1,1,1997,24,0,0,0,0,0,0,0,0,0
60401,2,1,1997,0,0,0,0,0,0,0,0,0,0
60402,1,1,1997,0,0,0,0,0,0,0,0,0,0
60402,2,1,1997,0,0,0,0,0,0,0,0,0,0
60403,1,1,1997,29,29,29,29,29,29,29,29,29,29
60403,2,1,1997,1,1,1,1,1,1,1,1,1,1
60404,1,1,1997,0,0,0,0,0,0,0,0,0,0
60404,2,1,1997,0,0,0,0,0,0,0,0,0,0
60405,1,1,1997,14,14,14,14,14,14,14,14,14,14
60406,1,1,1997,0,0,0,0,0,12,0,0,0,0
60406,2,1,1997,0,0,0,0,0,0,0,0,0,0
60406,3,1,1997,0,0,0,0,0,0,0,0,0,0
60407,1,1,1997,0,0,0,0,0,0,0,0,0,0
60407,2,1,1997,0,0,0,0,0,0,0,0,0,0
60408,1,1,1997,0,0,0,0,0,0,0,0,0,0
60408,2,1,1997,0,0,0,0,0,0,0,0,0,0
60409,1,1,1997,0,0,0,0,0,0,0,0,0,0
60409,2,1,1997,0,0,0,0,0,0,0,0,0,0
60409,3,1,1997,0,0,0,0,0,0,0,0,0,0
60410,1,1,1997,0,0,0,0,0,0,0,0,0,0
60411,1,1,1997,0,0,0,0,0,0,0,0,0,0
60411,2,1,1997,0,0,0,0,0,0,0,0,0,0
60412,1,1,1997,0,0,0,0,0,0,0,0,0,0
60412,2,1,1997,0,0,0,0,0,0,0,0,0,0
60413,0,1,1997,0,0,0,0,0,0,0,0,0,0
60413,1,1,1997,0,0,0,0,0,0,0,0,0,0
60414,1,1,1997,0,0,0,0,0,0,0,0,0,0
60415,0,1,1997,0,0,0,0,0,0,0,0,0,0
60415,1,1,1997,0,0,0,0,0,0,0,0,0,0
60416,1,1,1997,0,0,0,0,0,0,0,0,0,0
60417,0,1,1997,0,0,0,0,0,0,0,0,0,0
60417,1,1,1997,0,0,0,0,0,0,0,0,0,0
60418,1,1,1997,0,0,0,0,0,0,0,0,0,0
60418,2,1,1997,0,0,0,0,0,0,0,0,0,0
60419,0,1,1997,19,19,19,19,19,19,19,19,19,19
60419,1,1,1997,0,0,0,0,0,0,0,0,0,0
60420,1,1,1997,0,0,0,0,0,0,0,0,0,0
60421,0,1,1997,0,0,0,0,0,0,0,0,0,0
60421,1,1,1997,0,0,0,0,0,0,0,0,0,0
60422,1,1,1997,0,0,0,0,0,0,0,0,0,0
60422,2,1,1997,0,0,0,0,0,0,0,0,0,0
60423,1,1,1997,0,0,0,0,0,0,0,0,0,0
60423,2,1,1997,0,0,0,0,0,0,0,0,0,0
60424,0,1,1997,0,0,0,0,0,0,0,0,0,0
60424,0,2,1997,0,0,0,0,0,0,0,0,0,0
60424,1,1,1997,0,0,0,0,0,0,0,0,0,0
60425,1,1,1997,0,0,0,0,0,0,0,0,0,0
60425,2,1,1997,0,0,0,0,0,0,0,0,0,0
60426,1,1,1997,14,14,14,14,14,14,14,14,14,14
60427,1,1,1997,0,0,0,0,0,0,0,0,0,0
60427,2,1,1997,9,0,0,0,3,0,0,0,0,0
60428,1,1,1997,0,0,0,0,0,0,0,0,0,0
60429,1,1,1997,18,18,18,18,18,18,18,18,18,18
60430,0,1,1997,0,0,0,0,0,0,0,0,0,0
60431,1,1,1997,0,0,0,0,0,0,0,0,0,0
60431,2,1,1997,0,0,0,0,0,0,0,0,0,0
60432,0,1,1997,0,0,0,0,0,0,0,0,0,0
60432,1,1,1997,0,0,0,0,0,0,0,0,0,0
60432,2,1,1997,0,0,0,0,0,0,0,0,0,0
60433,0,1,1997,0,0,0,0,0,0,0,0,0,0
60433,1,1,1997,0,0,0,0,0,0,18,0,0,0
60434,0,1,1997,0,0,0,0,0,0,0,0,0,0
60434,1,1,1997,0,0,0,0,0,0,0,0,0,0
60435,1,1,1997,0,0,0,0,0,0,0,0,0,0
60435,2,1,1997,29,29,29,29,29,29,29,29,29,29
60436,1,1,1997,0,0,0,0,0,0,0,0,0,0
60436,2,1,1997,0,0,0,0,0,0,0,0,0,0
60437,0,1,1997,31,31,31,31,31,31,31,31,31,31
60437,1,1,1997,0,0,0,0,0,0,0,0,0,0
60438,1,1,1997,7,7,7,7,7,7,7,7,7,7
60439,0,1,1997,0,0,0,0,0,0,0,0,0,0
60439,1,1,1997,0,0,0,7,6,12,14,26,8,0
60440,1,1,1997,0,0,0,0,0,0,0,0,0,0
60441,1,1,1997,0,0,0,0,0,0,0,0,0,0
60442,1,1,1997,0,0,0,0,0,0,0,0,0,7
60443,1,1,1997,0,0,0,0,0,0,0,0,0,0
60443,2,1,1997,0,0,0,0,0,0,0,0,0,0
60444,1,1,1997,0,0,0,0,0,0,0,0,0,0
60444,2,1,1997,2,2,2,2,2,2,2,2,2,2
60445,1,1,1997,0,0,0,0,0,0,0,0,0,0
60446,1,1,1997,24,0,21,0,0,20,0,9,26,12
60447,0,1,1997,0,0,0,0,0,0,0,0,0,0
60447,1,1,1997,0,0,0,0,0,0,0,0,0,0
60448,1,1,1997,0,0,0,0,0,0,0,0,0,0
60448,2,1,1997,0,0,0,0,0,0,0,0,0,0
60449,1,1,1997,19,19,19,19,19,19,19,19,19,19
60450,1,1,1997,0,0,0,0,0,0,0,0,0,0
60451,1,1,1997,0,0,0,0,0,0,0,0,0,0
60451,2,1,1997,0,0,0,0,0,0,0,0,0,0
60452,0,1,1997,0,0,0,0,0,0,0,0,0,0
60452,1,1,1997,0,0,0,0,0,0,0,0,0,0
60453,0,1,1997,26,26,26,26,26,26,26,26,26,26
60453,1,1,1997,0,0,9,0,17,0,0,12,0,11
60454,0,1,1997,37,37,37,37,37,37,37,37,37,37
60454,1,1,1997,0,0,0,0,9,0,0,0,0,0
60455,1,1,1997,22,22,22,22,22,22,22,22,22,22
60455,2,1,1997,0,0,0,0,0,0,0,0,0,0
60456,1,1,1997,0,0,0,0,0,0,0,0,0,0
60456,2,1,1997,0,0,0,0,0,0,0,0,0,0
60457,1,1,1997,0,0,0,0,0,0,0,0,0,0
60457,2,1,1997,0,0,0,0,0,0,0,0,0,0
60458,1,1,1997,0,0,0,0,0,0,0,0,0,0
60458,2,1,1997,0,0,0,0,0,0,0,11,0,0
60459,0,1,1997,27,27,27,27,27,27,27,27,27,27
60459,1,1,1997,0,0,0,0,0,0,0,0,0,0
60460,1,1,1997,0,0,0,0,0,0,0,0,0,0
60460,2,1,1997,0,0,0,0,0,0,0,0,0,0
60461,0,1,1997,0,0,0,0,0,0,0,0,0,0
60461,1,1,1997,0,0,18,0,17,0,0,0,6,0
60462,1,1,1997,0,0,0,0,0,0,0,0,0,0
60462,2,1,1997,0,0,0,0,0,0,0,0,0,11
60463,0,1,1997,31,31,31,31,31,31,31,31,31,31
60463,1,1,1997,0,0,0,10,10,0,27,0,13,13
60464,0,1,1997,26,34,3,25,0,22,33,10,24,0
60464,1,1,1997,0,0,17,13,0,0,7,0,0,0
60464,2,1,1997,0,0,0,0,0,0,0,0,0,0
60464,3,1,1997,0,0,0,0,0,0,22,0,0,0
60465,1,1,1997,0,0,0,0,0,0,0,0,0,0
60466,0,1,1997,0,0,0,0,0,0,0,0,0,0
60466,1,1,1997,0,0,0,0,0,0,0,0,0,0
60467,0,1,1997,0,0,0,0,0,0,0,0,0,0
60467,0,2,1997,0,0,0,0,0,0,0,0,0,0
60467,1,1,1997,15,15,15,15,15,15,15,15,15,15
60468,1,1,1997,0,0,0,0,0,0,0,0,0,0
60469,0,1,1997,0,0,0,0,0,0,0,0,0,0
60469,1,1,1997,0,0,0,0,0,0,0,0,0,0
60470,1,1,1997,0,0,0,0,0,0,0,0,0,0
60471,1,1,1997,0,0,0,0,0,0,0,0,0,0
60472,1,1,1997,19,19,19,19,19,19,19,19,19,19
60472,2,1,1997,0,0,0,0,0,0,0,0,0,0
60473,1,1,1997,0,0,0,0,0,0,0,0,0,0
60473,2,1,1997,0,0,0,0,0,0,0,0,0,0
60473,3,1,1997,0,0,0,0,0,0,0,0,0,0
60474,1,1,1997,0,0,0,0,0,0,0,0,0,0
60475,1,1,1997,0,0,0,0,0,0,0,0,0,0
60475,2,1,1997,0,0,0,0,0,0,0,0,0,0
60476,1,1,1997,21,23,16,32,54,22,10,6,9,28
60477,1,1,1997,0,0,0,0,0,0,0,0,0,0
60477,2,1,1997,0,0,0,0,0,0,0,0,0,0
60478,1,1,1997,0,0,0,0,0,0,0,0,0,0
60479,1,1,1997,0,0,0,10,0,0,0,0,0,0
60480,1,1,1997,0,0,0,0,0,0,0,0,0,0
60480,2,1,1997,0,0,0,0,0,0,0,0,0,0
60481,1,1,1997,0,0,0,0,0,0,0,0,0,0
60481,2,1,1997,0,0,0,0,0,0,0,0,0,0
60481,3,1,1997,0,0,0,0,0,0,0,0,0,0
60482,1,1,1997,0,0,0,0,0,0,0,0,0,0
60482,2,1,1997,0,0,0,0,0,0,0,0,0,0
60483,1,1,1997,13,13,13,13,13,13,13,13,13,13
60484,0,1,1997,0,0,0,0,0,0,0,0,0,0
60484,1,1,1997,0,0,0,0,0,0,0,0,0,0
60485,1,1,1997,15,15,15,15,15,15,15,15,15,15
60486,1,1,1997,17,17,17,17,17,17,17,17,17,17
60487,1,1,1997,0,0,0,0,0,0,0,0,0,0
60488,1,1,1997,0,0,0,0,0,0,0,0,0,0
60489,1,1,1997,10,10,10,10,10,10,10,10,10,10
60490,1,1,1997,24,24,24,24,24,24,24,24,24,24
60491,0,1,1997,0,0,0,0,0,0,0,0,0,0
60491,1,1,1997,0,0,0,0,0,0,0,0,0,0
60492,1,1,1997,0,0,0,0,0,0,0,0,0,0
60492,2,1,1997,0,0,0,0,0,0,0,0,0,0
60493,1,1,1997,0,0,0,0,0,0,0,0,0,0
60493,2,1,1997,0,0,0,0,0,0,0,0,0,0
60494,0,1,1997,13,13,13,13,13,13,13,13,13,13
60494,1,1,1997,0,0,0,0,0,0,0,0,0,0
60495,1,1,1997,0,0,0,0,0,0,0,0,0,0
60495,2,1,1997,0,0,0,0,0,0,0,0,0,0
60496,1,1,1997,0,0,0,0,0,0,0,0,0,0
60496,2,1,1997,0,0,0,0,0,0,0,0,0,0
60497,1,1,1997,0,0,0,0,0,0,0,0,0,0
60497,2,1,1997,0,0,0,0,0,0,0,0,0,0
60498,0,1,1997,0,0,0,0,0,0,0,0,0,0
60498,1,1,1997,0,0,0,0,0,0,0,0,0,0
60499,0,1,1997,0,0,0,0,0,0,0,0,0,0
60499,1,1,1997,12,0,0,0,0,0,0,0,0,0
60500,0,1,1997,0,0,0,0,0,0,0,0,0,0
60500,1,1,1997,12,12,12,12,12,12,12,12,12,12
60501,1,1,1997,0,0,0,0,0,0,0,0,0,0
60501,2,1,1997,0,0,0,0,0,0,0,0,0,0
60501,3,1,1997,0,0,0,0,0,0,0,0,0,0
60501,4,1,1997,0,0,0,0,0,0,0,0,0,0
60502,1,1,1997,0,0,0,0,0,0,0,0,0,0
60502,2,1,1997,0,0,0,0,0,0,0,0,0,0