ST_CASE,VEH_NO,PER_NO,YEAR,P1,P2,P3,P4,P5,P6,P7,P8,P9,P10
60503,0,1,1997,0,0,0,0,0,0,0,0,0,0
60503,1,1,1997,0,0,0,0,0,0,0,0,0,0
60504,1,1,1997,0,0,0,0,0,0,0,0,0,0
60504,2,1,1997,0,0,0,0,0,0,0,0,0,0
60504,3,1,1997,0,0,0,0,0,0,0,0,0,0
60505,1,1,1997,0,0,0,0,0,0,0,0,0,0
60506,0,1,1997,0,0,0,0,0,0,0,0,0,0
60506,1,1,1997,0,0,0,0,0,0,0,0,0,0
60507,1,1,1997,0,0,0,0,0,0,0,0,0,0
60508,1,1,1997,22,22,22,22,22,22,22,22,22,22
60509,1,1,1997,0,0,0,0,0,0,0,24,0,5
60510,1,1,1997,0,0,0,0,0,0,0,0,0,0
60510,2,1,1997,0,0,0,0,0,0,0,0,0,0
60511,1,1,1997,0,0,0,0,0,0,0,0,0,0
60511,2,1,1997,0,0,0,0,0,0,0,0,0,0
60512,0,1,1997,0,0,0,0,0,0,0,0,0,0
60512,1,1,1997,11,11,11,11,11,11,11,11,11,11
60512,2,1,1997,0,0,0,0,0,0,0,0,0,0
60513,1,1,1997,0,0,0,0,0,0,0,0,0,0
60513,2,1,1997,0,0,0,0,0,0,0,0,0,0
60514,1,1,1997,0,0,0,0,0,0,0,0,0,0
60515,1,1,1997,3,3,3,3,3,3,3,3,3,3
60515,2,1,1997,0,0,0,0,0,4,0,0,0,0
60515,3,1,1997,0,0,0,0,0,0,0,0,0,0
60516,0,1,1997,0,0,0,0,0,0,0,0,0,0
60516,1,1,1997,0,0,0,0,11,0,0,0,0,0
60517,0,1,1997,0,0,0,0,0,0,0,0,0,0
60517,1,1,1997,0,0,0,0,0,0,0,0,0,0
60518,1,1,1997,0,0,0,0,0,0,0,0,0,0
60519,1,1,1997,0,0,0,0,0,0,0,0,2,0
60519,2,1,1997,0,0,0,0,0,0,0,0,0,0
60520,1,1,1997,1,1,1,1,1,1,1,1,1,1
60520,2,1,1997,0,0,0,0,0,0,0,0,0,0
60521,1,1,1997,0,0,0,0,0,0,0,0,0,0
60522,0,1,1997,0,0,0,0,0,0,0,0,0,0
60523,1,1,1997,0,0,0,0,0,0,0,0,0,0
60523,2,1,1997,0,0,0,0,0,0,0,0,0,0
60523,3,1,1997,0,0,0,0,0,0,0,0,0,0
60524,1,1,1997,16,16,16,16,16,16,16,16,16,16
60525,1,1,1997,8,8,8,8,8,8,8,8,8,8
60525,2,1,1997,0,0,0,0,0,0,12,0,0,0
60526,1,1,1997,26,8,0,0,30,0,0,23,0,21
60526,2,1,1997,0,0,0,0,0,0,0,0,0,0
60527,0,1,1997,0,0,0,0,0,0,0,0,0,0
60527,1,1,1997,0,0,0,0,0,0,0,0,0,0
60528,1,1,1997,0,0,0,0,0,0,0,0,0,0
60528,2,1,1997,0,0,0,0,0,0,0,0,0,0
60529,0,1,1997,0,0,0,0,0,0,0,0,0,0
60529,1,1,1997,0,0,0,0,0,0,0,0,0,0
60530,1,1,1997,0,0,0,0,0,0,0,0,0,0
60530,2,1,1997,19,19,19,19,19,19,19,19,19,19
60531,0,1,1997,0,0,0,0,0,0,0,0,0,0
60531,1,1,1997,0,0,0,0,0,0,0,0,0,0
60532,0,1,1997,0,0,0,0,0,0,0,0,0,0
60532,1,1,1997,0,0,0,0,0,0,0,0,0,0
60533,0,1,1997,0,0,0,0,0,0,0,0,0,0
60533,1,1,1997,0,0,0,0,0,0,0,0,0,0
60534,1,1,1997,0,0,0,0,0,0,0,0,0,0
60535,1,1,1997,0,0,0,0,0,0,0,0,0,0
60535,2,1,1997,0,0,0,0,0,0,0,0,0,0
60535,3,1,1997,0,0,0,0,0,0,0,0,0,0
60535,4,1,1997,0,0,0,0,0,0,0,0,0,0
60536,1,1,1997,12,12,12,12,12,12,12,12,12,12
60536,2,1,1997,0,0,0,0,0,0,0,0,0,0
60537,1,1,1997,0,34,10,0,0,32,0,0,0,0
60538,0,1,1997,0,0,0,0,0,0,0,0,0,0
60538,1,1,1997,0,0,0,0,0,0,0,0,0,0
60539,1,1,1997,0,0,0,0,0,0,0,0,0,0
60539,2,1,1997,0,0,0,0,0,0,0,0,0,0
60540,0,1,1997,26,26,26,26,26,26,26,26,26,26
60540,1,1,1997,13,13,13,13,13,13,13,13,13,13
60541,1,1,1997,0,0,0,0,0,0,0,0,0,0
60542,1,1,1997,0,0,0,0,0,0,0,17,0,0
60542,2,1,1997,0,0,0,0,0,0,0,0,0,0
60543,1,1,1997,21,21,21,21,21,21,21,21,21,21
60544,0,1,1997,31,31,31,31,31,31,31,31,31,31
60544,1,1,1997,10,0,26,3,0,0,0,0,0,9
60545,1,1,1997,0,0,0,0,0,0,0,0,0,0
60545,2,1,1997,0,0,0,0,0,28,0,0,0,0
60546,1,1,1997,0,0,0,0,0,0,0,0,0,0
60546,2,1,1997,0,0,0,0,0,0,0,5,0,0
60547,0,1,1997,22,22,22,22,22,22,22,22,22,22
60547,1,1,1997,0,0,15,0,0,0,0,22,0,0
60547,2,1,1997,0,0,0,0,0,0,0,0,0,0
60548,1,1,1997,4,14,5,13,19,11,4,7,6,9
60549,0,1,1997,0,0,0,0,0,0,0,0,0,0
60549,1,1,1997,0,0,0,0,0,0,0,0,0,0
60550,1,1,1997,0,0,0,0,0,0,0,0,0,0
60551,1,1,1997,8,0,17,0,13,0,0,0,0,0
60552,1,1,1997,9,9,9,9,9,9,9,9,9,9
60553,1,1,1997,0,0,0,0,0,0,0,0,0,0
60553,2,1,1997,0,0,0,0,0,0,0,0,0,0
60554,1,1,1997,0,0,0,0,0,0,0,0,0,0
60555,1,1,1997,38,38,38,38,38,38,38,38,38,38
60555,2,1,1997,0,0,0,0,0,0,0,0,0,0
60556,0,1,1997,0,0,0,0,0,0,0,0,0,0
60556,1,1,1997,0,0,0,0,0,0,0,0,0,0
60556,2,1,1997,0,0,0,0,0,0,0,0,0,0
60557,1,1,1997,17,17,17,17,17,17,17,17,17,17
60558,1,1,1997,0,0,0,0,0,0,0,0,0,0
60558,2,1,1997,0,0,0,0,0,0,0,0,0,0
60559,1,1,1997,22,22,22,22,22,22,22,22,22,22
60560,1,1,1997,0,0,0,0,0,0,0,0,0,0
60560,2,1,1997,0,0,0,0,0,0,0,0,0,0
60560,3,1,1997,0,0,0,0,0,0,0,0,0,0
60561,1,1,1997,0,0,0,0,0,0,0,0,0,0
60561,2,1,1997,0,0,0,0,0,0,0,0,0,0
60562,1,1,1997,0,0,19,0,0,0,0,0,0,0
60563,1,1,1997,0,0,0,0,0,0,0,0,0,0
60563,2,1,1997,0,0,0,0,0,0,0,0,0,0
60564,0,1,1997,0,0,0,0,0,0,0,0,0,0
60564,1,1,1997,0,0,0,0,0,0,0,0,0,0
60565,1,1,1997,0,0,0,0,0,0,0,0,0,0
60565,2,1,1997,0,0,0,0,0,0,0,0,0,0
60566,0,1,1997,0,0,0,0,0,0,0,0,0,0
60566,1,1,1997,0,0,0,0,0,0,0,0,0,0
60567,1,1,1997,0,0,0,0,0,0,0,0,0,0
60567,2,1,1997,0,0,0,0,0,0,0,0,0,0
60568,1,1,1997,29,29,29,29,29,29,29,29,29,29
60568,2,1,1997,0,0,0,0,0,0,8,23,0,0
60569,1,1,1997,0,0,0,0,0,20,0,0,0,0
60569,2,1,1997,0,0,0,0,0,0,0,0,0,0
60570,0,1,1997,10,10,10,10,10,10,10,10,10,10
60570,1,1,1997,0,0,0,0,0,0,0,0,0,0
60571,1,1,1997,0,0,0,0,0,0,0,0,0,0
60572,1,1,1997,18,17,12,15,12,10,0,10,17,31
60573,1,1,1997,0,0,0,0,0,0,0,0,0,0
60573,2,1,1997,0,0,0,0,0,0,0,0,0,0
60574,0,1,1997,30,29,3,15,33,24,0,21,34,10
60574,1,1,1997,0,6,0,0,10,0,13,15,0,0
60575,1,1,1997,12,12,12,12,12,12,12,12,12,12
60575,2,1,1997,0,0,0,0,15,0,20,0,11,0
60576,1,1,1997,0,0,0,0,0,0,0,0,0,0
60577,1,1,1997,0,0,0,0,0,0,0,0,0,0
60577,2,1,1997,0,0,0,0,0,0,0,0,0,0
60578,1,1,1997,19,19,19,19,19,19,19,19,19,19
60579,0,1,1997,22,22,22,22,22,22,22,22,22,22
60579,0,2,1997,14,0,18,0,28,30,7,12,17,25
60579,1,1,1997,0,0,0,0,0,0,0,0,0,0
60580,1,1,1997,0,0,0,0,0,0,0,0,0,0
60581,1,1,1997,0,0,0,0,0,0,0,0,0,0
60581,2,1,1997,0,0,0,0,0,0,0,0,0,0
60582,1,1,1997,0,0,0,0,0,0,0,0,0,0
60583,0,1,1997,0,0,0,0,0,0,0,0,0,0
60583,1,1,1997,0,0,0,0,0,0,0,0,0,0
60584,1,1,1997,13,13,13,13,13,13,13,13,13,13
60585,1,1,1997,0,0,0,0,0,0,0,0,0,0
60586,0,1,1997,0,0,0,0,0,0,0,0,0,0
60586,0,2,1997,0,0,0,0,21,0,0,15,17,0
60586,0,3,1997,0,0,0,0,6,0,0,0,0,0
60586,1,1,1997,0,0,0,0,0,0,0,0,0,0
60586,2,1,1997,0,0,0,0,0,0,0,0,0,0
60586,3,1,1997,0,0,0,0,0,0,0,0,0,0
60586,4,1,1997,0,10,0,0,0,0,0,0,0,0
60587,1,1,1997,0,0,0,0,0,0,0,0,0,0
60588,1,1,1997,0,0,0,0,0,0,0,0,0,0
60589,1,1,1997,0,0,0,0,0,0,0,0,0,0
60590,1,1,1997,0,0,0,0,0,0,0,0,0,0
60591,0,1,1997,20,20,20,20,20,20,20,20,20,20
60591,1,1,1997,0,18,0,0,0,0,0,0,0,0
60592,1,1,1997,0,15,0,0,0,0,0,0,0,0
60592,2,1,1997,0,0,0,0,0,0,0,0,0,0
60593,1,1,1997,0,0,0,0,0,0,0,0,0,0
60593,2,1,1997,0,8,0,17,0,0,0,0,0,0
60594,0,1,1997,0,0,0,0,0,0,0,0,0,0
60594,1,1,1997,0,0,0,8,30,0,0,22,0,0
60595,1,1,1997,0,0,0,0,0,0,0,0,0,0
60595,2,1,1997,0,0,0,0,0,0,0,0,0,0
60596,1,1,1997,0,0,0,0,0,0,0,0,0,0
60597,1,1,1997,6,6,6,6,6,6,6,6,6,6
60598,0,1,1997,0,0,0,0,0,0,0,0,0,0
60598,1,1,1997,0,0,0,0,0,0,0,0,0,0
60599,0,1,1997,24,24,24,24,24,24,24,24,24,24
60599,1,1,1997,0,0,0,0,0,0,0,0,2,0
60600,1,1,1997,2,2,2,2,2,2,2,2,2,2
60601,1,1,1997,0,0,0,0,0,0,0,0,0,0
60601,2,1,1997,0,0,0,0,0,0,0,0,0,0
60601,3,1,1997,0,0,0,0,0,0,22,0,0,0
60602,0,1,1997,0,0,0,0,0,0,0,0,0,0
60602,1,1,1997,0,0,0,0,0,0,0,0,0,0
60603,1,1,1997,20,20,20,20,20,20,20,20,20,20
60604,1,1,1997,0,0,0,0,0,0,0,0,0,0
60604,2,1,1997,0,0,0,0,0,0,0,0,0,0
60605,0,1,1997,0,0,0,0,0,0,0,0,0,0
60605,1,1,1997,0,14,0,0,0,0,0,20,0,0
60606,1,1,1997,0,0,0,0,0,0,0,0,0,0
60607,0,1,1997,9,0,0,15,0,0,0,5,9,0
60607,1,1,1997,0,0,0,12,0,0,0,0,0,0
60608,0,1,1997,0,0,0,0,0,0,0,0,0,0
60608,1,1,1997,0,0,0,13,0,0,24,0,0,11
60609,1,1,1997,0,0,0,0,0,0,0,0,0,0
60610,0,1,1997,0,0,0,0,0,0,0,0,0,0
60610,1,1,1997,0,0,0,15,0,0,0,0,0,0
60611,1,1,1997,0,0,0,0,0,0,0,0,0,0
60611,2,1,1997,0,0,0,0,0,0,0,0,0,0
60611,3,1,1997,0,0,0,0,0,0,0,0,11,0
60612,0,1,1997,28,28,28,28,28,28,28,28,28,28
60612,1,1,1997,0,0,0,0,0,0,0,0,0,0
60612,2,1,1997,0,0,0,17,0,13,0,15,0,0
60613,1,1,1997,4,0,0,0,0,0,0,0,0,0
60613,2,1,1997,0,0,0,0,0,0,0,0,0,0
60614,1,1,1997,0,0,0,0,0,0,0,0,0,0
60615,1,1,1997,0,0,0,0,0,0,0,0,0,0
60616,1,1,1997,0,0,0,0,0,0,0,0,0,0
60617,1,1,1997,0,0,0,0,0,0,0,0,0,0
60618,1,1,1997,3,3,3,3,3,3,3,3,3,3
60618,2,1,1997,0,0,0,0,0,0,0,0,0,0
60619,1,1,1997,0,0,0,0,0,0,0,0,0,0
60619,2,1,1997,0,0,0,0,0,0,0,0,0,0
60620,1,1,1997,0,0,0,0,0,0,0,0,0,0
60620,2,1,1997,0,0,0,0,0,0,0,0,0,0
60621,1,1,1997,0,0,0,0,0,0,0,0,0,0
60622,1,1,1997,0,0,0,0,0,0,0,0,0,0
60622,2,1,1997,3,3,3,3,3,3,3,3,3,3
60623,0,1,1997,23,23,23,23,23,23,23,23,23,23
60623,1,1,1997,0,0,0,0,0,0,0,0,0,0
60623,2,1,1997,0,0,0,0,0,0,0,0,0,0
60623,3,1,1997,0,19,0,0,12,0,17,0,0,0
60623,4,1,1997,0,0,9,0,0,0,0,0,12,0
60624,1,1,1997,0,0,0,0,0,0,0,0,0,0
60625,1,1,1997,0,0,0,0,0,0,0,0,0,0
60625,2,1,1997,0,0,0,0,11,0,19,0,0,0
60625,3,1,1997,0,0,0,0,0,0,0,0,0,0
60626,1,1,1997,0,0,0,0,0,0,0,0,0,0
60626,2,1,1997,0,0,0,0,0,0,0,0,0,0
60627,0,1,1997,0,0,0,0,0,0,0,0,0,0
60627,1,1,1997,0,0,0,0,0,0,0,0,20,0
60628,0,1,1997,0,0,0,0,0,0,0,0,0,0
60628,1,1,1997,0,0,0,0,0,0,0,0,0,0
60628,2,1,1997,0,0,0,0,0,0,0,0,0,0
60629,1,1,1997,0,0,0,0,0,0,0,0,0,0
60630,1,1,1997,0,0,0,0,0,0,0,0,0,0
60631,1,1,1997,0,0,0,0,0,0,0,0,0,0
60632,0,1,1997,0,0,0,0,0,0,0,0,0,0
60632,1,1,1997,0,0,0,0,0,0,0,0,0,0
60633,0,1,1997,0,0,0,0,0,0,0,0,0,0
60633,1,1,1997,0,0,0,0,0,0,0,0,0,0
60634,1,1,1997,0,0,0,0,0,0,0,0,0,0
60635,1,1,1997,0,0,0,0,0,0,0,0,0,0
60635,2,1,1997,0,0,0,0,0,0,0,0,0,0
60636,1,1,1997,22,22,22,22,22,22,22,22,22,22
60637,1,1,1997,0,0,0,0,0,0,0,0,0,0
60637,2,1,1997,0,0,0,0,0,0,0,0,0,0
60638,1,1,1997,0,0,0,0,0,0,0,0,0,6
60639,1,1,1997,0,0,0,0,0,0,0,0,0,0
60640,1,1,1997,14,14,14,14,14,14,14,14,14,14
60641,1,1,1997,0,0,0,0,0,0,0,0,0,0
60641,2,1,1997,0,0,0,0,0,0,0,0,0,0
60641,3,1,1997,0,0,0,0,0,0,0,0,0,0
60642,0,1,1997,0,0,0,0,0,0,0,0,0,0
60642,1,1,1997,0,0,0,0,0,0,0,0,0,0
60643,1,1,1997,0,0,0,0,0,0,0,0,0,0
60643,2,1,1997,10,10,10,10,10,10,10,10,10,10
60644,0,1,1997,0,0,0,0,0,0,0,0,0,0
60644,1,1,1997,0,0,0,0,0,0,0,0,0,0
60645,1,1,1997,0,0,0,0,0,0,0,0,0,0
60645,2,1,1997,0,0,0,0,0,0,0,0,0,0
60645,3,1,1997,0,0,0,0,0,0,0,0,0,0
60646,0,1,1997,25,25,25,25,25,25,25,25,25,25
60646,1,1,1997,0,0,0,0,0,0,0,0,0,0
60647,1,1,1997,22,22,22,22,22,22,22,22,22,22
60647,2,1,1997,0,0,11,0,0,0,21,0,0,0
60648,1,1,1997,0,0,0,0,0,0,0,0,0,0
60649,0,1,1997,0,0,0,0,0,0,0,0,0,0
60649,1,1,1997,0,0,0,0,0,0,0,0,0,0
60650,1,1,1997,21,21,21,21,21,21,21,21,21,21
60651,0,1,1997,36,36,36,36,36,36,36,36,36,36
60651,1,1,1997,0,0,0,0,0,0,0,0,0,0
60652,1,1,1997,0,0,0,0,0,0,0,0,0,0
60652,2,1,1997,0,0,0,0,0,0,0,0,0,0
60653,0,1,1997,0,0,0,0,0,0,0,0,0,0
60653,1,1,1997,0,0,0,0,0,0,0,0,0,0
60654,0,1,1997,0,0,0,0,0,0,0,0,0,0
60654,1,1,1997,0,15,0,0,0,0,0,0,0,0
60655,0,1,1997,0,0,0,0,0,0,0,0,0,0
60655,1,1,1997,0,0,0,0,0,0,0,0,0,0
60656,1,1,1997,0,0,0,0,0,0,0,0,0,0
60656,2,1,1997,0,0,0,0,0,0,0,0,0,0
60657,1,1,1997,0,0,0,0,0,0,0,0,0,0
60657,2,1,1997,0,0,0,0,0,0,0,0,0,0
60658,1,1,1997,0,0,0,0,0,0,0,0,0,0
60658,2,1,1997,0,0,0,0,0,0,0,0,0,0
60659,1,1,1997,10,10,10,10,10,10,10,10,10,10
60659,2,1,1997,0,0,0,0,0,0,0,0,0,0
60660,1,1,1997,0,0,0,0,0,0,0,0,0,0
60660,2,1,1997,0,0,0,0,0,0,0,0,0,0
60661,1,1,1997,19,19,19,19,19,19,19,19,19,19
60662,0,1,1997,0,0,0,0,0,0,0,0,0,0
60662,0,2,1997,24,36,12,32,25,47,24,22,0,9
60662,1,1,1997,20,20,20,20,20,20,20,20,20,20
60662,2,1,1997,0,0,0,0,0,0,0,0,0,0
60663,1,1,1997,0,0,0,0,0,0,0,8,0,0
60664,1,1,1997,0,25,0,0,0,0,0,0,0,0
60665,0,1,1997,0,0,0,0,0,0,0,0,0,0
60665,1,1,1997,0,0,0,0,0,0,0,7,0,0
60666,1,1,1997,14,0,11,0,7,0,11,9,0,0
60667,1,1,1997,0,0,0,0,0,0,0,0,0,0
60667,2,1,1997,0,0,0,0,0,0,0,0,0,0
60668,0,1,1997,0,0,0,0,0,0,0,0,0,0
60668,1,1,1997,2,2,2,2,2,2,2,2,2,2
60669,1,1,1997,0,0,0,0,0,0,0,0,0,0
60670,0,1,1997,0,0,0,0,0,0,0,0,0,0
60670,1,1,1997,0,0,0,0,0,0,0,0,0,0
60671,1,1,1997,0,0,0,0,0,0,0,0,0,0
60672,1,1,1997,0,0,0,0,0,0,0,0,0,0
60673,1,1,1997,0,0,0,0,0,0,0,0,0,0
60673,2,1,1997,0,0,0,0,0,0,0,0,0,0
60674,1,1,1997,17,17,17,17,17,17,17,17,17,17
60675,1,1,1997,19,19,19,19,19,19,19,19,19,19
60676,1,1,1997,0,0,0,0,0,0,0,0,0,0
60676,2,1,1997,0,0,0,0,0,0,0,0,22,0
60677,1,1,1997,15,15,15,15,15,15,15,15,15,15
60677,2,1,1997,0,0,0,0,0,0,0,0,0,0
60677,3,1,1997,0,0,0,0,0,0,0,0,0,0
60678,1,1,1997,2,2,2,2,2,2,2,2,2,2
60679,0,1,1997,14,14,14,14,14,14,14,14,14,14
60679,0,2,1997,26,0,0,26,13,0,26,23,21,0
60679,1,1,1997,0,0,0,0,0,0,0,0,0,0
60680,1,1,1997,0,0,0,0,0,0,0,0,0,0
60681,1,1,1997,0,0,0,0,0,0,20,0,0,0
60681,2,1,1997,0,0,0,0,0,0,0,0,0,0
60682,1,1,1997,0,0,0,0,0,0,0,0,0,0
60682,2,1,1997,0,0,0,0,0,0,0,0,0,0
60683,1,1,1997,0,0,0,0,0,0,0,0,0,0
60684,1,1,1997,21,21,21,21,21,21,21,21,21,21
60685,1,1,1997,0,0,0,0,0,0,0,0,0,0
60685,2,1,1997,0,0,0,0,0,0,0,0,0,0
60686,1,1,1997,26,26,26,26,26,26,26,26,26,26
60687,1,1,1997,0,0,0,0,0,0,0,0,0,0
60687,2,1,1997,0,0,0,0,0,0,0,0,0,0
60688,1,1,1997,4,4,4,4,4,4,4,4,4,4
60689,1,1,1997,21,21,0,18,12,17,3,24,19,12
60690,0,1,1997,0,17,20,5,0,0,11,0,0,0
60690,1,1,1997,19,7,18,0,24,18,14,33,0,0
60691,0,1,1997,0,0,0,0,0,0,0,0,0,0
60691,1,1,1997,0,0,0,0,0,0,0,0,0,0
60692,0,1,1997,0,0,0,0,0,0,0,0,0,0
60692,1,1,1997,0,0,22,24,0,0,17,23,0,0
60693,1,1,1997,0,0,0,0,0,0,0,0,0,22
60693,2,1,1997,0,0,0,0,0,0,0,0,0,0
60694,1,1,1997,0,0,0,0,0,0,0,0,0,0
60694,2,1,1997,0,0,0,0,0,0,0,0,0,0
60695,1,1,1997,0,0,0,0,0,0,0,0,0,0
60695,2,1,1997,0,0,0,0,0,0,0,0,0,0
60696,0,1,1997,20,20,20,20,20,20,20,20,20,20
60696,1,1,1997,0,0,0,0,0,0,0,0,0,0
60697,1,1,1997,0,0,0,0,0,0,20,0,0,0
60697,2,1,1997,0,0,0,0,9,0,0,0,0,0
60697,3,1,1997,0,0,0,0,0,0,0,0,0,0
60698,1,1,1997,0,0,0,0,0,0,0,0,0,0
60699,1,1,1997,0,0,0,0,0,0,0,0,0,0
60699,2,1,1997,0,0,0,0,0,0,0,0,0,0
60700,1,1,1997,0,0,0,0,0,0,0,0,0,0
60700,2,1,1997,0,0,0,0,0,0,0,0,0,0
60701,0,1,1997,0,0,0,0,0,0,0,0,0,0
60701,0,2,1997,0,0,0,0,0,0,0,0,0,0
60701,1,1,1997,0,0,0,8,29,0,0,0,0,16
60702,0,1,1997,22,22,22,22,22,22,22,22,22,22
60702,1,1,1997,0,0,0,0,0,0,0,0,0,0
60702,2,1,1997,0,0,0,0,0,0,0,0,0,0
60703,0,1,1997,0,0,0,0,0,0,0,0,0,0
60703,0,2,1997,0,0,22,0,18,0,0,0,0,0
60703,1,1,1997,0,0,0,0,0,0,0,0,0,0
60703,2,1,1997,0,0,0,0,0,0,0,0,0,0
60704,1,1,1997,0,0,0,0,0,0,0,0,0,0
60705,0,1,1997,0,0,0,0,0,0,0,0,0,0
60705,1,1,1997,0,0,0,0,0,0,0,0,21,0
60706,1,1,1997,0,0,0,0,0,0,0,0,0,0
60706,2,1,1997,0,0,0,0,0,0,0,0,0,0
60707,1,1,1997,3,3,3,3,3,3,3,3,3,3
60708,1,1,1997,0,0,0,0,0,0,0,0,0,0
60708,2,1,1997,0,0,0,0,0,0,0,0,0,0
60709,1,1,1997,1,1,1,1,1,1,1,1,1,1
60709,2,1,1997,0,0,0,0,0,0,0,0,0,0
60710,1,1,1997,0,0,0,0,0,0,0,0,0,0
60710,2,1,1997,0,0,0,0,0,0,0,0,0,0
60711,1,1,1997,0,0,0,0,0,0,0,0,0,0
60712,0,1,1997,0,0,0,0,0,0,0,0,0,0
60712,1,1,1997,0,0,0,0,0,0,0,0,0,0
60713,1,1,1997,0,0,0,0,0,0,0,0,0,0
60713,2,1,1997,0,0,0,0,0,0,0,0,0,0
60713,3,1,1997,0,0,0,0,0,0,0,0,0,0
60713,4,1,1997,0,0,0,0,0,0,0,0,0,0
60713,5,1,1997,0,0,0,0,0,0,0,0,0,0
60714,1,1,1997,0,0,0,0,0,0,0,0,0,0
60714,2,1,1997,2,2,2,2,2,2,2,2,2,2
60715,1,1,1997,34,34,34,34,34,34,34,34,34,34
60715,2,1,1997,14,0,0,12,0,0,0,0,0,0
60716,1,1,1997,0,0,0,0,0,0,0,0,0,0
60717,1,1,1997,1,1,1,1,1,1,1,1,1,1
60718,0,1,1997,0,0,19,0,0,0,0,8,0,0
60718,0,2,1997,0,0,0,0,0,0,0,0,0,0
60718,1,1,1997,21,21,21,21,21,21,21,21,21,21
60719,0,1,1997,0,0,0,0,0,0,0,0,0,0
60719,0,2,1997,0,0,0,0,0,0,0,0,0,0
60719,1,1,1997,0,0,0,0,0,0,0,0,0,0
60720,1,1,1997,0,0,0,0,0,0,0,0,0,0
60721,1,1,1997,0,0,0,0,0,0,0,0,0,0
60721,2,1,1997,0,0,0,0,0,0,0,0,0,0
60722,1,1,1997,0,0,0,0,0,0,0,0,0,0
60723,1,1,1997,0,0,0,0,0,0,0,0,0,0
60723,2,1,1997,0,0,0,0,0,0,0,0,0,13
60723,3,1,1997,0,0,0,0,0,0,0,0,0,0
60724,0,1,1997,27,27,27,27,27,27,27,27,27,27
60724,1,1,1997,0,0,0,0,0,0,0,0,0,0
60724,2,1,1997,0,0,0,0,0,0,0,0,0,0
60725,1,1,1997,0,0,0,0,0,0,0,0,0,0
60726,1,1,1997,14,14,14,14,14,14,14,14,14,14
60727,1,1,1997,0,0,0,0,0,0,0,0,0,11
60728,1,1,1997,0,0,0,0,0,0,0,0,0,0
60728,2,1,1997,0,0,0,0,0,5,0,0,8,0
60729,1,1,1997,0,0,0,0,0,0,0,0,0,0
60730,1,1,1997,0,0,0,0,0,0,0,0,0,0
60730,2,1,1997,0,0,0,0,0,0,0,0,0,0
60732,0,1,1997,0,0,0,0,0,0,0,0,0,0
60732,1,1,1997,0,0,0,0,0,0,0,0,0,0
60733,1,1,1997,0,0,0,0,0,0,0,0,0,0
60734,1,1,1997,0,0,0,0,0,0,0,0,0,0
60734,2,1,1997,0,0,0,0,0,0,0,0,0,0
60735,0,1,1997,0,0,0,0,0,0,0,0,0,0
60735,1,1,1997,0,0,0,0,0,0,0,0,0,0
60736,1,1,1997,0,0,0,0,0,0,0,0,0,0
60737,1,1,1997,0,0,0,0,0,0,0,0,15,0
60738,0,1,1997,0,0,0,0,0,0,0,0,0,0
60738,1,1,1997,0,0,0,0,0,0,0,0,0,0
60739,0,1,1997,21,21,21,21,21,21,21,21,21,21
60739,1,1,1997,16,10,0,32,0,11,0,0,0,14
60740,1,1,1997,0,0,0,0,0,0,0,0,0,0
60740,2,1,1997,0,0,0,0,0,0,0,0,0,0
60740,3,1,1997,0,0,0,0,0,0,0,0,0,0
60741,1,1,1997,0,0,0,0,0,0,0,0,0,0
60742,1,1,1997,29,29,29,29,29,29,29,29,29,29
60743,1,1,1997,0,0,0,0,0,0,0,0,0,0
60744,1,1,1997,0,0,0,0,0,0,0,0,0,0
60744,2,1,1997,20,20,20,20,20,20,20,20,20,20
60745,0,1,1997,27,27,27,27,27,27,27,27,27,27
60745,1,1,1997,0,0,19,0,0,0,0,0,0,0
60746,0,1,1997,18,18,18,18,18,18,18,18,18,18
60746,1,1,1997,8,0,22,0,20,6,0,0,0,0
60747,1,1,1997,0,0,0,16,31,0,0,0,0,0
60748,1,1,1997,0,0,19,0,0,0,0,0,0,0
60749,1,1,1997,0,0,0,0,0,0,0,0,0,0
60750,1,1,1997,0,0,0,0,0,0,0,0,0,0
60750,2,1,1997,0,0,0,0,0,0,0,0,0,0
60751,0,1,1997,0,0,0,0,0,0,0,0,0,0
60751,1,1,1997,14,21,0,0,0,0,0,12,5,0
60752,0,1,1997,0,0,0,0,0,0,0,0,0,0
60752,1,1,1997,0,0,0,0,0,0,0,0,0,0
60753,0,1,1997,0,0,0,0,0,0,0,0,0,0
60753,1,1,1997,0,0,0,0,0,0,0,0,0,0