ST_CASE,VEH_NO,PER_NO,YEAR,P1,P2,P3,P4,P5,P6,P7,P8,P9,P10
60754,1,1,1997,0,0,0,0,0,0,0,0,0,0
60754,2,1,1997,0,0,0,0,0,0,0,0,0,0
60755,0,1,1997,37,37,37,37,37,37,37,37,37,37
60755,1,1,1997,4,0,21,0,0,0,0,0,0,0
60756,0,1,1997,0,0,0,0,0,0,0,0,0,0
60756,1,1,1997,0,0,0,0,0,0,0,0,0,0
60757,1,1,1997,0,0,0,0,0,0,0,0,0,0
60758,1,1,1997,0,0,0,0,0,0,0,0,0,0
60759,1,1,1997,2,2,2,2,2,2,2,2,2,2
60759,2,1,1997,0,0,0,0,0,0,0,0,0,0
60760,0,1,1997,9,9,9,9,9,9,9,9,9,9
60760,1,1,1997,16,16,16,16,16,16,16,16,16,16
60761,1,1,1997,9,9,9,9,9,9,9,9,9,9
60762,1,1,1997,0,0,0,0,0,0,0,0,0,0
60763,1,1,1997,0,0,0,0,0,0,0,0,0,0
60763,2,1,1997,0,0,0,0,0,0,0,0,0,0
60764,0,1,1997,0,0,0,0,0,0,0,0,0,0
60764,1,1,1997,0,0,0,0,0,0,0,0,0,0
60765,1,1,1997,0,0,0,0,0,0,0,14,0,0
60766,1,1,1997,14,11,26,22,25,11,30,16,24,33
60767,1,1,1997,0,0,0,0,0,0,0,0,0,0
60767,2,1,1997,0,0,14,0,0,0,0,0,8,0
60768,1,1,1997,0,0,0,0,0,0,0,0,0,0
60768,2,1,1997,0,0,0,0,0,0,0,0,0,0
60769,0,1,1997,0,0,0,0,0,0,0,0,0,0
60769,1,1,1997,0,0,0,0,0,0,0,0,0,0
60770,1,1,1997,0,0,0,0,0,0,0,0,0,0
60771,1,1,1997,8,8,8,8,8,8,8,8,8,8
60771,2,1,1997,0,0,0,0,0,0,0,0,0,0
60772,1,1,1997,0,0,0,0,0,0,0,0,0,0
60773,1,1,1997,0,0,11,0,0,0,21,9,0,0
60774,1,1,1997,7,7,7,7,7,7,7,7,7,7
60775,1,1,1997,0,0,0,0,0,0,15,0,0,0
60775,2,1,1997,0,0,0,0,0,0,0,0,0,0
60776,1,1,1997,5,5,5,5,5,5,5,5,5,5
60776,2,1,1997,0,0,0,0,0,0,0,0,0,0
60777,1,1,1997,0,0,0,0,0,0,0,0,0,0
60777,2,1,1997,3,0,0,18,0,29,18,0,19,0
60778,1,1,1997,0,11,0,26,33,0,14,19,35,8
60779,0,1,1997,0,0,0,0,0,0,0,0,0,0
60779,1,1,1997,0,0,0,0,0,0,0,0,0,0
60780,1,1,1997,0,0,0,0,0,0,0,0,0,0
60780,2,1,1997,0,0,0,0,0,0,0,0,0,0
60781,0,1,1997,0,0,0,0,0,0,0,0,0,0
60781,1,1,1997,0,0,0,0,0,0,0,0,0,0
60782,1,1,1997,0,0,0,0,0,0,0,0,0,0
60782,2,1,1997,0,0,0,0,0,0,0,0,0,0
60783,1,1,1997,15,15,15,15,15,15,15,15,15,15
60784,1,1,1997,0,0,0,0,0,0,0,0,0,0
60785,1,1,1997,22,22,22,22,22,22,22,22,22,22
60786,1,1,1997,29,29,29,29,29,29,29,29,29,29
60786,2,1,1997,0,0,0,0,0,0,0,0,0,0
60787,1,1,1997,0,0,0,0,0,0,0,0,0,0
60788,0,1,1997,0,0,0,0,0,0,0,0,0,0
60788,1,1,1997,0,0,0,0,0,0,0,0,0,0
60789,1,1,1997,8,8,8,8,8,8,8,8,8,8
60789,2,1,1997,0,0,0,0,0,0,0,0,0,0
60790,1,1,1997,0,0,0,0,21,0,0,0,0,0
60790,2,1,1997,0,0,0,0,0,0,0,0,0,0
60791,0,1,1997,0,0,0,0,0,0,0,0,0,0
60791,1,1,1997,0,0,0,0,0,0,0,0,0,0
60792,1,1,1997,14,14,14,14,14,14,14,14,14,14
60792,2,1,1997,0,0,0,0,0,0,0,0,0,0
60793,0,1,1997,0,0,0,0,0,0,0,0,0,0
60793,1,1,1997,4,26,0,0,0,0,7,0,17,0
60794,1,1,1997,7,7,7,7,7,7,7,7,7,7
60795,0,1,1997,23,23,23,23,23,23,23,23,23,23
60795,1,1,1997,42,0,0,9,0,47,0,20,0,6
60796,0,1,1997,0,0,0,0,0,0,0,0,0,0
60796,1,1,1997,0,0,0,0,0,0,0,0,0,0
60797,1,1,1997,4,0,0,0,0,0,0,0,0,0
60798,1,1,1997,21,21,21,21,21,21,21,21,21,21
60799,1,1,1997,16,16,16,16,16,16,16,16,16,16
60800,1,1,1997,0,0,0,0,0,0,0,0,0,0
60800,2,1,1997,0,0,0,0,0,0,14,0,0,0
60800,3,1,1997,0,0,0,0,0,0,0,0,0,0
60801,0,1,1997,0,0,0,0,0,0,0,0,0,0
60801,1,1,1997,0,0,0,0,0,0,0,0,0,0
60802,1,1,1997,0,0,0,0,0,0,0,0,0,0
60802,2,1,1997,0,0,0,0,0,0,0,0,0,0
60803,1,1,1997,0,0,16,0,0,0,0,0,0,0
60804,1,1,1997,0,0,0,0,0,0,0,0,0,0
60805,1,1,1997,0,0,0,0,0,0,0,0,0,0
60806,1,1,1997,9,9,9,9,9,9,9,9,9,9
60806,2,1,1997,0,0,0,0,0,0,0,0,0,0
60807,1,1,1997,0,0,0,0,0,0,0,0,0,0
60808,0,1,1997,14,14,14,14,14,14,14,14,14,14
60808,1,1,1997,0,0,0,0,0,0,0,0,0,0
60809,0,1,1997,0,0,0,0,0,0,0,0,0,0
60809,1,1,1997,9,0,0,0,0,0,0,0,0,26
60810,1,1,1997,0,0,0,0,0,0,0,0,0,0
60810,2,1,1997,0,0,0,0,0,0,0,0,0,0
60811,0,1,1997,0,0,0,0,0,0,0,0,0,0
60811,1,1,1997,0,0,0,0,0,0,0,0,0,0
60812,0,1,1997,0,0,0,0,0,0,0,0,0,0
60812,1,1,1997,0,0,0,0,0,0,0,0,0,0
60813,1,1,1997,0,0,0,0,0,0,0,0,0,0
60813,2,1,1997,0,0,0,0,0,0,0,0,0,0
60814,1,1,1997,0,0,0,0,0,0,0,0,0,0
60814,2,1,1997,0,0,0,0,0,0,0,0,0,0
60815,1,1,1997,0,0,0,0,0,0,0,0,0,0
60815,2,1,1997,0,0,0,0,0,0,0,0,0,0
60816,1,1,1997,0,0,0,0,0,0,0,0,0,0
60817,1,1,1997,0,0,0,0,0,0,0,0,0,0
60817,2,1,1997,0,0,0,0,0,0,0,0,0,0
60818,1,1,1997,11,7,33,0,0,0,5,0,0,17
60819,1,1,1997,0,0,0,0,0,0,0,0,0,0
60820,1,1,1997,0,0,2,0,0,0,0,0,0,0
60820,2,1,1997,0,0,0,0,0,0,0,0,0,0
60821,1,1,1997,0,0,0,0,0,0,0,0,0,0
60821,2,1,1997,0,0,0,0,0,0,0,0,0,0
60822,1,1,1997,17,17,17,17,17,17,17,17,17,17
60822,2,1,1997,0,0,0,0,0,0,0,0,0,0
60823,1,1,1997,11,0,16,0,0,0,0,19,0,0
60824,1,1,1997,0,0,0,0,0,0,0,0,0,0
60825,1,1,1997,19,19,19,19,19,19,19,19,19,19
60826,1,1,1997,24,24,24,24,24,24,24,24,24,24
60827,1,1,1997,22,22,22,22,22,22,22,22,22,22
60827,2,1,1997,0,0,0,0,0,0,0,0,0,0
60828,1,1,1997,0,0,0,0,0,0,0,0,0,0
60828,2,1,1997,0,0,0,0,0,0,0,0,0,0
60829,0,1,1997,0,0,0,0,0,0,0,0,0,0
60829,1,1,1997,0,0,0,0,0,0,0,0,0,0
60829,2,1,1997,0,0,0,0,0,0,0,0,0,0
60829,3,1,1997,0,0,0,0,0,0,0,0,0,0
60829,4,1,1997,0,0,0,27,0,0,0,0,0,0
60830,1,1,1997,0,0,0,0,0,0,0,0,0,0
60830,2,1,1997,0,0,0,0,0,0,0,0,0,0
60831,1,1,1997,0,0,0,0,0,0,0,0,0,0
60831,2,1,1997,0,0,0,0,0,0,0,0,0,0
60831,3,1,1997,0,0,0,0,0,0,0,0,0,0
60832,0,1,1997,6,6,6,6,6,6,6,6,6,6
60832,1,1,1997,0,0,0,0,0,0,0,0,26,0
60832,2,1,1997,0,0,0,0,0,0,0,0,0,0
60833,1,1,1997,30,30,30,30,30,30,30,30,30,30
60834,0,1,1997,0,0,0,0,0,0,0,0,0,0
60834,0,2,1997,0,0,0,0,0,0,0,19,0,0
60834,0,3,1997,0,0,0,0,6,0,0,0,0,0
60834,0,4,1997,0,0,0,0,0,0,0,0,12,4
60834,1,1,1997,0,0,0,0,0,0,0,0,0,0
60834,2,1,1997,0,0,0,0,0,0,0,0,0,0
60834,3,1,1997,0,0,0,0,0,0,0,0,0,0
60835,1,1,1997,13,13,13,13,13,13,13,13,13,13
60836,1,1,1997,8,8,8,8,8,8,8,8,8,8
60837,1,1,1997,17,17,17,17,17,17,17,17,17,17
60838,0,1,1997,0,0,0,0,0,0,0,0,0,0
60838,1,1,1997,0,0,0,0,0,0,0,0,0,0
60839,2,1,1997,0,0,0,0,0,0,0,0,0,0
60840,1,1,1997,0,0,0,0,0,0,0,0,0,0
60841,0,1,1997,0,0,0,0,0,0,0,0,0,0
60841,1,1,1997,0,0,0,0,0,0,0,0,0,0
60842,0,1,1997,0,0,0,0,0,0,0,0,0,0
60842,1,1,1997,0,0,0,0,0,0,0,0,0,0
60843,0,1,1997,0,0,0,0,0,0,0,0,0,0
60843,1,1,1997,0,0,0,0,0,0,0,0,0,0
60844,1,1,1997,0,0,0,0,0,0,0,0,0,0
60845,1,1,1997,17,17,17,17,17,17,17,17,17,17
60846,1,1,1997,17,17,17,17,17,17,17,17,17,17
60847,0,1,1997,0,0,0,0,0,0,0,0,0,0
60847,1,1,1997,0,0,0,0,0,0,0,0,0,0
60848,1,1,1997,0,0,0,0,0,0,0,0,0,0
60849,0,1,1997,4,4,4,4,4,4,4,4,4,4
60849,1,1,1997,0,0,0,0,0,0,0,0,0,0
60850,1,1,1997,0,0,0,0,0,0,0,0,0,0
60851,1,1,1997,25,25,25,25,25,25,25,25,25,25
60852,1,1,1997,16,16,16,16,16,16,16,16,16,16
60853,1,1,1997,0,22,12,0,21,0,0,0,0,0
60853,2,1,1997,20,0,11,22,27,5,0,11,0,14
60854,1,1,1997,22,22,22,22,22,22,22,22,22,22
60854,2,1,1997,0,0,0,0,0,0,0,0,0,0
60855,1,1,1997,0,0,0,0,14,0,0,0,0,10
60855,2,1,1997,0,0,0,0,0,0,0,0,0,0
60856,1,1,1997,0,0,0,0,0,0,0,0,0,0
60856,2,1,1997,0,0,0,0,0,0,0,0,0,0
60857,1,1,1997,9,9,9,9,9,9,9,9,9,9
60858,0,1,1997,6,6,6,6,6,6,6,6,6,6
60858,1,1,1997,0,0,0,0,0,4,0,0,0,0
60858,2,1,1997,0,0,0,0,0,0,0,0,0,0
60859,1,1,1997,0,0,0,0,0,0,0,0,0,0
60860,1,1,1997,22,22,22,22,22,22,22,22,22,22
60861,1,1,1997,10,15,18,3,23,12,21,19,13,8
60862,0,1,1997,0,35,0,0,35,0,0,14,14,16
60862,1,1,1997,0,0,0,0,0,0,0,0,0,21
60863,1,1,1997,14,14,5,15,11,9,2,17,30,15
60864,1,1,1997,0,0,0,0,14,0,0,0,0,0
60865,1,1,1997,0,0,0,0,0,0,0,0,0,0
60865,2,1,1997,0,0,0,0,0,0,0,15,0,0
60865,3,1,1997,0,0,0,0,0,6,0,0,0,0
60865,4,1,1997,0,0,0,0,0,0,0,0,0,0
60866,1,1,1997,18,18,18,18,18,18,18,18,18,18
60867,0,1,1997,25,25,25,25,25,25,25,25,25,25
60867,1,1,1997,0,0,0,0,0,0,0,0,0,0
60868,1,1,1997,0,0,0,0,0,0,0,0,0,0
60869,1,1,1997,5,5,5,5,5,5,5,5,5,5
60870,1,1,1997,0,0,0,0,0,0,0,0,0,0
60871,1,1,1997,20,20,20,20,20,20,20,20,20,20
60872,1,1,1997,0,0,0,0,0,0,0,0,0,0
60873,1,1,1997,5,5,5,5,5,5,5,5,5,5
60873,2,1,1997,0,0,0,0,0,0,0,0,0,0
60874,1,1,1997,0,0,0,0,0,0,0,0,0,0
60875,1,1,1997,21,21,21,21,21,21,21,21,21,21
60876,1,1,1997,0,0,0,0,0,0,0,0,0,0
60877,1,1,1997,0,0,0,0,0,0,0,0,0,0
60877,2,1,1997,0,0,16,0,0,0,0,0,0,0
60878,1,1,1997,0,0,0,0,0,0,0,0,0,0
60879,1,1,1997,5,14,5,21,10,8,19,0,0,10
60879,2,1,1997,0,0,0,0,0,0,0,0,0,0
60880,0,1,1997,0,0,0,0,0,0,0,0,0,0
60880,1,1,1997,18,0,22,0,0,0,0,0,0,0
60881,0,1,1997,29,0,0,0,0,0,0,0,21,0
60881,0,2,1997,0,14,26,0,25,26,27,15,21,0
60881,1,1,1997,10,10,10,10,10,10,10,10,10,10
60882,0,1,1997,7,7,7,7,7,7,7,7,7,7
60882,1,1,1997,0,0,0,0,0,0,0,0,0,8
60883,0,1,1997,30,30,30,30,30,30,30,30,30,30
60883,1,1,1997,0,27,0,0,0,0,0,0,0,26
60884,1,1,1997,27,27,27,27,27,27,27,27,27,27
60885,1,1,1997,0,0,0,0,0,0,0,0,0,0
60885,2,1,1997,0,0,0,0,0,0,0,0,0,0
60885,3,1,1997,0,0,0,0,0,0,0,0,0,0
60886,0,1,1997,36,36,36,36,36,36,36,36,36,36
60886,1,1,1997,0,0,0,0,0,0,0,0,0,0
60887,1,1,1997,0,0,0,0,0,0,0,0,0,0
60887,2,1,1997,0,0,0,0,0,0,0,0,0,0
60888,1,1,1997,0,0,0,0,0,0,0,0,0,0
60888,2,1,1997,0,0,0,0,0,0,0,0,0,0
60889,1,1,1997,0,0,0,0,0,0,0,0,0,0
60889,2,1,1997,0,0,0,0,0,0,0,0,0,0
60890,1,1,1997,5,2,0,26,22,16,8,13,16,8
60890,2,1,1997,0,0,0,0,0,0,0,0,0,0
60890,3,1,1997,0,0,0,0,0,0,0,0,0,0
60890,4,1,1997,0,0,0,0,0,0,0,0,16,0
60891,0,1,1997,22,22,22,22,22,22,22,22,22,22
60891,1,1,1997,0,0,0,0,0,0,0,0,0,0
60892,1,1,1997,18,18,18,18,18,18,18,18,18,18
60893,1,1,1997,21,21,21,21,21,21,21,21,21,21
60894,0,1,1997,16,16,16,16,16,16,16,16,16,16
60894,1,1,1997,0,0,0,4,0,0,0,0,0,0
60895,1,1,1997,0,0,0,0,0,0,0,0,0,0
60896,1,1,1997,0,0,0,0,0,0,0,0,0,0
60896,2,1,1997,0,0,0,0,0,0,0,0,0,0
60897,1,1,1997,0,0,0,0,0,0,0,0,0,0
60898,0,1,1997,1,1,1,1,1,1,1,1,1,1
60898,1,1,1997,0,0,0,0,0,0,0,0,0,0
60899,1,1,1997,2,16,0,0,24,16,0,16,0,21
60900,1,1,1997,12,12,12,12,12,12,12,12,12,12
60900,2,1,1997,0,0,0,0,0,0,0,0,0,0
60901,1,1,1997,0,0,0,0,0,0,0,0,0,0
60902,0,1,1997,0,0,0,0,0,0,0,9,0,0
60902,0,2,1997,0,0,0,0,0,0,0,0,0,0
60902,1,1,1997,0,0,0,0,0,0,0,0,0,0
60903,0,1,1997,38,0,0,0,0,24,0,13,0,23
60903,1,1,1997,0,0,0,0,0,0,0,0,0,0
60904,1,1,1997,0,0,0,0,0,0,0,0,0,0
60904,2,1,1997,0,0,0,0,0,7,0,0,0,0
60905,1,1,1997,26,26,26,26,26,26,26,26,26,26
60906,0,1,1997,29,29,29,29,29,29,29,29,29,29
60906,1,1,1997,0,0,8,0,0,0,0,12,0,0
60907,1,1,1997,0,0,0,0,0,0,0,0,0,0
60907,2,1,1997,0,0,0,0,0,20,0,0,0,18
60908,1,1,1997,0,0,0,0,0,0,0,0,0,0
60909,1,1,1997,0,0,0,0,0,0,0,0,0,0
60909,2,1,1997,0,0,0,0,0,0,0,0,0,0
60910,1,1,1997,14,14,14,14,14,14,14,14,14,14
60910,2,1,1997,0,0,0,0,0,0,0,0,0,0
60911,0,1,1997,0,0,0,0,0,0,0,0,0,0
60911,1,1,1997,0,0,0,0,0,10,0,6,0,0
60912,0,1,1997,0,0,0,0,0,0,0,0,0,0
60912,1,1,1997,0,0,2,0,0,0,0,0,0,0
60913,0,1,1997,30,30,30,30,30,30,30,30,30,30
60913,1,1,1997,14,0,0,0,0,0,0,0,0,0
60914,0,1,1997,0,0,0,0,0,0,0,0,0,0
60914,0,2,1997,0,10,0,0,0,26,0,0,0,0
60914,1,1,1997,0,0,0,0,0,0,0,0,0,0
60915,1,1,1997,16,16,16,16,16,16,16,16,16,16
60916,0,1,1997,0,0,0,0,0,0,0,0,0,0
60916,0,2,1997,0,0,0,0,0,0,0,0,0,0
60916,1,1,1997,0,0,0,0,0,0,0,0,0,0
60917,1,1,1997,0,0,0,0,0,0,0,0,0,0
60917,2,1,1997,0,0,0,0,0,0,0,0,0,0
60918,1,1,1997,2,2,2,2,2,2,2,2,2,2
60918,2,1,1997,0,0,0,0,0,0,0,0,0,0
60919,1,1,1997,0,0,0,0,0,0,0,0,0,0
60919,2,1,1997,0,0,0,0,0,0,0,0,0,0
60920,0,1,1997,0,0,0,0,0,0,0,0,0,0
60920,1,1,1997,0,0,0,0,0,0,0,0,0,0
60921,0,1,1997,0,0,0,0,0,0,0,0,0,0
60921,0,2,1997,21,15,25,24,20,38,0,17,0,0
60921,1,1,1997,0,0,0,0,0,0,0,0,0,0
60922,0,1,1997,0,0,0,0,0,0,0,0,0,0
60922,1,1,1997,22,22,22,22,22,22,22,22,22,22
60923,0,1,1997,13,0,13,28,0,0,0,0,20,30
60923,1,1,1997,0,14,0,0,0,0,0,0,0,0
60924,0,1,1997,0,0,0,0,0,0,0,0,0,0
60924,1,1,1997,0,0,0,0,0,0,0,0,0,0
60925,1,1,1997,0,0,0,0,0,0,0,0,0,0
60925,2,1,1997,0,0,0,0,0,0,0,0,0,0
60926,1,1,1997,20,20,20,20,20,20,20,20,20,20
60927,1,1,1997,0,0,0,0,0,0,0,0,0,0
60928,0,1,1997,19,19,19,19,19,19,19,19,19,19
60928,1,1,1997,0,0,0,0,0,0,0,0,0,0
60929,1,1,1997,12,0,0,7,0,0,0,14,0,0
60929,2,1,1997,0,0,0,0,0,0,0,0,0,0
60929,3,1,1997,0,11,0,0,18,0,0,0,0,0
60930,1,1,1997,0,0,0,0,0,0,0,0,0,0
60930,2,1,1997,0,0,0,0,0,0,0,0,0,0
60930,3,1,1997,0,0,0,0,0,0,0,0,0,0
60931,1,1,1997,18,18,18,18,18,18,18,18,18,18
60932,1,1,1997,0,0,0,0,0,0,20,0,0,0
60932,2,1,1997,0,0,0,0,0,0,0,0,0,0
60932,3,1,1997,0,0,0,0,0,0,0,0,0,0
60933,0,1,1997,0,0,0,11,0,0,0,0,0,0
60933,1,1,1997,0,0,0,0,0,0,0,0,0,0
60934,1,1,1997,0,0,0,0,0,0,0,0,0,0
60935,1,1,1997,4,4,4,4,4,4,4,4,4,4
60936,1,1,1997,0,0,0,0,0,0,0,0,0,0
60937,1,1,1997,0,0,0,0,0,0,0,0,0,0
60937,2,1,1997,0,0,0,0,0,0,0,0,0,0
60938,1,1,1997,0,0,0,0,0,0,0,0,0,0
60938,2,1,1997,0,0,0,0,0,0,0,0,0,0
60939,1,1,1997,0,0,0,0,0,6,0,0,8,0
60940,1,1,1997,0,0,0,0,0,0,0,0,0,0
60941,1,1,1997,0,0,0,0,0,0,0,0,0,0
60941,2,1,1997,0,0,0,0,0,0,0,0,0,0
60942,1,1,1997,0,0,0,0,0,0,0,0,0,0
60943,1,1,1997,5,5,5,5,5,5,5,5,5,5
60944,1,1,1997,10,10,10,10,10,10,10,10,10,10
60944,2,1,1997,9,9,9,9,9,9,9,9,9,9
60944,3,1,1997,0,0,0,0,0,0,0,0,0,0
60945,0,1,1997,19,19,19,19,19,19,19,19,19,19
60945,1,1,1997,3,3,3,3,3,3,3,3,3,3
60946,1,1,1997,0,0,0,0,0,0,0,0,0,0
60946,2,1,1997,0,0,0,0,0,0,0,0,0,0
60947,1,1,1997,9,9,9,9,9,9,9,9,9,9
60948,1,1,1997,14,14,14,14,14,14,14,14,14,14
60948,2,1,1997,0,0,0,0,0,0,0,0,0,0
60949,1,1,1997,19,19,19,19,19,19,19,19,19,19
60949,2,1,1997,0,0,0,0,0,0,0,0,0,0
60950,1,1,1997,0,0,0,0,0,0,0,0,0,0
60950,2,1,1997,0,0,0,0,0,0,0,0,0,0
60951,1,1,1997,0,0,0,0,0,0,0,0,0,0
60951,2,1,1997,15,15,15,15,15,15,15,15,15,15
60952,1,1,1997,0,0,0,0,0,0,0,0,0,0
60952,2,1,1997,0,0,0,0,0,0,0,0,0,0
60952,3,1,1997,0,0,0,0,0,0,0,0,0,0
60952,4,1,1997,0,0,0,0,0,0,0,0,0,0
60953,1,1,1997,0,0,0,0,0,0,0,0,0,0
60954,1,1,1997,1,1,1,1,1,1,1,1,1,1
60955,1,1,1997,5,0,0,0,0,0,0,0,0,0
60956,1,1,1997,0,0,0,0,0,0,0,0,0,0
60957,1,1,1997,1,1,1,1,1,1,1,1,1,1
60958,1,1,1997,0,0,0,0,0,0,0,0,0,0
60958,2,1,1997,0,0,0,0,0,0,0,0,0,0
60959,1,1,1997,0,0,0,0,0,0,0,0,0,0
60959,2,1,1997,0,3,0,0,0,0,0,0,0,0
60960,0,1,1997,0,0,0,0,0,0,0,0,0,0
60960,1,1,1997,0,0,0,0,0,0,0,0,0,0
60961,1,1,1997,0,0,0,0,0,0,0,0,0,0
60962,0,1,1997,0,0,0,0,0,0,0,0,0,0
60962,1,1,1997,0,0,0,0,0,0,0,0,0,0
60963,1,1,1997,12,12,12,12,12,12,12,12,12,12
60964,1,1,1997,0,0,0,0,0,0,0,0,0,0
60965,1,1,1997,4,0,16,21,29,0,21,11,24,0
60965,2,1,1997,0,0,0,0,0,0,0,0,0,0
60966,1,1,1997,0,0,0,0,0,0,0,0,0,0
60966,2,1,1997,0,0,0,0,0,0,0,0,0,0
60967,0,1,1997,0,0,0,0,0,0,0,0,0,5
60967,1,1,1997,0,0,0,0,0,0,0,0,0,0
60968,1,1,1997,11,11,11,11,11,11,11,11,11,11
60969,1,1,1997,8,8,8,8,8,8,8,8,8,8
60970,1,1,1997,0,0,0,0,0,0,0,0,0,0
60971,1,1,1997,21,21,21,21,21,21,21,21,21,21
60972,1,1,1997,0,0,0,0,0,0,0,0,0,0
60973,1,1,1997,0,0,0,0,0,0,0,0,0,0
60974,1,1,1997,0,0,0,0,0,0,0,0,0,0
60975,0,1,1997,0,0,0,0,0,0,0,0,0,0
60975,1,1,1997,0,0,0,0,0,0,0,0,0,0
60976,1,1,1997,0,0,0,0,0,0,0,0,0,0
60977,1,1,1997,0,0,0,0,0,0,0,0,0,0
60978,1,1,1997,0,0,0,0,0,0,0,0,0,0
60979,0,1,1997,0,0,0,0,0,0,0,0,0,0
60979,0,2,1997,0,0,0,0,0,0,0,0,0,0
60979,0,3,1997,0,0,0,0,0,0,0,0,0,0
60979,1,1,1997,21,19,23,12,30,15,18,17,11,17
60980,0,1,1997,0,0,0,0,0,0,0,0,0,0
60980,1,1,1997,0,0,0,0,0,0,0,0,0,0
60981,1,1,1997,0,0,0,0,0,0,0,0,0,0
60982,0,1,1997,0,0,0,0,0,0,0,0,0,0
60982,1,1,1997,0,0,0,0,0,0,0,0,0,0
60983,1,1,1997,7,7,7,7,7,7,7,7,7,7
60984,0,1,1997,0,0,0,0,0,0,0,0,0,0
60984,1,1,1997,7,0,0,0,0,0,0,0,0,0
60985,1,1,1997,0,0,0,0,0,0,0,0,0,0
60985,2,1,1997,0,0,0,0,0,0,0,0,0,0
60985,3,1,1997,0,0,0,0,0,0,0,0,23,0
60986,1,1,1997,0,0,0,0,0,0,0,0,0,0
60986,2,1,1997,0,0,0,0,0,0,0,0,0,0
60987,1,1,1997,0,0,0,0,0,0,0,0,0,0
60987,2,1,1997,0,0,0,0,0,0,0,0,0,0
60988,0,1,1997,17,17,17,17,17,17,17,17,17,17
60988,1,1,1997,0,0,0,8,11,8,0,6,0,15
60989,1,1,1997,0,0,0,0,0,0,0,0,0,0
60990,1,1,1997,10,10,10,10,10,10,10,10,10,10
60990,2,1,1997,0,8,0,0,0,0,0,0,0,0
60991,1,1,1997,0,0,0,0,0,0,0,0,0,0
60991,2,1,1997,0,8,0,0,0,0,0,0,0,0
60991,3,1,1997,0,0,0,0,0,0,0,0,0,0
60992,0,1,1997,0,0,0,0,0,0,0,0,0,0
60992,1,1,1997,0,0,0,0,0,0,0,0,0,0
60993,0,1,1997,23,7,17,17,18,24,22,21,0,3
60993,1,1,1997,0,0,0,0,0,0,0,0,0,0
60994,1,1,1997,0,0,0,0,0,0,0,0,0,0
60994,2,1,1997,0,0,0,0,0,0,0,0,0,0
60995,1,1,1997,15,15,15,15,15,15,15,15,15,15
60996,1,1,1997,0,0,0,0,0,0,0,0,0,0
60997,1,1,1997,5,34,23,16,13,13,28,29,12,15
60998,1,1,1997,6,6,6,6,6,6,6,6,6,6
60998,2,1,1997,0,0,0,0,0,0,0,0,37,0
60999,0,1,1997,0,0,0,0,0,0,0,0,0,0
60999,1,1,1997,0,0,0,0,0,0,0,0,0,0
61000,1,1,1997,0,0,0,0,0,0,0,0,0,0
61000,2,1,1997,0,7,9,12,10,5,0,13,4,12
61001,0,1,1997,26,26,26,26,26,26,26,26,26,26
61001,1,1,1997,0,0,0,0,0,0,0,0,0,0
61001,2,1,1997,0,0,0,0,0,0,0,0,0,0
61001,3,1,1997,0,0,0,0,0,0,0,0,0,11
61002,1,1,1997,11,11,11,11,11,11,11,11,11,11
61002,2,1,1997,0,0,0,0,0,0,0,0,0,0
61003,1,1,1997,0,0,0,0,0,0,0,0,0,0
61003,2,1,1997,0,0,0,0,0,0,0,0,0,0
61003,3,1,1997,0,0,0,0,0,0,0,0,0,0
61004,1,1,1997,15,15,15,15,15,15,15,15,15,15
61004,2,1,1997,0,0,0,0,0,0,0,0,0,0
61005,1,1,1997,26,26,26,26,26,26,26,26,26,26
61006,1,1,1997,13,13,13,13,13,13,13,13,13,13
61006,2,1,1997,0,0,0,0,0,0,0,0,0,0
61007,1,1,1997,7,7,7,7,7,7,7,7,7,7
61008,1,1,1997,15,15,15,15,15,15,15,15,15,15
61009,1,1,1997,0,0,0,0,0,0,0,0,0,0
61010,1,1,1997,0,0,0,0,0,0,0,0,0,0
61011,1,1,1997,21,21,21,21,21,21,21,21,21,21
61012,1,1,1997,0,0,0,0,0,0,0,0,0,0
61012,2,1,1997,0,15,0,0,0,0,0,0,0,0
61013,1,1,1997,26,26,26,26,26,26,26,26,26,26
61014,0,1,1997,0,0,0,0,0,0,0,0,0,0