ST_CASE,VEH_NO,PER_NO,YEAR,P1,P2,P3,P4,P5,P6,P7,P8,P9,P10
61014,1,1,1997,0,0,0,0,0,0,0,0,0,0
61015,1,1,1997,0,0,0,0,0,0,0,0,0,0
61015,2,1,1997,0,0,0,23,0,0,0,0,0,0
61016,1,1,1997,7,7,7,7,7,7,7,7,7,7
61017,1,1,1997,0,0,0,0,0,0,0,0,0,0
61017,2,1,1997,0,0,0,0,0,0,0,0,0,0
61018,0,1,1997,0,0,0,0,0,0,0,0,0,0
61018,1,1,1997,0,0,0,0,0,0,0,0,0,0
61019,1,1,1997,0,0,0,0,0,0,0,0,0,0
61019,2,1,1997,0,0,0,0,0,0,0,0,0,0
61020,0,1,1997,10,0,0,0,0,0,0,0,0,16
61020,0,2,1997,0,0,0,0,0,0,0,0,0,0
61020,1,1,1997,0,0,0,0,0,0,0,0,0,0
61021,1,1,1997,0,0,0,0,0,0,0,0,0,0
61021,2,1,1997,0,0,0,0,0,0,0,0,0,0
61022,1,1,1997,30,30,30,30,30,30,30,30,30,30
61023,1,1,1997,24,24,24,24,24,24,24,24,24,24
61024,1,1,1997,19,19,19,19,19,19,19,19,19,19
61025,1,1,1997,0,0,0,0,0,0,0,0,0,0
61026,0,1,1997,0,0,0,0,0,0,0,0,0,0
61026,1,1,1997,0,0,0,0,0,0,0,0,0,0
61027,1,1,1997,0,0,0,0,0,0,0,0,0,0
61027,2,1,1997,0,0,0,0,0,0,0,0,0,0
61027,3,1,1997,0,0,0,0,0,0,0,0,0,0
61028,1,1,1997,0,6,0,0,0,0,24,0,0,0
61029,1,1,1997,0,11,0,0,0,0,0,0,0,0
61029,2,1,1997,0,0,0,0,0,0,0,0,0,0
61030,1,1,1997,0,0,0,0,0,0,0,0,0,0
61030,2,1,1997,10,10,10,10,10,10,10,10,10,10
61031,0,1,1997,0,0,0,0,0,0,0,0,0,0
61031,1,1,1997,0,0,0,0,0,0,0,0,0,0
61032,1,1,1997,0,0,0,0,0,0,0,0,0,0
61033,1,1,1997,0,0,0,0,0,0,0,0,0,0
61034,1,1,1997,0,0,0,0,0,0,0,0,0,0
61035,1,1,1997,31,31,31,31,31,31,31,31,31,31
61036,1,1,1997,0,0,0,0,0,0,0,0,0,0
61036,2,1,1997,0,0,0,0,0,0,0,0,0,0
61037,0,1,1997,0,0,0,0,0,0,0,0,0,0
61037,0,2,1997,0,0,0,0,0,0,0,0,0,0
61037,1,1,1997,0,0,0,0,0,0,0,0,0,0
61038,1,1,1997,14,14,14,14,14,14,14,14,14,14
61039,1,1,1997,0,0,0,0,0,0,0,0,0,0
61039,2,1,1997,0,0,0,0,0,0,0,0,0,0
61040,1,1,1997,0,0,0,0,0,0,0,0,0,0
61040,2,1,1997,0,0,0,0,0,0,0,0,0,0
61041,1,1,1997,0,0,0,0,0,0,0,0,0,0
61042,1,1,1997,0,0,0,0,0,0,0,0,0,0
61042,2,1,1997,0,0,0,0,0,0,0,0,0,0
61043,1,1,1997,0,0,0,0,0,0,0,0,0,0
61044,0,1,1997,0,0,0,0,0,0,0,0,0,0
61044,1,1,1997,0,0,0,0,0,0,0,0,0,0
61045,1,1,1997,8,8,8,8,8,8,8,8,8,8
61045,2,1,1997,0,0,0,16,0,0,0,0,0,0
61046,1,1,1997,0,0,0,0,0,0,0,0,0,0
61047,1,1,1997,0,0,0,0,0,0,0,0,0,0
61047,2,1,1997,0,0,0,0,0,0,0,0,0,0
61048,1,1,1997,0,0,0,0,0,0,0,0,0,0
61048,2,1,1997,0,0,0,0,0,0,0,0,0,0
61049,0,1,1997,0,0,0,0,0,0,0,0,0,0
61049,0,2,1997,0,0,0,0,0,0,0,0,0,0
61049,1,1,1997,3,0,0,0,0,0,0,0,0,22
61050,1,1,1997,0,20,0,0,0,0,0,0,0,0
61051,0,1,1997,0,0,0,0,0,0,0,0,0,0
61051,1,1,1997,0,0,0,0,22,0,0,0,15,0
61051,2,1,1997,0,0,0,0,0,0,0,0,0,0
61052,1,1,1997,0,0,0,0,4,0,0,0,0,0
61052,2,1,1997,0,0,0,0,0,0,0,0,0,0
61053,1,1,1997,0,0,0,0,0,0,0,0,0,0
61053,2,1,1997,0,0,0,0,0,0,0,0,0,0
61054,0,1,1997,0,0,0,0,0,0,0,0,0,0
61054,1,1,1997,0,0,0,0,0,0,0,0,0,0
61055,1,1,1997,0,5,0,0,0,0,0,0,0,0
61056,1,1,1997,0,0,0,0,0,0,0,18,0,0
61056,2,1,1997,0,0,0,0,0,0,0,0,0,0
61056,3,1,1997,0,0,0,13,0,0,0,0,0,0
61057,1,1,1997,31,31,31,31,31,31,31,31,31,31
61058,0,1,1997,0,0,0,0,0,0,0,0,0,0
61058,1,1,1997,6,6,6,6,6,6,6,6,6,6
61059,1,1,1997,22,22,22,22,22,22,22,22,22,22
61060,1,1,1997,0,13,0,0,0,0,0,0,0,19
61061,1,1,1997,16,16,16,16,16,16,16,16,16,16
61062,0,1,1997,20,20,20,20,20,20,20,20,20,20
61062,1,1,1997,0,0,0,0,0,0,0,0,0,0
61062,2,1,1997,0,0,0,0,29,0,0,0,0,0
61063,1,1,1997,0,0,0,0,0,0,0,0,0,0
61064,1,1,1997,0,0,0,0,0,0,0,0,0,0
61065,0,1,1997,16,16,16,16,16,16,16,16,16,16
61065,1,1,1997,0,0,0,0,9,0,0,0,0,0
61066,1,1,1997,9,9,9,9,9,9,9,9,9,9
61067,1,1,1997,18,18,18,18,18,18,18,18,18,18
61068,1,1,1997,0,0,0,0,0,0,0,0,0,0
61069,1,1,1997,0,0,0,0,0,0,0,0,0,0
61069,2,1,1997,0,0,0,0,0,0,0,0,0,0
61069,3,1,1997,0,0,0,0,0,0,0,0,0,0
61070,0,1,1997,0,0,0,0,0,0,0,0,0,0
61070,0,2,1997,14,24,0,0,14,0,21,6,0,14
61070,1,1,1997,20,20,20,20,20,20,20,20,20,20
61071,0,1,1997,0,0,0,0,0,0,0,0,0,0
61071,1,1,1997,0,0,0,0,0,0,0,0,0,0
61072,0,1,1997,13,13,13,13,13,13,13,13,13,13
61072,1,1,1997,0,0,0,0,0,0,0,0,0,0
61073,1,1,1997,17,17,17,17,17,17,17,17,17,17
61073,2,1,1997,0,0,0,0,0,0,0,0,0,0
61074,1,1,1997,0,0,0,0,0,0,0,0,0,0
61075,1,1,1997,16,16,16,16,16,16,16,16,16,16
61076,1,1,1997,11,11,11,11,11,11,11,11,11,11
61077,1,1,1997,0,0,0,0,0,0,0,0,0,0
61078,1,1,1997,12,0,8,10,0,10,13,14,12,14
61078,2,1,1997,0,0,0,0,0,0,0,0,0,0
61079,1,1,1997,0,0,0,0,0,0,0,0,0,0
61080,1,1,1997,0,0,0,0,0,0,0,0,0,0
61080,2,1,1997,0,0,0,0,0,0,0,0,0,0
61080,3,1,1997,0,0,2,0,0,0,0,0,0,0
61081,1,1,1997,0,0,0,0,0,0,0,0,0,0
61081,2,1,1997,21,21,21,21,21,21,21,21,21,21
61082,1,1,1997,0,0,0,0,0,0,0,15,0,0
61083,1,1,1997,21,21,21,21,21,21,21,21,21,21
61084,1,1,1997,0,0,0,0,0,0,0,0,0,0
61084,2,1,1997,0,0,0,0,0,0,0,0,0,0
61085,0,1,1997,0,0,0,0,0,0,0,0,0,0
61085,1,1,1997,0,0,0,0,0,0,0,0,0,0
61086,1,1,1997,0,0,0,0,0,0,0,0,0,0
61086,2,1,1997,0,0,0,0,16,0,0,0,0,0
61087,1,1,1997,0,0,0,0,0,0,0,0,6,0
61087,2,1,1997,0,0,0,10,0,0,0,0,0,0
61087,3,1,1997,0,0,0,0,0,0,0,0,0,0
61088,0,1,1997,0,0,0,0,0,0,0,0,0,0
61088,1,1,1997,13,15,11,22,14,11,7,9,16,16
61088,2,1,1997,0,0,27,0,13,0,0,0,0,0
61089,1,1,1997,0,11,0,13,32,15,10,6,6,8
61089,2,1,1997,0,0,0,0,0,0,0,0,0,0
61089,3,1,1997,0,0,0,0,0,0,0,0,0,0
61090,1,1,1997,8,8,8,8,8,8,8,8,8,8
61091,1,1,1997,0,0,0,0,0,0,0,0,0,0
61091,2,1,1997,0,0,0,0,0,0,0,0,0,0
61092,1,1,1997,0,0,0,0,0,0,0,0,0,0
61092,2,1,1997,0,0,0,0,0,0,0,0,0,0
61093,1,1,1997,23,23,23,23,23,23,23,23,23,23
61094,0,1,1997,0,0,0,0,0,0,0,0,0,0
61094,1,1,1997,0,0,0,0,0,0,0,0,0,0
61095,1,1,1997,0,0,0,0,0,0,0,0,0,0
61095,2,1,1997,0,0,0,0,0,14,0,0,0,0
61096,1,1,1997,0,0,0,0,0,0,0,0,0,0
61096,2,1,1997,0,0,0,0,0,0,0,0,0,0
61096,3,1,1997,0,0,0,0,0,0,0,0,0,0
61096,4,1,1997,0,0,0,0,0,0,0,0,0,0
61097,1,1,1997,0,0,0,0,0,0,0,0,0,0
61097,2,1,1997,0,0,0,0,0,0,0,0,0,0
61098,1,1,1997,0,0,0,0,0,0,0,0,0,0
61098,2,1,1997,0,0,0,0,0,0,0,0,0,0
61098,3,1,1997,0,0,0,0,0,0,0,0,0,0
61099,0,1,1997,0,0,0,0,0,0,0,0,0,0
61100,1,1,1997,0,0,0,0,0,0,0,0,0,0
61101,1,1,1997,0,6,24,3,0,0,0,19,0,22
61102,1,1,1997,14,14,14,14,14,14,14,14,14,14
61102,2,1,1997,0,0,0,0,0,0,0,0,0,0
61102,3,1,1997,0,0,0,0,0,0,0,0,0,0
61103,1,1,1997,15,15,15,15,15,15,15,15,15,15
61103,2,1,1997,0,0,0,0,0,0,0,0,0,0
61104,1,1,1997,0,0,0,0,0,0,0,0,0,0
61105,0,1,1997,0,0,0,0,0,0,0,0,0,0
61105,1,1,1997,0,0,0,0,0,0,0,0,0,0
61106,1,1,1997,23,23,23,23,23,23,23,23,23,23
61107,1,1,1997,0,0,0,0,0,0,0,0,0,0
61107,2,1,1997,0,0,0,0,0,0,0,0,0,0
61108,1,1,1997,14,14,14,14,14,14,14,14,14,14
61108,2,1,1997,0,4,0,0,0,0,0,0,0,0
61109,0,1,1997,0,0,0,0,0,0,0,0,0,0
61109,1,1,1997,0,0,0,0,0,0,0,0,0,16
61110,1,1,1997,0,0,0,0,0,0,0,0,0,0
61111,0,1,1997,0,0,0,0,0,0,0,0,0,0
61111,1,1,1997,0,0,0,0,0,0,0,0,0,0
61112,1,1,1997,0,0,0,0,0,0,0,0,0,0
61112,2,1,1997,0,0,0,0,0,0,0,0,0,0
61112,3,1,1997,0,0,0,0,0,0,0,0,0,0
61112,4,1,1997,0,0,0,0,0,0,0,0,0,0
61112,5,1,1997,0,0,0,0,0,0,0,0,0,0
61113,1,1,1997,0,0,0,0,0,0,0,0,0,0
61113,2,1,1997,0,0,0,0,0,0,0,0,0,0
61114,1,1,1997,12,12,12,12,12,12,12,12,12,12
61115,1,1,1997,18,18,18,18,18,18,18,18,18,18
61116,1,1,1997,0,0,0,0,0,0,0,0,0,0
61117,1,1,1997,9,0,0,0,0,0,0,0,0,0
61117,2,1,1997,0,0,0,0,0,0,0,0,0,0
61118,1,1,1997,9,9,9,9,9,9,9,9,9,9
61119,0,1,1997,0,0,0,0,0,0,0,0,0,0
61119,1,1,1997,11,21,0,17,15,16,9,12,22,0
61120,0,1,1997,0,0,0,0,0,0,0,0,0,0
61120,1,1,1997,0,0,0,0,0,0,0,0,0,0
61121,1,1,1997,0,0,0,0,0,0,0,0,0,0
61121,2,1,1997,0,0,0,0,0,0,0,0,0,0
61121,3,1,1997,0,0,0,0,0,0,0,0,0,0
61121,4,1,1997,0,0,0,0,0,0,0,0,0,0
61122,1,1,1997,23,29,9,11,11,17,16,30,3,10
61123,1,1,1997,0,0,0,0,0,0,0,0,0,0
61123,2,1,1997,0,0,0,0,0,0,0,0,0,0
61124,1,1,1997,16,16,16,16,16,16,16,16,16,16
61124,2,1,1997,0,0,22,0,0,0,0,0,0,0
61125,1,1,1997,5,5,5,5,5,5,5,5,5,5
61126,1,1,1997,0,0,0,0,0,0,0,0,0,0
61127,1,1,1997,0,0,0,0,0,0,0,0,0,0
61128,1,1,1997,18,18,18,18,18,18,18,18,18,18
61128,2,1,1997,0,0,0,0,0,7,0,0,0,0
61129,1,1,1997,0,0,0,0,0,0,0,0,0,0
61130,1,1,1997,0,0,0,0,0,0,0,0,0,0
61130,2,1,1997,0,0,0,0,0,0,0,0,0,0
61130,3,1,1997,0,0,0,0,8,0,0,0,0,0
61131,1,1,1997,13,13,13,13,13,13,13,13,13,13
61132,0,1,1997,0,0,0,0,0,0,0,0,0,0
61132,1,1,1997,0,0,0,0,0,0,0,0,0,0
61133,0,1,1997,0,0,0,0,0,0,0,0,0,0
61133,1,1,1997,0,0,0,0,0,0,0,0,0,0
61134,1,1,1997,0,0,0,0,0,0,0,0,0,0
61135,1,1,1997,0,0,0,0,0,0,0,10,0,0
61135,2,1,1997,0,0,0,0,0,0,0,0,0,0
61136,1,1,1997,0,0,0,0,0,0,0,0,0,0
61136,2,1,1997,0,0,0,0,0,0,0,0,0,0
61136,3,1,1997,0,0,0,0,0,0,0,0,0,0
61137,1,1,1997,0,0,0,0,0,0,0,0,0,0
61138,1,1,1997,0,0,0,0,0,0,0,0,0,0
61138,2,1,1997,0,0,0,0,0,0,0,0,0,0
61139,0,1,1997,0,0,0,0,0,0,0,0,0,0
61139,1,1,1997,0,0,0,0,0,0,0,0,0,0
61140,1,1,1997,0,0,0,0,0,0,0,0,0,0
61141,1,1,1997,0,0,0,0,0,0,0,0,0,0
61141,2,1,1997,0,0,14,0,0,33,0,0,0,0
61142,1,1,1997,0,0,0,0,0,0,0,0,0,0
61142,2,1,1997,0,0,0,0,0,0,0,0,0,0
61143,1,1,1997,12,12,12,12,12,12,12,12,12,12
61144,1,1,1997,3,3,3,3,3,3,3,3,3,3
61144,2,1,1997,0,0,0,0,9,0,0,0,0,0
61145,1,1,1997,0,0,0,0,0,0,0,0,0,0
61145,2,1,1997,0,0,0,0,0,0,0,0,0,0
61146,1,1,1997,0,0,0,0,0,0,0,0,0,0
61147,1,1,1997,0,0,0,0,0,0,0,0,0,0
61147,2,1,1997,0,0,0,0,0,0,0,0,0,0
61147,3,1,1997,0,0,0,0,0,0,0,0,0,0
61148,1,1,1997,0,15,0,0,0,0,0,0,0,0
61149,1,1,1997,0,0,0,0,0,0,0,0,0,0
61149,2,1,1997,0,0,0,0,0,0,0,0,0,0
61149,3,1,1997,0,0,0,0,0,0,0,0,0,0
61150,1,1,1997,0,0,0,0,0,0,0,0,0,0
61151,1,1,1997,0,0,0,0,0,0,0,0,0,0
61151,2,1,1997,0,0,0,0,0,0,0,0,0,0
61152,0,1,1997,0,0,0,0,0,0,0,0,0,0
61152,1,1,1997,0,0,0,0,0,0,0,0,0,0
61153,1,1,1997,7,13,8,4,6,8,5,0,12,10
61153,2,1,1997,0,0,0,0,0,0,0,0,0,0
61154,1,1,1997,11,11,11,11,11,11,11,11,11,11
61155,1,1,1997,0,0,0,3,0,0,0,0,0,0
61156,1,1,1997,10,10,10,10,10,10,10,10,10,10
61157,1,1,1997,0,0,0,0,0,0,0,0,0,0
61158,1,1,1997,0,0,0,0,0,0,0,0,0,0
61158,2,1,1997,0,0,0,0,0,0,0,0,0,0
61159,1,1,1997,0,0,0,0,0,0,0,0,0,0
61160,1,1,1997,0,0,0,0,0,0,0,0,0,0
61161,1,1,1997,7,7,7,7,7,7,7,7,7,7
61162,1,1,1997,16,16,16,16,16,16,16,16,16,16
61163,1,1,1997,0,0,0,0,0,0,0,0,0,0
61164,1,1,1997,0,0,0,0,0,0,0,0,0,0
61164,2,1,1997,0,0,0,0,0,0,0,0,0,0
61164,3,1,1997,0,0,0,0,0,0,0,0,0,0
61165,0,1,1997,0,0,0,0,0,0,0,0,0,0
61165,1,1,1997,0,0,0,0,0,0,0,0,0,0
61166,0,1,1997,0,0,0,0,0,0,0,0,0,0
61166,1,1,1997,0,0,0,0,0,15,0,0,0,0
61167,1,1,1997,0,0,0,0,0,0,0,0,0,0
61168,1,1,1997,0,0,0,0,0,0,0,0,0,0
61168,2,1,1997,0,0,0,0,0,0,0,0,0,0
61169,0,1,1997,25,25,25,25,25,25,25,25,25,25
61169,1,1,1997,0,0,0,0,0,0,20,0,0,0
61170,1,1,1997,10,10,10,10,10,10,10,10,10,10
61170,2,1,1997,0,0,0,0,0,0,0,0,0,0
61171,1,1,1997,0,0,0,0,0,0,0,0,0,0
61171,2,1,1997,0,0,0,0,0,0,0,0,0,0
61172,1,1,1997,19,19,19,19,19,19,19,19,19,19
61172,2,1,1997,0,0,0,0,0,0,0,0,0,0
61173,0,1,1997,0,0,0,0,0,0,0,0,0,0
61173,1,1,1997,0,0,0,0,0,0,0,0,0,0
61174,1,1,1997,17,17,17,17,17,17,17,17,17,17
61174,2,1,1997,0,0,0,0,0,0,0,0,0,0
61175,1,1,1997,0,0,0,0,0,0,0,0,0,0
61176,1,1,1997,0,0,0,0,0,0,0,0,0,0
61176,2,1,1997,0,0,0,0,0,0,0,0,0,0
61177,1,1,1997,0,0,0,0,0,0,0,0,0,0
61178,0,1,1997,0,0,0,0,0,0,0,0,0,0
61178,1,1,1997,0,0,0,0,0,0,0,0,0,0
61179,1,1,1997,0,0,0,0,0,0,0,0,0,0
61179,2,1,1997,0,0,0,0,0,0,0,0,0,0
61180,1,1,1997,0,0,0,0,0,0,0,0,0,0
61180,2,1,1997,0,0,0,0,0,0,0,0,0,0
61181,1,1,1997,0,0,0,0,0,0,0,0,0,0
61181,2,1,1997,0,0,0,0,0,0,0,0,0,0
61182,0,1,1997,0,0,0,0,0,0,0,0,0,0
61182,1,1,1997,0,0,0,0,0,0,0,0,0,0
61183,1,1,1997,11,11,11,11,11,11,11,11,11,11
61184,1,1,1997,14,14,14,14,14,14,14,14,14,14
61185,0,1,1997,0,0,0,0,0,0,0,0,0,0
61185,0,2,1997,20,16,25,0,0,0,7,13,0,8
61185,1,1,1997,6,6,6,6,6,6,6,6,6,6
61186,0,1,1997,42,16,27,6,37,17,0,0,6,8
61186,1,1,1997,0,0,0,0,0,0,0,0,0,0
61187,0,1,1997,0,0,0,0,0,0,0,0,0,0
61187,1,1,1997,0,0,0,0,0,0,0,0,0,0
61188,0,1,1997,31,31,31,31,31,31,31,31,31,31
61188,1,1,1997,0,10,0,0,0,0,10,0,8,6
61189,0,1,1997,12,12,12,12,12,12,12,12,12,12
61189,1,1,1997,10,10,10,10,10,10,10,10,10,10
61190,1,1,1997,0,0,0,0,0,0,0,0,0,0
61190,2,1,1997,0,0,0,0,0,0,0,19,0,0
61191,1,1,1997,0,0,0,0,0,0,0,0,0,0
61192,1,1,1997,0,0,0,0,0,0,0,0,0,0
61193,1,1,1997,0,0,0,0,0,0,0,0,0,0
61194,1,1,1997,5,5,5,5,5,5,5,5,5,5
61195,1,1,1997,25,25,25,25,25,25,25,25,25,25
61196,1,1,1997,8,8,8,8,8,8,8,8,8,8
61197,1,1,1997,0,0,0,0,0,0,0,0,0,0
61197,2,1,1997,0,0,0,0,0,0,0,0,0,0
61198,1,1,1997,0,0,0,0,0,0,0,0,0,0
61198,2,1,1997,7,0,5,0,0,0,0,0,0,16
61199,0,1,1997,29,29,29,29,29,29,29,29,29,29
61199,1,1,1997,0,0,0,0,0,0,0,0,0,0
61200,1,1,1997,13,13,13,13,13,13,13,13,13,13
61201,1,1,1997,12,12,12,12,12,12,12,12,12,12
61201,2,1,1997,0,0,0,0,0,0,0,0,0,0
61202,1,1,1997,17,17,17,17,17,17,17,17,17,17
61203,1,1,1997,0,0,0,0,0,0,0,0,0,0
61204,1,1,1997,18,0,0,18,15,0,25,10,0,6
61204,2,1,1997,0,0,0,0,0,0,0,0,0,0
61205,1,1,1997,20,20,20,20,20,20,20,20,20,20
61206,0,1,1997,18,18,18,18,18,18,18,18,18,18
61206,1,1,1997,19,12,31,3,0,0,4,3,10,9
61207,1,1,1997,0,0,0,0,0,0,0,0,0,0
61208,1,1,1997,0,0,0,0,0,0,0,0,0,0
61209,1,1,1997,0,0,0,0,0,0,0,0,0,0
61210,0,1,1997,0,0,0,0,0,0,0,0,0,0
61210,1,1,1997,0,0,0,0,0,0,0,0,0,0
61211,1,1,1997,0,0,0,0,0,0,0,0,0,0
61211,2,1,1997,0,0,0,0,0,0,0,0,0,0
61212,0,1,1997,0,0,0,0,0,0,0,0,0,0
61212,1,1,1997,0,0,0,0,0,0,0,0,0,3
61213,1,1,1997,0,0,0,0,0,0,0,0,0,0
61214,1,1,1997,9,0,3,9,0,0,0,20,0,0
61215,1,1,1997,14,14,14,14,14,14,14,14,14,14
61216,1,1,1997,0,0,0,0,0,0,0,0,0,0
61217,1,1,1997,0,0,0,0,0,0,0,0,0,0
61217,2,1,1997,0,0,0,0,0,0,0,0,0,0
61218,1,1,1997,0,0,0,0,0,0,0,0,0,0
61219,1,1,1997,0,0,0,0,0,0,0,0,0,0
61219,2,1,1997,0,0,0,0,0,0,0,0,0,0
61220,1,1,1997,10,10,10,10,10,10,10,10,10,10
61221,0,1,1997,22,22,22,22,22,22,22,22,22,22
61221,1,1,1997,0,0,0,0,18,0,0,0,0,0
61222,1,1,1997,0,0,0,0,0,0,0,0,0,0
61222,2,1,1997,0,0,0,0,0,0,0,0,0,0
61223,1,1,1997,19,19,19,19,19,19,19,19,19,19
61224,0,1,1997,0,0,0,0,0,0,0,0,0,0
61224,1,1,1997,25,25,25,25,25,25,25,25,25,25
61224,2,1,1997,0,0,0,0,0,0,0,0,0,0
61225,0,1,1997,0,0,0,0,0,0,0,0,0,0
61225,1,1,1997,0,0,0,0,0,0,0,16,0,9
61226,1,1,1997,0,0,0,0,0,0,0,0,0,0
61226,2,1,1997,2,2,2,2,2,2,2,2,2,2
61227,1,1,1997,0,0,0,0,0,0,0,0,0,0
61228,1,1,1997,0,0,0,0,0,0,0,0,0,0
61229,1,1,1997,14,14,14,14,14,14,14,14,14,14
61229,2,1,1997,0,0,0,0,0,0,0,0,0,0
61230,1,1,1997,0,0,0,0,0,0,0,0,0,0
61231,1,1,1997,18,18,18,18,18,18,18,18,18,18
61232,1,1,1997,0,0,0,0,0,0,0,0,0,0
61232,2,1,1997,0,0,0,0,0,0,0,0,0,0
61232,3,1,1997,0,0,0,0,0,0,0,0,0,0
61232,4,1,1997,0,0,0,0,0,0,0,0,0,0
61233,0,1,1997,0,0,0,0,0,0,0,0,0,0
61233,1,1,1997,0,0,0,0,0,0,0,0,0,0
61234,1,1,1997,8,8,8,8,8,8,8,8,8,8
61235,1,1,1997,0,0,0,0,0,0,0,0,0,0
61236,1,1,1997,0,0,0,0,0,0,0,0,0,0
61236,2,1,1997,0,0,0,0,0,0,0,0,0,0
61236,3,1,1997,0,0,0,0,10,0,0,0,0,30
61236,4,1,1997,0,0,0,0,0,0,0,0,0,0
61237,1,1,1997,0,0,0,0,0,0,0,0,5,0
61237,2,1,1997,0,0,0,0,0,0,0,0,0,0
61238,1,1,1997,0,0,0,0,0,0,0,0,0,0
61238,2,1,1997,0,0,0,0,0,0,0,0,0,0
61238,3,1,1997,0,0,0,0,0,0,0,0,0,0
61239,1,1,1997,27,27,27,27,27,27,27,27,27,27
61239,2,1,1997,0,0,13,0,0,0,12,0,0,0
61239,3,1,1997,0,0,0,0,7,0,0,25,0,0
61239,4,1,1997,11,0,0,0,0,0,0,0,0,0
61240,1,1,1997,0,0,0,0,0,0,0,0,0,0
61240,2,1,1997,0,0,0,0,0,0,0,0,0,0
61241,1,1,1997,0,0,0,0,0,0,0,0,0,0
61242,1,1,1997,0,0,0,0,0,0,0,0,0,0
61242,2,1,1997,0,0,0,0,19,0,0,0,0,0
61243,1,1,1997,0,0,0,0,0,0,0,0,0,0
61243,2,1,1997,0,0,0,0,0,0,0,0,0,0
61244,1,1,1997,0,0,0,0,0,0,0,0,0,0
61244,2,1,1997,4,4,4,4,4,4,4,4,4,4
61245,1,1,1997,0,0,0,0,0,0,0,0,0,0
61246,1,1,1997,0,0,0,0,0,0,0,0,0,0
61247,0,1,1997,0,0,0,0,0,0,0,0,0,0
61247,1,1,1997,0,0,0,0,0,0,0,0,0,0
61248,0,1,1997,0,0,0,0,0,0,0,0,0,0
61248,1,1,1997,0,0,0,0,0,0,0,0,0,0
61249,1,1,1997,0,0,0,0,0,0,0,0,0,0
61249,2,1,1997,0,0,0,0,0,0,0,0,0,0
61250,1,1,1997,0,0,10,0,0,0,0,21,0,0
61251,0,1,1997,0,0,0,0,0,0,0,0,0,0
61251,1,1,1997,0,0,0,0,0,0,0,0,0,0
61252,1,1,1997,0,0,0,0,0,0,0,0,0,0
61252,2,1,1997,4,4,4,4,4,4,4,4,4,4
61253,1,1,1997,0,0,0,0,0,0,0,0,0,0
61253,2,1,1997,0,0,0,0,0,0,0,0,0,0
61254,1,1,1997,23,23,23,23,23,23,23,23,23,23
61254,2,1,1997,0,0,0,0,0,0,0,0,0,0
61255,1,1,1997,0,0,0,0,0,0,0,0,0,0
61255,2,1,1997,0,0,0,0,0,0,0,0,0,0
61256,1,1,1997,14,14,14,14,14,14,14,14,14,14
61256,2,1,1997,0,0,0,0,0,0,0,0,0,0
61257,1,1,1997,0,0,0,0,0,0,0,0,0,0
61258,1,1,1997,0,0,0,0,0,0,0,0,0,0
61258,2,1,1997,0,0,0,0,0,0,0,0,0,0
61259,0,1,1997,0,0,0,0,0,0,0,0,0,0
61259,1,1,1997,0,0,0,0,0,0,0,9,0,0
61260,1,1,1997,24,0,0,0,19,25,0,0,0,0
61260,2,1,1997,8,8,8,8,8,8,8,8,8,8
61261,1,1,1997,18,18,18,18,18,18,18,18,18,18
61261,2,1,1997,0,9,0,0,0,0,21,0,23,0
61262,1,1,1997,0,0,0,0,0,0,0,0,0,0
61263,1,1,1997,24,24,24,24,24,24,24,24,24,24
61264,1,1,1997,19,19,19,19,19,19,19,19,19,19
61265,1,1,1997,0,0,0,0,0,0,0,0,0,0
61265,2,1,1997,14,0,24,0,0,0,0,0,17,0
61266,1,1,1997,0,0,0,0,0,0,0,0,0,0
61266,2,1,1997,0,0,0,0,0,0,0,0,0,0
61267,0,1,1997,0,0,0,0,0,0,0,0,0,0
61267,1,1,1997,0,0,0,0,0,0,0,0,0,0
61268,1,1,1997,12,12,12,12,12,12,12,12,12,12
61269,1,1,1997,0,0,0,0,0,0,0,0,0,0
61269,2,1,1997,0,0,0,0,0,0,0,0,0,0
61270,1,1,1997,13,13,13,13,13,13,13,13,13,13
61270,2,1,1997,11,11,11,11,11,11,11,11,11,11
61271,1,1,1997,17,17,17,17,17,17,17,17,17,17
61271,2,1,1997,0,0,0,0,0,0,0,0,0,0
61272,0,1,1997,0,0,0,0,0,0,0,0,0,0
61272,1,1,1997,0,0,0,0,0,0,0,0,0,0