ST_CASE,VEH_NO,PER_NO,YEAR,P1,P2,P3,P4,P5,P6,P7,P8,P9,P10
61530,1,1,1997,8,8,8,8,8,8,8,8,8,8
61531,1,1,1997,0,0,0,0,0,0,0,0,0,0
61531,2,1,1997,0,0,0,0,0,0,0,0,0,0
61532,0,1,1997,0,0,0,0,0,0,0,0,0,0
61532,1,1,1997,0,0,0,0,0,0,0,0,0,0
61533,1,1,1997,20,20,20,20,20,20,20,20,20,20
61533,2,1,1997,3,3,3,3,3,3,3,3,3,3
61534,1,1,1997,31,31,31,31,31,31,31,31,31,31
61534,2,1,1997,0,0,0,0,0,0,0,0,0,0
61535,1,1,1997,0,0,0,0,0,0,0,0,0,0
61535,2,1,1997,0,0,0,0,0,0,0,0,0,0
61536,1,1,1997,0,0,0,0,0,0,0,0,0,0
61536,2,1,1997,0,0,0,0,0,0,0,0,0,0
61537,1,1,1997,0,0,0,0,0,0,0,0,0,0
61537,2,1,1997,12,14,16,11,15,9,16,8,20,10
61538,1,1,1997,0,0,0,0,0,0,0,0,0,0
61538,2,1,1997,0,0,0,0,0,0,0,0,0,0
61539,1,1,1997,0,0,0,0,0,0,0,0,0,0
61539,2,1,1997,0,0,0,0,0,0,0,0,0,27
61540,1,1,1997,0,0,0,0,0,0,0,0,0,0
61540,2,1,1997,0,0,11,0,0,0,0,0,0,0
61541,1,1,1997,0,0,0,0,0,0,0,0,0,0
61542,1,1,1997,0,0,0,0,0,0,0,0,0,0
61542,2,1,1997,0,0,0,0,0,0,0,0,0,0
61543,1,1,1997,0,0,0,0,0,0,0,0,0,0
61543,2,1,1997,0,0,0,0,0,0,0,0,0,0
61543,3,1,1997,0,0,0,0,0,0,0,0,0,0
61544,1,1,1997,0,0,0,0,0,0,0,0,0,0
61545,1,1,1997,0,0,0,0,0,0,0,0,0,0
61545,2,1,1997,0,0,0,0,0,0,0,0,0,0
61546,0,1,1997,29,29,29,29,29,29,29,29,29,29
61546,1,1,1997,24,17,0,3,0,14,13,21,18,2
61547,1,1,1997,0,0,0,0,0,0,0,0,0,0
61547,2,1,1997,0,0,0,0,0,0,0,0,0,0
61548,0,1,1997,14,14,14,14,14,14,14,14,14,14
61548,1,1,1997,0,0,0,0,0,0,0,0,0,0
61548,2,1,1997,0,0,0,0,0,5,0,0,0,9
61549,1,1,1997,0,0,0,0,0,0,0,0,0,0
61549,2,1,1997,0,0,0,0,0,20,0,0,0,0
61550,1,1,1997,5,5,5,5,5,5,5,5,5,5
61551,1,1,1997,0,0,0,0,0,0,0,0,0,0
61552,1,1,1997,15,15,15,15,15,15,15,15,15,15
61553,1,1,1997,33,33,33,33,33,33,33,33,33,33
61554,1,1,1997,7,7,7,7,7,7,7,7,7,7
61555,1,1,1997,0,0,0,0,0,0,0,0,0,0
61555,2,1,1997,0,0,0,0,0,0,0,0,0,0
61556,1,1,1997,0,0,0,0,0,0,0,0,0,0
61556,2,1,1997,0,0,0,0,0,0,0,0,0,0
61557,1,1,1997,0,0,0,0,0,0,0,0,0,0
61558,1,1,1997,17,17,17,17,17,17,17,17,17,17
61559,0,1,1997,0,0,0,0,0,0,0,0,0,0
61559,1,1,1997,0,0,0,0,0,6,0,0,0,0
61560,1,1,1997,27,27,27,27,27,27,27,27,27,27
61561,1,1,1997,0,0,0,0,0,0,0,0,0,0
61562,1,1,1997,0,0,0,0,0,0,0,0,0,0
61562,2,1,1997,0,0,0,0,0,0,0,0,0,0
61562,3,1,1997,0,0,0,0,0,0,0,0,0,0
61563,1,1,1997,0,0,0,0,0,0,0,0,0,0
61563,2,1,1997,0,0,0,0,0,0,0,0,0,0
61563,3,1,1997,3,0,0,0,0,0,0,0,0,0
61564,1,1,1997,1,1,1,1,1,1,1,1,1,1
61565,1,1,1997,0,0,0,0,0,0,0,0,0,0
61566,1,1,1997,0,0,0,0,0,0,0,0,0,0
61566,2,1,1997,0,0,0,0,0,0,0,0,0,0
61567,1,1,1997,14,14,14,14,14,14,14,14,14,14
61568,1,1,1997,21,21,21,21,21,21,21,21,21,21
61569,1,1,1997,15,15,15,15,15,15,15,15,15,15
61569,2,1,1997,0,0,0,0,0,0,0,0,0,0
61570,1,1,1997,30,30,30,30,30,30,30,30,30,30
61570,2,1,1997,0,0,0,0,0,0,0,0,0,0
61571,1,1,1997,15,9,23,12,0,7,14,9,13,25
61571,2,1,1997,0,0,17,0,0,0,0,0,0,0
61572,1,1,1997,0,0,0,0,0,0,0,0,0,0
61572,2,1,1997,9,26,10,22,8,7,9,9,21,26
61573,1,1,1997,10,20,6,0,16,0,27,0,10,7
61573,2,1,1997,0,0,0,0,0,0,0,0,0,0
61574,1,1,1997,21,21,21,21,21,21,21,21,21,21
61574,2,1,1997,0,0,0,0,0,0,0,0,0,0
61574,3,1,1997,0,0,0,0,0,0,0,0,0,0
61575,1,1,1997,23,23,23,23,23,23,23,23,23,23
61576,1,1,1997,0,0,0,0,0,0,0,0,0,0
61577,1,1,1997,0,0,0,0,0,0,0,0,0,0
61578,1,1,1997,26,26,26,26,26,26,26,26,26,26
61579,1,1,1997,0,0,0,0,0,0,0,0,0,0
61579,2,1,1997,0,0,0,0,0,0,0,0,0,0
61579,3,1,1997,0,0,0,0,0,0,0,0,0,0
61580,0,1,1997,32,32,32,32,32,32,32,32,32,32
61580,1,1,1997,0,0,0,0,0,0,0,0,0,0
61581,0,1,1997,17,17,17,17,17,17,17,17,17,17
61581,1,1,1997,0,0,0,0,0,0,0,0,0,0
61582,1,1,1997,11,11,11,11,11,11,11,11,11,11
61582,2,1,1997,0,0,0,0,0,0,0,0,0,0
61583,1,1,1997,0,0,0,0,0,0,0,0,0,0
61584,0,1,1997,24,24,24,24,24,24,24,24,24,24
61584,1,1,1997,0,0,0,0,0,0,0,0,0,0
61585,0,1,1997,0,0,0,0,0,0,0,0,0,0
61585,1,1,1997,25,13,0,0,0,26,0,0,0,0
61586,1,1,1997,0,0,0,21,0,0,0,0,0,0
61586,2,1,1997,0,0,0,0,0,0,0,0,0,0
61587,1,1,1997,0,0,0,0,0,0,0,0,0,0
61587,2,1,1997,0,0,0,0,0,0,0,0,0,0
61588,1,1,1997,0,10,0,0,0,0,0,0,0,0
61589,1,1,1997,11,11,11,11,11,11,11,11,11,11
61589,2,1,1997,0,0,0,0,0,0,0,0,0,0
61590,1,1,1997,2,2,2,2,2,2,2,2,2,2
61591,1,1,1997,24,24,24,24,24,24,24,24,24,24
61591,2,1,1997,0,0,0,0,0,0,0,0,0,0
61592,1,1,1997,8,8,8,8,8,8,8,8,8,8
61592,2,1,1997,0,0,0,0,0,0,0,0,0,0
61593,0,1,1997,0,0,0,0,0,0,0,0,0,0
61593,1,1,1997,0,0,0,0,0,0,0,0,0,0
61594,0,1,1997,7,7,7,7,7,7,7,7,7,7
61595,0,1,1997,26,26,26,26,26,26,26,26,26,26
61595,1,1,1997,0,0,0,0,0,0,0,13,0,0
61596,0,1,1997,0,0,0,0,0,0,0,0,0,0
61596,1,1,1997,0,0,0,0,0,0,0,0,0,0
61597,1,1,1997,0,0,0,0,0,0,0,0,0,0
61597,2,1,1997,0,0,0,0,0,0,15,0,0,0
61598,1,1,1997,11,15,9,10,25,26,18,17,10,21
61600,0,1,1997,0,0,0,0,0,0,0,0,0,0
61600,1,1,1997,0,0,0,0,0,0,0,0,0,0
61601,1,1,1997,0,0,0,0,0,0,0,0,0,0
61602,1,1,1997,2,2,2,2,2,2,2,2,2,2
61602,2,1,1997,0,0,0,0,0,0,0,0,0,0
61603,1,1,1997,0,0,0,0,0,0,0,0,0,0
61603,2,1,1997,0,0,0,0,0,0,0,0,0,0
61604,1,1,1997,2,2,2,2,2,2,2,2,2,2
61605,1,1,1997,0,0,0,0,0,0,0,0,0,0
61606,0,1,1997,0,14,0,0,26,0,0,0,0,0
61606,1,1,1997,0,0,0,0,0,0,0,0,0,0
61607,0,1,1997,0,0,0,0,0,0,0,0,0,0
61607,1,1,1997,0,0,0,0,0,0,0,0,0,0
61608,1,1,1997,13,13,13,13,13,13,13,13,13,13
61608,2,1,1997,14,0,0,14,0,0,0,0,0,0
61609,1,1,1997,13,13,13,13,13,13,13,13,13,13
61610,1,1,1997,0,0,0,0,0,0,0,0,0,0
61610,2,1,1997,0,0,0,0,0,0,0,0,0,0
61611,1,1,1997,0,0,0,0,0,0,0,0,0,0
61611,2,1,1997,0,0,0,0,15,0,0,0,0,0
61612,1,1,1997,0,0,0,0,0,0,0,0,0,0
61612,2,1,1997,0,0,0,0,0,0,0,0,0,0
61613,1,1,1997,0,0,0,0,0,0,0,0,0,0
61613,2,1,1997,0,0,0,0,0,0,0,0,0,0
61614,1,1,1997,0,0,0,0,0,0,0,0,0,0
61614,2,1,1997,0,0,0,0,0,0,0,0,0,0
61615,0,1,1997,2,2,2,2,2,2,2,2,2,2
61615,1,1,1997,0,0,0,0,0,0,0,0,0,0
61616,0,1,1997,0,0,0,0,0,0,0,0,0,0
61616,1,1,1997,0,0,0,0,0,0,0,0,0,0
61617,1,1,1997,15,15,15,15,15,15,15,15,15,15
61618,1,1,1997,23,23,23,23,23,23,23,23,23,23
61619,0,1,1997,0,0,0,0,0,0,0,0,0,0
61619,1,1,1997,0,0,0,0,0,0,0,0,0,0
61620,0,1,1997,0,0,0,0,0,0,0,0,0,0
61620,1,1,1997,0,0,0,0,0,0,0,0,0,0
61621,1,1,1997,6,6,6,6,6,6,6,6,6,6
61622,1,1,1997,0,0,0,0,0,0,0,0,0,0
61622,2,1,1997,0,0,0,0,0,0,0,0,0,0
61622,3,1,1997,0,0,0,0,0,0,0,0,0,0
61622,4,1,1997,0,0,0,0,0,0,0,0,0,0
61622,5,1,1997,0,0,0,0,0,0,0,0,0,0
61622,6,1,1997,9,0,0,7,15,0,0,0,0,29
61622,7,1,1997,0,0,0,0,0,0,0,0,0,0
61622,8,1,1997,0,0,0,0,0,0,0,0,0,0
61622,9,1,1997,0,0,0,0,0,0,0,0,0,0
61623,1,1,1997,0,0,0,0,0,0,0,0,0,0
61623,2,1,1997,0,0,0,0,0,0,0,0,0,0
61624,1,1,1997,9,9,9,9,9,9,9,9,9,9
61624,2,1,1997,0,0,0,0,0,8,0,0,0,0
61625,1,1,1997,1,1,1,1,1,1,1,1,1,1
61625,2,1,1997,0,0,0,0,0,0,0,0,0,0
61626,0,1,1997,26,26,26,26,26,26,26,26,26,26
61626,1,1,1997,1,1,1,1,1,1,1,1,1,1
61627,1,1,1997,21,21,21,21,21,21,21,21,21,21
61627,2,1,1997,0,0,0,0,0,0,0,0,0,0
61628,1,1,1997,0,0,0,0,0,0,0,0,0,0
61629,1,1,1997,0,0,0,0,0,0,0,0,0,0
61630,1,1,1997,32,32,32,32,32,32,32,32,32,32
61630,2,1,1997,0,0,9,0,0,0,0,0,0,0
61631,1,1,1997,0,0,0,0,0,4,0,0,0,0
61632,1,1,1997,21,21,21,21,21,21,21,21,21,21
61632,2,1,1997,0,0,0,0,0,0,0,0,0,0
61633,1,1,1997,0,0,0,0,0,0,0,0,0,0
61633,2,1,1997,0,0,0,0,0,0,0,0,0,0
61634,1,1,1997,0,0,0,0,0,0,0,0,0,0
61634,2,1,1997,0,0,0,0,0,0,0,0,0,0
61634,3,1,1997,0,0,0,0,0,0,0,0,0,0
61635,1,1,1997,14,14,14,14,14,14,14,14,14,14
61635,2,1,1997,0,0,0,0,0,0,0,0,0,0
61635,3,1,1997,0,0,0,0,0,0,0,0,0,0
61636,1,1,1997,21,21,21,21,21,21,21,21,21,21
61636,2,1,1997,0,0,0,0,0,0,0,0,0,0
61637,1,1,1997,0,0,0,0,0,0,0,0,0,0
61637,2,1,1997,0,0,0,0,0,0,0,0,0,0
61638,1,1,1997,0,0,0,0,0,0,0,0,0,0
61638,2,1,1997,0,0,0,0,0,0,0,0,0,0
61638,3,1,1997,0,0,0,0,0,0,0,0,0,0
61639,1,1,1997,11,11,11,11,11,11,11,11,11,11
61640,1,1,1997,0,0,0,0,0,0,0,0,0,0
61641,0,1,1997,0,0,0,0,0,0,0,0,0,0
61641,1,1,1997,0,0,0,0,0,0,0,0,0,0
61642,1,1,1997,20,20,20,20,20,20,20,20,20,20
61643,0,1,1997,0,0,0,0,0,0,0,0,0,0
61643,1,1,1997,9,0,0,0,0,0,0,0,0,0
61644,0,1,1997,28,32,35,30,48,25,16,22,27,24
61644,1,1,1997,4,4,4,4,4,4,4,4,4,4
61645,0,1,1997,17,0,0,0,0,0,0,34,0,0
61645,1,1,1997,0,0,0,0,0,0,0,0,0,0
61646,1,1,1997,3,3,3,3,3,3,3,3,3,3
61647,1,1,1997,0,0,0,0,0,0,0,0,0,6
61648,1,1,1997,27,27,27,27,27,27,27,27,27,27
61649,1,1,1997,20,19,15,20,10,18,14,22,18,7
61650,1,1,1997,0,0,0,0,0,0,0,0,0,0
61651,1,1,1997,0,0,0,25,0,0,0,0,0,4
61652,1,1,1997,0,0,0,0,0,0,0,0,0,0
61653,1,1,1997,0,0,0,0,0,0,0,0,0,0
61654,1,1,1997,0,0,0,0,0,0,10,0,0,16
61655,1,1,1997,0,0,0,0,0,0,0,0,0,0
61656,1,1,1997,0,0,0,0,0,0,0,0,0,0
61657,1,1,1997,3,3,3,3,3,3,3,3,3,3
61658,1,1,1997,0,0,0,0,0,0,0,0,0,0
61659,1,1,1997,0,0,0,0,0,0,0,0,0,0
61660,1,1,1997,15,15,15,15,15,15,15,15,15,15
61661,1,1,1997,0,0,0,0,0,0,0,0,0,0
61662,1,1,1997,0,0,0,0,0,0,0,0,0,0
61663,1,1,1997,0,0,0,0,0,0,0,0,0,0
61664,1,1,1997,17,17,17,17,17,17,17,17,17,17
61665,1,1,1997,0,0,0,0,0,0,0,0,0,0
61666,1,1,1997,11,11,11,11,11,11,11,11,11,11
61667,1,1,1997,3,3,3,3,3,3,3,3,3,3
61668,1,1,1997,0,0,0,0,0,0,0,0,0,0
61669,0,1,1997,0,0,0,0,0,0,0,0,0,0
61669,1,1,1997,8,8,8,8,8,8,8,8,8,8
61670,1,1,1997,0,0,0,0,0,0,0,0,0,0
61671,1,1,1997,0,0,0,0,0,0,0,0,0,0
61672,1,1,1997,26,26,26,26,26,26,26,26,26,26
61673,0,1,1997,0,0,0,0,0,0,0,0,0,0
61673,1,1,1997,0,0,0,0,0,12,6,0,0,0
61674,0,1,1997,1,1,1,1,1,1,1,1,1,1
61674,1,1,1997,16,0,0,0,0,0,0,0,0,0
61675,1,1,1997,0,0,0,0,0,0,0,0,0,0
61675,2,1,1997,0,0,0,0,0,0,0,0,0,0
61675,3,1,1997,0,0,0,0,0,0,0,0,0,0
61676,1,1,1997,0,0,0,0,0,0,0,0,0,0
61677,1,1,1997,18,18,18,18,18,18,18,18,18,18
61678,1,1,1997,0,0,0,0,0,0,0,0,0,0
61679,1,1,1997,0,20,0,0,0,0,0,0,0,0
61680,1,1,1997,0,0,0,0,0,0,0,0,0,0
61681,1,1,1997,0,0,0,0,0,0,0,0,0,0
61682,1,1,1997,0,0,0,0,0,0,0,0,0,0
61683,1,1,1997,0,0,0,0,0,11,0,0,0,0
61684,1,1,1997,0,0,0,0,0,0,0,0,0,0
61685,1,1,1997,3,3,3,3,3,3,3,3,3,3
61686,1,1,1997,10,10,10,10,10,10,10,10,10,10
61687,1,1,1997,6,6,6,6,6,6,6,6,6,6
61688,1,1,1997,19,19,19,19,19,19,19,19,19,19
61689,1,1,1997,0,0,0,0,0,0,0,0,0,0
61690,1,1,1997,0,0,0,0,0,0,0,0,0,0
61691,1,1,1997,0,0,0,0,0,0,0,0,0,0
61692,1,1,1997,0,0,0,0,0,0,0,0,0,0
61693,1,1,1997,9,10,21,11,13,17,5,0,10,18
61694,1,1,1997,16,16,16,16,16,16,16,16,16,16
61695,1,1,1997,0,0,0,0,0,0,0,16,0,0
61696,1,1,1997,26,26,26,26,26,26,26,26,26,26
61697,1,1,1997,0,0,0,0,0,0,0,0,0,0
61698,1,1,1997,9,9,9,9,9,9,9,9,9,9
61699,1,1,1997,0,0,0,0,0,0,0,0,0,0
61700,1,1,1997,0,0,0,0,0,0,0,0,0,0
61701,1,1,1997,24,24,24,24,24,24,24,24,24,24
61702,1,1,1997,23,23,23,23,23,23,23,23,23,23
61703,1,1,1997,0,0,0,0,0,0,0,0,0,0
61703,2,1,1997,1,1,1,1,1,1,1,1,1,1
61704,1,1,1997,0,0,0,0,0,0,0,0,0,0
61705,1,1,1997,0,0,0,0,0,0,0,0,0,0
61705,2,1,1997,0,0,0,0,0,0,0,0,0,0
61706,0,1,1997,0,0,0,0,0,23,0,0,0,0
61706,1,1,1997,0,0,0,0,0,0,0,0,0,0
61707,1,1,1997,0,0,0,0,0,0,0,0,0,0
61708,1,1,1997,0,0,0,0,0,0,0,0,0,0
61708,2,1,1997,0,0,0,0,0,0,0,0,0,0
61709,1,1,1997,0,0,0,0,0,0,0,0,0,0
61710,1,1,1997,0,0,0,0,0,0,0,0,0,0
61711,1,1,1997,16,16,16,16,16,16,16,16,16,16
61712,1,1,1997,0,0,0,0,0,0,0,0,0,0
61713,1,1,1997,21,21,21,21,21,21,21,21,21,21
61714,1,1,1997,0,0,0,0,0,0,0,0,0,0
61715,1,1,1997,0,0,0,0,0,0,0,0,0,0
61716,1,1,1997,0,0,0,0,0,0,0,0,0,0
61717,0,1,1997,0,0,0,0,0,0,0,0,0,0
61717,1,1,1997,0,0,0,0,0,0,0,0,0,0
61718,0,1,1997,0,0,0,0,0,0,0,0,0,0
61718,1,1,1997,18,0,19,0,26,19,20,5,0,0
61719,0,1,1997,0,0,0,0,0,0,0,0,0,0
61719,1,1,1997,0,0,0,0,0,0,0,0,0,0
61720,1,1,1997,2,2,2,2,2,2,2,2,2,2
61721,1,1,1997,0,0,0,0,0,0,0,0,0,0
61722,0,1,1997,12,12,12,12,12,12,12,12,12,12
61722,1,1,1997,0,0,0,15,0,0,9,0,0,18
61723,1,1,1997,2,2,2,2,2,2,2,2,2,2
61724,0,1,1997,0,0,0,0,0,0,0,0,0,0
61724,1,1,1997,23,14,17,0,33,28,0,0,48,0
61725,0,1,1997,0,0,0,0,0,0,0,0,0,0
61725,1,1,1997,0,0,0,0,0,0,0,0,0,0
61726,1,1,1997,16,16,16,16,16,16,16,16,16,16
61727,1,1,1997,0,0,0,0,0,0,0,0,0,0
61728,1,1,1997,0,14,0,0,0,0,0,0,0,0
61729,0,1,1997,0,0,0,0,0,0,0,0,0,0
61729,1,1,1997,0,0,0,0,0,0,0,0,0,0
61730,1,1,1997,6,6,6,6,6,6,6,6,6,6
61731,1,1,1997,0,0,0,0,9,0,0,0,0,0
61732,1,1,1997,6,6,6,6,6,6,6,6,6,6
61733,1,1,1997,0,0,0,20,13,0,0,0,0,24
61733,2,1,1997,0,7,18,4,21,0,11,0,18,0
61734,1,1,1997,0,0,0,0,0,0,0,0,0,0
61735,0,1,1997,17,17,17,17,17,17,17,17,17,17
61735,1,1,1997,0,0,0,0,0,0,0,0,0,0
61736,1,1,1997,22,16,12,17,15,8,13,0,11,12
61737,1,1,1997,26,26,26,26,26,26,26,26,26,26
61738,1,1,1997,0,0,0,0,0,0,0,0,0,0
61739,0,1,1997,23,23,23,23,23,23,23,23,23,23
61739,1,1,1997,0,0,0,0,0,0,0,0,0,0
61740,0,1,1997,17,17,17,17,17,17,17,17,17,17
61740,1,1,1997,0,0,0,0,0,0,0,0,0,0
61741,1,1,1997,0,0,0,0,0,0,0,0,0,0
61742,1,1,1997,0,0,0,0,0,0,0,0,0,0
61743,1,1,1997,13,13,13,13,13,13,13,13,13,13
61744,1,1,1997,21,21,21,21,21,21,21,21,21,21
61745,1,1,1997,17,13,24,10,19,23,11,26,14,33
61746,0,1,1997,12,12,12,12,12,12,12,12,12,12
61746,1,1,1997,0,0,0,0,0,0,0,0,0,0
61747,1,1,1997,0,0,0,0,0,0,0,0,0,0
61747,2,1,1997,0,0,0,21,0,0,0,0,0,0
61747,3,1,1997,0,0,0,0,0,0,0,0,0,0
61747,4,1,1997,0,0,0,0,0,0,0,0,0,0
61748,1,1,1997,0,0,0,0,0,0,0,0,0,0
61748,2,1,1997,0,0,0,0,0,0,0,0,0,0
61749,0,1,1997,0,0,0,0,0,0,0,0,0,0
61749,1,1,1997,0,0,0,0,0,0,0,0,0,0
61750,1,1,1997,0,0,0,0,0,0,0,0,0,0
61750,2,1,1997,0,0,0,0,0,0,0,0,0,0
61751,1,1,1997,0,0,0,0,0,0,0,0,0,0
61751,2,1,1997,0,0,0,0,0,0,0,0,0,0
61752,1,1,1997,0,0,0,0,0,0,0,0,0,0
61752,2,1,1997,0,0,0,0,0,0,0,0,0,0
61753,1,1,1997,0,0,0,0,0,0,0,0,0,0
61753,2,1,1997,0,0,0,0,0,0,0,0,0,0
61754,1,1,1997,0,0,0,0,0,0,0,0,0,0
61754,2,1,1997,0,0,0,0,0,0,0,0,0,0
61755,1,1,1997,0,0,0,0,0,0,0,11,0,0
61755,2,1,1997,0,0,0,0,11,0,0,0,0,0
61756,1,1,1997,0,0,0,0,0,0,0,0,0,0
61756,2,1,1997,8,0,0,0,0,0,0,0,0,0
61757,1,1,1997,0,0,0,0,0,0,0,0,0,0
61757,2,1,1997,0,0,0,0,0,0,0,0,0,0
61757,3,1,1997,0,0,0,0,0,0,0,0,0,0
61757,4,1,1997,0,0,0,0,0,0,0,0,0,0
61757,5,1,1997,0,0,0,0,0,0,0,0,0,0
61757,6,1,1997,0,0,0,0,0,0,0,0,0,0
61758,1,1,1997,20,20,20,20,20,20,20,20,20,20
61759,1,1,1997,0,0,0,0,0,0,0,0,0,0
61759,2,1,1997,0,0,0,0,0,0,0,0,0,0
61760,1,1,1997,0,0,0,0,0,0,0,0,0,0
61761,1,1,1997,0,0,0,0,0,0,0,0,0,0
61762,0,1,1997,14,18,17,36,33,32,24,12,15,14
61762,1,1,1997,12,12,12,12,12,12,12,12,12,12
61763,1,1,1997,0,0,0,0,0,0,0,0,0,0
61764,1,1,1997,0,0,0,0,0,0,0,0,0,0
61764,2,1,1997,0,0,0,0,0,0,0,0,0,0
61765,1,1,1997,0,0,0,0,0,0,0,0,0,0
61765,2,1,1997,0,0,0,0,0,0,0,0,0,0
61766,1,1,1997,0,0,0,0,0,0,0,0,0,0
61767,0,1,1997,0,0,0,0,0,0,0,0,0,0
61767,1,1,1997,0,9,0,0,0,0,0,0,0,0
61768,0,1,1997,0,0,0,0,0,0,0,0,0,0
61768,1,1,1997,0,0,0,9,0,0,0,0,0,0
61769,0,1,1997,7,7,7,7,7,7,7,7,7,7
61769,0,2,1997,0,31,23,0,2,0,23,28,0,0
61769,1,1,1997,0,0,0,9,0,0,15,0,0,0
61770,0,1,1997,0,0,0,0,0,0,0,0,0,0
61770,1,1,1997,0,0,0,0,0,0,0,0,0,0
61771,0,1,1997,4,4,4,4,4,4,4,4,4,4
61771,1,1,1997,0,0,0,0,0,0,0,0,0,0
61772,1,1,1997,0,0,0,0,0,0,0,0,0,0
61772,2,1,1997,0,0,0,0,0,0,0,0,0,0
61773,1,1,1997,0,0,0,0,0,0,0,0,0,0
61773,2,1,1997,0,0,0,0,0,0,0,0,0,0
61774,1,1,1997,0,0,0,0,0,0,0,0,0,0
61775,1,1,1997,0,0,0,0,0,0,0,0,0,0
61775,2,1,1997,14,14,14,14,14,14,14,14,14,14
61776,0,1,1997,0,0,0,0,0,0,0,0,0,0
61776,1,1,1997,0,0,0,14,0,0,0,0,0,0
61777,0,1,1997,0,0,0,0,0,0,0,0,0,0
61777,1,1,1997,0,0,0,0,0,0,0,0,0,0
61778,0,1,1997,11,0,0,24,0,0,0,0,0,0
61778,1,1,1997,10,14,0,9,0,0,0,0,0,0
61779,1,1,1997,0,0,0,0,0,0,0,0,0,0
61780,0,1,1997,0,0,0,0,0,0,0,0,0,0
61780,1,1,1997,3,3,3,3,3,3,3,3,3,3
61781,1,1,1997,0,0,0,0,0,0,0,0,0,0
61782,1,1,1997,0,0,0,0,0,0,0,0,0,0
61783,0,1,1997,0,0,0,0,0,0,0,0,0,0
61783,1,1,1997,15,0,18,28,20,32,18,19,7,12
61784,1,1,1997,0,0,0,0,0,12,0,0,0,0
61785,1,1,1997,12,12,12,12,12,12,12,12,12,12
61786,0,1,1997,27,27,27,27,27,27,27,27,27,27
61786,1,1,1997,0,0,0,0,0,0,0,0,0,0
61787,0,1,1997,26,26,26,26,26,26,26,26,26,26
61787,1,1,1997,0,0,0,0,0,8,0,0,0,0
61788,1,1,1997,22,22,22,22,22,22,22,22,22,22
61789,1,1,1997,11,11,11,11,11,11,11,11,11,11
61790,1,1,1997,0,0,0,0,0,0,0,0,0,0
61791,0,1,1997,0,0,0,0,0,0,0,0,0,0
61791,1,1,1997,0,0,0,0,0,0,0,0,12,10
61792,1,1,1997,0,0,0,0,0,0,0,0,0,0
61793,1,1,1997,0,0,0,0,0,0,0,0,0,0
61794,1,1,1997,13,13,13,13,13,13,13,13,13,13
61795,1,1,1997,0,0,0,0,0,0,0,0,0,0
61796,1,1,1997,0,0,0,0,0,0,0,0,0,0
61797,1,1,1997,8,8,8,8,8,8,8,8,8,8
61798,1,1,1997,0,0,0,0,0,0,0,0,0,0
61799,1,1,1997,0,0,0,0,0,0,0,0,0,0
61799,2,1,1997,0,0,0,0,0,0,0,0,0,0
61800,1,1,1997,15,15,15,15,15,15,15,15,15,15
61800,2,1,1997,15,0,0,0,0,13,0,0,0,0
61801,0,1,1997,26,0,39,0,0,31,0,0,25,0
61801,1,1,1997,0,0,15,19,0,0,0,0,0,0
61802,1,1,1997,0,0,0,0,0,0,0,0,0,0
61803,1,1,1997,0,0,0,0,0,0,0,0,0,0
61804,1,1,1997,18,38,14,25,13,17,17,10,19,28
61805,1,1,1997,24,24,24,24,24,24,24,24,24,24
61806,1,1,1997,21,0,0,0,8,0,0,0,0,21
61806,2,1,1997,25,25,25,25,25,25,25,25,25,25
61807,0,1,1997,0,0,0,0,0,0,6,0,0,0
61807,0,2,1997,0,0,0,0,0,0,0,0,8,5
61807,1,1,1997,0,0,0,0,0,0,0,0,0,0
61808,1,1,1997,9,10,6,8,4,0,11,3,11,17
61809,1,1,1997,0,0,0,0,0,0,0,0,0,0
61809,2,1,1997,0,0,0,0,0,0,0,0,0,0
61810,1,1,1997,0,0,0,0,0,0,0,0,0,0
61810,2,1,1997,0,0,0,0,0,0,0,0,0,0
61811,1,1,1997,0,0,0,0,0,0,0,0,0,0
61811,2,1,1997,0,0,0,0,0,0,0,0,0,0
61811,3,1,1997,0,0,0,0,0,0,13,0,0,0