ST_CASE,VEH_NO,PER_NO,YEAR,P1,P2,P3,P4,P5,P6,P7,P8,P9,P10
61812,1,1,1997,0,0,0,0,0,0,0,0,0,0
61812,2,1,1997,0,0,0,0,0,0,0,0,0,0
61812,3,1,1997,0,0,0,0,0,0,0,0,0,0
61813,0,1,1997,19,19,19,19,19,19,19,19,19,19
61813,1,1,1997,0,0,0,0,0,0,0,0,0,0
61814,1,1,1997,0,0,0,0,0,0,0,0,0,0
61814,2,1,1997,0,0,0,0,0,0,0,0,0,0
61815,0,1,1997,11,0,0,0,0,0,26,0,0,0
61815,1,1,1997,0,0,0,0,0,0,0,0,0,0
61816,1,1,1997,0,0,0,0,0,0,0,0,0,0
61817,1,1,1997,25,25,25,25,25,25,25,25,25,25
61817,2,1,1997,12,0,0,0,13,0,9,0,0,21
61818,1,1,1997,13,13,13,13,13,13,13,13,13,13
61818,2,1,1997,0,0,0,0,0,0,0,0,0,0
61819,1,1,1997,0,0,0,0,0,0,0,0,0,0
61819,2,1,1997,0,0,0,0,0,0,0,0,0,0
61820,1,1,1997,25,25,25,25,25,25,25,25,25,25
61820,2,1,1997,0,0,0,0,0,0,0,0,0,0
61821,1,1,1997,35,35,35,35,35,35,35,35,35,35
61821,2,1,1997,0,0,0,0,0,0,0,0,0,0
61822,1,1,1997,0,0,0,0,0,0,0,0,0,0
61822,2,1,1997,0,0,0,0,0,0,0,0,0,0
61823,0,1,1997,14,0,56,0,16,10,0,23,0,0
61823,1,1,1997,12,12,12,12,12,12,12,12,12,12
61824,1,1,1997,0,0,0,0,0,0,0,0,0,0
61824,2,1,1997,0,0,0,0,0,0,0,0,0,0
61825,1,1,1997,23,23,23,23,23,23,23,23,23,23
61825,2,1,1997,0,0,0,0,0,0,0,0,0,0
61826,1,1,1997,0,0,0,0,0,0,0,0,0,0
61826,2,1,1997,0,0,0,0,0,0,0,0,0,0
61827,1,1,1997,0,0,0,0,0,0,0,0,0,0
61827,2,1,1997,0,0,0,0,0,0,0,0,0,0
61828,1,1,1997,0,0,0,0,0,0,0,0,0,0
61828,2,1,1997,0,0,0,0,0,0,0,0,0,0
61829,1,1,1997,0,0,0,0,0,0,0,0,0,0
61829,2,1,1997,0,0,0,0,0,0,0,0,0,0
61829,3,1,1997,0,0,0,0,0,0,0,0,0,0
61830,1,1,1997,0,0,0,0,0,0,0,0,0,0
61830,2,1,1997,0,0,0,0,0,0,0,0,0,0
61831,1,1,1997,23,23,23,23,23,23,23,23,23,23
61831,2,1,1997,0,0,0,0,0,0,0,0,0,0
61832,1,1,1997,12,12,12,12,12,12,12,12,12,12
61832,2,1,1997,0,0,0,0,26,0,0,0,18,0
61833,0,1,1997,0,0,0,0,21,0,18,31,0,0
61833,1,1,1997,0,0,0,0,0,0,0,0,0,0
61833,2,1,1997,0,0,0,0,0,0,0,0,0,0
61834,1,1,1997,2,2,2,2,2,2,2,2,2,2
61834,2,1,1997,0,0,0,0,0,0,0,0,0,0
61835,1,1,1997,0,0,0,0,0,0,0,0,0,0
61835,2,1,1997,0,0,0,0,0,0,0,0,0,0
61836,1,1,1997,22,22,22,22,22,22,22,22,22,22
61836,2,1,1997,0,0,12,0,0,10,0,4,0,0
61837,1,1,1997,0,0,0,0,0,0,0,0,0,0
61837,2,1,1997,0,0,0,0,0,0,0,0,0,0
61838,0,1,1997,0,0,0,0,0,0,0,0,0,0
61838,1,1,1997,0,0,0,0,0,7,0,0,0,0
61839,1,1,1997,0,0,0,0,0,0,11,0,0,0
61839,2,1,1997,0,0,0,0,0,0,0,0,0,0
61840,1,1,1997,0,0,0,0,0,0,0,0,0,0
61840,2,1,1997,0,0,0,0,0,0,0,5,0,0
61840,3,1,1997,0,0,0,0,0,0,0,0,0,0
61841,0,1,1997,0,0,0,0,0,0,0,0,0,5
61841,1,1,1997,5,5,5,5,5,5,5,5,5,5
61842,0,1,1997,2,2,2,2,2,2,2,2,2,2
61842,1,1,1997,0,0,0,0,0,0,0,0,0,0
61843,1,1,1997,0,0,0,0,0,0,0,0,0,0
61843,2,1,1997,0,0,0,0,0,0,0,0,0,0
61844,1,1,1997,12,12,12,12,12,12,12,12,12,12
61844,2,1,1997,0,0,0,0,0,0,0,0,0,0
61845,1,1,1997,0,0,0,0,0,0,0,0,0,0
61845,2,1,1997,0,0,0,0,0,0,0,0,0,0
61846,1,1,1997,18,18,18,18,18,18,18,18,18,18
61846,2,1,1997,0,0,0,0,0,0,0,0,0,0
61847,0,1,1997,0,0,0,0,0,0,0,0,0,0
61847,1,1,1997,0,0,0,0,0,0,0,0,0,0
61848,1,1,1997,0,0,0,0,0,0,0,0,0,0
61848,2,1,1997,0,0,0,0,0,0,0,0,0,0
61848,3,1,1997,0,0,0,0,0,0,0,0,0,0
61848,4,1,1997,0,0,0,0,0,0,0,11,0,0
61849,1,1,1997,0,0,0,0,0,0,0,22,0,0
61849,2,1,1997,18,0,0,0,0,0,0,0,0,0
61850,1,1,1997,0,0,0,0,0,0,0,0,0,0
61850,2,1,1997,0,0,0,0,0,0,0,0,0,0
61851,0,1,1997,0,0,0,0,0,0,0,0,0,0
61851,1,1,1997,0,0,0,0,0,0,0,0,0,0
61852,0,1,1997,0,0,2,0,0,0,0,0,3,19
61852,1,1,1997,0,0,0,0,0,0,0,0,0,0
61853,1,1,1997,0,0,0,0,0,0,0,0,0,0
61853,2,1,1997,0,0,0,0,0,0,0,0,0,0
61854,1,1,1997,0,0,0,0,0,0,0,0,0,0
61854,2,1,1997,18,0,0,0,0,0,0,0,0,0
61855,1,1,1997,9,9,9,9,9,9,9,9,9,9
61856,1,1,1997,0,0,0,0,0,0,0,0,0,0
61856,2,1,1997,0,0,0,0,0,0,0,18,0,0
61857,1,1,1997,0,0,0,0,0,0,0,0,0,0
61858,1,1,1997,18,9,18,39,0,0,13,18,17,19
61859,1,1,1997,0,0,0,0,0,0,0,0,0,0
61859,2,1,1997,0,0,0,0,0,0,0,0,0,0
61859,3,1,1997,0,0,0,0,0,0,0,0,0,0
61859,4,1,1997,0,0,0,0,0,0,0,0,0,0
61860,0,1,1997,0,0,0,0,0,0,0,0,0,0
61860,1,1,1997,20,20,20,20,20,20,20,20,20,20
61861,0,1,1997,0,0,0,0,0,0,0,0,0,0
61861,1,1,1997,16,16,16,16,16,16,16,16,16,16
61862,0,1,1997,0,0,0,0,0,0,0,0,0,0
61862,1,1,1997,24,0,16,0,0,14,0,0,0,19
61863,1,1,1997,0,0,0,0,0,0,0,0,0,0
61863,2,1,1997,0,0,0,0,0,0,0,0,0,0
61864,0,1,1997,22,0,13,21,17,0,43,9,0,11
61864,1,1,1997,0,0,0,0,0,0,0,0,0,0
61865,1,1,1997,0,0,0,0,0,0,0,0,0,0
61865,2,1,1997,0,0,0,0,0,0,0,0,0,0
61866,1,1,1997,0,0,0,0,0,0,0,0,0,0
61866,2,1,1997,0,0,0,0,0,0,0,0,0,0
61867,1,1,1997,0,0,0,0,0,0,0,0,0,0
61867,2,1,1997,0,0,0,0,0,0,0,0,0,0
61868,1,1,1997,0,0,0,0,0,0,0,0,0,0
61868,2,1,1997,0,0,0,0,0,0,0,0,0,0
61869,1,1,1997,19,19,19,19,19,19,19,19,19,19
61869,2,1,1997,0,0,0,0,0,0,0,0,0,0
61869,3,1,1997,0,0,0,0,0,0,0,0,0,0
61870,1,1,1997,0,0,0,0,0,0,0,0,0,0
61870,2,1,1997,0,0,0,15,0,0,0,0,0,0
61871,0,1,1997,15,15,39,18,0,0,0,0,26,34
61871,1,1,1997,12,0,0,0,6,0,0,0,0,0
61871,2,1,1997,0,0,0,0,0,10,0,0,0,0
61871,3,1,1997,0,0,0,0,0,0,0,0,11,0
61872,0,1,1997,0,0,0,0,0,32,0,0,0,0
61872,1,1,1997,0,0,0,0,0,0,0,0,0,0
61873,1,1,1997,0,0,0,0,0,0,0,0,0,0
61873,2,1,1997,0,0,0,0,0,0,0,0,0,0
61874,1,1,1997,0,0,0,0,0,0,0,0,0,0
61874,2,1,1997,0,0,0,0,0,0,0,0,0,0
61875,1,1,1997,0,0,0,0,0,0,0,0,0,0
61875,2,1,1997,0,0,0,0,0,0,0,0,0,0
61876,1,1,1997,0,0,0,0,0,0,0,0,0,0
61877,1,1,1997,0,0,0,0,0,0,0,0,0,0
61877,2,1,1997,0,0,0,0,0,0,0,0,0,0
61878,1,1,1997,0,0,0,0,0,0,0,0,0,0
61878,2,1,1997,0,0,0,0,0,0,0,0,0,0
61879,1,1,1997,0,0,0,0,0,0,0,0,0,0
61880,1,1,1997,0,0,0,0,0,0,0,0,0,0
61880,2,1,1997,23,23,23,23,23,23,23,23,23,23
61881,1,1,1997,0,0,0,0,0,0,0,0,0,0
61881,2,1,1997,0,0,0,0,0,0,0,0,0,0
61882,1,1,1997,0,0,0,0,0,0,0,0,0,0
61882,2,1,1997,0,0,0,0,0,0,0,0,0,0
61883,1,1,1997,0,0,0,0,0,0,0,0,0,0
61883,2,1,1997,0,0,0,0,0,0,0,0,0,0
61884,1,1,1997,0,0,0,0,23,0,0,0,0,0
61885,1,1,1997,0,0,0,0,0,0,0,0,0,0
61886,1,1,1997,21,21,21,21,21,21,21,21,21,21
61887,1,1,1997,11,11,11,11,11,11,11,11,11,11
61888,1,1,1997,0,0,0,0,0,0,0,0,0,0
61889,1,1,1997,0,0,0,0,0,0,0,0,0,0
61889,2,1,1997,0,0,0,0,0,0,0,0,0,0
61889,3,1,1997,0,0,0,0,0,0,0,0,0,0
61890,1,1,1997,13,13,13,13,13,13,13,13,13,13
61890,2,1,1997,0,0,0,0,0,0,0,0,0,0
61891,1,1,1997,0,0,0,0,0,0,0,0,0,0
61891,2,1,1997,0,0,0,0,0,0,0,0,0,0
61892,1,1,1997,0,0,0,0,0,0,0,0,0,0
61892,2,1,1997,0,0,0,0,0,0,0,0,0,0
61893,1,1,1997,0,0,0,0,0,0,0,0,0,0
61893,2,1,1997,0,0,0,0,0,0,0,0,0,0
61894,1,1,1997,0,0,0,0,0,0,19,0,0,0
61895,1,1,1997,10,10,10,10,10,10,10,10,10,10
61895,2,1,1997,0,0,0,0,0,0,0,0,0,0
61896,1,1,1997,0,0,0,0,0,0,0,0,0,0
61896,2,1,1997,0,0,0,0,0,0,0,0,0,0
61897,1,1,1997,0,0,0,0,0,0,0,0,0,0
61897,2,1,1997,0,0,0,24,14,0,0,0,0,23
61898,1,1,1997,0,0,0,0,0,0,0,0,0,0
61898,2,1,1997,0,0,0,0,0,0,0,0,0,0
61899,0,1,1997,0,0,0,0,0,0,0,0,0,0
61899,1,1,1997,0,0,0,0,0,0,0,0,0,0
61900,0,1,1997,0,14,0,0,0,0,0,0,0,0
61900,1,1,1997,0,3,0,0,0,0,0,0,0,0
61901,1,1,1997,0,0,0,0,0,0,0,4,0,15
61902,1,1,1997,27,27,27,27,27,27,27,27,27,27
61903,1,1,1997,0,0,0,0,0,0,0,0,0,0
61903,2,1,1997,0,0,0,0,0,0,0,0,0,0
61903,3,1,1997,0,0,0,0,0,0,0,0,0,0
61903,4,1,1997,0,0,0,0,0,0,0,0,0,0
61903,5,1,1997,0,0,0,0,0,0,0,0,0,0
61903,6,1,1997,0,19,0,0,0,0,0,0,0,0
61904,1,1,1997,11,11,11,11,11,11,11,11,11,11
61904,2,1,1997,0,0,0,21,0,0,15,0,0,0
61905,0,1,1997,0,0,0,0,0,0,0,0,0,0
61905,1,1,1997,0,0,0,0,0,0,0,0,0,0
61906,1,1,1997,0,0,0,0,0,0,0,0,0,0
61907,1,1,1997,22,22,22,22,22,22,22,22,22,22
61908,1,1,1997,0,0,0,0,0,0,16,8,0,0
61909,1,1,1997,0,0,0,0,3,0,0,0,0,0
61910,1,1,1997,11,11,11,11,11,11,11,11,11,11
61911,1,1,1997,0,0,0,0,0,0,0,0,0,0
61912,1,1,1997,21,21,21,21,21,21,21,21,21,21
61913,0,1,1997,0,0,0,0,0,0,0,0,0,0
61913,1,1,1997,0,0,0,0,0,0,0,0,0,0
61914,1,1,1997,0,12,28,12,0,0,0,0,23,23
61915,1,1,1997,25,25,25,25,25,25,25,25,25,25
61916,1,1,1997,0,0,0,0,0,0,0,0,0,0
61917,0,1,1997,12,12,12,12,12,12,12,12,12,12
61917,1,1,1997,0,0,0,0,0,13,0,9,0,0
61918,1,1,1997,0,0,14,0,0,0,0,0,0,0
61919,1,1,1997,0,0,0,0,0,0,0,0,0,0
61920,1,1,1997,0,0,0,0,0,0,0,0,0,0
61921,1,1,1997,17,17,17,17,17,17,17,17,17,17
61921,2,1,1997,0,0,0,0,0,0,0,0,0,0
61922,1,1,1997,0,0,0,0,0,0,0,0,0,0
61923,1,1,1997,0,0,0,0,0,0,0,0,0,0
61924,1,1,1997,8,8,8,8,8,8,8,8,8,8
61925,1,1,1997,0,0,0,0,0,0,0,0,0,0
61926,1,1,1997,28,28,28,28,28,28,28,28,28,28
61927,1,1,1997,0,0,0,0,0,0,0,0,0,0
61928,0,1,1997,0,0,0,0,0,0,0,0,0,0
61928,1,1,1997,0,0,0,0,0,0,0,0,0,0
61929,0,1,1997,33,33,33,33,33,33,33,33,33,33
61929,1,1,1997,14,0,0,0,0,0,0,0,0,0
61930,1,1,1997,0,0,0,0,0,0,0,0,0,0
61931,1,1,1997,18,0,15,11,15,18,12,13,17,0
61932,1,1,1997,0,0,0,0,0,0,0,0,0,0
61933,1,1,1997,0,0,0,0,0,0,0,0,0,0
61934,0,1,1997,0,0,0,0,0,0,0,0,0,0
61934,1,1,1997,0,0,0,13,0,16,0,0,0,0
61935,1,1,1997,0,0,0,0,0,0,0,0,0,0
61936,1,1,1997,0,0,0,0,0,0,0,0,0,0
61937,1,1,1997,0,0,0,0,0,0,0,0,0,0
61938,0,1,1997,0,0,0,0,0,0,0,0,0,0
61938,1,1,1997,0,0,0,0,0,0,0,0,0,0
61939,1,1,1997,14,14,14,14,14,14,14,14,14,14
61940,1,1,1997,6,16,18,29,19,9,15,0,15,17
61941,0,1,1997,0,0,0,0,0,0,0,0,0,0
61941,1,1,1997,0,0,0,0,0,0,0,0,9,0
61942,0,1,1997,0,0,0,0,0,0,0,0,0,0
61942,1,1,1997,0,0,0,0,0,0,0,0,0,0
61943,0,1,1997,20,20,20,20,20,20,20,20,20,20
61943,1,1,1997,0,0,0,0,0,0,0,0,0,0
61944,1,1,1997,0,0,0,0,0,0,0,0,0,0
61945,0,1,1997,0,0,0,0,0,0,0,0,0,0
61945,1,1,1997,0,0,0,0,0,7,12,0,0,0
61946,1,1,1997,0,0,0,0,0,0,0,0,0,0
61947,0,1,1997,0,0,0,0,0,0,0,0,0,0
61947,1,1,1997,0,0,0,0,0,0,0,0,0,0
61948,1,1,1997,26,26,26,26,26,26,26,26,26,26
61949,1,1,1997,0,0,0,0,0,0,0,0,0,0
61950,1,1,1997,10,10,10,10,10,10,10,10,10,10
61950,2,1,1997,6,6,6,6,6,6,6,6,6,6
61951,1,1,1997,0,0,0,0,0,0,0,0,0,0
61952,0,1,1997,13,31,42,12,9,46,27,7,23,20
61952,1,1,1997,0,0,0,0,0,0,0,0,0,0
61953,1,1,1997,0,0,0,0,0,0,0,0,0,0
61953,2,1,1997,0,0,0,0,0,0,0,0,0,0
61954,1,1,1997,20,0,18,8,0,13,0,18,14,10
61955,0,1,1997,0,0,0,0,0,0,0,0,0,0
61955,1,1,1997,0,0,0,0,0,0,0,0,0,0
61956,1,1,1997,20,20,20,20,20,20,20,20,20,20
61957,1,1,1997,15,15,15,15,15,15,15,15,15,15
61957,2,1,1997,0,0,0,0,0,0,0,0,0,0
61958,0,1,1997,19,19,19,19,19,19,19,19,19,19
61958,1,1,1997,0,0,0,0,0,0,0,9,0,0
61959,1,1,1997,0,0,0,0,0,0,0,0,0,0
61959,2,1,1997,0,0,0,0,0,0,0,0,0,0
61960,1,1,1997,0,0,0,0,0,0,0,0,0,0
61960,2,1,1997,0,0,0,0,0,0,0,0,0,0
61961,0,1,1997,0,0,0,0,0,0,0,0,0,0
61961,0,2,1997,0,0,0,0,0,0,0,0,0,0
61961,1,1,1997,0,0,0,0,0,0,0,0,0,0
61962,1,1,1997,0,0,0,0,0,0,0,0,0,0
61962,2,1,1997,0,0,0,0,0,0,0,0,0,0
61963,1,1,1997,0,0,0,0,0,0,0,0,0,0
61963,2,1,1997,0,0,0,0,0,0,0,0,0,0
61964,1,1,1997,0,0,0,0,0,0,0,0,21,0
61964,2,1,1997,0,0,0,0,0,0,0,0,0,0
61965,0,1,1997,10,10,10,10,10,10,10,10,10,10
61965,1,1,1997,0,0,0,0,0,0,0,19,0,24
61965,2,1,1997,0,0,0,0,0,0,0,0,0,0
61966,1,1,1997,0,0,0,0,0,0,0,0,0,0
61966,2,1,1997,0,0,0,0,0,0,0,0,0,0
61967,0,1,1997,0,0,0,0,0,0,0,0,0,0
61967,1,1,1997,0,0,0,0,0,0,0,0,0,0
61968,1,1,1997,0,0,0,0,0,0,0,0,0,0
61968,2,1,1997,0,0,0,0,0,0,0,0,0,0
61968,3,1,1997,0,13,0,0,0,0,0,0,0,0
61968,4,1,1997,0,0,0,0,0,0,0,0,0,0
61969,1,1,1997,12,12,12,12,12,12,12,12,12,12
61970,1,1,1997,0,0,0,0,17,0,0,0,0,0
61970,2,1,1997,0,0,0,0,0,0,0,0,0,0
61970,3,1,1997,0,0,0,0,0,0,0,0,0,0
61971,0,1,1997,0,0,0,0,0,0,0,0,0,0
61971,1,1,1997,0,7,3,20,1,5,0,0,18,22
61972,1,1,1997,0,0,0,0,0,0,0,0,0,0
61972,2,1,1997,0,0,0,0,0,0,0,0,0,0
61972,3,1,1997,0,0,0,0,0,0,0,0,0,0
61972,4,1,1997,0,0,0,0,0,0,0,0,0,0
61972,5,1,1997,0,0,0,0,0,0,0,0,0,0
61973,0,1,1997,0,0,0,0,0,0,0,0,0,0
61973,1,1,1997,0,0,0,0,7,0,0,0,0,0
61974,0,1,1997,18,0,0,0,10,11,0,0,0,0
61974,1,1,1997,0,0,0,0,0,0,0,0,0,0
61975,1,1,1997,0,0,0,0,0,0,0,0,0,0
61975,2,1,1997,0,0,0,0,0,0,0,0,0,0
61976,1,1,1997,0,0,0,0,0,0,0,0,0,0
61976,2,1,1997,0,0,0,0,0,0,0,0,0,0
61977,1,1,1997,0,0,0,0,0,6,0,0,18,0
61977,2,1,1997,0,0,0,0,0,0,0,0,0,0
61978,1,1,1997,0,0,0,0,0,0,0,0,0,0
61978,2,1,1997,0,0,0,0,0,0,3,0,0,0
61979,1,1,1997,0,0,0,0,0,0,0,0,0,0
61979,2,1,1997,0,0,0,0,0,0,0,0,0,0
61980,1,1,1997,0,0,0,0,0,0,0,0,0,0
61980,2,1,1997,0,0,0,0,0,0,0,0,0,0
61981,1,1,1997,0,0,0,0,0,0,3,0,0,0
61981,2,1,1997,0,0,0,0,0,0,0,0,0,0
61982,0,1,1997,0,0,0,0,0,0,0,0,0,0
61982,1,1,1997,0,0,0,0,0,0,0,0,0,0
61983,1,1,1997,14,14,14,14,14,14,14,14,14,14
61983,2,1,1997,10,0,0,0,0,0,0,0,0,0
61984,1,1,1997,8,8,8,8,8,8,8,8,8,8
61984,2,1,1997,0,0,0,0,0,0,0,0,0,7
61984,3,1,1997,0,0,0,0,0,0,0,0,0,0
61985,1,1,1997,0,13,12,0,0,22,0,0,9,0
61985,2,1,1997,0,0,0,0,0,0,0,0,0,0
61986,1,1,1997,0,0,0,0,0,0,0,0,0,0
61987,1,1,1997,0,0,0,0,0,0,0,0,0,0
61987,2,1,1997,0,0,0,0,0,0,0,9,0,0
61988,1,1,1997,0,0,0,0,0,0,0,0,0,0
61988,2,1,1997,0,0,0,0,0,0,0,0,0,0
61989,1,1,1997,10,11,18,11,31,12,7,0,12,0
61989,2,1,1997,0,0,0,0,0,0,0,0,0,0
61990,1,1,1997,0,0,0,0,0,0,0,0,0,0
61990,2,1,1997,23,0,11,20,12,2,10,0,28,14
61991,0,1,1997,0,0,0,0,0,0,0,0,0,0
61991,1,1,1997,0,0,0,0,0,0,0,0,0,0
61992,1,1,1997,0,0,0,0,0,0,0,0,0,0
61992,2,1,1997,0,0,0,0,0,0,0,0,0,0
61993,1,1,1997,0,0,0,0,0,0,0,0,0,0
61993,2,1,1997,6,0,0,0,0,0,0,0,0,0
61994,0,1,1997,0,0,0,0,0,0,0,0,0,0
61994,0,2,1997,0,0,0,0,0,0,0,0,0,0
61994,1,1,1997,0,0,0,0,0,0,0,0,0,0
61995,1,1,1997,0,0,0,0,0,0,0,0,0,0
61995,2,1,1997,0,0,0,0,0,0,0,0,0,0
61996,0,1,1997,0,0,0,0,0,0,0,0,0,0
61996,1,1,1997,0,0,0,0,0,0,0,0,0,0
61997,1,1,1997,0,0,0,0,0,0,0,0,0,0
61997,2,1,1997,0,0,0,0,0,0,0,0,0,0
61998,0,1,1997,0,0,0,0,0,0,0,0,0,0
61998,1,1,1997,0,0,0,0,0,0,0,0,0,0
61999,0,1,1997,16,16,16,16,16,16,16,16,16,16
61999,1,1,1997,0,0,0,0,0,0,0,0,0,0
62000,1,1,1997,0,0,0,0,0,0,0,0,0,0
62000,2,1,1997,0,0,0,0,0,0,0,0,0,0
62001,1,1,1997,0,0,0,0,0,0,0,0,0,0
62002,1,1,1997,20,20,20,20,20,20,20,20,20,20
62002,2,1,1997,0,0,0,0,0,0,0,0,0,4
62003,0,1,1997,0,0,0,0,0,0,0,0,0,0
62003,1,1,1997,0,0,0,0,0,0,0,0,0,0
62003,2,1,1997,0,22,0,0,0,7,0,17,0,0
62004,1,1,1997,0,0,0,0,0,0,0,0,0,0
62004,2,1,1997,0,0,6,0,8,0,0,0,0,0
62005,1,1,1997,6,6,6,6,6,6,6,6,6,6
62005,2,1,1997,0,0,0,0,0,0,0,0,0,0
62006,1,1,1997,12,12,12,12,12,12,12,12,12,12
62007,1,1,1997,20,20,20,20,20,20,20,20,20,20
62007,2,1,1997,0,0,0,0,0,0,0,0,0,0
62008,1,1,1997,0,10,0,0,0,0,0,0,12,0
62009,1,1,1997,0,0,0,0,0,0,0,0,0,0
62010,1,1,1997,0,0,0,0,0,0,0,0,0,0
62010,2,1,1997,0,0,0,0,0,0,0,0,0,0
62011,1,1,1997,27,27,27,27,27,27,27,27,27,27
62011,2,1,1997,0,0,0,0,0,0,0,0,0,0
62012,1,1,1997,0,0,0,0,0,0,0,0,0,0
62012,2,1,1997,0,0,0,0,0,0,0,0,0,0
62013,1,1,1997,5,5,5,5,5,5,5,5,5,5
62014,1,1,1997,20,20,20,20,20,20,20,20,20,20
62015,1,1,1997,0,0,0,0,0,0,0,0,0,0
62015,2,1,1997,3,3,3,3,3,3,3,3,3,3
62016,1,1,1997,0,0,0,0,0,0,0,0,0,0
62016,2,1,1997,0,0,0,0,0,0,0,0,0,0
62017,1,1,1997,0,0,0,0,0,0,0,0,0,0
62017,2,1,1997,0,0,0,0,0,0,0,0,0,0
62018,0,1,1997,0,0,0,0,0,0,0,0,0,0
62018,0,2,1997,0,0,0,0,0,0,0,0,0,0
62018,0,3,1997,0,0,0,0,0,0,0,0,0,0
62018,1,1,1997,0,0,0,0,0,0,0,0,0,0
62019,1,1,1997,19,19,19,19,19,19,19,19,19,19
62019,2,1,1997,0,0,0,0,0,0,0,0,0,0
62020,1,1,1997,0,0,0,0,0,0,0,0,0,0
62020,2,1,1997,0,0,0,0,0,0,0,0,0,0
62021,1,1,1997,0,0,0,0,0,0,0,0,0,0
62021,2,1,1997,5,5,5,5,5,5,5,5,5,5
62022,1,1,1997,0,0,0,0,0,0,0,0,0,0
62022,2,1,1997,0,0,0,0,0,0,0,0,0,0
62023,1,1,1997,0,0,0,0,0,0,0,0,0,0
62023,2,1,1997,0,0,0,0,0,0,0,0,0,0
62024,1,1,1997,0,0,0,0,0,0,0,0,0,0
62024,2,1,1997,14,14,14,14,14,14,14,14,14,14
62025,0,1,1997,0,0,0,0,0,0,0,0,0,0
62025,1,1,1997,0,0,0,0,0,0,0,0,0,0
62026,1,1,1997,0,0,0,0,0,0,0,0,0,0
62026,3,1,1997,0,0,0,0,0,0,0,0,0,0
62026,4,1,1997,0,0,0,0,0,0,0,0,0,0
62026,5,1,1997,0,0,9,0,0,0,0,0,0,0
62027,0,1,1997,0,0,0,0,0,0,0,0,0,0
62027,0,2,1997,0,0,0,0,0,0,0,0,0,0
62027,1,1,1997,0,0,0,0,0,0,0,0,0,0
62028,1,1,1997,16,16,16,16,16,16,16,16,16,16
62029,0,1,1997,0,0,0,0,0,0,0,0,0,0
62029,1,1,1997,0,0,0,0,0,0,0,0,0,0
62030,1,1,1997,0,0,0,0,0,0,0,0,0,0
62030,2,1,1997,0,0,0,0,0,0,0,0,0,0
62031,1,1,1997,0,0,0,0,0,0,0,0,0,0
62032,0,1,1997,0,0,0,0,0,0,0,0,0,0
62032,0,2,1997,0,0,0,20,8,0,0,0,0,0
62032,0,3,1997,8,0,0,0,0,0,0,0,0,0
62032,2,1,1997,0,0,0,0,0,0,0,0,0,0
62032,3,1,1997,0,0,0,0,21,0,0,0,0,0
62033,1,1,1997,11,11,11,11,11,11,11,11,11,11
62033,2,1,1997,0,0,0,0,0,0,0,0,0,0
62033,3,1,1997,0,0,0,0,0,0,0,19,0,0
62033,4,1,1997,0,0,0,0,0,0,0,0,0,0
62033,5,1,1997,0,0,0,0,0,0,0,26,0,0
62033,6,1,1997,0,17,0,0,0,0,15,17,0,19
62034,1,1,1997,0,0,0,0,0,0,0,0,0,0
62034,2,1,1997,0,0,0,0,0,0,0,0,0,0
62035,1,1,1997,0,0,0,0,0,0,0,0,0,0
62035,2,1,1997,0,0,0,0,0,0,0,0,0,0
62035,3,1,1997,0,0,0,0,0,0,0,0,0,0
62036,1,1,1997,27,27,27,27,27,27,27,27,27,27
62036,2,1,1997,0,0,0,0,0,0,0,0,0,0
62037,1,1,1997,12,12,12,12,12,12,12,12,12,12
62037,2,1,1997,0,0,0,14,0,0,19,0,0,0
62038,0,1,1997,0,0,0,0,0,0,0,0,0,0
62038,1,1,1997,0,0,0,0,0,0,0,0,0,0
62039,1,1,1997,0,0,0,0,0,0,0,0,0,0
62039,2,1,1997,8,8,8,8,8,8,8,8,8,8
62040,1,1,1997,0,0,0,0,0,0,0,0,0,0
62040,2,1,1997,0,0,0,0,0,0,0,0,0,0
62041,1,1,1997,21,21,21,21,21,21,21,21,21,21
62043,0,1,1997,0,0,0,0,0,0,0,0,0,0
62043,1,1,1997,6,6,6,6,6,6,6,6,6,6
62044,1,1,1997,0,23,0,0,0,22,10,0,0,21
62045,0,1,1997,25,25,25,25,25,25,25,25,25,25
62045,1,1,1997,0,0,0,0,13,0,0,0,0,0
62046,1,1,1997,0,0,0,0,0,0,0,0,0,0
62047,1,1,1997,9,9,9,9,9,9,9,9,9,9
62048,1,1,1997,0,0,0,0,0,0,0,0,0,0
62049,0,1,1997,15,15,15,15,15,15,15,15,15,15