ST_CASE,VEH_NO,PER_NO,YEAR,P1,P2,P3,P4,P5,P6,P7,P8,P9,P10
62049,1,1,1997,0,0,0,0,0,0,0,0,0,0
62050,0,1,1997,0,0,0,0,0,0,0,0,0,0
62050,1,1,1997,0,0,0,0,0,0,0,0,0,0
62051,0,1,1997,0,0,0,0,0,0,0,0,0,0
62051,1,1,1997,0,0,0,0,0,0,0,0,0,0
62052,1,1,1997,0,0,0,0,0,0,0,0,0,0
62053,0,1,1997,21,21,21,21,21,21,21,21,21,21
62053,1,1,1997,0,0,9,20,0,0,0,0,0,0
62054,1,1,1997,28,28,28,28,28,28,28,28,28,28
62055,1,1,1997,22,22,22,22,22,22,22,22,22,22
62055,2,1,1997,0,0,0,0,0,0,0,0,0,0
62056,1,1,1997,0,0,0,0,0,0,0,0,0,0
62056,2,1,1997,0,0,0,0,0,0,0,0,0,0
62057,1,1,1997,0,0,0,0,0,0,0,0,0,0
62057,2,1,1997,0,0,0,0,0,0,0,0,0,0
62058,1,1,1997,0,0,0,0,0,0,0,0,0,0
62059,1,1,1997,0,0,0,0,0,0,0,0,0,0
62059,2,1,1997,0,0,0,0,0,0,0,0,0,0
62060,1,1,1997,0,0,0,0,0,0,0,0,0,0
62061,0,1,1997,0,0,0,0,0,0,0,0,0,0
62061,1,1,1997,0,0,0,0,0,0,0,0,0,0
62062,1,1,1997,0,18,0,25,0,4,0,13,0,0
62062,2,1,1997,0,0,0,0,12,0,0,0,0,0
62063,0,1,1997,0,0,0,0,0,0,0,0,0,0
62063,1,1,1997,0,0,0,0,0,0,0,0,0,0
62064,0,1,1997,6,6,6,6,6,6,6,6,6,6
62064,1,1,1997,0,0,0,0,0,0,0,0,0,0
62065,0,1,1997,0,0,0,0,0,0,0,0,0,0
62065,1,1,1997,0,0,0,0,0,0,0,0,0,0
62066,1,1,1997,0,0,0,0,0,0,0,0,0,0
62066,2,1,1997,0,0,0,0,0,0,0,0,0,0
62067,1,1,1997,0,0,0,0,0,0,0,0,0,0
62067,2,1,1997,0,0,0,0,0,0,0,0,0,0
62068,0,1,1997,0,0,0,0,0,0,0,0,0,0
62068,1,1,1997,0,0,0,0,0,0,0,0,0,0
62069,1,1,1997,0,0,0,0,0,0,0,0,0,0
62070,1,1,1997,20,20,20,20,20,20,20,20,20,20
62070,2,1,1997,0,0,0,0,0,0,0,0,0,0
62070,3,1,1997,0,0,0,0,0,0,0,0,0,0
62071,1,1,1997,0,0,0,0,0,0,0,0,0,0
62071,2,1,1997,0,0,0,0,0,0,0,0,0,0
62072,0,1,1997,21,21,21,21,21,21,21,21,21,21
62072,1,1,1997,0,0,0,0,0,0,0,0,0,0
62073,1,1,1997,15,15,15,15,15,15,15,15,15,15
62074,1,1,1997,5,5,5,5,5,5,5,5,5,5
62075,1,1,1997,0,0,0,0,0,0,0,0,0,0
62075,2,1,1997,0,0,0,0,0,0,0,0,0,0
62076,1,1,1997,11,11,11,11,11,11,11,11,11,11
62077,0,1,1997,35,35,35,35,35,35,35,35,35,35
62077,1,1,1997,0,0,0,0,0,0,0,0,0,0
62078,0,1,1997,25,25,25,25,25,25,25,25,25,25
62078,1,1,1997,0,0,0,0,0,0,0,0,0,0
62079,1,1,1997,4,4,4,4,4,4,4,4,4,4
62080,1,1,1997,0,0,0,0,0,0,0,0,0,0
62081,1,1,1997,0,0,0,0,0,0,0,0,0,0
62082,1,1,1997,0,0,0,0,0,0,0,0,0,0
62083,1,1,1997,0,0,0,0,0,0,0,0,0,0
62084,0,1,1997,0,0,0,0,0,0,0,0,0,0
62084,1,1,1997,0,0,0,0,0,0,0,0,0,0
62085,1,1,1997,29,29,29,29,29,29,29,29,29,29
62086,1,1,1997,33,33,33,33,33,33,33,33,33,33
62087,1,1,1997,0,0,0,0,0,0,0,0,0,0
62088,0,1,1997,0,0,0,0,0,0,0,0,0,0
62088,1,1,1997,0,0,0,0,0,0,0,0,0,0
62089,0,1,1997,0,0,0,0,0,0,0,0,0,0
62089,1,1,1997,0,0,0,0,0,0,0,0,0,0
62090,0,1,1997,0,0,0,0,0,0,0,0,0,0
62090,1,1,1997,33,33,33,33,33,33,33,33,33,33
62091,1,1,1997,0,0,0,0,0,0,0,0,0,0
62092,0,1,1997,36,36,36,36,36,36,36,36,36,36
62092,1,1,1997,14,14,14,14,14,14,14,14,14,14
62093,1,1,1997,7,7,7,7,7,7,7,7,7,7
62095,1,1,1997,0,0,0,0,0,0,0,16,0,0
62096,0,1,1997,0,0,0,0,0,0,0,0,0,0
62096,1,1,1997,0,0,0,0,0,0,0,0,27,0
62097,1,1,1997,28,28,28,28,28,28,28,28,28,28
62098,1,1,1997,0,0,0,0,0,0,0,0,0,0
62099,0,1,1997,0,0,0,0,0,0,0,0,0,0
62099,1,1,1997,0,0,0,0,0,0,0,0,0,0
62100,1,1,1997,0,0,0,0,0,0,0,0,0,0
62101,1,1,1997,13,13,13,13,13,13,13,13,13,13
62102,1,1,1997,0,0,0,0,0,0,0,0,0,0
62103,1,1,1997,0,0,0,0,0,0,0,0,0,0
62104,1,1,1997,0,29,20,0,0,0,0,0,0,0
62105,1,1,1997,0,0,0,0,0,0,0,0,0,0
62106,1,1,1997,0,0,0,0,0,0,0,0,0,7
62107,0,1,1997,29,29,29,29,29,29,29,29,29,29
62107,1,1,1997,0,0,0,0,0,0,16,0,0,4
62108,1,1,1997,16,16,16,16,16,16,16,16,16,16
62109,1,1,1997,15,15,15,15,15,15,15,15,15,15
62109,2,1,1997,13,13,13,13,13,13,13,13,13,13
62110,1,1,1997,0,0,0,0,0,0,0,0,0,0
62110,2,1,1997,0,0,0,0,0,0,0,0,0,0
62111,1,1,1997,0,0,0,0,0,0,0,0,0,0
62112,1,1,1997,0,0,0,0,0,0,0,0,0,0
62112,2,1,1997,0,0,0,0,0,0,0,0,0,0
62113,1,1,1997,19,19,19,19,19,19,19,19,19,19
62113,2,1,1997,0,0,0,0,0,0,0,0,0,0
62114,0,1,1997,0,0,0,0,0,0,0,0,0,0
62114,1,1,1997,0,0,0,0,0,0,0,0,0,0
62115,0,1,1997,33,33,33,33,33,33,33,33,33,33
62115,1,1,1997,0,0,0,0,0,0,0,0,0,0
62116,1,1,1997,0,0,0,0,0,0,0,0,0,0
62116,2,1,1997,0,0,0,0,0,0,0,0,0,0
62117,1,1,1997,0,0,0,0,0,0,0,0,0,0
62117,2,1,1997,0,0,0,0,0,0,0,0,0,0
62117,3,1,1997,0,0,0,0,0,0,0,0,0,7
62118,1,1,1997,20,20,20,20,20,20,20,20,20,20
62118,2,1,1997,0,0,0,0,0,0,0,0,0,0
62119,0,1,1997,0,0,0,0,0,0,0,0,0,0
62119,1,1,1997,0,0,0,0,0,0,0,0,0,0
62120,1,1,1997,0,0,0,0,0,0,0,0,0,0
62120,2,1,1997,4,4,4,4,4,4,4,4,4,4
62121,1,1,1997,12,12,12,12,12,12,12,12,12,12
62121,2,1,1997,0,0,0,0,0,0,0,0,0,0
62122,0,1,1997,6,6,6,6,6,6,6,6,6,6
62122,1,1,1997,0,0,0,0,0,0,0,0,0,0
62123,0,1,1997,0,0,0,0,0,0,0,0,0,0
62123,1,1,1997,13,0,0,0,0,0,0,0,0,0
62124,1,1,1997,0,0,0,0,0,0,0,0,0,0
62124,2,1,1997,0,0,0,0,0,0,0,0,0,0
62125,1,1,1997,0,0,0,0,0,0,0,0,0,0
62125,2,1,1997,0,0,0,0,0,0,0,0,0,0
62126,1,1,1997,0,0,0,0,0,0,0,0,0,0
62126,2,1,1997,0,0,0,0,0,0,0,0,0,0
62127,0,1,1997,23,23,23,23,23,23,23,23,23,23
62127,1,1,1997,0,0,0,0,0,0,0,0,0,0
62128,1,1,1997,0,0,0,0,0,0,0,0,0,0
62129,0,1,1997,0,0,0,0,0,0,0,0,0,0
62129,1,1,1997,0,0,0,0,0,0,0,0,0,0
62130,1,1,1997,10,10,10,10,10,10,10,10,10,10
62131,1,1,1997,0,0,0,0,0,0,0,0,0,0
62131,2,1,1997,0,0,0,0,0,0,0,0,0,0
62132,1,1,1997,0,0,0,0,0,0,0,0,0,0
62133,1,1,1997,0,0,0,0,0,0,0,0,0,0
62133,2,1,1997,0,0,0,0,0,0,0,0,0,0
62134,1,1,1997,0,0,0,0,0,0,0,0,0,0
62134,2,1,1997,0,0,0,0,0,0,0,0,0,0
62135,1,1,1997,0,0,0,0,0,0,0,0,0,0
62135,2,1,1997,1,1,1,1,1,1,1,1,1,1
62136,1,1,1997,0,0,0,0,0,0,0,0,0,0
62136,2,1,1997,0,0,0,0,0,0,0,0,0,0
62137,0,1,1997,0,0,0,0,0,0,0,0,0,0
62137,1,1,1997,0,0,0,0,0,0,0,0,0,4
62138,1,1,1997,0,0,0,0,0,0,0,0,0,0
62138,2,1,1997,0,0,0,0,0,0,0,0,0,0
62139,1,1,1997,38,38,38,38,38,38,38,38,38,38
62140,1,1,1997,15,15,15,15,15,15,15,15,15,15
62141,1,1,1997,0,0,0,0,0,0,0,0,0,0
62141,2,1,1997,0,0,0,0,0,0,0,0,0,0
62141,3,1,1997,0,0,0,0,0,0,0,0,0,0
62142,1,1,1997,0,0,0,0,0,0,0,0,0,0
62142,2,1,1997,0,0,0,0,0,0,0,0,0,0
62143,0,1,1997,0,0,0,0,0,0,0,0,0,0
62143,1,1,1997,0,0,0,0,0,0,0,0,0,0
62144,1,1,1997,16,16,16,16,16,16,16,16,16,16
62145,0,1,1997,15,19,15,19,26,13,10,14,22,30
62145,1,1,1997,0,0,0,0,0,0,0,0,0,0
62146,1,1,1997,0,0,0,0,0,0,0,0,0,0
62146,2,1,1997,0,0,0,0,0,0,0,0,0,21
62146,3,1,1997,0,0,20,0,0,1,0,0,0,0
62147,1,1,1997,26,26,26,26,26,26,26,26,26,26
62147,2,1,1997,0,0,0,0,0,0,0,0,0,0
62148,1,1,1997,0,0,0,0,0,0,0,0,0,0
62148,2,1,1997,0,0,0,0,0,0,0,0,0,0
62149,1,1,1997,0,0,0,0,0,0,0,0,0,0
62149,2,1,1997,0,0,0,0,0,0,0,0,0,0
62149,3,1,1997,0,0,0,0,4,0,0,0,0,0
62150,1,1,1997,0,0,0,0,0,0,0,0,0,0
62150,2,1,1997,0,0,0,0,0,0,0,0,0,0
62151,0,1,1997,21,12,16,0,0,0,0,13,0,17
62151,1,1,1997,0,0,0,0,0,0,0,0,0,0
62152,1,1,1997,0,0,0,0,0,0,0,0,0,0
62152,2,1,1997,0,0,0,0,0,0,0,0,0,0
62152,3,1,1997,0,0,0,0,0,0,0,0,0,0
62153,1,1,1997,22,22,22,22,22,22,22,22,22,22
62154,0,1,1997,0,0,7,0,0,0,0,0,0,0
62154,1,1,1997,0,0,0,0,0,0,0,0,0,0
62155,0,1,1997,0,0,0,0,0,0,0,0,0,0
62155,1,1,1997,0,18,0,29,11,0,0,0,12,0
62156,0,1,1997,9,9,9,9,9,9,9,9,9,9
62156,1,1,1997,0,0,0,0,0,0,0,0,0,0
62157,1,1,1997,20,20,20,20,20,20,20,20,20,20
62157,2,1,1997,11,0,18,0,0,0,0,0,0,0
62158,1,1,1997,0,0,0,0,0,21,13,0,0,0
62158,2,1,1997,0,0,0,13,0,0,0,0,0,0
62159,1,1,1997,0,0,0,0,0,0,0,0,0,0
62160,1,1,1997,18,0,0,0,16,0,0,0,0,0
62160,2,1,1997,0,0,0,0,0,0,0,0,0,0
62161,0,1,1997,0,0,0,0,0,0,0,0,0,0
62161,1,1,1997,0,0,0,0,0,0,0,0,0,0
62162,1,1,1997,12,12,12,12,12,12,12,12,12,12
62163,0,1,1997,0,0,0,0,0,0,0,0,0,0
62163,1,1,1997,2,4,0,24,0,0,0,0,0,0
62164,1,1,1997,49,49,49,49,49,49,49,49,49,49
62165,1,1,1997,0,0,0,0,0,0,0,0,0,0
62166,1,1,1997,30,30,30,30,30,30,30,30,30,30
62166,2,1,1997,1,1,1,1,1,1,1,1,1,1
62167,1,1,1997,0,0,0,0,0,0,0,0,0,0
62168,1,1,1997,8,7,22,7,4,14,4,6,14,16
62168,2,1,1997,0,0,0,0,0,0,0,0,0,0
62168,3,1,1997,0,0,0,0,0,0,0,0,0,0
62169,1,1,1997,0,0,0,0,0,0,0,0,0,0
62169,2,1,1997,0,0,0,0,0,0,0,0,0,0
62170,0,1,1997,0,0,0,0,0,0,0,0,0,0
62170,1,1,1997,0,0,0,0,0,0,0,0,0,0
62171,2,1,1997,0,0,0,0,0,0,0,0,0,0
62172,1,1,1997,22,22,22,22,22,22,22,22,22,22
62172,2,1,1997,0,0,0,0,0,0,0,0,0,0
62173,1,1,1997,0,0,0,0,0,0,0,0,0,0
62173,2,1,1997,0,0,0,0,0,0,0,0,0,0
62174,1,1,1997,0,0,0,0,0,0,0,0,0,0
62174,2,1,1997,0,0,0,0,0,0,0,0,0,0
62175,1,1,1997,0,0,0,11,0,0,0,0,0,0
62175,2,1,1997,0,21,0,0,0,0,0,18,8,16
62176,0,1,1997,0,0,0,0,0,0,0,0,0,0
62176,1,1,1997,0,0,0,0,0,0,0,0,0,0
62177,1,1,1997,15,15,15,15,15,15,15,15,15,15
62177,2,1,1997,0,0,0,0,0,0,0,0,0,0
62178,0,1,1997,0,0,0,0,25,0,0,8,0,0
62178,1,1,1997,0,0,0,0,0,0,20,0,0,0
62179,1,1,1997,0,13,30,27,17,0,0,0,28,0
62180,1,1,1997,0,0,0,0,0,0,0,0,0,0
62180,2,1,1997,0,0,0,0,0,0,0,0,0,0
62181,1,1,1997,0,0,0,0,0,0,0,0,22,0
62182,1,1,1997,9,9,9,9,9,9,9,9,9,9
62183,0,1,1997,0,0,0,0,0,0,0,0,0,0
62183,1,1,1997,0,0,0,0,0,0,0,0,0,0
62184,0,1,1997,0,0,0,0,0,0,0,0,0,0
62184,1,1,1997,0,0,0,0,0,0,0,0,0,0
62185,0,1,1997,0,0,0,0,16,0,0,0,0,0
62185,1,1,1997,0,0,0,0,0,0,0,0,3,0
62186,1,1,1997,0,0,0,0,0,0,0,0,0,0
62187,1,1,1997,0,0,0,0,0,0,0,0,0,0
62187,2,1,1997,0,0,0,0,0,0,0,0,0,0
62188,1,1,1997,0,0,0,0,0,0,0,0,0,0
62189,1,1,1997,0,0,0,0,0,0,0,0,0,0
62189,2,1,1997,0,0,0,0,0,0,0,0,0,0
62190,1,1,1997,0,0,0,0,0,0,0,0,0,0
62190,2,1,1997,0,0,0,0,0,0,0,0,0,0
62191,1,1,1997,0,0,0,0,0,0,0,0,0,0
62191,2,1,1997,0,0,0,0,0,0,0,0,0,0
62192,0,1,1997,0,0,0,0,0,0,0,0,0,0
62192,1,1,1997,0,0,0,0,0,0,0,0,0,0
62192,2,1,1997,0,0,0,0,0,0,0,0,0,0
62193,0,1,1997,32,32,32,32,32,32,32,32,32,32
62193,1,1,1997,0,0,0,0,0,0,0,0,0,0
62194,1,1,1997,0,0,0,0,0,0,0,0,0,0
62194,2,1,1997,0,0,0,0,0,0,0,0,0,0
62195,1,1,1997,0,0,0,0,0,0,0,0,0,0
62195,2,1,1997,0,0,0,0,0,0,0,0,0,0
62196,1,1,1997,0,0,0,0,0,0,0,0,0,0
62196,2,1,1997,0,0,0,0,0,0,0,0,0,0
62197,1,1,1997,11,0,0,25,0,0,0,24,0,21
62198,0,1,1997,0,0,0,0,0,0,0,0,0,0
62198,1,1,1997,0,0,0,0,0,0,0,0,0,0
62199,0,1,1997,18,0,0,36,0,0,0,0,0,38
62199,0,2,1997,0,12,0,0,16,0,0,20,25,0
62199,1,1,1997,0,0,0,0,0,0,9,0,0,0
62200,1,1,1997,0,0,0,0,0,0,0,0,0,0
62200,2,1,1997,0,0,0,0,0,0,0,0,0,0
62201,1,1,1997,9,0,0,0,0,0,0,0,0,0
62202,1,1,1997,0,0,0,0,0,0,0,0,0,0
62203,1,1,1997,2,2,2,2,2,2,2,2,2,2
62203,2,1,1997,0,0,0,0,0,0,0,0,0,0
62204,1,1,1997,0,0,0,0,0,0,0,0,0,0
62205,1,1,1997,0,0,0,0,0,0,0,0,0,0
62205,2,1,1997,0,0,0,0,0,0,0,0,0,0
62206,1,1,1997,0,0,0,0,0,0,0,0,0,0
62206,2,1,1997,0,0,0,0,0,0,0,0,0,0
62207,0,1,1997,25,25,25,25,25,25,25,25,25,25
62207,1,1,1997,3,3,3,3,3,3,3,3,3,3
62207,2,1,1997,0,0,0,0,0,0,0,0,0,0
62208,1,1,1997,0,0,0,0,0,0,0,0,0,0
62208,2,1,1997,0,0,0,0,0,0,0,0,0,0
62208,3,1,1997,0,0,0,0,0,18,0,0,17,0
62208,4,1,1997,0,0,0,0,0,9,0,0,0,10
62209,1,1,1997,8,8,8,8,8,8,8,8,8,8
62209,2,1,1997,0,0,0,0,0,0,0,0,0,0
62210,1,1,1997,5,5,5,5,5,5,5,5,5,5
62210,2,1,1997,3,3,3,3,3,3,3,3,3,3
62211,1,1,1997,0,0,0,0,0,0,0,0,0,0
62211,2,1,1997,29,0,0,0,0,0,0,0,0,0
62212,1,1,1997,34,34,34,34,34,34,34,34,34,34
62212,2,1,1997,0,0,0,0,0,0,14,0,0,0
62213,1,1,1997,3,3,3,3,3,3,3,3,3,3
62214,0,1,1997,11,11,11,11,11,11,11,11,11,11
62214,1,1,1997,11,0,34,0,0,0,0,7,0,0
62215,1,1,1997,10,10,10,10,10,10,10,10,10,10
62216,1,1,1997,0,0,0,0,0,0,0,0,23,0
62216,2,1,1997,0,0,0,0,0,0,0,0,0,0
62217,0,1,1997,9,13,18,0,37,29,7,0,13,12
62217,1,1,1997,0,0,23,0,0,0,0,0,0,0
62218,1,1,1997,0,0,0,0,0,0,0,0,0,0
62218,2,1,1997,0,0,0,0,0,0,0,0,0,0
62219,0,1,1997,0,0,0,0,0,0,0,0,0,0
62219,1,1,1997,0,0,0,0,0,0,0,0,0,0
62220,0,1,1997,0,0,0,0,0,0,0,0,0,0
62220,1,1,1997,0,0,0,0,0,0,0,0,0,0
62221,1,1,1997,24,24,24,24,24,24,24,24,24,24
62222,1,1,1997,20,20,20,20,20,20,20,20,20,20
62223,1,1,1997,0,0,0,0,0,0,0,0,0,0
62224,1,1,1997,29,29,29,29,29,29,29,29,29,29
62225,0,1,1997,0,0,0,0,0,0,0,0,0,0
62225,1,1,1997,0,0,0,0,0,0,0,0,0,0
62226,0,1,1997,3,3,3,3,3,3,3,3,3,3
62226,1,1,1997,0,0,0,0,0,0,0,0,0,0
62227,0,1,1997,0,0,0,0,0,0,0,0,0,0
62227,1,1,1997,0,0,0,15,0,2,0,0,0,0
62228,1,1,1997,0,0,0,0,0,0,0,0,0,0
62229,1,1,1997,0,0,0,0,0,0,0,0,0,3
62230,1,1,1997,0,0,0,0,0,0,0,0,0,0
62231,1,1,1997,6,0,0,0,0,0,0,0,0,0
62232,1,2,1997,0,0,0,0,0,0,0,0,0,0
62233,1,1,1997,0,0,2,0,0,0,0,0,0,0
62233,2,1,1997,0,0,0,0,0,0,0,0,0,0
62234,1,1,1997,0,0,0,0,0,0,0,0,0,0
62234,2,1,1997,0,0,0,0,0,0,0,0,0,0
62235,0,1,1997,0,0,0,0,0,0,0,0,0,0
62235,1,1,1997,0,0,0,0,0,0,0,0,0,0
62236,0,1,1997,11,11,11,11,11,11,11,11,11,11
62236,1,1,1997,0,0,0,0,0,0,0,0,0,0
62237,1,1,1997,20,0,0,0,0,0,0,0,0,0
62237,2,1,1997,0,0,0,0,0,0,0,0,0,0
62238,1,1,1997,21,21,21,21,21,21,21,21,21,21
62238,2,1,1997,0,0,0,0,0,0,0,0,0,0
62239,1,1,1997,0,0,0,0,0,0,0,0,0,0
62239,2,1,1997,0,0,0,0,0,0,0,0,0,0
62239,3,1,1997,0,0,0,0,0,0,0,0,0,0
62239,4,1,1997,0,0,0,0,0,0,0,0,0,0
62240,1,1,1997,0,0,0,0,0,0,0,0,0,0
62240,2,1,1997,0,0,0,0,0,0,0,0,0,0
62241,1,1,1997,32,32,32,32,32,32,32,32,32,32
62241,2,1,1997,0,0,0,0,0,0,0,0,0,0
62242,1,1,1997,0,0,0,0,0,0,0,0,0,0
62242,2,1,1997,0,0,4,0,0,0,0,0,0,0
62243,1,1,1997,21,11,20,5,14,37,11,3,11,0
62243,2,1,1997,7,7,7,7,7,7,7,7,7,7
62244,1,1,1997,21,21,21,21,21,21,21,21,21,21
62244,2,1,1997,0,0,0,0,0,0,0,0,0,23
62245,0,1,1997,0,0,0,0,0,0,0,0,0,0
62245,1,1,1997,0,23,0,0,0,0,0,0,0,0
62246,1,1,1997,0,0,0,0,0,0,0,0,0,0
62247,1,1,1997,0,0,0,0,0,0,0,0,0,0
62247,2,1,1997,0,0,0,0,0,0,0,0,0,0
62248,0,1,1997,0,0,0,0,0,0,0,0,0,0
62248,0,2,1997,0,0,0,0,0,0,0,0,0,16
62248,1,1,1997,0,0,0,0,0,0,0,0,0,0
62249,1,1,1997,22,22,22,22,22,22,22,22,22,22
62249,2,1,1997,0,0,0,0,0,0,0,0,0,0
62250,1,1,1997,0,0,0,0,0,0,0,0,0,0
62250,2,1,1997,0,0,0,0,0,0,0,0,0,0
62251,1,1,1997,19,19,19,19,19,19,19,19,19,19
62252,1,1,1997,0,0,0,0,0,0,0,0,0,0
62253,1,1,1997,0,0,0,0,0,0,0,0,0,0
62253,2,1,1997,0,0,0,0,0,0,0,0,0,0
62254,1,1,1997,0,0,0,0,0,0,0,0,0,0
62254,2,1,1997,0,0,0,0,0,0,0,0,0,0
62254,3,1,1997,0,0,0,0,0,0,0,0,0,0
62255,1,1,1997,14,14,14,14,14,14,14,14,14,14
62255,2,1,1997,7,9,0,5,13,22,4,7,17,18
62256,1,1,1997,0,0,0,0,0,0,0,0,0,0
62256,2,1,1997,0,0,0,0,0,0,0,0,0,0
62257,1,1,1997,0,0,0,0,0,0,0,0,0,0
62258,1,1,1997,0,0,0,0,0,0,0,0,0,0
62258,2,1,1997,9,9,9,9,9,9,9,9,9,9
62259,0,1,1997,0,0,0,0,0,0,0,0,0,0
62259,1,1,1997,0,0,0,0,0,0,0,0,0,0
62260,1,1,1997,1,1,1,1,1,1,1,1,1,1
62261,0,1,1997,0,0,0,0,0,0,0,0,0,0
62261,1,1,1997,0,0,0,0,0,0,0,0,0,0
62262,1,1,1997,0,0,8,0,0,0,0,23,0,0
62263,1,1,1997,0,0,0,0,0,0,0,0,0,0
62264,1,1,1997,0,0,0,0,0,0,0,0,0,0
62265,1,1,1997,15,15,15,15,15,15,15,15,15,15
62266,0,1,1997,0,0,0,0,0,0,0,0,0,0
62266,0,2,1997,0,0,0,0,0,0,22,0,0,0
62266,1,1,1997,0,0,0,0,0,0,0,0,0,0
62267,0,1,1997,0,0,0,0,0,0,0,0,0,0
62267,1,1,1997,0,28,0,31,0,0,0,0,0,0
62268,1,1,1997,0,0,0,0,0,0,0,0,0,0
62269,1,1,1997,21,21,21,21,21,21,21,21,21,21
62270,1,1,1997,21,21,21,21,21,21,21,21,21,21
62271,1,1,1997,19,19,19,19,19,19,19,19,19,19
62272,1,1,1997,9,9,9,9,9,9,9,9,9,9
62273,1,1,1997,7,7,7,7,7,7,7,7,7,7
62274,0,1,1997,0,0,0,0,0,0,0,0,0,0
62274,1,1,1997,0,0,0,0,0,0,0,0,0,0
62275,0,1,1997,0,0,0,0,0,0,0,0,0,0
62275,1,1,1997,0,0,0,0,0,0,0,0,0,0
62276,1,1,1997,17,17,17,17,17,17,17,17,17,17
62277,0,1,1997,0,0,0,0,0,0,0,0,0,0
62277,0,2,1997,0,0,0,0,0,0,0,0,0,0
62277,1,1,1997,0,0,0,0,0,0,0,0,0,0
62278,1,1,1997,0,0,0,0,0,9,0,0,22,0
62279,0,1,1997,0,0,0,0,0,0,0,0,0,0
62279,1,1,1997,0,0,0,0,0,6,0,0,0,0
62280,1,1,1997,5,5,5,5,5,5,5,5,5,5
62281,1,1,1997,0,0,0,0,0,0,0,0,0,0
62281,2,1,1997,9,0,0,9,14,16,0,0,27,0
62282,1,1,1997,0,0,0,0,0,0,0,0,0,0
62283,0,1,1997,0,0,0,0,0,0,0,0,0,0
62283,1,1,1997,0,0,0,0,0,0,0,0,0,0
62284,1,1,1997,4,4,4,4,4,4,4,4,4,4
62285,1,1,1997,0,0,0,0,0,0,0,0,0,0
62286,1,1,1997,16,16,16,16,16,16,16,16,16,16
62287,1,1,1997,0,0,0,0,0,0,0,0,0,0
62288,1,1,1997,0,0,0,0,0,0,0,0,0,0
62289,0,1,1997,0,0,0,0,0,0,0,0,0,0
62289,1,1,1997,0,0,0,0,0,0,0,0,0,0
62290,1,1,1997,0,0,0,0,0,0,0,0,0,0
62291,0,1,1997,0,0,0,0,0,0,0,0,0,0
62291,1,1,1997,0,0,0,0,0,0,0,0,0,0
62292,0,1,1997,0,0,0,0,0,0,0,0,0,0
62292,1,1,1997,0,0,0,0,0,0,0,0,0,0
62293,0,1,1997,0,0,0,0,0,0,0,0,0,0
62293,1,1,1997,0,0,0,0,0,7,0,0,0,0
62294,0,1,1997,15,15,15,15,15,15,15,15,15,15
62294,0,2,1997,24,12,22,32,15,21,0,38,0,10
62294,1,1,1997,0,0,0,0,0,0,0,0,0,0
62295,0,1,1997,0,0,0,0,0,0,0,0,0,0
62295,1,1,1997,0,0,0,0,0,0,0,0,0,0
62296,1,1,1997,23,23,23,23,23,23,23,23,23,23
62297,0,1,1997,0,0,0,0,0,0,0,0,0,0
62297,1,1,1997,0,0,0,0,0,0,0,0,0,0
62298,1,1,1997,26,26,26,26,26,26,26,26,26,26
62299,1,1,1997,0,0,0,0,0,0,0,0,0,0
62299,2,1,1997,0,0,0,0,0,0,0,0,0,0
62300,1,1,1997,17,17,17,17,17,17,17,17,17,17
62301,1,1,1997,0,0,0,0,0,0,0,0,0,0
62301,2,1,1997,0,0,0,0,0,0,0,0,0,0
62301,3,1,1997,0,0,0,0,6,0,0,0,0,0
62302,1,1,1997,0,0,0,0,0,0,0,0,0,0
62302,2,1,1997,0,0,0,0,0,0,0,0,0,16
62303,1,1,1997,0,0,0,0,0,0,0,0,0,0
62303,2,1,1997,0,0,0,0,0,0,0,13,0,0
62304,0,1,1997,1,1,1,1,1,1,1,1,1,1
62304,1,1,1997,0,0,0,0,0,0,0,0,0,0
62305,1,1,1997,0,0,0,0,0,0,0,0,0,0
62305,2,1,1997,0,0,0,0,0,0,0,0,0,0
62306,1,1,1997,12,12,12,12,12,12,12,12,12,12
62306,2,1,1997,0,0,0,0,0,0,13,0,0,0
62307,1,1,1997,27,27,27,27,27,27,27,27,27,27
62307,2,1,1997,0,0,0,0,0,0,0,0,0,0
62308,0,1,1997,0,0,0,0,0,0,0,0,0,0
62308,1,1,1997,0,0,0,0,0,0,0,0,0,0
62309,0,1,1997,0,0,0,0,0,0,0,0,0,0