ST_CASE,VEH_NO,PER_NO,YEAR,P1,P2,P3,P4,P5,P6,P7,P8,P9,P10
62309,1,1,1997,0,0,0,0,0,0,0,0,0,9
62310,1,1,1997,0,0,0,0,0,0,0,0,0,0
62311,1,1,1997,0,0,0,0,0,0,0,0,0,0
62311,2,1,1997,0,0,0,0,0,0,16,0,0,0
62312,1,1,1997,20,0,0,0,0,0,0,0,0,0
62312,2,1,1997,0,0,0,0,6,0,0,0,10,0
62313,1,1,1997,0,0,0,0,0,0,0,0,0,0
62313,2,1,1997,0,0,0,0,0,0,0,0,0,0
62314,1,1,1997,12,12,12,12,12,12,12,12,12,12
62314,2,1,1997,2,2,2,2,2,2,2,2,2,2
62315,1,1,1997,0,0,0,0,0,0,0,0,0,0
62315,2,1,1997,0,0,0,0,0,0,0,0,0,0
62316,0,1,1997,4,4,4,4,4,4,4,4,4,4
62316,1,1,1997,0,0,0,0,0,0,0,0,0,0
62317,1,1,1997,0,0,0,0,0,0,0,0,0,0
62318,1,1,1997,21,21,21,21,21,21,21,21,21,21
62319,1,1,1997,0,0,0,0,0,0,0,0,0,0
62320,1,1,1997,22,22,22,22,22,22,22,22,22,22
62320,2,1,1997,0,0,0,0,0,0,0,0,0,0
62321,1,1,1997,8,8,8,8,8,8,8,8,8,8
62321,2,1,1997,3,3,3,3,3,3,3,3,3,3
62321,3,1,1997,0,0,0,0,0,0,0,0,0,0
62321,4,1,1997,0,0,0,0,0,0,0,0,0,0
62322,1,1,1997,20,20,20,20,20,20,20,20,20,20
62322,2,1,1997,0,0,0,0,0,0,0,0,0,0
62323,0,1,1997,0,0,0,0,0,0,0,0,0,0
62323,1,1,1997,0,0,0,0,0,0,0,0,0,0
62324,1,1,1997,0,0,0,0,0,0,0,0,0,0
62324,2,1,1997,0,0,0,0,0,0,0,0,0,0
62325,1,1,1997,0,0,0,0,0,0,0,0,0,0
62325,2,1,1997,0,0,0,0,0,0,0,0,0,0
62326,1,1,1997,22,22,22,22,22,22,22,22,22,22
62326,2,1,1997,0,18,0,0,0,0,0,0,0,0
62327,1,1,1997,0,13,0,12,0,0,0,0,0,0
62327,2,1,1997,0,0,0,0,0,0,0,0,0,0
62328,1,1,1997,0,0,0,0,0,0,0,0,0,0
62328,2,1,1997,0,0,0,0,0,0,0,0,0,0
62329,1,1,1997,0,0,0,0,0,0,0,0,0,0
62329,2,1,1997,0,0,0,0,23,0,0,5,0,0
62330,1,1,1997,0,0,0,0,0,0,0,0,0,0
62330,2,1,1997,0,0,0,0,0,0,0,0,0,0
62331,1,1,1997,0,0,0,0,0,0,0,0,0,0
62331,2,1,1997,0,21,0,0,0,0,0,0,19,0
62332,1,1,1997,0,0,0,0,0,0,0,0,0,0
62333,0,1,1997,0,0,0,0,0,0,0,0,0,0
62333,1,1,1997,0,0,0,0,0,0,0,0,0,0
62334,0,1,1997,0,0,0,0,0,0,0,0,0,0
62334,1,1,1997,0,0,9,0,11,0,0,0,0,0
62335,1,1,1997,0,0,0,0,0,0,0,0,0,0
62336,0,1,1997,0,0,0,0,0,0,0,0,0,0
62336,1,1,1997,0,0,0,0,0,0,0,0,0,0
62337,0,1,1997,0,0,0,0,0,0,0,0,0,0
62337,1,1,1997,0,0,0,0,0,0,0,0,0,0
62338,1,1,1997,23,23,23,23,23,23,23,23,23,23
62339,0,1,1997,0,0,0,0,0,0,0,0,0,0
62339,1,1,1997,0,0,0,0,0,0,0,0,0,0
62340,1,1,1997,8,8,8,8,8,8,8,8,8,8
62341,1,1,1997,13,13,13,13,13,13,13,13,13,13
62342,0,1,1997,0,0,0,0,0,0,0,0,0,0
62342,1,1,1997,0,0,0,0,0,0,0,19,0,12
62343,0,1,1997,0,0,0,0,0,0,0,0,0,0
62343,1,1,1997,0,0,0,0,0,0,0,0,0,0
62344,1,1,1997,12,12,12,12,12,12,12,12,12,12
62345,1,1,1997,28,25,29,30,18,13,13,12,24,22
62346,1,1,1997,25,25,25,25,25,25,25,25,25,25
62347,1,1,1997,0,0,0,0,0,0,0,0,0,0
62348,0,1,1997,0,0,0,0,0,0,0,0,0,0
62348,1,1,1997,0,0,0,0,0,0,0,0,0,0
62349,0,1,1997,9,9,9,9,9,9,9,9,9,9
62349,1,1,1997,0,0,0,0,0,0,0,0,0,0
62350,1,1,1997,0,0,0,0,0,0,0,0,0,0
62351,1,1,1997,0,0,0,0,0,0,0,0,0,0
62351,2,1,1997,0,0,0,0,0,0,0,0,0,0
62352,1,1,1997,5,5,5,5,5,5,5,5,5,5
62352,2,1,1997,0,0,0,0,0,0,0,0,0,0
62353,0,1,1997,27,27,27,27,27,27,27,27,27,27
62353,1,1,1997,0,0,0,0,0,0,0,0,0,0
62354,1,1,1997,0,0,0,0,0,0,0,0,0,0
62354,2,1,1997,0,0,0,0,0,0,0,0,0,0
62355,1,1,1997,0,15,0,0,0,0,0,0,0,0
62355,2,1,1997,0,0,0,0,0,0,0,0,0,0
62356,1,1,1997,2,2,2,2,2,2,2,2,2,2
62356,2,1,1997,0,0,0,0,0,0,0,0,0,0
62356,3,1,1997,0,0,0,0,0,0,0,0,0,0
62357,1,1,1997,0,0,0,0,0,0,0,0,0,0
62357,2,1,1997,0,0,0,0,0,0,0,0,0,0
62358,1,1,1997,8,8,8,8,8,8,8,8,8,8
62359,0,1,1997,0,0,0,0,0,0,0,0,0,0
62359,1,1,1997,0,0,0,0,0,0,0,0,0,0
62360,0,1,1997,0,0,0,0,0,0,0,0,0,0
62360,1,1,1997,0,0,0,0,5,0,0,0,0,0
62361,1,1,1997,0,0,0,0,0,0,0,0,0,0
62362,0,1,1997,0,0,16,34,23,0,22,27,0,0
62362,1,1,1997,0,0,0,0,0,0,13,0,0,0
62363,0,1,1997,0,0,0,0,19,0,0,0,0,0
62364,1,1,1997,0,0,0,0,0,0,0,0,0,0
62365,0,1,1997,17,17,17,17,17,17,17,17,17,17
62365,1,1,1997,0,0,0,0,0,0,0,0,0,0
62366,1,1,1997,48,6,24,20,0,16,8,0,19,19
62367,1,1,1997,15,15,15,15,15,15,15,15,15,15
62368,1,1,1997,26,26,26,26,26,26,26,26,26,26
62369,0,1,1997,0,0,0,0,0,0,0,0,0,0
62369,0,2,1997,0,0,0,0,18,0,0,13,0,0
62369,1,1,1997,0,0,0,0,0,0,0,0,0,0
62370,1,1,1997,0,0,0,0,0,0,0,0,0,0
62371,1,1,1997,14,0,0,0,0,0,0,0,0,0
62372,0,1,1997,0,0,0,0,0,0,0,0,0,0
62372,1,1,1997,0,0,0,0,0,0,0,0,0,0
62373,1,1,1997,0,0,0,0,0,0,0,0,0,0
62374,0,1,1997,0,0,0,0,0,0,0,0,0,0
62374,1,1,1997,0,0,0,0,0,0,0,0,0,0
62375,0,1,1997,11,11,11,11,11,11,11,11,11,11
62375,1,1,1997,0,0,0,0,0,0,0,0,0,6
62376,0,1,1997,14,14,14,14,14,14,14,14,14,14
62376,1,1,1997,0,0,0,0,0,21,0,0,0,0
62377,1,3,1997,0,0,9,0,0,14,0,0,0,0
62378,1,1,1997,0,0,0,0,0,0,0,0,0,0
62379,0,1,1997,0,0,0,0,0,0,0,0,0,0
62379,1,1,1997,0,8,11,13,23,0,0,36,12,38
62380,0,1,1997,0,0,0,0,0,0,0,0,0,0
62380,1,1,1997,0,0,0,0,0,0,0,0,0,0
62381,1,1,1997,32,32,32,32,32,32,32,32,32,32
62382,1,1,1997,0,0,0,0,0,16,0,0,0,0
62382,2,1,1997,20,20,20,20,20,20,20,20,20,20
62383,1,1,1997,0,0,0,0,0,0,0,0,0,0
62383,2,1,1997,0,0,0,0,0,0,0,0,0,0
62384,1,1,1997,0,0,0,0,0,0,0,0,0,0
62384,2,1,1997,0,0,15,0,0,0,0,0,0,0
62385,1,1,1997,0,0,0,0,0,0,0,0,0,0
62385,2,1,1997,0,0,0,0,0,0,0,0,0,0
62386,1,1,1997,0,0,0,0,0,0,0,0,0,0
62386,2,1,1997,0,0,0,0,0,0,0,0,0,0
62387,1,1,1997,0,0,0,0,0,0,0,0,0,0
62387,2,1,1997,0,0,0,0,0,0,0,0,0,0
62388,1,1,1997,9,3,13,10,21,6,24,16,15,13
62388,2,1,1997,0,0,0,0,0,0,0,0,0,0
62389,1,1,1997,0,0,0,0,0,0,0,0,0,0
62389,2,1,1997,0,0,0,0,0,0,0,0,0,0
62390,1,1,1997,0,0,0,0,0,0,0,0,0,0
62390,2,1,1997,0,0,0,18,0,0,0,0,0,0
62391,1,1,1997,7,7,7,7,7,7,7,7,7,7
62391,2,1,1997,0,0,0,0,0,0,0,0,12,0
62392,0,1,1997,0,0,0,0,0,0,0,0,0,0
62392,1,1,1997,14,14,14,14,14,14,14,14,14,14
62393,1,1,1997,0,0,0,0,0,0,0,0,0,0
62393,2,1,1997,0,0,0,0,0,0,0,0,0,0
62394,1,1,1997,0,0,0,0,0,0,0,0,0,0
62394,2,1,1997,0,0,0,0,0,0,0,0,0,0
62394,3,1,1997,0,0,0,0,0,0,0,0,0,0
62395,1,1,1997,0,0,0,0,0,0,0,0,0,0
62395,2,1,1997,0,0,0,0,0,0,0,0,0,0
62396,1,1,1997,9,9,9,9,9,9,9,9,9,9
62396,2,1,1997,0,0,0,0,0,0,0,0,0,0
62397,1,1,1997,15,15,15,15,15,15,15,15,15,15
62398,1,1,1997,0,0,0,0,0,0,0,0,0,0
62398,2,1,1997,0,0,0,0,0,0,0,0,0,0
62399,1,1,1997,23,23,23,23,23,23,23,23,23,23
62400,1,1,1997,10,0,7,0,0,0,0,0,0,0
62401,1,1,1997,0,0,0,0,0,0,0,0,0,0
62401,2,1,1997,8,0,0,0,0,0,0,0,0,0
62402,0,1,1997,0,0,0,0,0,0,0,0,0,0
62402,1,1,1997,0,0,0,0,0,0,0,0,0,0
62403,0,1,1997,28,28,28,28,28,28,28,28,28,28
62403,1,1,1997,0,0,0,0,0,0,0,0,0,0
62404,0,1,1997,0,0,0,0,0,0,0,0,0,0
62404,1,1,1997,0,0,0,0,0,0,0,0,0,0
62405,1,1,1997,0,0,0,0,0,0,0,0,0,0
62406,1,1,1997,0,0,0,0,0,0,0,0,0,0
62407,1,1,1997,0,0,0,0,0,0,0,0,0,0
62407,2,1,1997,0,0,0,0,0,0,0,0,0,0
62408,1,1,1997,12,12,12,12,12,12,12,12,12,12
62408,2,1,1997,0,0,0,0,0,0,0,0,0,0
62409,1,1,1997,3,3,3,3,3,3,3,3,3,3
62409,2,1,1997,0,0,0,0,0,0,0,0,0,0
62410,0,1,1997,0,0,0,0,0,0,0,0,0,0
62410,1,1,1997,0,0,0,0,0,0,0,0,0,0
62410,2,1,1997,0,7,0,0,0,0,0,0,0,0
62411,1,1,1997,2,2,2,2,2,2,2,2,2,2
62411,2,1,1997,0,0,0,0,0,0,0,0,0,0
62412,1,1,1997,0,0,0,0,0,0,0,0,0,0
62413,0,1,1997,0,22,0,0,0,17,0,0,0,21
62413,1,1,1997,0,0,0,0,0,0,0,0,0,0
62413,2,1,1997,0,0,0,0,0,0,0,0,0,0
62414,0,1,1997,0,0,0,0,0,0,0,0,0,0
62414,1,1,1997,0,0,0,0,0,0,0,0,0,0
62415,0,1,1997,0,0,0,0,0,0,0,0,0,0
62415,1,1,1997,0,0,0,0,0,0,0,0,0,0
62416,1,1,1997,0,0,0,0,0,0,0,0,0,0
62417,1,1,1997,0,0,0,0,0,0,0,0,0,0
62417,2,1,1997,0,0,12,0,0,0,3,0,0,0
62418,1,1,1997,0,0,0,0,0,0,0,0,0,0
62418,2,1,1997,0,0,0,0,0,0,0,0,0,0
62419,1,1,1997,0,0,0,0,0,0,0,0,0,0
62419,2,1,1997,0,0,0,0,0,0,0,0,0,0
62419,3,1,1997,0,0,4,0,0,0,0,0,0,0
62419,4,1,1997,0,0,0,0,0,0,0,0,0,0
62419,5,1,1997,0,0,0,0,0,0,0,0,0,0
62420,1,1,1997,0,0,0,0,0,0,0,0,0,0
62420,2,1,1997,0,0,0,0,0,0,0,0,0,0
62421,1,1,1997,0,0,0,0,0,0,0,0,0,0
62421,2,1,1997,0,0,0,0,0,0,0,0,0,0
62421,3,1,1997,0,0,0,0,0,0,0,0,0,0
62422,1,1,1997,29,29,29,29,29,29,29,29,29,29
62422,2,1,1997,0,0,0,0,0,0,0,0,0,0
62423,0,1,1997,0,0,0,0,0,0,0,0,0,0
62423,1,1,1997,0,0,0,0,0,0,0,0,0,0
62424,1,1,1997,13,13,13,13,13,13,13,13,13,13
62425,1,1,1997,0,0,0,0,0,0,0,0,0,0
62425,2,1,1997,0,0,0,0,0,0,0,0,0,0
62426,0,1,1997,1,1,1,1,1,1,1,1,1,1
62426,1,1,1997,0,0,0,0,0,0,0,0,0,0
62427,0,1,1997,39,39,39,39,39,39,39,39,39,39
62427,1,1,1997,0,0,0,0,0,0,0,0,0,0
62428,1,1,1997,0,0,0,0,0,0,0,0,0,0
62428,2,1,1997,0,0,0,0,0,0,0,0,0,0
62429,0,1,1997,0,0,0,0,0,0,0,0,0,0
62429,1,1,1997,0,0,0,0,0,0,0,0,0,0
62430,1,1,1997,0,0,0,0,0,0,0,0,0,0
62430,2,1,1997,16,14,0,13,0,0,0,0,0,22
62430,3,1,1997,0,0,0,0,0,0,0,0,0,0
62430,4,1,1997,0,0,0,0,0,0,0,0,0,0
62431,1,1,1997,0,0,0,0,0,0,0,0,0,0
62432,1,1,1997,0,0,0,0,0,0,0,0,0,0
62433,0,1,1997,0,0,0,0,0,0,0,0,0,0
62433,1,1,1997,0,0,0,0,0,0,7,0,0,0
62434,0,1,1997,0,0,0,0,0,0,0,0,0,0
62434,1,1,1997,0,0,0,0,0,0,0,0,0,0
62435,1,1,1997,6,6,6,6,6,6,6,6,6,6
62436,0,1,1997,0,0,13,0,8,11,0,43,0,0
62436,1,1,1997,7,0,0,0,13,0,0,0,0,0
62437,1,1,1997,1,1,1,1,1,1,1,1,1,1
62438,0,1,1997,0,0,0,0,0,0,0,0,0,0
62438,1,1,1997,0,0,0,0,0,0,0,0,0,0
62439,0,1,1997,0,0,0,0,0,0,0,0,0,0
62439,1,1,1997,0,0,0,0,0,0,0,0,0,0
62440,1,1,1997,8,8,8,8,8,8,8,8,8,8
62441,1,1,1997,0,0,0,0,0,0,0,0,0,0
62442,0,1,1997,0,0,0,0,0,0,0,0,0,0
62442,0,2,1997,0,0,0,0,0,0,0,0,0,0
62442,0,3,1997,0,0,0,0,0,0,0,0,0,0
62442,0,4,1997,0,0,0,0,0,0,0,0,0,0
62442,1,1,1997,0,0,0,0,0,0,0,0,0,0
62443,1,1,1997,0,12,0,0,0,0,0,0,0,11
62444,1,1,1997,23,23,23,23,23,23,23,23,23,23
62445,1,1,1997,0,0,0,0,0,0,0,0,0,0
62446,1,1,1997,0,0,0,0,0,0,0,0,0,0
62447,0,1,1997,6,6,6,6,6,6,6,6,6,6
62447,1,1,1997,9,9,9,9,9,9,9,9,9,9
62448,0,1,1997,0,0,0,0,0,0,0,0,0,0
62448,1,1,1997,0,0,0,0,0,0,0,0,0,0
62449,1,1,1997,17,24,14,15,0,24,12,0,10,0
62450,1,1,1997,0,0,13,18,0,0,0,0,0,0
62451,1,1,1997,0,0,0,0,0,0,0,0,0,0
62452,0,1,1997,0,0,0,0,0,0,0,0,0,0
62452,1,1,1997,0,0,0,0,0,0,0,0,0,0
62453,1,1,1997,22,22,22,22,22,22,22,22,22,22
62454,0,1,1997,21,21,21,21,21,21,21,21,21,21
62454,1,1,1997,0,0,0,0,0,0,0,0,0,0
62455,0,1,1997,0,0,0,0,0,0,0,0,0,0
62455,1,1,1997,0,0,0,0,0,0,0,0,0,0
62456,1,1,1997,0,0,0,0,0,0,0,0,0,0
62457,1,1,1997,0,0,0,0,0,0,0,0,0,0
62458,0,1,1997,6,6,6,6,6,6,6,6,6,6
62459,1,1,1997,25,25,25,25,25,25,25,25,25,25
62460,0,1,1997,21,21,21,21,21,21,21,21,21,21
62460,1,1,1997,0,0,19,0,0,0,0,0,8,0
62461,0,1,1997,0,0,0,0,0,0,0,0,0,0
62461,0,2,1997,0,0,0,0,0,0,0,0,0,0
62461,1,1,1997,0,0,0,0,0,0,0,14,0,0
62462,0,1,1997,0,0,0,0,0,0,0,0,0,0
62462,1,1,1997,0,0,0,0,0,0,0,0,0,0
62463,1,1,1997,0,0,0,0,0,0,0,0,0,0
62464,1,1,1997,0,0,0,0,0,0,0,0,0,0
62464,2,1,1997,0,0,0,0,0,0,0,0,0,0
62465,1,1,1997,15,15,15,15,15,15,15,15,15,15
62466,1,1,1997,17,17,17,17,17,17,17,17,17,17
62466,2,1,1997,0,0,0,0,0,0,0,0,0,0
62467,1,1,1997,0,0,0,0,0,0,0,0,0,0
62468,0,1,1997,0,0,0,0,0,0,0,0,0,0
62468,2,1,1997,0,0,0,0,10,47,9,0,12,0
62469,1,1,1997,0,0,0,0,0,0,0,0,0,0
62469,2,1,1997,0,0,0,0,0,0,0,0,0,0
62470,0,1,1997,0,0,0,0,0,0,0,0,0,0
62470,1,1,1997,2,2,2,2,2,2,2,2,2,2
62471,1,1,1997,0,0,0,0,0,0,0,0,0,0
62471,2,1,1997,0,0,0,0,0,0,0,0,0,0
62472,1,1,1997,0,0,0,0,0,0,0,0,0,0
62472,2,1,1997,0,0,0,20,0,0,0,0,0,0
62473,1,1,1997,18,18,18,18,18,18,18,18,18,18
62474,0,1,1997,0,0,0,0,0,0,0,0,0,0
62474,1,1,1997,0,0,0,0,0,0,0,0,0,0
62475,1,1,1997,0,0,0,0,0,0,0,0,0,0
62475,2,1,1997,8,8,8,8,8,8,8,8,8,8
62476,1,1,1997,0,0,0,0,0,0,0,0,0,0
62476,2,1,1997,7,7,7,7,7,7,7,7,7,7
62477,1,1,1997,15,0,0,0,0,6,0,0,0,0
62477,2,1,1997,0,0,0,0,0,0,0,0,0,0
62478,1,1,1997,0,0,0,0,0,0,0,0,0,0
62478,2,1,1997,0,0,0,0,0,0,0,0,0,0
62479,1,1,1997,27,27,27,27,27,27,27,27,27,27
62479,2,1,1997,0,0,0,0,0,0,0,0,0,0
62480,1,1,1997,0,0,0,0,0,0,0,0,0,0
62481,1,1,1997,18,18,18,18,18,18,18,18,18,18
62481,2,1,1997,12,12,12,12,12,12,12,12,12,12
62482,1,1,1997,0,0,0,0,0,0,0,0,0,0
62483,1,1,1997,0,0,0,0,0,0,0,0,0,0
62484,1,1,1997,21,21,21,21,21,21,21,21,21,21
62484,2,1,1997,0,0,0,0,0,0,0,0,0,0
62484,3,1,1997,0,0,0,0,0,0,0,0,0,0
62484,4,1,1997,0,0,0,0,0,0,0,0,0,0
62485,0,1,1997,11,11,11,11,11,11,11,11,11,11
62485,1,1,1997,0,0,0,4,0,0,0,0,0,0
62486,1,1,1997,0,0,0,0,0,0,0,0,0,0
62486,2,1,1997,0,0,0,0,0,0,0,0,0,0
62486,3,1,1997,0,0,0,0,0,0,0,0,0,0
62487,1,1,1997,35,35,35,35,35,35,35,35,35,35
62487,2,1,1997,0,0,0,0,0,0,0,0,0,0
62488,1,1,1997,11,11,11,11,11,11,11,11,11,11
62489,0,1,1997,0,0,0,0,0,0,0,0,0,0
62489,1,1,1997,0,0,0,0,0,0,0,0,0,0
62490,1,1,1997,0,0,0,0,0,0,0,0,0,0
62490,2,1,1997,0,0,0,0,0,0,0,0,0,0
62490,3,1,1997,0,0,0,0,0,0,0,0,0,0
62491,1,1,1997,0,0,0,0,0,0,0,0,0,0
62491,2,1,1997,0,0,0,0,0,0,0,0,0,0
62492,1,1,1997,0,0,0,0,0,0,0,0,0,0
62492,2,1,1997,0,0,0,0,0,0,0,0,0,0
62493,0,1,1997,0,0,0,0,0,0,0,0,0,0
62493,1,1,1997,0,0,0,0,0,0,0,0,0,0
62494,1,1,1997,24,24,24,24,24,24,24,24,24,24
62494,2,1,1997,0,0,0,0,0,0,0,0,0,0
62494,3,1,1997,0,0,0,0,0,0,0,0,0,0
62494,4,1,1997,0,0,0,0,0,0,0,0,0,0
62495,0,1,1997,0,0,0,0,0,0,0,0,0,0
62495,1,1,1997,0,0,0,0,0,0,0,0,0,0
62496,1,1,1997,7,7,7,7,7,7,7,7,7,7
62497,1,1,1997,0,0,0,0,0,0,0,0,0,0
62497,2,1,1997,0,0,0,0,0,0,0,0,0,0
62497,3,1,1997,0,0,0,0,0,0,0,0,0,0
62498,1,1,1997,8,0,0,0,12,0,32,0,0,20
62499,1,1,1997,0,0,0,0,0,0,0,0,0,0
62499,2,1,1997,0,0,0,0,0,0,0,0,0,0
62500,0,1,1997,0,0,0,0,0,0,0,0,0,0
62500,1,1,1997,0,0,0,0,0,0,0,0,0,0
62501,1,1,1997,0,0,0,0,0,0,0,0,0,0
62502,1,1,1997,18,19,13,3,3,13,0,2,7,4
62502,2,1,1997,0,0,0,0,0,0,0,0,0,0
62503,1,1,1997,0,0,0,0,0,0,0,0,0,0
62503,2,1,1997,0,0,0,0,0,0,0,0,0,0
62504,1,1,1997,1,1,1,1,1,1,1,1,1,1
62505,1,1,1997,0,0,0,0,0,0,0,0,0,0
62505,2,1,1997,0,0,0,0,0,0,0,0,0,0
62506,0,1,1997,0,0,0,0,0,0,0,0,0,0
62506,1,1,1997,0,0,0,0,0,0,0,0,0,0
62507,1,1,1997,0,0,0,0,0,0,0,0,0,0
62507,2,1,1997,0,0,0,0,0,0,0,0,0,0
62507,3,1,1997,0,0,0,0,0,0,0,0,0,0
62508,1,1,1997,0,0,0,0,0,0,0,0,0,0
62508,2,1,1997,0,0,0,0,0,0,0,0,0,0
62509,1,1,1997,0,0,0,0,0,0,0,0,0,0
62510,1,1,1997,0,0,0,0,0,0,0,0,0,0
62511,0,1,1997,0,0,0,0,0,0,0,0,0,0
62511,1,1,1997,0,0,19,0,0,0,0,0,0,0
62512,0,1,1997,0,0,0,0,0,0,0,0,0,0
62512,1,1,1997,0,0,0,0,0,0,0,0,0,0
62513,1,1,1997,0,0,0,0,0,0,0,0,0,0
62514,1,1,1997,0,0,0,0,0,0,0,0,0,0
62515,1,1,1997,26,26,26,26,26,26,26,26,26,26
62516,0,1,1997,0,0,0,0,0,0,0,0,0,0
62516,1,1,1997,0,0,0,0,0,0,0,0,0,0
62517,0,1,1997,24,24,24,24,24,24,24,24,24,24
62517,1,1,1997,0,0,0,0,0,0,0,0,0,0
62518,0,1,1997,0,0,0,0,0,0,0,0,0,0
62518,1,1,1997,0,0,0,0,0,0,0,0,0,0
62519,0,1,1997,0,0,0,0,0,0,0,0,0,0
62519,1,1,1997,0,0,0,0,0,0,0,0,0,0
62520,1,1,1997,0,0,0,0,0,0,0,0,0,0
62521,1,1,1997,5,5,5,5,5,5,5,5,5,5
62522,0,1,1997,23,23,23,23,23,23,23,23,23,23
62522,1,1,1997,0,0,0,0,9,0,0,0,0,0
62523,1,1,1997,28,28,28,28,28,28,28,28,28,28
62524,0,1,1997,2,2,2,2,2,2,2,2,2,2
62524,1,1,1997,0,4,0,0,0,0,0,0,0,5
62525,1,1,1997,30,30,30,30,30,30,30,30,30,30
62526,1,1,1997,0,0,17,0,0,0,0,0,0,9
62527,1,1,1997,0,0,0,0,0,0,21,0,0,0
62528,0,1,1997,0,0,0,0,0,0,0,0,0,0
62528,1,1,1997,0,0,0,0,9,0,4,0,0,0
62529,1,1,1997,0,0,0,0,0,0,0,0,0,0
62530,1,1,1997,0,0,0,0,0,0,17,0,0,0
62531,0,1,1997,0,0,0,0,0,0,0,0,0,0
62531,0,2,1997,0,0,0,0,13,0,0,0,0,0
62531,1,1,1997,0,15,0,0,0,0,0,0,0,0
62532,1,1,1997,6,6,6,6,6,6,6,6,6,6
62532,2,1,1997,0,19,16,0,0,0,0,0,0,0
62533,1,1,1997,0,0,0,0,0,0,0,0,0,0
62534,1,1,1997,0,0,0,0,0,0,0,0,0,0
62535,1,1,1997,0,0,0,0,0,0,0,0,0,0
62535,2,1,1997,0,0,0,0,0,0,0,0,0,0
62536,1,1,1997,0,0,0,0,0,0,0,0,0,0
62536,2,1,1997,0,0,0,0,0,0,0,0,0,0
62537,1,1,1997,0,0,0,0,0,0,0,0,0,0
62537,2,1,1997,0,0,0,0,0,0,0,0,0,0
62538,1,1,1997,0,0,0,0,0,0,0,0,0,0
62539,1,1,1997,0,0,0,0,0,0,0,0,0,0
62539,2,1,1997,0,18,0,19,0,0,0,0,0,0
62540,1,1,1997,0,0,0,0,0,0,0,0,0,0
62540,2,1,1997,0,0,0,0,0,0,0,0,0,0
62541,1,1,1997,10,10,10,10,10,10,10,10,10,10
62542,1,1,1997,0,0,0,0,0,0,0,0,7,0
62542,2,1,1997,0,0,0,0,0,0,0,0,0,0
62543,1,1,1997,0,0,0,0,0,0,0,0,0,0
62543,2,1,1997,0,0,0,0,0,0,0,0,0,0
62543,3,1,1997,0,0,0,0,0,0,0,0,0,0
62544,1,1,1997,0,0,0,0,0,0,0,0,0,0
62545,0,1,1997,0,0,0,0,0,0,0,0,0,0
62545,1,1,1997,0,0,0,0,0,0,0,0,0,0
62546,0,1,1997,0,0,0,0,0,0,0,0,0,0
62546,1,1,1997,0,0,0,0,0,0,0,0,0,0
62547,1,1,1997,18,18,18,18,18,18,18,18,18,18
62547,2,1,1997,0,0,0,0,0,0,0,16,0,0
62548,0,1,1997,0,0,0,0,0,0,0,0,0,0
62548,1,1,1997,0,0,0,0,0,0,0,0,0,0
62549,1,1,1997,0,0,0,0,0,0,0,0,0,0
62549,2,1,1997,0,0,0,0,0,0,0,0,0,0
62550,1,1,1997,0,0,0,0,0,0,0,0,0,0
62550,2,1,1997,0,0,0,0,0,0,0,0,0,0
62550,3,1,1997,0,0,0,0,0,0,0,0,0,0
62551,1,1,1997,0,0,0,0,0,0,0,0,0,0
62551,2,1,1997,0,0,0,0,0,0,0,0,0,0
62552,1,1,1997,0,0,0,0,0,0,0,0,0,0
62552,2,1,1997,0,0,0,0,0,0,0,0,0,0
62553,1,1,1997,0,0,0,0,0,0,0,0,0,0
62553,2,1,1997,0,0,0,7,0,0,0,0,0,0
62554,1,1,1997,0,0,0,0,0,0,0,0,0,0
62554,2,1,1997,0,0,0,0,0,0,0,0,0,0
62555,1,1,1997,10,10,10,10,10,10,10,10,10,10
62555,2,1,1997,0,0,0,0,0,0,0,0,0,0
62556,1,1,1997,2,2,2,2,2,2,2,2,2,2
62556,2,1,1997,0,0,0,0,0,0,0,0,0,0
62557,1,1,1997,0,0,0,0,0,0,0,0,0,0
62557,2,1,1997,0,0,0,0,0,0,0,0,0,0
62558,1,1,1997,0,0,0,0,0,0,0,0,0,0
62558,2,1,1997,0,0,0,0,0,0,0,0,0,0
62559,1,1,1997,0,0,0,0,0,0,0,0,0,0
62560,1,1,1997,0,0,0,0,0,0,0,0,0,0
62560,2,1,1997,0,0,0,0,0,0,0,0,0,0
62560,3,1,1997,0,29,0,0,32,0,0,0,0,0
62561,1,1,1997,0,0,0,0,0,0,0,0,0,0
62561,2,1,1997,0,0,0,0,0,0,0,0,0,0
62562,1,1,1997,0,0,0,0,0,0,0,0,0,0
62562,2,1,1997,4,0,0,0,0,20,12,0,0,0