ST_CASE,VEH_NO,PER_NO,YEAR,P1,P2,P3,P4,P5,P6,P7,P8,P9,P10
62563,1,1,1997,0,0,0,0,0,0,0,0,0,0
62563,2,1,1997,0,0,0,0,0,0,0,0,0,0
62563,3,1,1997,0,0,0,0,0,0,0,0,0,0
62564,1,1,1997,2,2,2,2,2,2,2,2,2,2
62564,2,1,1997,0,0,0,0,0,0,0,0,0,0
62565,1,1,1997,8,8,8,8,8,8,8,8,8,8
62566,1,1,1997,0,0,0,0,0,0,0,0,0,0
62567,0,1,1997,0,0,0,0,0,0,0,0,0,0
62567,1,1,1997,0,0,0,0,0,0,0,0,0,0
62568,1,1,1997,0,0,0,0,0,0,0,0,0,0
62568,2,1,1997,0,0,0,0,0,0,0,0,0,0
62569,1,1,1997,0,0,0,0,0,0,0,0,0,0
62569,2,1,1997,4,0,0,0,0,0,0,0,0,0
62570,1,1,1997,0,0,0,0,0,0,0,0,0,0
62570,2,1,1997,0,0,0,0,0,0,0,0,0,0
62571,1,1,1997,0,0,0,0,0,0,0,0,0,0
62571,2,1,1997,0,0,0,0,0,0,0,0,0,0
62572,1,1,1997,0,0,0,0,0,0,0,0,0,0
62573,1,1,1997,0,0,0,0,0,0,0,0,0,0
62573,2,1,1997,0,0,0,0,0,0,0,0,0,0
62574,1,1,1997,0,0,0,0,0,0,0,0,0,0
62574,2,1,1997,0,0,0,0,0,0,0,0,0,0
62574,3,1,1997,0,0,0,0,0,0,0,0,0,0
62575,1,1,1997,0,0,0,0,0,0,0,0,0,0
62575,2,1,1997,0,0,0,0,0,0,0,0,0,0
62575,3,1,1997,0,0,0,0,0,0,0,10,0,0
62575,4,1,1997,0,0,0,0,0,0,0,0,0,0
62576,1,1,1997,14,14,14,14,14,14,14,14,14,14
62576,2,1,1997,0,0,22,0,0,0,0,0,0,0
62577,0,1,1997,0,0,0,0,0,0,0,0,0,0
62577,1,1,1997,0,0,0,0,0,0,0,0,0,0
62578,1,1,1997,0,0,0,0,0,0,0,0,0,0
62578,2,1,1997,0,0,0,0,0,0,0,0,0,0
62579,1,1,1997,0,0,0,0,0,0,0,0,0,0
62580,0,1,1997,0,0,0,0,0,0,0,0,0,0
62580,1,1,1997,0,0,0,0,0,0,0,0,0,0
62581,0,1,1997,0,0,0,0,0,0,0,0,0,0
62581,1,1,1997,0,0,0,0,0,0,0,0,0,0
62582,1,1,1997,37,37,37,37,37,37,37,37,37,37
62583,0,1,1997,0,0,0,0,0,0,0,0,0,0
62583,1,1,1997,0,0,0,0,0,0,0,0,0,0
62584,1,1,1997,0,0,0,0,0,0,0,0,0,0
62584,2,1,1997,0,0,0,0,0,0,0,16,0,0
62585,1,1,1997,11,11,11,11,11,11,11,11,11,11
62586,1,1,1997,13,13,13,13,13,13,13,13,13,13
62587,0,1,1997,21,21,21,21,21,21,21,21,21,21
62587,1,1,1997,0,0,0,0,0,0,0,0,0,0
62588,1,1,1997,0,0,0,0,0,0,0,0,0,0
62589,1,1,1997,0,0,0,0,0,0,0,0,0,0
62590,1,1,1997,0,0,0,0,0,0,0,0,0,0
62590,2,1,1997,0,0,0,0,0,0,0,0,0,0
62591,1,1,1997,0,0,0,0,0,0,0,0,0,0
62591,2,1,1997,0,0,0,0,0,3,0,0,0,0
62592,1,1,1997,0,0,0,0,0,0,0,0,0,0
62593,0,1,1997,0,0,0,0,0,0,0,0,0,0
62593,1,1,1997,0,0,0,0,0,0,0,0,0,0
62594,0,1,1997,0,0,0,0,0,0,0,0,0,0
62594,1,1,1997,6,6,6,6,6,6,6,6,6,6
62595,1,1,1997,12,12,12,12,12,12,12,12,12,12
62595,2,1,1997,8,8,8,8,8,8,8,8,8,8
62595,3,1,1997,0,0,0,0,0,0,0,0,0,0
62596,1,1,1997,9,9,9,9,9,9,9,9,9,9
62597,1,1,1997,0,0,0,0,0,0,0,0,0,0
62597,2,1,1997,0,0,0,0,0,0,0,0,0,0
62598,1,1,1997,25,25,25,25,25,25,25,25,25,25
62599,1,1,1997,0,0,0,0,0,0,0,0,0,0
62599,2,1,1997,0,0,0,0,0,0,0,0,0,0
62600,1,1,1997,0,0,0,0,0,0,0,0,0,0
62600,2,1,1997,6,6,6,6,6,6,6,6,6,6
62601,1,1,1997,0,0,0,0,0,0,0,0,0,0
62601,2,1,1997,0,0,0,0,0,0,0,0,0,0
62602,1,1,1997,22,22,22,22,22,22,22,22,22,22
62602,2,1,1997,0,0,0,0,0,0,0,0,0,0
62603,1,1,1997,0,0,0,0,0,0,0,0,0,0
62603,2,1,1997,0,0,0,0,0,0,0,0,0,0
62603,3,1,1997,0,0,0,0,0,0,0,0,0,0
62603,4,1,1997,0,0,0,0,0,0,0,0,0,0
62604,1,1,1997,12,12,12,12,12,12,12,12,12,12
62605,1,1,1997,0,0,0,0,0,0,0,0,0,0
62605,2,1,1997,0,0,0,0,0,0,0,0,0,0
62605,3,1,1997,0,0,0,0,0,0,0,0,0,0
62606,1,1,1997,0,0,14,26,0,0,0,0,0,0
62607,0,1,1997,0,0,0,0,0,0,0,0,0,0
62607,1,1,1997,0,0,0,0,0,0,0,0,0,0
62608,0,1,1997,0,0,0,0,0,0,0,0,0,0
62608,1,1,1997,0,0,0,0,0,0,0,0,0,0
62609,1,1,1997,0,0,0,0,0,0,0,0,0,0
62609,2,1,1997,0,0,0,0,0,0,0,0,0,0
62610,1,1,1997,0,0,0,0,0,0,0,0,0,0
62611,1,1,1997,0,0,0,0,0,0,0,2,0,0
62611,2,1,1997,0,0,0,0,0,0,0,0,0,0
62612,1,1,1997,0,0,0,0,0,0,0,0,4,0
62613,1,1,1997,0,0,0,0,0,0,0,0,0,0
62614,1,1,1997,8,8,8,8,8,8,8,8,8,8
62615,0,1,1997,0,0,0,0,0,0,0,0,0,0
62615,1,1,1997,0,0,0,0,0,0,0,0,0,0
62616,1,1,1997,0,0,0,0,0,0,0,0,0,0
62616,2,1,1997,0,0,0,0,0,0,0,0,0,0
62617,1,1,1997,17,17,17,17,17,17,17,17,17,17
62617,2,1,1997,1,1,1,1,1,1,1,1,1,1
62618,1,1,1997,0,0,0,0,0,0,0,0,0,0
62619,1,1,1997,0,0,0,0,0,0,0,0,0,0
62619,2,1,1997,0,0,0,0,0,0,0,0,0,0
62620,1,1,1997,0,0,0,0,0,0,0,0,0,0
62620,2,1,1997,0,0,0,0,0,0,0,0,0,0
62621,1,1,1997,16,16,16,16,16,16,16,16,16,16
62621,2,1,1997,8,8,8,8,8,8,8,8,8,8
62622,0,1,1997,30,30,30,30,30,30,30,30,30,30
62622,1,1,1997,0,0,0,0,0,0,0,0,0,0
62623,0,1,1997,0,0,0,0,0,0,0,0,0,0
62623,0,2,1997,0,0,0,0,0,0,0,0,0,0
62623,1,1,1997,0,0,0,0,0,0,0,0,0,0
62623,2,1,1997,0,0,0,0,0,0,0,0,0,0
62624,1,1,1997,14,14,14,14,14,14,14,14,14,14
62625,0,1,1997,0,0,0,0,0,0,0,0,0,0
62625,1,1,1997,0,0,0,0,0,0,0,0,0,0
62626,1,1,1997,0,0,0,0,0,0,0,0,0,0
62627,0,1,1997,0,0,0,0,0,0,0,0,0,0
62627,1,1,1997,0,0,0,0,0,0,0,0,0,0
62628,0,1,1997,0,0,0,0,0,0,0,0,0,0
62628,1,1,1997,0,0,0,0,0,0,0,0,0,0
62629,0,1,1997,0,0,0,0,0,0,0,0,0,0
62629,1,1,1997,14,13,0,0,8,7,0,12,0,31
62630,1,1,1997,0,0,0,0,0,0,0,0,0,0
62631,0,1,1997,42,42,42,42,42,42,42,42,42,42
62631,1,1,1997,6,6,6,6,6,6,6,6,6,6
62632,0,1,1997,0,0,0,0,0,0,0,0,0,0
62632,1,1,1997,0,0,0,0,0,0,0,0,0,0
62633,1,1,1997,0,0,0,0,0,0,0,0,0,0
62634,0,1,1997,14,14,14,14,14,14,14,14,14,14
62634,1,1,1997,0,0,0,0,0,0,0,0,0,0
62635,0,1,1997,0,0,0,0,0,0,0,0,0,0
62635,0,2,1997,0,0,0,0,0,0,0,0,0,0
62635,1,1,1997,0,0,0,0,0,0,0,0,0,0
62636,0,1,1997,20,20,20,20,20,20,20,20,20,20
62636,1,1,1997,28,0,0,0,0,0,0,0,0,0
62637,1,1,1997,0,0,0,0,0,0,0,0,0,0
62638,0,1,1997,0,0,0,0,0,0,0,0,0,0
62638,0,2,1997,0,0,0,0,0,0,0,0,0,0
62638,1,1,1997,0,0,0,0,0,0,0,0,0,0
62639,1,1,1997,14,14,14,14,14,14,14,14,14,14
62640,1,1,1997,37,8,7,20,0,0,0,9,14,0
62641,1,1,1997,0,0,0,0,0,0,0,0,0,0
62642,0,1,1997,23,23,23,23,23,23,23,23,23,23
62642,1,1,1997,0,0,0,0,0,0,7,0,0,0
62643,1,1,1997,0,0,0,0,0,0,0,0,0,0
62644,1,1,1997,0,0,0,0,0,0,0,0,0,0
62645,1,1,1997,11,11,11,11,11,11,11,11,11,11
62646,0,1,1997,0,0,0,0,0,0,0,0,44,0
62647,1,1,1997,0,0,0,0,0,0,0,0,0,0
62648,0,1,1997,14,14,14,14,14,14,14,14,14,14
62648,1,1,1997,0,0,0,0,0,0,0,0,0,0
62649,1,1,1997,0,0,0,0,0,0,0,0,0,0
62650,0,1,1997,0,0,0,0,0,0,0,0,0,0
62650,1,1,1997,0,0,0,0,0,0,0,0,0,0
62651,0,1,1997,0,0,0,0,0,0,0,0,0,0
62651,1,1,1997,0,0,0,0,0,0,0,0,0,0
62652,1,1,1997,0,0,0,0,0,0,0,0,0,0
62653,0,1,1997,0,0,0,0,0,0,0,0,0,0
62653,1,1,1997,0,0,0,0,0,0,9,23,0,0
62654,0,1,1997,0,0,0,0,0,0,0,0,0,0
62654,1,1,1997,0,0,0,0,0,0,0,0,0,0
62655,1,1,1997,0,0,0,0,0,0,0,0,0,0
62656,1,1,1997,0,0,0,0,0,0,0,0,0,0
62656,2,1,1997,0,0,0,0,0,0,0,0,0,0
62657,1,1,1997,0,0,0,0,0,0,0,0,0,0
62657,2,1,1997,11,11,11,11,11,11,11,11,11,11
62658,0,1,1997,0,0,0,0,0,0,0,0,0,0
62658,1,1,1997,18,18,18,18,18,18,18,18,18,18
62659,1,1,1997,0,0,12,27,15,0,11,10,14,21
62660,0,1,1997,0,0,0,0,0,0,0,0,0,0
62660,0,2,1997,0,0,0,0,0,0,0,0,0,0
62660,1,1,1997,12,16,15,0,0,0,0,0,0,0
62661,1,1,1997,23,23,23,23,23,23,23,23,23,23
62662,1,1,1997,0,0,0,0,0,0,0,0,0,0
62662,2,1,1997,0,0,0,0,0,0,0,0,0,0
62663,1,1,1997,0,0,0,0,0,0,0,0,0,0
62664,1,1,1997,0,0,0,0,0,0,0,0,0,0
62665,1,1,1997,20,20,20,20,20,20,20,20,20,20
62666,1,1,1997,0,0,0,0,0,0,0,0,0,0
62667,1,1,1997,0,0,0,0,0,0,0,0,0,0
62667,2,1,1997,0,0,0,0,0,0,0,0,0,0
62668,1,1,1997,0,0,0,0,0,0,0,0,0,0
62669,0,1,1997,0,0,0,0,0,0,0,0,0,0
62669,1,1,1997,0,0,0,0,0,0,0,0,0,0
62669,2,1,1997,0,0,0,0,0,0,0,0,0,0
62670,1,1,1997,0,0,0,0,0,0,0,0,0,0
62670,2,1,1997,0,0,0,0,0,0,0,0,0,0
62670,3,1,1997,0,0,0,0,0,0,0,0,0,0
62671,1,1,1997,0,0,0,0,0,0,0,0,0,0
62671,2,1,1997,0,0,0,0,0,0,0,0,0,0
62672,0,1,1997,25,25,25,25,25,25,25,25,25,25
62672,1,1,1997,0,0,0,0,0,0,0,0,0,0
62673,0,1,1997,0,0,0,0,0,0,0,0,0,0
62673,1,1,1997,0,0,0,14,0,0,0,0,0,0
62674,1,1,1997,14,14,14,14,14,14,14,14,14,14
62674,2,1,1997,0,0,0,0,0,0,0,0,0,0
62675,1,1,1997,0,0,0,0,0,0,0,0,0,0
62676,1,1,1997,0,0,0,0,0,0,0,0,0,0
62676,2,1,1997,0,0,0,0,0,0,0,0,0,0
62676,3,1,1997,0,0,0,0,0,0,0,0,0,0
62677,0,1,1997,0,0,0,0,0,0,0,0,0,0
62677,1,1,1997,0,0,0,0,0,0,0,0,0,0
62678,1,1,1997,17,17,17,17,17,17,17,17,17,17
62679,1,1,1997,0,0,0,0,0,0,0,0,0,3
62679,2,1,1997,0,0,0,0,0,0,0,0,0,0
62680,1,1,1997,0,0,0,0,0,0,0,0,0,0
62680,2,1,1997,0,0,0,0,0,0,0,0,0,0
62681,1,1,1997,0,0,0,0,0,0,0,0,0,0
62681,2,1,1997,0,0,0,0,0,0,0,0,0,0
62681,3,1,1997,0,0,0,0,0,0,0,0,0,0
62681,4,1,1997,0,0,0,0,0,0,0,0,0,0
62682,1,1,1997,17,17,17,17,17,17,17,17,17,17
62682,2,1,1997,0,0,0,0,0,0,0,0,0,0
62682,3,1,1997,0,0,0,0,0,0,0,0,0,0
62683,1,1,1997,15,15,15,15,15,15,15,15,15,15
62684,1,1,1997,8,0,0,0,0,0,0,0,0,0
62684,2,1,1997,8,0,0,0,0,0,0,0,14,0
62685,1,1,1997,0,0,0,0,0,0,0,0,0,0
62685,2,1,1997,0,0,0,0,0,0,0,0,0,0
62686,1,1,1997,0,0,0,0,0,0,0,0,0,0
62686,2,1,1997,0,0,0,19,0,0,0,0,0,0
62687,1,1,1997,0,0,0,0,0,0,0,0,0,0
62687,2,1,1997,0,0,0,0,0,0,0,0,0,0
62688,0,1,1997,17,17,17,17,17,17,17,17,17,17
62688,1,1,1997,0,0,0,0,0,0,0,0,0,0
62689,0,1,1997,0,0,0,0,0,0,0,0,0,0
62689,1,1,1997,0,0,0,0,0,0,0,0,0,0
62690,1,1,1997,0,0,0,0,0,0,0,0,0,0
62690,2,1,1997,0,0,0,0,0,0,0,0,0,0
62690,3,1,1997,0,30,0,0,0,0,0,0,0,0
62690,4,1,1997,0,0,0,0,0,0,0,0,0,0
62691,1,1,1997,0,0,0,0,0,0,0,0,0,0
62691,2,1,1997,0,0,0,14,15,0,0,0,0,0
62692,0,1,1997,18,18,18,18,18,18,18,18,18,18
62692,0,2,1997,24,0,0,27,37,0,14,19,34,13
62692,1,1,1997,0,16,0,0,27,0,0,0,0,0
62693,1,1,1997,0,0,0,0,0,0,0,0,0,0
62694,0,1,1997,0,0,0,0,0,0,0,0,0,0
62694,1,1,1997,0,0,0,0,0,0,0,0,0,0
62695,1,1,1997,19,19,19,19,19,19,19,19,19,19
62696,1,1,1997,0,0,0,0,0,0,0,0,0,0
62697,0,1,1997,0,0,0,0,0,0,0,0,0,0
62697,1,1,1997,0,0,0,0,0,0,0,0,0,0
62698,1,1,1997,0,0,0,0,17,0,0,0,0,0
62698,2,1,1997,0,0,0,0,13,0,16,0,0,0
62699,1,1,1997,0,0,0,0,0,0,0,0,0,0
62700,1,1,1997,22,22,22,22,22,22,22,22,22,22
62701,1,1,1997,0,0,0,0,0,17,0,0,0,0
62701,2,1,1997,0,3,0,0,0,0,0,26,0,0
62701,3,1,1997,0,0,0,0,0,0,0,0,0,0
62702,1,1,1997,0,0,0,0,0,0,25,0,0,0
62703,1,1,1997,0,0,0,0,0,0,0,0,0,0
62703,2,1,1997,0,0,0,0,0,0,0,0,0,0
62704,1,1,1997,12,12,12,12,12,12,12,12,12,12
62705,1,1,1997,0,0,0,0,0,0,0,0,0,0
62705,2,1,1997,0,0,0,0,0,0,0,0,0,0
62706,1,1,1997,0,0,0,0,0,0,0,0,0,0
62707,1,1,1997,15,15,15,15,15,15,15,15,15,15
62708,0,1,1997,0,0,0,0,0,0,0,0,0,0
62708,1,1,1997,0,0,0,0,0,0,0,0,0,0
62709,1,1,1997,0,0,0,0,0,0,0,0,0,0
62709,2,1,1997,0,0,0,0,0,0,0,0,0,0
62710,1,1,1997,5,5,5,5,5,5,5,5,5,5
62710,2,1,1997,2,2,2,2,2,2,2,2,2,2
62711,1,1,1997,0,0,0,0,0,0,0,0,0,0
62712,1,1,1997,0,0,0,0,0,0,0,0,0,0
62712,2,1,1997,0,0,0,0,0,0,0,0,0,0
62713,0,1,1997,0,0,0,0,0,0,0,0,0,0
62713,1,1,1997,0,0,0,0,0,0,0,0,0,0
62714,1,1,1997,0,0,0,0,0,0,0,0,0,0
62715,1,1,1997,0,0,0,0,0,0,0,0,0,0
62715,2,1,1997,0,0,0,0,0,0,0,0,0,0
62716,0,1,1997,29,29,29,29,29,29,29,29,29,29
62716,1,1,1997,0,0,0,0,0,0,0,0,0,0
62717,1,1,1997,16,16,16,16,16,16,16,16,16,16
62718,1,1,1997,0,0,0,0,0,0,0,0,0,0
62718,2,1,1997,0,0,0,0,0,0,0,0,0,0
62719,1,1,1997,10,10,10,10,10,10,10,10,10,10
62720,1,1,1997,0,0,0,0,0,0,0,0,0,0
62721,0,1,1997,0,0,0,0,0,0,0,0,0,0
62721,1,1,1997,14,28,22,11,19,3,21,21,17,10
62722,1,1,1997,0,0,0,0,0,0,0,0,0,0
62723,0,1,1997,26,26,26,26,26,26,26,26,26,26
62723,1,1,1997,13,0,0,0,3,0,0,0,0,0
62724,0,1,1997,0,0,0,0,0,0,0,0,0,0
62724,1,1,1997,0,0,0,0,0,0,0,0,0,0
62724,2,1,1997,0,0,0,0,0,0,0,7,0,0
62725,1,1,1997,0,0,0,0,0,0,0,0,0,0
62726,0,1,1997,13,13,13,13,13,13,13,13,13,13
62726,1,1,1997,0,0,0,0,0,0,0,0,0,0
62726,2,1,1997,0,0,0,0,0,0,0,7,0,0
62726,3,1,1997,0,0,0,0,0,0,0,0,12,0
62727,0,1,1997,0,0,0,0,0,0,0,0,0,0
62727,2,1,1997,0,0,0,0,0,0,0,0,0,0
62728,1,1,1997,0,0,0,0,0,0,0,0,0,0
62728,2,1,1997,0,0,0,0,0,0,0,0,0,0
62729,1,1,1997,22,22,22,22,22,22,22,22,22,22
62730,1,1,1997,21,21,21,21,21,21,21,21,21,21
62730,2,1,1997,0,0,0,0,0,0,0,0,0,0
62731,0,1,1997,18,18,18,18,18,18,18,18,18,18
62731,1,1,1997,0,0,11,0,0,0,0,13,17,0
62732,1,1,1997,0,0,0,13,0,0,0,8,0,0
62733,0,1,1997,0,0,0,0,0,0,0,0,0,0
62733,1,1,1997,0,0,0,0,0,0,0,0,0,0
62734,1,1,1997,0,0,0,0,0,0,0,0,0,0
62734,2,1,1997,0,0,0,0,0,0,0,0,0,0
62735,0,1,1997,0,0,0,0,0,0,0,0,0,0
62735,1,1,1997,0,30,0,0,0,0,0,0,0,0
62735,2,1,1997,0,11,13,0,0,0,0,0,0,0
62736,0,1,1997,16,0,16,0,0,0,0,0,0,0
62736,1,1,1997,0,0,0,0,0,0,0,0,0,0
62737,1,1,1997,15,15,15,15,15,15,15,15,15,15
62737,2,1,1997,0,0,0,0,0,0,0,0,0,0
62738,0,1,1997,0,0,0,0,0,0,0,0,0,0
62738,1,1,1997,0,0,0,0,0,0,0,0,0,0
62739,0,1,1997,0,0,0,0,0,0,0,0,0,0
62739,1,1,1997,0,0,0,0,0,0,0,0,0,0
62740,0,1,1997,0,0,0,0,0,0,0,0,0,0
62740,1,1,1997,0,0,0,0,0,0,0,7,0,0
62741,1,1,1997,0,0,0,0,0,0,0,0,0,0
62742,1,1,1997,0,0,0,0,0,0,0,0,0,0
62743,1,1,1997,0,0,0,0,0,0,0,0,0,0
62744,1,1,1997,6,32,15,0,0,0,14,0,0,0
62744,2,1,1997,0,0,0,0,0,0,0,0,0,0
62745,1,1,1997,12,12,12,12,12,12,12,12,12,12
62746,1,1,1997,18,18,18,18,18,18,18,18,18,18
62747,1,1,1997,0,0,0,0,0,0,0,0,0,0
62747,2,1,1997,0,0,0,0,0,0,22,0,0,0
62748,0,1,1997,15,0,0,0,0,20,0,0,0,0
62748,1,1,1997,0,0,0,0,0,0,0,0,0,0
62749,1,1,1997,0,0,0,0,0,0,0,0,0,0
62749,2,1,1997,0,0,0,10,0,0,10,0,0,0
62750,0,1,1997,10,10,10,10,10,10,10,10,10,10
62750,1,1,1997,0,10,0,0,7,0,0,0,0,0
62751,0,1,1997,0,0,0,0,0,0,0,0,0,0
62751,1,1,1997,0,0,0,0,0,0,0,0,0,0
62752,0,1,1997,0,0,0,0,0,0,0,0,0,0
62752,1,1,1997,11,21,0,0,0,0,0,0,0,0
62753,1,1,1997,0,0,0,0,0,0,0,0,0,0
62754,1,1,1997,0,0,0,0,0,0,0,0,0,0
62755,1,1,1997,0,0,0,0,0,0,0,0,0,0
62756,1,1,1997,0,0,0,0,0,0,0,0,0,0
62756,2,1,1997,0,0,0,0,0,0,0,0,0,0
62757,1,1,1997,0,0,0,0,0,0,0,0,0,0
62757,2,1,1997,0,0,0,0,0,0,0,0,0,0
62758,0,1,1997,38,38,38,38,38,38,38,38,38,38
62758,1,1,1997,0,0,0,0,0,0,0,0,0,0
62759,1,1,1997,32,32,32,32,32,32,32,32,32,32
62760,1,1,1997,0,0,0,0,0,0,0,0,0,0
62760,2,1,1997,0,0,0,0,0,0,0,0,0,0
62761,1,1,1997,0,0,0,0,0,0,0,0,0,0
62761,2,1,1997,0,0,0,0,0,2,0,0,0,14
62762,1,1,1997,12,0,32,0,0,13,13,0,15,0
62762,2,1,1997,0,0,0,0,0,0,0,0,0,0
62763,0,1,1997,0,0,0,0,0,0,0,20,0,0
62763,1,1,1997,0,0,0,0,0,0,7,0,0,0
62764,1,1,1997,0,0,0,0,0,0,0,0,0,0
62764,2,1,1997,0,0,0,0,0,0,0,0,0,0
62765,0,1,1997,0,0,0,0,0,0,0,0,0,0
62765,1,1,1997,0,0,0,0,0,0,0,0,0,0
62766,1,1,1997,0,0,0,0,0,0,0,0,13,0
62767,0,1,1997,0,0,0,0,0,0,0,0,0,0
62767,1,1,1997,0,0,0,0,0,0,0,0,0,0
62768,1,1,1997,0,0,0,0,0,0,0,0,0,0
62769,1,1,1997,0,0,0,0,0,0,0,0,0,0
62770,0,1,1997,0,0,0,0,0,0,0,0,0,0
62770,1,1,1997,0,20,0,6,0,0,0,4,14,6
62771,1,1,1997,19,15,0,0,0,6,0,0,0,0
62772,1,1,1997,10,33,14,9,23,12,18,26,8,20
62772,2,1,1997,0,0,0,0,0,0,0,0,0,0
62773,1,1,1997,0,0,0,0,0,0,0,0,0,0
62773,2,1,1997,0,0,0,12,0,0,0,0,0,0
62774,1,1,1997,0,0,0,0,0,0,0,0,0,0
62774,2,1,1997,18,18,18,18,18,18,18,18,18,18
62775,1,1,1997,0,0,0,0,0,0,0,0,0,0
62775,2,1,1997,0,0,0,0,0,0,16,0,0,0
62776,1,1,1997,0,0,0,0,0,0,0,0,0,0
62776,2,1,1997,0,0,0,0,0,0,0,0,0,0
62777,1,1,1997,0,0,0,0,0,0,0,0,0,0
62777,2,1,1997,0,0,0,0,0,0,0,0,0,0
62778,1,1,1997,0,0,0,0,0,0,0,0,0,6
62778,2,1,1997,0,0,0,0,0,0,0,0,0,0
62779,1,1,1997,0,0,0,0,0,0,0,0,0,0
62779,2,1,1997,0,0,0,0,0,0,0,0,0,0
62780,1,1,1997,0,0,0,0,0,0,0,0,0,0
62781,1,1,1997,0,0,0,0,0,0,0,0,0,0
62781,2,1,1997,0,0,0,0,0,0,0,0,0,0
62782,1,1,1997,0,0,0,0,0,0,0,0,0,0
62782,2,1,1997,0,0,0,0,0,0,0,0,0,0
62783,1,1,1997,0,0,0,0,0,0,0,0,0,0
62783,2,1,1997,0,0,0,0,0,0,0,0,0,0
62784,0,1,1997,0,0,0,0,0,0,0,0,0,0
62784,1,1,1997,0,0,0,0,0,0,0,0,0,0
62785,0,1,1997,0,0,0,0,0,0,0,0,0,0
62785,1,1,1997,0,0,0,0,0,18,0,0,0,0
62786,0,1,1997,10,10,10,10,10,10,10,10,10,10
62786,1,1,1997,0,0,0,0,0,0,0,0,0,0
62787,0,1,1997,0,0,0,0,0,0,0,0,0,0
62787,1,1,1997,0,0,0,0,0,0,0,0,0,0
62788,1,1,1997,0,0,0,0,0,0,0,0,0,0
62789,1,1,1997,15,15,15,15,15,15,15,15,15,15
62789,2,1,1997,11,11,11,11,11,11,11,11,11,11
62790,1,1,1997,0,0,0,0,0,0,0,0,0,0
62790,2,1,1997,0,0,0,0,20,0,0,0,0,0
62791,1,1,1997,0,0,0,0,0,0,0,0,0,0
62791,2,1,1997,0,0,0,0,0,0,0,0,0,0
62792,1,1,1997,0,0,0,0,0,0,0,0,0,0
62793,1,1,1997,24,24,24,24,24,24,24,24,24,24
62794,1,1,1997,0,0,0,0,0,0,0,0,0,0
62795,1,1,1997,13,0,0,7,0,0,0,14,10,0
62796,0,1,1997,0,0,0,0,0,0,0,0,0,0
62796,1,1,1997,0,0,0,0,0,0,0,0,0,0
62797,0,1,1997,4,4,4,4,4,4,4,4,4,4
62797,1,1,1997,0,0,0,9,0,0,0,12,0,10
62798,1,1,1997,0,0,0,0,0,0,0,0,0,0
62799,1,1,1997,0,0,0,0,0,4,0,0,5,0
62800,1,1,1997,0,0,0,0,0,0,0,0,0,0
62801,1,1,1997,0,0,0,0,0,0,16,0,0,0
62802,1,1,1997,8,8,8,8,8,8,8,8,8,8
62803,1,1,1997,13,13,13,13,13,13,13,13,13,13
62804,2,1,1997,0,9,0,0,20,0,0,0,0,0
62805,0,1,1997,0,0,0,0,27,0,0,0,0,0
62805,1,1,1997,0,0,0,0,0,0,0,0,0,0
62806,0,1,1997,0,0,0,0,0,0,0,0,0,0
62806,1,1,1997,0,0,0,0,0,0,0,0,0,0
62807,1,1,1997,21,21,21,21,21,21,21,21,21,21
62808,1,1,1997,12,12,12,12,12,12,12,12,12,12
62809,1,1,1997,0,0,0,0,0,0,0,0,0,0
62810,0,1,1997,0,0,0,0,0,0,0,0,0,0
62810,1,1,1997,0,0,0,0,0,0,0,0,0,0
62811,1,1,1997,11,11,11,11,11,11,11,11,11,11
62812,1,1,1997,18,18,18,18,18,18,18,18,18,18
62813,1,1,1997,8,8,8,8,8,8,8,8,8,8
62814,0,1,1997,29,29,29,29,29,29,29,29,29,29
62814,1,1,1997,0,0,0,0,0,0,0,0,0,0
62815,1,1,1997,24,24,24,24,24,24,24,24,24,24
62815,2,1,1997,0,0,4,0,0,0,0,0,0,0
62816,1,1,1997,0,0,0,0,0,0,0,0,0,0
62816,2,1,1997,0,0,0,0,0,0,0,0,0,0
62817,1,1,1997,0,10,0,0,10,0,0,15,0,0
62817,2,1,1997,12,12,12,12,12,12,12,12,12,12
62818,1,1,1997,0,0,0,0,0,0,0,0,0,0
62818,2,1,1997,0,0,0,0,0,0,0,0,0,0
62819,0,1,1997,10,10,10,10,10,10,10,10,10,10
62819,1,1,1997,0,0,0,0,0,0,0,0,0,0
62820,1,1,1997,0,0,0,0,0,0,0,0,0,0