ST_CASE,VEH_NO,PER_NO,YEAR,P1,P2,P3,P4,P5,P6,P7,P8,P9,P10
62820,2,1,1997,0,0,0,0,0,0,16,0,0,0
62821,1,1,1997,0,0,0,0,0,0,0,0,0,0
62821,2,1,1997,0,0,0,0,0,0,0,0,0,0
62822,1,1,1997,0,0,0,0,0,0,0,0,0,0
62822,2,1,1997,19,19,19,19,19,19,19,19,19,19
62823,1,1,1997,31,31,31,31,31,31,31,31,31,31
62823,2,1,1997,0,0,0,0,0,0,0,0,0,0
62824,1,1,1997,0,0,0,0,0,0,0,0,0,0
62824,2,1,1997,15,0,0,0,0,0,0,0,0,0
62825,0,1,1997,0,0,0,0,0,0,0,0,0,0
62825,1,1,1997,0,0,0,0,0,0,0,0,0,0
62826,0,1,1997,0,0,0,0,0,0,0,0,0,0
62826,1,1,1997,0,0,0,0,0,0,0,0,0,0
62827,1,1,1997,13,13,13,13,13,13,13,13,13,13
62828,0,1,1997,0,0,0,0,0,0,0,0,0,0
62828,1,1,1997,0,0,0,0,0,0,0,0,0,0
62828,2,1,1997,0,0,0,0,6,0,0,0,0,17
62829,1,1,1997,0,0,6,0,27,0,14,0,35,0
62830,0,1,1997,0,0,0,0,0,0,0,0,0,0
62830,1,1,1997,0,0,0,0,0,0,0,0,0,0
62831,1,1,1997,0,0,0,0,0,0,0,0,0,0
62831,2,1,1997,0,0,0,0,0,0,0,0,0,0
62831,3,1,1997,0,0,0,0,0,0,0,0,0,6
62831,4,1,1997,0,0,0,0,0,0,0,0,0,0
62832,0,1,1997,0,0,0,0,0,0,0,0,0,0
62832,1,1,1997,0,0,0,0,0,0,0,0,0,0
62833,1,1,1997,0,0,0,0,0,0,0,0,0,0
62834,1,1,1997,27,27,27,27,27,27,27,27,27,27
62834,2,1,1997,0,0,0,0,0,0,0,0,0,0
62835,1,1,1997,30,30,30,30,30,30,30,30,30,30
62836,0,1,1997,33,33,33,33,33,33,33,33,33,33
62836,1,1,1997,0,0,0,0,0,0,0,0,0,0
62836,2,1,1997,0,0,0,0,0,0,0,0,0,0
62837,1,1,1997,19,19,19,19,19,19,19,19,19,19
62838,0,1,1997,0,0,0,0,0,0,0,0,0,0
62838,1,1,1997,0,0,0,0,0,29,0,0,0,0
62839,1,1,1997,0,0,0,0,0,0,0,0,0,0
62840,0,1,1997,2,2,2,2,2,2,2,2,2,2
62840,1,1,1997,2,5,11,3,0,6,12,14,8,15
62841,0,1,1997,0,0,0,0,29,0,0,0,0,0
62841,1,1,1997,0,0,0,0,0,0,0,0,0,0
62842,1,1,1997,0,0,0,0,0,0,0,0,0,0
62843,1,1,1997,15,15,15,15,15,15,15,15,15,15
62844,0,1,1997,0,0,0,0,0,0,0,0,0,0
62844,1,1,1997,0,0,0,0,0,0,0,0,0,0
62845,1,1,1997,0,0,0,0,0,0,0,0,0,0
62846,1,1,1997,0,0,0,10,0,0,0,0,0,0
62847,1,1,1997,0,0,0,0,0,0,0,0,0,0
62848,1,1,1997,0,0,0,0,0,0,0,0,0,0
62849,1,1,1997,0,0,18,0,0,0,0,0,0,0
62850,1,1,1997,0,0,0,0,0,0,0,0,0,0
62851,0,1,1997,0,0,18,29,0,20,0,0,0,0
62851,1,1,1997,0,0,0,0,0,0,0,0,0,0
62852,1,1,1997,14,14,14,14,14,14,14,14,14,14
62853,1,1,1997,3,3,3,3,3,3,3,3,3,3
62854,1,1,1997,0,0,0,0,0,0,0,0,0,0
62855,1,1,1997,3,3,3,3,3,3,3,3,3,3
62857,1,1,1997,0,0,0,0,0,0,0,0,0,0
62858,1,1,1997,0,0,0,0,0,0,0,0,0,0
62858,2,1,1997,0,0,0,0,9,0,0,0,0,0
62859,1,1,1997,0,0,0,0,0,0,0,0,0,0
62859,2,1,1997,0,0,0,0,0,0,0,0,0,0
62860,1,1,1997,21,21,21,21,21,21,21,21,21,21
62861,1,1,1997,0,0,0,0,0,0,0,0,0,0
62862,1,1,1997,0,0,0,0,0,0,0,0,0,0
62862,2,1,1997,0,0,0,0,0,0,0,28,0,0
62863,0,1,1997,0,0,0,0,0,0,0,0,0,0
62863,0,2,1997,0,0,0,0,0,0,0,0,0,0
62863,1,1,1997,0,0,0,0,0,0,0,0,0,0
62864,0,1,1997,0,0,0,0,0,0,0,0,0,0
62864,1,1,1997,0,0,0,0,0,0,0,0,0,0
62865,1,1,1997,0,0,0,0,0,0,0,0,0,0
62865,2,1,1997,0,0,0,0,0,0,0,0,0,0
62865,3,1,1997,0,0,0,0,0,0,0,0,0,0
62865,4,1,1997,0,0,0,0,0,0,0,0,0,0
62865,5,1,1997,0,0,0,0,0,0,0,0,0,0
62866,0,1,1997,0,0,0,0,0,0,0,0,0,0
62866,1,1,1997,0,0,0,0,0,0,0,0,0,0
62867,1,1,1997,0,0,0,0,0,0,0,0,0,0
62867,2,1,1997,0,0,0,0,0,0,0,0,0,0
62868,0,1,1997,8,8,8,8,8,8,8,8,8,8
62868,1,1,1997,0,0,0,0,12,0,0,0,0,0
62869,1,1,1997,7,7,7,7,7,7,7,7,7,7
62869,2,1,1997,2,2,2,2,2,2,2,2,2,2
62870,0,1,1997,0,0,0,0,0,0,0,0,0,0
62870,1,1,1997,0,0,0,0,0,0,0,0,0,0
62871,1,1,1997,2,2,2,2,2,2,2,2,2,2
62871,2,1,1997,0,0,0,0,0,0,0,0,0,0
62872,1,1,1997,0,0,0,0,0,0,0,0,0,0
62873,1,1,1997,0,0,0,0,0,0,0,0,0,0
62874,1,1,1997,0,0,0,0,0,0,0,0,0,0
62875,1,1,1997,27,27,27,27,27,27,27,27,27,27
62875,2,1,1997,14,0,0,8,0,0,0,0,15,0
62875,3,1,1997,0,0,7,0,0,0,8,0,0,0
62876,0,1,1997,32,32,32,32,32,32,32,32,32,32
62876,1,1,1997,0,0,0,0,0,0,0,0,0,0
62877,1,1,1997,0,0,0,0,0,0,0,0,0,0
62877,2,1,1997,0,0,0,0,0,0,0,0,0,0
62878,0,1,1997,12,12,12,12,12,12,12,12,12,12
62878,1,1,1997,0,0,0,0,0,0,0,0,0,0
62879,1,1,1997,7,7,7,7,7,7,7,7,7,7
62879,2,1,1997,0,0,0,0,0,0,0,0,0,0
62880,1,1,1997,0,0,0,0,12,0,0,0,0,4
62880,2,1,1997,0,0,0,0,0,0,0,0,0,0
62881,1,1,1997,0,0,0,0,0,0,0,0,0,0
62881,2,1,1997,0,0,0,0,12,0,0,0,0,0
62882,0,1,1997,29,29,29,29,29,29,29,29,29,29
62882,1,1,1997,0,0,0,0,0,0,0,0,0,0
62883,1,1,1997,6,5,17,20,18,20,9,13,25,29
62883,2,1,1997,0,0,0,0,0,0,0,0,0,0
62884,1,1,1997,23,23,23,23,23,23,23,23,23,23
62885,1,1,1997,0,0,0,0,0,0,0,0,0,0
62885,2,1,1997,0,0,0,0,0,0,0,0,0,0
62886,1,1,1997,0,0,0,0,0,0,0,0,0,0
62886,2,1,1997,0,0,0,0,0,0,0,0,0,0
62887,1,1,1997,0,0,0,0,0,0,0,0,0,0
62887,2,1,1997,0,0,0,0,0,0,0,0,0,0
62887,3,1,1997,0,0,0,0,0,0,0,0,0,0
62888,2,1,1997,0,0,0,0,0,0,0,0,0,0
62889,1,1,1997,0,0,0,0,0,0,0,0,0,0
62889,2,1,1997,0,0,0,0,0,0,0,8,0,0
62890,0,1,1997,0,0,0,0,0,0,0,0,0,0
62890,1,1,1997,10,10,10,10,10,10,10,10,10,10
62891,1,1,1997,0,0,0,0,0,0,0,0,0,0
62891,2,1,1997,0,0,0,0,0,0,0,0,0,0
62892,1,1,1997,0,0,0,0,0,0,0,0,0,0
62892,2,1,1997,0,0,0,0,0,0,0,0,0,0
62892,3,1,1997,0,0,0,0,0,0,0,0,0,0
62893,1,1,1997,5,13,8,17,16,12,4,10,22,3
62894,1,1,1997,0,0,0,0,0,0,0,0,0,0
62895,1,1,1997,9,9,9,9,9,9,9,9,9,9
62896,0,1,1997,0,0,0,0,0,0,0,0,0,0
62896,1,1,1997,0,0,0,0,0,0,0,0,0,0
62897,0,1,1997,27,27,27,27,27,27,27,27,27,27
62897,1,1,1997,0,0,0,0,7,0,0,0,0,0
62898,1,1,1997,19,19,19,19,19,19,19,19,19,19
62899,1,1,1997,0,0,0,0,0,0,0,0,0,0
62900,1,1,1997,0,0,0,0,0,0,0,0,0,0
62901,1,1,1997,2,2,2,2,2,2,2,2,2,2
62901,2,1,1997,0,6,0,0,0,0,0,0,0,0
62902,1,1,1997,12,12,12,12,12,12,12,12,12,12
62902,2,1,1997,0,0,0,0,0,0,0,0,24,0
62903,1,1,1997,0,0,0,0,0,0,0,0,0,0
62903,2,1,1997,0,0,0,0,0,0,4,0,0,0
62904,1,1,1997,24,24,24,24,24,24,24,24,24,24
62904,2,1,1997,0,0,0,0,0,0,0,0,0,0
62905,1,1,1997,0,0,0,0,0,0,0,0,0,0
62906,1,1,1997,0,0,0,0,0,0,0,0,0,0
62906,2,1,1997,0,0,0,0,0,0,0,0,0,0
62907,1,1,1997,0,0,0,0,0,0,0,0,0,0
62907,2,1,1997,0,0,0,0,0,0,0,0,0,0
62907,3,1,1997,0,0,0,0,0,0,0,0,0,0
62908,1,1,1997,0,0,0,0,0,0,0,0,0,0
62908,2,1,1997,0,0,0,0,0,0,0,0,0,0
62909,1,1,1997,0,0,0,0,0,0,0,0,0,0
62910,0,1,1997,0,0,0,0,0,0,0,0,0,0
62910,1,1,1997,0,0,0,0,0,0,0,0,0,0
62911,1,1,1997,0,0,0,0,0,0,0,0,0,0
62912,0,1,1997,0,0,0,0,0,0,0,0,0,0
62912,1,1,1997,0,0,0,0,0,0,0,0,0,0
62913,0,1,1997,27,27,27,27,27,27,27,27,27,27
62913,1,1,1997,0,0,0,0,0,0,7,21,0,0
62914,0,1,1997,0,0,0,0,0,0,0,0,0,0
62914,0,2,1997,0,0,0,0,0,0,0,0,0,0
62914,1,1,1997,0,0,0,0,0,0,0,0,0,0
62915,0,1,1997,0,0,0,0,0,0,0,0,0,0
62915,1,1,1997,0,0,0,0,11,0,0,0,0,0
62916,1,1,1997,1,1,1,1,1,1,1,1,1,1
62917,1,1,1997,0,17,0,0,0,0,10,0,0,0
62918,1,1,1997,0,0,0,0,0,0,0,0,0,0
62919,1,1,1997,14,14,14,14,14,14,14,14,14,14
62920,0,1,1997,8,8,8,8,8,8,8,8,8,8
62920,1,1,1997,0,0,0,0,0,0,0,0,0,0
62921,1,1,1997,10,0,0,0,0,0,0,0,0,0
62922,0,1,1997,0,0,0,0,0,0,0,0,0,0
62922,1,1,1997,0,0,0,0,0,0,0,0,0,0
62923,0,1,1997,0,0,0,0,0,0,0,0,0,0
62923,1,1,1997,0,0,0,0,0,0,0,0,0,0
62924,1,1,1997,22,22,22,22,22,22,22,22,22,22
62925,0,1,1997,0,0,0,0,0,0,0,0,0,0
62925,1,1,1997,0,0,0,0,0,0,0,0,0,0
62926,1,1,1997,21,21,21,21,21,21,21,21,21,21
62927,1,1,1997,0,0,0,0,0,0,0,0,0,0
62928,1,1,1997,0,0,0,0,0,0,0,0,0,0
62929,1,1,1997,0,0,0,0,0,0,0,0,0,0
62930,0,1,1997,28,28,28,28,28,28,28,28,28,28
62930,1,1,1997,0,0,0,0,0,23,0,8,0,0
62931,1,1,1997,0,0,0,0,0,0,0,0,0,0
62932,0,1,1997,20,20,20,20,20,20,20,20,20,20
62932,1,1,1997,0,0,0,0,0,0,0,0,0,0
62933,1,1,1997,0,0,0,0,0,0,0,0,0,0
62934,1,1,1997,0,0,0,0,0,0,0,0,0,0
62934,2,1,1997,0,0,0,0,0,0,0,0,0,0
62935,1,1,1997,0,9,0,0,19,31,19,27,0,9
62935,2,1,1997,0,0,0,0,0,0,0,0,0,0
62935,3,1,1997,0,0,0,0,0,0,0,0,0,0
62935,4,1,1997,0,0,0,0,0,0,0,0,0,0
62936,0,1,1997,0,0,0,0,0,0,0,0,0,0
62936,1,1,1997,18,18,18,18,18,18,18,18,18,18
62937,1,1,1997,0,0,0,0,0,0,0,0,0,0
62937,2,1,1997,0,0,0,0,0,0,0,0,0,0
62937,3,1,1997,0,0,0,0,0,0,0,0,0,0
62937,4,1,1997,0,0,0,0,0,0,0,0,0,0
62938,1,1,1997,0,0,0,0,0,0,0,0,0,0
62938,2,1,1997,0,6,0,0,0,0,0,0,0,0
62939,0,1,1997,0,0,0,0,0,0,0,0,0,0
62939,1,1,1997,0,0,0,0,0,0,0,0,0,0
62940,0,1,1997,0,0,0,0,0,0,0,0,0,0
62940,1,1,1997,0,0,0,0,0,0,0,0,4,0
62941,1,1,1997,0,0,0,0,0,0,0,0,0,0
62941,2,1,1997,0,0,0,0,0,0,0,0,0,0
62942,1,1,1997,17,17,17,17,17,17,17,17,17,17
62942,2,1,1997,0,0,0,0,0,0,0,0,0,0
62943,1,1,1997,0,0,0,0,0,0,0,0,0,0
62944,1,1,1997,0,0,0,0,0,0,0,0,0,0
62944,2,1,1997,0,0,0,0,0,0,0,0,0,0
62945,0,1,1997,0,0,0,0,0,0,0,0,0,0
62945,1,1,1997,0,0,0,0,0,0,0,0,0,0
62946,1,1,1997,15,15,15,15,15,15,15,15,15,15
62946,2,1,1997,0,0,0,0,0,0,0,0,0,0
62946,3,1,1997,0,0,0,0,0,0,0,29,0,16
62947,1,1,1997,0,0,0,0,0,0,0,0,0,0
62948,1,1,1997,0,0,0,0,0,0,0,0,0,0
62949,0,1,1997,14,14,14,14,14,14,14,14,14,14
62949,1,1,1997,0,0,0,0,0,0,0,0,0,0
62950,0,1,1997,0,0,0,0,0,0,0,0,0,0
62950,1,1,1997,0,0,0,0,0,0,0,0,0,0
62951,1,1,1997,0,0,0,0,0,0,0,0,0,0
62952,1,1,1997,16,16,16,16,16,16,16,16,16,16
62953,1,1,1997,0,0,0,0,0,0,0,0,0,0
62953,2,1,1997,0,0,0,0,7,0,0,23,0,0
62954,0,1,1997,0,0,0,0,0,0,0,0,0,0
62954,1,1,1997,8,0,0,0,0,0,0,0,0,0
62955,1,1,1997,8,8,8,8,8,8,8,8,8,8
62955,2,1,1997,0,0,0,0,0,0,0,0,0,0
62956,1,1,1997,0,0,0,0,0,0,0,0,0,0
62956,2,1,1997,0,0,0,0,0,0,0,0,0,0
62957,0,1,1997,4,4,4,4,4,4,4,4,4,4
62957,1,1,1997,4,4,4,4,4,4,4,4,4,4
62958,1,1,1997,0,0,0,0,0,0,0,0,0,0
62958,2,1,1997,0,0,0,0,0,0,0,0,0,0
62959,1,1,1997,0,0,0,0,0,0,0,0,0,0
62959,2,1,1997,0,0,0,0,0,0,0,0,0,0
62960,1,1,1997,0,0,0,0,0,0,0,0,0,0
62960,2,1,1997,0,0,0,0,0,0,0,0,0,0
62961,1,1,1997,0,0,0,0,0,0,0,0,0,0
62961,2,1,1997,0,0,0,0,0,0,0,0,0,0
62962,1,1,1997,0,0,0,0,0,0,0,0,0,0
62962,2,1,1997,0,0,0,0,0,0,0,0,0,0
62962,3,1,1997,0,0,0,0,0,0,0,0,0,0
62963,1,1,1997,17,17,17,17,17,17,17,17,17,17
62964,1,1,1997,20,20,20,20,20,20,20,20,20,20
62964,2,1,1997,0,0,0,0,0,0,0,0,0,0
62965,0,1,1997,0,0,0,0,0,0,0,0,0,0
62965,1,1,1997,0,0,0,0,0,0,0,0,0,0
62966,0,1,1997,0,0,6,0,0,21,16,0,26,28
62966,1,1,1997,11,0,0,0,19,0,0,0,14,0
62967,1,1,1997,24,24,24,24,24,24,24,24,24,24
62968,1,1,1997,18,18,18,18,18,18,18,18,18,18
62969,0,1,1997,16,16,16,16,16,16,16,16,16,16
62969,1,1,1997,16,24,12,0,0,20,0,0,0,0
62970,0,1,1997,0,0,0,0,0,0,0,0,0,0
62971,1,1,1997,0,0,0,0,0,0,0,0,0,0
62971,2,1,1997,0,0,0,0,0,0,0,0,0,0
62972,0,1,1997,38,22,31,32,19,0,16,0,18,24
62972,1,1,1997,0,0,0,0,0,0,0,0,0,0
62973,1,1,1997,20,20,20,20,20,20,20,20,20,20
62974,1,1,1997,26,26,26,26,26,26,26,26,26,26
62974,2,1,1997,0,0,0,0,0,0,0,0,0,0
62975,0,1,1997,0,0,0,0,0,0,0,0,0,0
62975,1,1,1997,0,0,0,0,0,0,0,0,0,0
62975,2,1,1997,0,0,0,0,0,18,0,0,4,6
62976,1,1,1997,13,0,0,0,0,0,0,0,0,11
62976,2,1,1997,0,0,0,0,0,0,0,0,0,0
62977,0,1,1997,0,0,0,0,0,0,0,0,0,0
62977,0,2,1997,0,16,10,49,0,22,16,23,0,0
62977,1,1,1997,0,0,0,0,0,0,0,0,0,0
62977,2,1,1997,4,4,4,4,4,4,4,4,4,4
62978,1,1,1997,0,0,0,0,0,0,0,0,0,0
62979,1,1,1997,0,0,0,0,0,0,0,0,0,0
62980,1,1,1997,2,2,2,2,2,2,2,2,2,2
62981,0,1,1997,23,23,23,23,23,23,23,23,23,23
62981,1,1,1997,0,0,0,0,0,0,0,0,0,0
62982,1,1,1997,37,37,37,37,37,37,37,37,37,37
62983,0,1,1997,0,0,0,0,0,0,0,0,0,0
62983,1,1,1997,0,0,0,0,0,0,8,0,0,0
62984,0,1,1997,0,0,0,0,0,0,0,0,0,0
62984,1,1,1997,0,0,0,0,0,0,0,0,0,0
62985,0,1,1997,0,0,0,0,0,0,0,0,0,0
62985,1,1,1997,0,0,0,0,0,0,0,0,0,0
62986,0,1,1997,0,0,0,0,0,0,0,0,0,0
62986,1,1,1997,0,0,0,0,0,0,0,0,0,0
62987,1,1,1997,25,25,25,25,25,25,25,25,25,25
62988,0,1,1997,23,23,23,23,23,23,23,23,23,23
62988,1,1,1997,0,3,0,4,0,0,0,0,0,0
62989,0,1,1997,31,31,31,31,31,31,31,31,31,31
62989,1,1,1997,0,0,0,0,0,0,0,0,0,0
62990,1,1,1997,2,2,2,2,2,2,2,2,2,2
62991,1,1,1997,12,0,19,0,0,0,0,0,29,5
62992,0,1,1997,0,0,0,0,0,0,0,0,0,0
62992,1,1,1997,0,0,0,0,0,0,0,0,0,0
62993,1,1,1997,0,0,0,0,0,0,0,0,0,0
62993,2,1,1997,0,0,0,0,0,0,0,0,0,0
62994,1,1,1997,0,0,0,0,0,0,0,0,0,0
62994,2,1,1997,0,0,0,0,0,0,0,0,0,0
62995,1,1,1997,3,3,3,3,3,3,3,3,3,3
62995,2,1,1997,0,0,0,0,0,0,0,0,0,0
62995,3,1,1997,2,2,2,2,2,2,2,2,2,2
62996,1,1,1997,0,0,0,0,0,0,0,0,0,0
62996,2,1,1997,0,0,0,0,0,0,0,0,0,0
62997,1,1,1997,13,13,13,13,13,13,13,13,13,13
62997,2,1,1997,22,18,4,12,31,16,18,7,15,12
62998,1,1,1997,0,0,0,0,0,0,0,0,0,0
62998,2,1,1997,0,0,0,0,0,0,0,0,0,0
62998,3,1,1997,0,0,0,0,0,0,0,0,0,0
62999,1,1,1997,0,0,0,0,0,0,0,0,0,0
62999,2,1,1997,0,0,0,0,0,0,0,0,0,0
62999,3,1,1997,0,0,0,0,0,0,0,0,0,0
63000,1,1,1997,0,0,0,0,0,0,0,0,0,0
63000,2,1,1997,0,0,0,0,0,0,0,0,0,0
63001,1,1,1997,6,6,6,6,6,6,6,6,6,6
63001,2,1,1997,0,0,0,0,0,0,11,0,0,0
63002,1,1,1997,12,12,12,12,12,12,12,12,12,12
63002,2,1,1997,0,0,0,0,0,0,0,0,0,0
63003,1,1,1997,0,0,0,0,0,0,0,0,0,0
63003,2,1,1997,0,0,0,0,0,0,0,0,0,0
63004,1,1,1997,0,0,0,0,0,0,0,0,0,0
63004,2,1,1997,0,0,0,0,0,0,0,0,0,0
63005,0,1,1997,0,0,0,0,0,0,0,0,0,0
63005,1,1,1997,12,21,0,0,0,26,17,11,13,15
63006,1,1,1997,0,0,0,0,0,0,0,0,0,0
63006,2,1,1997,3,3,3,3,3,3,3,3,3,3
63007,1,1,1997,22,22,22,22,22,22,22,22,22,22
63007,2,1,1997,0,0,0,0,0,0,0,0,0,0
63008,1,1,1997,0,0,0,0,0,0,0,0,0,0
63008,2,1,1997,0,0,0,0,0,0,0,0,0,0
63009,0,1,1997,0,0,0,0,0,0,0,0,0,0
63009,1,1,1997,3,3,3,3,3,3,3,3,3,3
63010,0,1,1997,0,0,0,0,0,0,0,0,0,0
63010,1,1,1997,0,0,0,0,0,0,0,0,0,0
63011,1,1,1997,22,22,22,22,22,22,22,22,22,22
63011,2,1,1997,0,0,0,0,0,0,0,0,0,0
63011,3,1,1997,0,0,0,0,0,0,0,0,0,0
63011,4,1,1997,0,0,0,0,0,0,0,0,0,0
63012,1,1,1997,4,4,4,4,4,4,4,4,4,4
63012,2,1,1997,0,0,0,0,0,0,0,0,0,0
63012,3,1,1997,0,0,0,0,0,0,0,0,0,0
63013,1,1,1997,0,0,0,0,0,0,0,0,0,0
63013,2,1,1997,0,0,0,0,0,0,6,0,0,0
63014,1,1,1997,0,0,0,0,0,0,0,0,0,0
63014,2,1,1997,0,0,0,0,0,0,0,0,0,0
63015,1,1,1997,0,0,0,0,0,0,0,0,0,0
63015,2,1,1997,0,0,0,0,0,0,0,0,0,0
63016,0,1,1997,0,0,0,0,0,0,0,0,0,0
63016,1,1,1997,0,0,0,0,0,0,0,0,0,0
63017,0,1,1997,0,0,0,0,0,0,0,0,0,0
63017,2,1,1997,0,0,0,0,0,0,0,0,0,0
63017,3,1,1997,0,0,0,0,0,0,0,0,0,0
63017,4,1,1997,0,0,0,0,0,0,0,0,0,0
63018,1,1,1997,0,0,0,0,0,0,0,0,0,0
63018,2,1,1997,0,0,0,0,0,0,0,0,0,0
63019,1,1,1997,0,0,25,6,0,8,0,18,0,39
63020,1,1,1997,0,0,0,0,0,0,0,0,7,0
63020,2,1,1997,0,0,0,0,0,0,0,0,0,0
63021,0,1,1997,16,28,26,12,0,24,0,0,18,0
63021,1,1,1997,5,0,21,0,0,0,0,0,25,0
63022,1,1,1997,9,9,9,9,9,9,9,9,9,9
63023,1,1,1997,0,0,0,0,0,0,0,0,0,0
63023,2,1,1997,0,0,0,0,0,0,0,0,0,0
63023,3,1,1997,0,0,0,0,0,0,0,0,0,0
63024,0,1,1997,0,0,0,0,0,0,0,0,0,0
63024,1,1,1997,0,0,0,0,0,0,0,0,0,0
63025,1,1,1997,0,0,0,0,0,0,0,0,0,0
63026,0,1,1997,0,0,0,0,0,0,0,0,0,0
63026,1,1,1997,0,0,0,0,0,0,0,0,0,0
63027,0,1,1997,20,20,20,20,20,20,20,20,20,20
63027,1,1,1997,0,26,8,9,12,20,36,0,37,0
63028,1,1,1997,18,18,18,18,18,18,18,18,18,18
63029,1,1,1997,0,0,0,0,0,0,0,0,0,0
63030,1,1,1997,0,13,0,0,0,0,0,0,0,0
63030,2,1,1997,0,0,0,0,0,0,0,0,0,0
63031,1,1,1997,0,0,0,0,0,0,9,0,0,0
63031,2,1,1997,0,0,0,0,0,0,0,0,0,0
63032,1,1,1997,0,0,0,0,0,0,0,0,0,0
63032,2,1,1997,0,0,0,0,0,0,0,0,0,0
63033,1,1,1997,3,7,14,12,14,10,18,16,10,27
63033,2,1,1997,8,8,8,8,8,8,8,8,8,8
63033,3,1,1997,0,0,6,0,0,0,0,0,0,0
63034,1,1,1997,0,0,0,0,0,0,0,0,0,0
63034,2,1,1997,0,0,0,0,0,0,0,0,0,0
63035,1,1,1997,0,0,0,0,0,0,0,0,0,0
63036,1,1,1997,8,8,8,8,8,8,8,8,8,8
63037,0,1,1997,0,0,0,0,0,0,0,0,0,0
63037,1,1,1997,0,0,0,0,0,0,0,0,0,0
63038,0,1,1997,0,0,0,0,0,0,0,0,0,0
63038,0,2,1997,0,0,0,0,0,0,0,0,0,0
63038,1,1,1997,0,0,0,0,0,0,12,23,12,9
63039,1,1,1997,0,0,0,0,0,0,0,0,0,0
63040,1,1,1997,0,0,0,0,0,0,0,0,0,0
63040,2,1,1997,0,0,0,0,0,0,0,0,0,0
63041,1,1,1997,0,0,0,0,0,0,0,0,0,0
63041,2,1,1997,0,0,0,0,0,0,0,0,0,0
63042,0,1,1997,0,0,0,0,0,0,0,0,0,0
63042,1,1,1997,0,12,0,0,0,0,0,0,0,0
63042,2,1,1997,0,0,0,0,0,0,0,16,9,0
63042,3,1,1997,0,0,0,0,0,0,0,0,0,0
63043,0,1,1997,0,0,0,0,0,0,0,0,0,0
63043,1,1,1997,0,0,0,0,0,0,0,0,0,0
63044,1,1,1997,0,0,0,0,0,0,0,0,0,0
63044,2,1,1997,0,0,0,0,0,0,0,0,0,0
63044,3,1,1997,0,0,0,0,0,0,0,0,0,0
63044,4,1,1997,0,37,0,0,0,0,0,0,0,0
63045,0,1,1997,19,19,19,19,19,19,19,19,19,19
63045,1,1,1997,0,0,0,0,0,0,0,0,0,0
63046,1,1,1997,0,0,0,0,0,0,0,0,0,0
63047,0,1,1997,0,0,0,0,0,0,0,0,0,0
63047,1,1,1997,0,0,0,0,0,0,0,0,0,0
63048,1,1,1997,12,0,0,0,0,0,0,0,0,0
63049,1,1,1997,0,0,0,0,0,0,0,0,0,15
63050,1,1,1997,0,0,0,0,0,0,0,0,0,0
63051,1,1,1997,10,10,10,10,10,10,10,10,10,10
63052,1,1,1997,0,0,0,0,0,0,0,0,0,0
63053,0,1,1997,18,18,18,18,18,18,18,18,18,18
63053,1,1,1997,11,0,0,0,0,0,0,0,0,0
63054,1,1,1997,11,11,11,11,11,11,11,11,11,11
63055,0,1,1997,24,40,0,0,20,0,34,34,10,0
63055,1,1,1997,0,0,15,0,0,0,0,0,0,0
63056,1,1,1997,0,0,0,0,0,0,0,0,0,0
63056,2,1,1997,0,0,0,0,0,0,0,0,0,0
63057,1,1,1997,0,0,0,0,0,0,0,0,0,0
63057,2,1,1997,20,0,0,0,0,0,0,3,0,0
63058,0,1,1997,17,10,0,26,18,33,16,0,15,12
63058,1,1,1997,12,12,12,12,12,12,12,12,12,12
63058,2,1,1997,13,12,15,0,15,16,0,9,0,13
63059,1,1,1997,0,0,0,0,0,0,18,0,0,0
63059,2,1,1997,0,0,0,0,0,0,0,0,0,0
63060,0,1,1997,14,14,14,14,14,14,14,14,14,14
63060,0,2,1997,7,7,7,7,7,7,7,7,7,7
63060,0,3,1997,0,23,0,0,26,20,0,11,15,0
63060,1,1,1997,0,22,0,0,0,0,11,9,0,16
63061,1,1,1997,0,0,0,0,0,0,0,0,0,0
63061,2,1,1997,9,12,7,24,11,23,20,14,15,3
63062,0,1,1997,0,0,0,0,0,0,0,0,0,0
63062,1,1,1997,0,0,0,0,0,0,0,0,0,0
63063,1,1,1997,0,0,0,0,0,0,0,0,0,0
63063,2,1,1997,0,0,0,0,0,0,0,0,0,0
63064,1,1,1997,0,0,0,0,0,0,0,0,0,0
63064,2,1,1997,0,0,0,4,0,0,0,0,0,0
63065,1,1,1997,28,28,28,28,28,28,28,28,28,28