ST_CASE,VEH_NO,PER_NO,YEAR,P1,P2,P3,P4,P5,P6,P7,P8,P9,P10
63066,0,1,1997,17,17,17,17,17,17,17,17,17,17
63066,1,1,1997,0,14,0,0,0,0,0,0,0,0
63066,2,1,1997,0,0,0,0,0,0,0,0,0,0
63066,3,1,1997,0,0,0,0,0,20,0,0,0,0
63067,1,1,1997,0,9,0,0,0,0,0,0,3,0
63067,2,1,1997,0,30,0,0,0,10,0,0,0,0
63067,3,1,1997,0,0,0,0,0,0,0,0,0,0
63068,1,1,1997,0,0,0,0,0,0,0,0,0,0
63068,2,1,1997,0,0,0,0,0,0,0,0,0,0
63069,1,1,1997,0,0,0,0,0,0,0,0,0,0
63070,1,1,1997,0,0,0,0,0,0,0,0,0,0
63071,1,1,1997,20,20,20,20,20,20,20,20,20,20
63072,0,1,1997,0,0,24,19,8,19,37,0,0,0
63072,1,1,1997,10,30,16,0,0,0,0,8,0,0
63073,1,1,1997,0,0,0,0,0,0,0,0,0,0
63074,0,1,1997,0,0,0,0,0,0,0,0,0,0
63074,1,1,1997,24,24,24,24,24,24,24,24,24,24
63075,1,1,1997,24,24,24,24,24,24,24,24,24,24
63075,2,1,1997,0,0,0,6,0,0,0,0,0,0
63076,1,1,1997,0,0,0,18,19,23,13,6,0,0
63077,1,1,1997,0,0,0,0,0,0,0,0,0,0
63078,1,1,1997,21,21,21,21,21,21,21,21,21,21
63079,0,1,1997,26,26,26,26,26,26,26,26,26,26
63079,1,1,1997,30,0,0,0,18,0,0,0,0,0
63080,1,1,1997,13,13,13,13,13,13,13,13,13,13
63081,1,1,1997,0,0,0,0,12,0,8,0,0,0
63082,1,1,1997,0,0,0,0,0,0,0,0,0,0
63083,0,1,1997,0,0,0,0,0,0,0,0,0,0
63083,1,1,1997,0,0,0,0,0,25,0,0,0,0
63084,0,1,1997,0,0,0,0,0,0,0,0,0,0
63084,1,1,1997,0,15,0,0,0,13,14,0,0,0
63085,1,1,1997,23,23,23,23,23,23,23,23,23,23
63086,0,1,1997,0,0,0,0,0,0,0,0,0,0
63086,1,1,1997,0,0,0,0,0,0,14,0,0,0
63087,1,1,1997,13,13,13,13,13,13,13,13,13,13
63087,2,1,1997,0,0,0,0,0,0,0,0,0,0
63087,3,1,1997,0,0,0,0,0,0,0,0,0,0
63088,1,1,1997,0,0,0,0,0,0,0,0,0,0
63088,2,1,1997,0,0,0,0,0,0,0,0,0,0
63089,0,1,1997,0,0,0,0,0,0,0,0,0,0
63089,1,1,1997,0,0,0,0,0,0,0,0,0,0
63090,0,1,1997,0,0,9,23,19,0,19,0,0,21
63090,1,1,1997,0,0,14,0,0,0,0,0,0,0
63091,0,1,1997,0,0,0,0,0,0,0,0,0,0
63091,1,1,1997,0,0,0,0,0,0,0,0,0,0
63092,0,1,1997,0,0,0,0,0,0,0,0,0,0
63092,1,1,1997,0,0,0,0,0,0,0,0,0,0
63093,1,1,1997,23,23,23,23,23,23,23,23,23,23
63094,1,1,1997,5,5,5,5,5,5,5,5,5,5
63095,1,1,1997,0,0,0,0,0,0,0,0,0,0
63095,2,1,1997,27,0,0,0,0,0,0,0,0,0
63096,1,1,1997,0,0,0,0,0,0,0,0,0,0
63096,2,1,1997,0,0,0,0,0,0,0,0,0,0
63097,1,1,1997,0,0,0,0,0,0,0,0,0,0
63097,2,1,1997,0,0,0,0,0,0,0,0,0,0
63098,1,1,1997,26,26,26,26,26,26,26,26,26,26
63098,2,1,1997,0,0,0,0,0,0,0,0,0,0
63099,1,1,1997,0,0,0,0,0,0,0,0,0,0
63099,2,1,1997,0,0,0,0,0,0,0,0,0,0
63100,1,1,1997,6,6,6,6,6,6,6,6,6,6
63100,2,1,1997,13,13,13,13,13,13,13,13,13,13
63101,1,1,1997,0,0,0,0,0,0,0,0,0,0
63101,2,1,1997,0,0,0,0,0,0,0,0,0,0
63102,0,1,1997,0,0,0,0,0,0,0,0,0,0
63102,1,1,1997,0,0,0,0,0,0,0,0,0,0
63103,1,1,1997,25,25,25,25,25,25,25,25,25,25
63104,1,1,1997,3,3,3,3,3,3,3,3,3,3
63105,1,1,1997,0,0,0,0,0,0,0,0,0,0
63105,2,1,1997,0,0,0,0,0,0,0,0,0,0
63106,1,1,1997,0,0,0,0,0,0,0,0,0,0
63106,2,1,1997,0,0,0,0,0,0,0,0,0,0
63107,1,1,1997,0,0,0,0,0,0,0,0,0,0
63107,2,1,1997,12,12,10,13,6,6,10,6,26,4
63108,1,1,1997,0,0,0,0,0,0,0,0,0,0
63108,2,1,1997,6,6,6,6,6,6,6,6,6,6
63108,3,1,1997,0,0,0,0,0,0,0,0,0,0
63109,1,1,1997,0,0,0,0,0,0,0,0,0,0
63109,2,1,1997,0,0,0,0,0,0,0,0,0,0
63110,1,1,1997,0,0,0,0,0,0,16,0,0,0
63110,2,1,1997,0,0,0,0,0,0,0,0,0,0
63111,1,1,1997,0,0,0,0,0,0,0,0,0,0
63111,2,1,1997,0,0,0,0,0,0,0,0,0,0
63112,1,1,1997,0,0,0,0,0,0,0,0,0,0
63112,2,1,1997,0,0,0,0,0,0,0,0,0,0
63113,1,1,1997,0,0,0,0,0,0,0,0,0,0
63113,2,1,1997,0,0,0,0,0,0,0,0,0,0
63114,1,1,1997,0,0,0,0,0,0,0,0,0,0
63114,2,1,1997,0,0,0,0,0,0,0,0,0,0
63115,1,1,1997,14,14,14,14,14,14,14,14,14,14
63115,2,1,1997,0,0,0,0,0,0,0,0,0,0
63116,1,1,1997,0,0,0,0,0,0,0,0,0,0
63117,1,1,1997,21,21,21,21,21,21,21,21,21,21
63118,1,1,1997,14,14,14,14,14,14,14,14,14,14
63119,0,1,1997,0,0,0,0,0,0,0,0,0,0
63119,1,1,1997,0,0,0,0,0,0,0,0,0,0
63119,2,1,1997,0,0,0,0,0,0,0,0,0,0
63120,0,1,1997,0,0,0,0,0,0,0,0,0,0
63120,1,1,1997,1,1,1,1,1,1,1,1,1,1
63120,2,1,1997,0,0,10,0,0,0,0,0,0,0
63121,1,1,1997,0,0,0,0,0,0,0,0,0,0
63122,1,1,1997,0,0,0,0,0,0,0,0,0,0
63122,2,1,1997,26,26,26,26,26,26,26,26,26,26
63123,1,1,1997,0,0,0,0,0,0,0,0,0,0
63123,2,1,1997,0,0,0,0,16,0,0,0,0,0
63124,1,1,1997,0,0,0,0,0,0,0,0,0,0
63125,1,1,1997,17,17,17,17,17,17,17,17,17,17
63125,2,1,1997,0,0,0,0,0,0,0,0,0,0
63125,3,1,1997,0,0,0,0,0,0,0,0,0,0
63126,1,1,1997,0,0,0,0,0,0,0,0,0,0
63126,2,1,1997,0,0,0,0,0,0,0,0,0,0
63127,1,1,1997,0,0,0,0,0,0,0,0,0,0
63128,0,1,1997,0,0,0,0,0,0,0,0,0,0
63128,1,1,1997,0,0,0,0,0,0,17,0,0,0
63129,0,1,1997,12,12,12,12,12,12,12,12,12,12
63129,1,1,1997,0,0,0,0,0,0,0,0,0,0
63130,0,1,1997,0,0,0,0,0,0,0,0,0,0
63130,1,1,1997,0,0,0,0,0,0,0,0,0,0
63131,1,1,1997,0,0,2,0,0,0,0,0,0,0
63131,2,1,1997,0,0,0,0,0,0,0,0,0,0
63132,1,1,1997,0,0,0,0,0,0,0,0,0,0
63132,2,1,1997,0,0,0,0,0,0,0,0,0,0
63133,1,1,1997,0,23,0,0,0,0,0,0,0,0
63133,2,1,1997,0,0,0,0,0,0,0,0,0,0
63134,1,1,1997,0,25,0,0,0,0,0,0,0,0
63134,2,1,1997,0,0,0,0,0,0,0,0,0,0
63134,3,1,1997,0,0,0,0,0,0,0,0,0,0
63135,1,1,1997,0,0,0,0,0,0,0,0,0,0
63135,2,1,1997,0,0,0,0,0,0,0,0,0,0
63136,1,1,1997,0,0,0,0,0,0,0,0,0,0
63136,2,1,1997,0,0,0,0,0,0,0,0,0,0
63137,1,1,1997,16,0,0,0,0,0,0,0,0,0
63137,2,1,1997,0,0,0,0,0,0,0,0,0,0
63138,1,1,1997,15,15,15,15,15,15,15,15,15,15
63139,1,1,1997,0,0,0,0,0,17,0,0,0,0
63140,0,1,1997,0,0,0,0,0,0,0,0,0,0
63140,1,1,1997,0,0,0,0,0,0,15,0,0,0
63141,1,1,1997,0,0,0,0,0,0,0,0,0,0
63141,2,1,1997,0,0,0,0,0,0,0,0,0,0
63142,1,1,1997,8,0,0,0,0,18,8,6,13,0
63142,2,1,1997,24,24,24,24,24,24,24,24,24,24
63142,3,1,1997,0,0,0,0,0,0,0,0,0,0
63143,1,1,1997,0,0,0,0,0,0,0,0,0,0
63143,2,1,1997,0,0,0,0,0,0,0,0,0,0
63144,1,1,1997,0,0,0,0,0,0,0,0,0,0
63144,2,1,1997,0,0,5,0,0,0,0,0,0,0
63145,2,1,1997,0,0,0,0,0,0,0,0,0,0
63146,1,1,1997,0,0,0,0,0,0,0,0,0,0
63146,2,1,1997,0,0,0,0,0,0,0,0,0,0
63147,1,1,1997,0,0,0,0,0,0,0,0,0,0
63147,2,1,1997,0,0,0,0,0,0,0,0,0,0
63147,3,1,1997,0,0,0,0,0,0,0,0,0,0
63148,1,1,1997,0,0,30,0,0,0,0,0,0,0
63148,2,1,1997,0,0,0,8,0,0,0,0,15,0
63149,1,1,1997,19,19,19,19,19,19,19,19,19,19
63150,1,1,1997,0,0,0,0,0,0,0,0,0,0
63150,2,1,1997,41,41,41,41,41,41,41,41,41,41
63151,0,1,1997,0,0,0,0,0,0,0,0,0,0
63151,1,1,1997,0,0,0,0,0,0,0,0,0,0
63152,0,1,1997,0,0,0,0,0,0,0,0,0,0
63152,1,1,1997,0,0,0,0,0,0,0,0,0,0
63153,1,1,1997,28,28,28,28,28,28,28,28,28,28
63154,1,1,1997,0,0,0,0,0,0,0,0,0,0
63154,2,1,1997,0,0,0,0,0,0,0,0,0,0
63155,0,1,1997,9,9,9,9,9,9,9,9,9,9
63155,1,1,1997,0,0,0,0,0,0,0,0,0,0
63156,1,1,1997,0,0,0,0,0,0,0,0,0,0
63156,2,1,1997,0,0,0,0,0,0,0,0,0,0
63157,1,1,1997,0,0,0,0,0,0,0,0,0,0
63157,2,1,1997,0,0,0,0,0,0,0,0,0,0
63158,0,1,1997,0,0,0,0,0,0,0,0,0,0
63158,1,1,1997,0,0,0,0,0,0,0,0,0,0
63159,1,1,1997,14,14,14,14,14,14,14,14,14,14
63159,2,1,1997,0,0,0,0,0,0,0,0,0,0
63160,1,1,1997,0,0,0,0,0,0,0,0,0,0
63160,2,1,1997,0,0,0,0,0,0,0,0,0,0
63161,0,1,1997,0,0,0,0,0,0,0,0,0,0
63161,1,1,1997,22,22,22,22,22,22,22,22,22,22
63162,0,1,1997,0,13,0,0,0,0,0,0,0,0
63162,1,1,1997,0,0,0,0,0,0,0,0,0,0
63163,1,1,1997,0,0,0,0,0,0,0,0,0,0
63164,0,1,1997,0,0,0,0,0,0,0,0,0,0
63164,1,1,1997,0,0,0,0,0,0,0,0,0,0
63165,1,1,1997,0,0,0,0,0,0,28,0,0,0
63166,1,1,1997,0,0,0,0,0,0,0,0,0,0
63166,2,1,1997,0,0,0,0,0,0,0,0,0,0
63167,0,1,1997,0,0,0,0,0,0,0,0,0,0
63168,0,1,1997,0,0,0,0,0,0,0,0,0,0
63168,1,1,1997,0,0,0,0,0,0,0,0,0,0
63169,0,1,1997,0,0,0,0,0,0,0,0,0,0
63169,1,1,1997,8,8,8,8,8,8,8,8,8,8
63170,1,1,1997,0,13,0,0,0,0,0,0,42,0
63171,1,1,1997,0,0,0,0,0,0,0,0,0,0
63172,0,1,1997,0,0,0,0,0,0,0,0,0,0
63172,1,1,1997,0,0,0,0,0,0,0,0,0,0
63173,0,1,1997,0,0,0,0,0,0,0,0,0,0
63173,1,1,1997,0,0,0,0,0,0,0,0,0,0
63174,0,1,1997,0,0,0,0,0,0,0,0,0,0
63174,1,1,1997,0,0,0,0,0,0,0,0,0,0
63175,0,1,1997,0,0,0,0,0,0,0,0,0,0
63175,1,1,1997,0,9,0,0,0,0,0,0,10,11
63176,0,1,1997,0,0,0,0,0,0,0,0,0,0
63176,1,1,1997,0,0,0,0,0,0,0,0,0,0
63177,0,1,1997,34,34,34,34,34,34,34,34,34,34
63177,1,1,1997,0,0,0,0,0,0,0,0,0,0
63178,0,1,1997,0,0,0,0,0,0,0,0,0,0
63178,1,1,1997,22,22,22,22,22,22,22,22,22,22
63179,0,1,1997,0,27,0,0,0,26,0,0,0,0
63179,1,1,1997,0,0,0,0,0,0,0,0,0,0
63180,0,1,1997,22,22,22,22,22,22,22,22,22,22
63180,1,1,1997,0,0,0,0,0,0,16,0,0,0
63181,1,1,1997,0,0,0,0,0,0,0,0,0,0
63182,1,1,1997,0,0,0,0,0,8,0,0,0,0
63183,1,1,1997,0,0,0,0,0,0,0,0,0,0
63184,0,1,1997,0,0,0,0,0,0,0,0,0,0
63184,1,1,1997,11,0,0,0,14,0,0,0,0,0
63185,0,1,1997,7,7,7,7,7,7,7,7,7,7
63185,1,1,1997,0,0,0,0,0,0,0,0,0,0
63186,1,1,1997,0,0,0,0,0,0,0,0,0,0
63187,1,1,1997,3,3,3,3,3,3,3,3,3,3
63188,0,1,1997,16,0,42,25,0,25,0,0,21,17
63188,1,1,1997,0,0,8,0,0,0,0,0,0,0
63189,0,1,1997,31,31,31,31,31,31,31,31,31,31
63189,1,1,1997,0,0,0,0,0,0,0,0,0,0
63190,0,1,1997,0,0,0,0,0,0,0,0,0,0
63190,1,1,1997,0,0,0,0,0,0,0,0,0,0
63191,0,1,1997,0,0,0,0,0,0,0,0,0,0
63191,1,1,1997,0,0,0,0,0,0,0,0,0,0
63192,0,1,1997,0,0,0,0,0,0,0,0,0,0
63192,1,1,1997,0,0,0,0,0,0,0,0,0,0
63193,1,1,1997,0,0,0,0,0,0,0,0,0,0
63194,0,1,1997,24,0,0,23,25,0,0,34,0,0
63194,1,1,1997,0,0,0,0,0,0,0,0,0,0
63195,0,1,1997,0,0,0,0,0,0,0,0,0,0
63195,0,2,1997,0,0,0,0,0,0,0,0,0,0
63195,1,1,1997,0,0,0,0,0,0,0,0,0,0
63196,1,1,1997,0,0,0,0,0,0,0,0,0,0
63197,0,1,1997,40,40,40,40,40,40,40,40,40,40
63197,0,2,1997,31,31,31,31,31,31,31,31,31,31
63197,1,1,1997,0,0,0,0,0,0,0,0,0,0
63198,0,1,1997,0,0,0,0,0,0,0,0,0,29
63198,1,1,1997,0,0,0,0,0,0,0,0,0,0
63199,1,1,1997,0,0,0,0,0,0,0,0,0,0
63199,2,1,1997,0,0,0,0,0,0,0,0,0,0
63200,0,1,1997,26,26,26,26,26,26,26,26,26,26
63200,1,1,1997,0,0,0,0,0,19,23,0,0,0
63201,0,1,1997,13,13,13,13,13,13,13,13,13,13
63201,1,1,1997,15,36,6,18,12,13,6,2,27,0
63202,0,1,1997,0,0,0,0,0,0,0,0,0,0
63202,1,1,1997,0,0,0,0,0,0,0,0,0,0
63203,0,1,1997,0,0,0,0,0,0,0,0,0,0
63203,1,1,1997,0,0,0,0,0,0,0,0,0,0
63204,1,1,1997,0,0,0,0,0,0,0,0,0,0
63204,2,1,1997,0,0,0,0,0,0,0,0,0,0
63205,1,1,1997,0,0,0,0,0,0,0,0,17,0
63205,2,1,1997,0,0,0,0,0,0,0,0,0,0
63206,1,1,1997,0,0,0,0,0,0,0,0,0,0
63206,2,1,1997,0,0,0,0,0,0,0,0,0,0
63207,1,1,1997,0,0,0,0,0,0,0,0,0,0
63207,2,1,1997,0,0,0,0,19,0,0,0,0,0
63208,1,1,1997,0,0,18,0,0,0,0,0,0,0
63208,2,1,1997,13,13,13,13,13,13,13,13,13,13
63209,1,1,1997,0,0,0,0,0,0,0,0,0,0
63209,2,1,1997,0,0,0,0,0,0,0,0,0,0
63210,1,1,1997,5,5,5,5,5,5,5,5,5,5
63210,2,1,1997,0,0,0,0,0,0,0,0,0,0
63211,0,1,1997,0,0,0,0,0,0,0,0,0,0
63211,0,2,1997,0,0,15,0,0,29,6,2,52,9
63211,1,1,1997,0,0,0,0,0,0,0,0,0,0
63212,1,1,1997,0,0,0,0,0,0,0,0,0,0
63212,2,1,1997,0,0,0,0,0,0,0,0,0,0
63213,1,1,1997,0,0,0,0,0,0,0,0,0,0
63213,2,1,1997,0,0,0,0,0,0,0,0,0,0
63213,3,1,1997,0,0,0,16,0,0,0,0,0,0
63214,1,1,1997,0,0,0,0,0,0,0,0,0,0
63214,2,1,1997,0,0,0,0,0,0,0,0,0,0
63215,1,1,1997,0,0,0,6,0,0,19,0,0,0
63215,2,1,1997,8,0,0,0,0,0,0,0,14,0
63216,0,1,1997,0,0,0,0,0,0,0,0,0,0
63216,1,1,1997,0,0,15,0,16,0,0,0,0,0
63217,1,1,1997,0,0,0,0,0,0,0,0,0,0
63217,2,1,1997,0,0,0,0,0,0,0,0,0,0
63217,3,1,1997,0,0,0,0,0,0,0,0,0,0
63218,0,1,1997,0,0,0,0,0,0,0,0,0,0
63218,1,1,1997,0,0,0,0,0,0,0,0,0,0
63219,1,1,1997,0,0,0,0,0,0,0,0,0,0
63219,2,1,1997,0,0,0,0,0,0,0,0,15,0
63219,3,1,1997,0,0,0,0,0,0,0,0,0,0
63220,1,1,1997,35,35,35,35,35,35,35,35,35,35
63220,2,1,1997,0,0,0,0,0,0,0,0,0,0
63221,0,1,1997,0,0,0,0,0,0,0,0,0,0
63221,1,1,1997,0,0,0,0,0,0,0,0,0,0
63222,1,1,1997,0,0,0,0,0,0,0,0,0,0
63223,1,1,1997,0,0,0,0,0,0,0,0,0,0
63223,2,1,1997,0,0,0,0,0,0,0,0,0,0
63224,1,1,1997,0,0,0,0,0,0,0,0,0,0
63225,1,1,1997,5,5,5,5,5,5,5,5,5,5
63226,1,1,1997,0,0,0,0,0,0,0,0,0,0
63226,2,1,1997,0,0,0,0,0,0,0,0,0,0
63227,1,1,1997,10,10,10,10,10,10,10,10,10,10
63228,1,1,1997,12,12,12,12,12,12,12,12,12,12
63229,1,1,1997,18,18,18,18,18,18,18,18,18,18
63230,1,1,1997,0,0,0,0,0,0,0,0,0,0
63231,1,1,1997,0,0,30,8,0,17,27,8,0,16
63232,0,1,1997,0,0,0,0,0,0,0,0,0,0
63232,1,1,1997,0,18,0,0,0,0,0,0,12,0
63233,0,1,1997,0,0,0,0,0,0,0,0,0,0
63233,1,1,1997,0,0,0,0,0,0,0,0,0,0
63234,1,1,1997,0,0,0,0,0,0,0,0,0,0
63235,1,1,1997,0,0,0,0,0,0,0,0,0,0
63235,2,1,1997,18,18,18,18,18,18,18,18,18,18
63236,1,1,1997,0,0,28,0,17,8,25,17,0,14
63237,0,1,1997,0,0,0,0,0,0,0,0,0,0
63237,1,1,1997,0,0,0,0,0,0,0,0,0,0
63238,1,1,1997,0,0,0,15,0,0,0,0,0,0
63238,2,1,1997,0,0,0,0,0,0,0,0,0,0
63239,1,1,1997,0,0,0,0,0,0,0,0,0,0
63240,1,1,1997,0,0,0,0,0,0,0,0,0,0
63240,2,1,1997,0,0,0,0,0,0,0,0,0,0
63241,1,1,1997,0,0,0,0,0,0,0,0,0,0
63241,2,1,1997,0,0,0,0,0,0,0,0,0,0
63241,3,1,1997,0,0,0,0,0,0,0,0,0,0
63242,1,1,1997,14,9,24,37,0,13,10,0,11,23
63243,0,1,1997,32,32,32,32,32,32,32,32,32,32
63243,1,1,1997,0,0,0,0,0,0,0,0,0,0
63244,0,1,1997,34,19,7,5,26,20,22,29,43,24
63244,1,1,1997,0,0,0,0,0,0,0,0,0,0
63245,1,1,1997,0,0,0,0,0,0,0,0,0,0
63245,2,1,1997,0,0,0,0,0,0,0,0,0,0
63246,1,1,1997,0,0,0,0,0,0,0,0,0,0
63246,2,1,1997,0,0,0,0,0,0,0,0,0,0
63246,3,1,1997,0,0,0,0,0,0,23,18,0,0
63247,0,1,1997,0,0,0,0,0,0,0,0,0,0
63247,1,1,1997,0,0,0,0,0,0,0,0,0,0
63248,1,1,1997,0,0,0,0,0,0,0,0,0,0
63249,0,1,1997,0,0,0,0,0,0,0,0,0,0
63249,0,2,1997,0,20,6,28,13,0,0,0,6,0
63249,0,3,1997,9,0,0,0,12,0,0,0,0,9
63249,0,4,1997,0,11,0,0,31,0,0,0,25,0
63249,0,5,1997,0,0,0,25,15,0,0,0,0,0
63249,1,1,1997,0,0,0,0,0,0,0,0,0,0
63250,1,1,1997,17,12,13,18,10,9,6,6,13,0
63250,2,1,1997,0,0,0,0,0,0,0,0,8,0
63251,1,1,1997,8,8,8,8,8,8,8,8,8,8
63252,1,1,1997,0,0,0,0,0,0,0,0,0,0
63252,2,1,1997,0,0,0,0,0,0,0,0,0,0
63252,3,1,1997,0,0,0,0,0,0,0,0,0,0
63253,0,1,1997,0,0,0,0,0,0,0,0,0,0
63253,1,1,1997,12,12,12,12,12,12,12,12,12,12
63254,1,1,1997,0,0,0,0,0,0,0,0,0,0
63255,1,1,1997,0,12,0,0,0,0,0,0,0,0
63255,2,1,1997,0,0,0,0,0,0,0,0,0,0
63255,3,1,1997,0,0,0,0,0,0,0,0,0,0
63256,0,1,1997,0,0,0,0,0,0,0,0,0,0
63256,1,1,1997,7,0,0,0,0,0,0,0,0,0
63257,0,1,1997,20,20,20,20,20,20,20,20,20,20
63257,1,1,1997,0,0,0,0,0,0,0,0,0,0
63257,2,1,1997,0,0,0,0,0,0,0,2,0,0
63258,1,1,1997,0,0,0,0,0,0,0,0,0,0
63259,1,1,1997,22,8,8,0,12,0,0,7,2,5
63260,0,1,1997,0,0,0,0,0,0,0,0,0,0
63260,0,2,1997,0,0,0,0,0,0,0,0,0,0
63260,1,1,1997,3,3,3,3,3,3,3,3,3,3
63261,0,1,1997,0,24,10,0,0,31,0,0,0,0
63261,1,1,1997,27,0,13,16,13,8,9,5,19,9
63262,0,1,1997,0,0,0,0,0,0,0,0,0,0
63262,1,1,1997,0,0,0,0,0,0,0,0,0,0
63263,1,1,1997,15,11,0,9,0,11,0,0,0,0
63263,2,1,1997,15,15,15,15,15,15,15,15,15,15
63264,1,1,1997,0,0,0,0,0,0,0,0,0,0
63264,2,1,1997,5,0,0,0,17,0,0,0,0,0
63265,1,1,1997,0,0,0,0,0,0,0,0,0,0
63265,2,1,1997,0,0,0,0,0,0,0,0,0,0
63266,1,1,1997,0,0,0,0,0,0,0,11,0,0
63267,1,1,1997,0,0,0,0,0,0,0,0,0,0
63267,2,1,1997,0,0,0,0,0,0,0,0,0,0
63268,1,1,1997,13,13,13,13,13,13,13,13,13,13
63268,2,1,1997,0,0,0,0,0,0,0,0,0,0
63269,0,1,1997,0,0,0,0,0,0,0,0,0,0
63269,0,2,1997,0,0,0,0,0,0,0,0,0,0
63269,1,1,1997,0,0,0,0,0,0,0,0,0,0
63270,0,1,1997,28,28,28,28,28,28,28,28,28,28
63270,1,1,1997,0,19,0,0,0,25,0,0,0,0
63270,2,1,1997,13,0,0,0,0,0,0,0,0,0
63271,1,1,1997,0,0,0,0,0,0,0,0,0,0
63271,2,1,1997,0,9,0,8,0,0,0,0,0,0
63272,0,1,1997,0,0,0,0,0,0,0,0,0,0
63272,1,1,1997,0,0,0,0,0,0,0,0,0,0
63273,0,1,1997,0,0,0,0,0,0,0,0,0,0
63273,1,1,1997,0,0,0,0,0,0,0,0,0,0
63274,1,1,1997,5,0,0,16,0,9,10,16,14,11
63275,1,1,1997,0,0,0,0,0,0,0,0,0,0
63275,2,1,1997,0,0,0,0,0,0,0,0,0,0
63276,1,1,1997,0,0,0,0,0,0,0,0,0,0
63276,2,1,1997,0,0,0,0,0,0,0,0,0,0
63277,0,1,1997,0,0,0,0,0,0,0,0,0,0
63277,1,1,1997,0,0,0,0,0,0,0,0,0,0
63278,0,1,1997,0,10,0,43,0,0,6,0,0,0
63278,1,1,1997,0,0,0,0,0,0,0,0,0,0
63279,0,1,1997,0,0,0,0,0,0,0,0,0,0
63279,0,2,1997,16,0,0,0,18,0,24,0,5,26
63279,1,1,1997,0,0,0,0,0,0,0,0,0,0
63280,1,1,1997,18,18,18,18,18,18,18,18,18,18
63280,2,1,1997,0,0,0,0,0,0,0,0,0,0
63281,1,1,1997,0,0,0,0,0,0,0,0,0,0
63281,2,1,1997,0,0,0,0,0,0,0,0,0,0
63282,1,1,1997,4,14,12,10,9,17,14,15,3,13
63282,2,1,1997,0,0,0,0,0,0,0,0,0,0
63283,1,1,1997,0,0,0,0,0,0,0,0,0,0
63283,2,1,1997,0,0,0,0,0,0,0,0,0,0
63283,3,1,1997,0,0,0,0,0,0,0,0,0,0
63284,1,1,1997,0,0,0,0,0,0,0,0,0,0
63284,2,1,1997,0,0,0,0,0,0,0,0,0,0
63284,3,1,1997,0,0,0,6,0,0,0,0,0,0
63284,4,1,1997,0,0,0,0,0,0,0,0,0,0
63284,5,1,1997,0,0,0,0,0,0,0,0,0,0
63284,6,1,1997,0,0,0,0,0,0,0,0,0,0
63284,7,1,1997,0,0,0,0,0,0,0,0,0,0
63284,8,1,1997,0,0,0,0,0,0,0,0,13,0
63284,9,1,1997,0,0,0,0,11,0,0,0,0,0
63284,10,1,1997,0,0,0,0,0,0,0,0,0,0
63284,11,1,1997,0,0,0,0,0,0,0,0,0,0
63284,12,1,1997,0,0,0,0,0,0,0,0,0,0
63284,13,1,1997,0,0,0,0,0,0,0,0,0,0
63284,14,1,1997,0,0,0,0,0,0,0,0,0,0
63284,15,1,1997,0,0,0,0,0,0,0,0,0,0
63284,16,1,1997,0,0,0,0,0,0,0,0,0,0
63284,17,1,1997,0,0,0,0,0,10,0,0,0,0
63284,18,1,1997,3,0,0,0,0,0,0,0,0,0
63284,19,1,1997,0,0,0,0,0,0,0,0,0,0
63284,20,1,1997,0,0,0,0,0,0,0,0,0,0
63284,21,1,1997,0,0,0,0,0,0,0,0,0,0
63284,22,1,1997,0,0,0,0,0,0,0,0,0,0
63284,23,1,1997,0,0,0,0,0,0,0,0,0,0
63284,24,1,1997,0,0,0,0,0,0,0,0,0,0
63284,25,1,1997,0,0,0,0,0,0,0,0,0,0
63284,26,1,1997,0,0,0,0,0,0,0,0,0,0
63284,27,1,1997,0,0,0,0,0,0,0,0,0,0
63284,28,1,1997,0,0,0,0,0,0,0,0,0,0
63284,29,1,1997,0,0,0,0,0,0,0,0,0,0
63284,30,1,1997,0,0,0,0,0,0,0,0,0,0
63284,31,1,1997,0,0,0,0,0,0,0,0,0,0
63284,32,1,1997,0,0,0,0,0,0,0,0,0,0
63284,33,1,1997,0,0,0,0,0,0,0,0,0,0
63284,34,1,1997,0,0,0,0,0,0,0,0,0,0
63284,35,1,1997,0,0,0,0,0,0,0,0,0,0
63284,36,1,1997,0,0,0,0,0,0,0,0,0,0
63284,37,1,1997,0,0,0,0,12,0,0,0,22,0
63285,1,1,1997,0,0,0,0,0,0,0,0,0,0
63285,2,1,1997,0,0,0,0,0,0,0,0,0,0